t_s,t_min,depth_m,u_mean_ms,q_unit_m2s,front_x_m
0.003,0.0000,0,0,0,-2.49903
0.005,0.0001,0,0,0,-2.49636
0.008,0.0001,0,0,0,-2.49205
0.010,0.0002,0,0,0,-2.48628
0.013,0.0002,0,0,0,-2.4791
0.015,0.0003,0,0,0,-2.47071
0.018,0.0003,0,0,0,-2.46118
0.020,0.0003,0,0,0,-2.45088
0.023,0.0004,0,0,0,-2.43982
0.026,0.0004,0,0,0,-2.42838
0.028,0.0005,0,0,0,-2.41657
0.031,0.0005,0,0,0,-2.40476
0.033,0.0006,0,0,0,-2.39293
0.036,0.0006,0,0,0,-2.38141
0.038,0.0006,0,0,0,-2.37015
0.041,0.0007,0,0,0,-2.3594
0.043,0.0007,0,0,0,-2.34911
0.046,0.0008,0,0,0,-2.33939
0.048,0.0008,0,0,0,-2.33022
0.051,0.0008,0,0,0,-2.32159
0.054,0.0009,0,0,0,-2.31348
0.056,0.0009,0,0,0,-2.30578
0.059,0.0010,0,0,0,-2.29845
0.061,0.0010,0,0,0,-2.29132
0.064,0.0011,0,0,0,-2.28437
0.066,0.0011,0,0,0,-2.27738
0.069,0.0011,0,0,0,-2.27036
0.071,0.0012,0,0,0,-2.26307
0.074,0.0012,0,0,0,-2.25554
0.076,0.0013,0,0,0,-2.24758
0.079,0.0013,0,0,0,-2.23923
0.082,0.0014,0,0,0,-2.23034
0.084,0.0014,0,0,0,-2.22101
0.087,0.0014,0,0,0,-2.2111
0.089,0.0015,0,0,0,-2.20073
0.092,0.0015,0,0,0,-2.18983
0.094,0.0016,0,0,0,-2.17851
0.097,0.0016,0,0,0,-2.16683
0.099,0.0017,0,0,0,-2.15473
0.102,0.0017,0,0,0,-2.14256
0.104,0.0017,0,0,0,-2.12994
0.107,0.0018,0,0,0,-2.11723
0.109,0.0018,0,0,0,-2.10457
0.112,0.0019,0,0,0,-2.09196
0.115,0.0019,0,0,0,-2.07951
0.117,0.0020,0,0,0,-2.0672
0.120,0.0020,0,0,0,-2.05509
0.122,0.0020,0,0,0,-2.04318
0.125,0.0021,0,0,0,-2.03147
0.127,0.0021,0,0,0,-2.01994
0.130,0.0022,0,0,0,-2.00855
0.132,0.0022,0,0,0,-1.99729
0.135,0.0022,0,0,0,-1.98606
0.137,0.0023,0,0,0,-1.97486
0.140,0.0023,0,0,0,-1.96355
0.142,0.0024,0,0,0,-1.95215
0.145,0.0024,0,0,0,-1.94052
0.148,0.0025,0,0,0,-1.92868
0.150,0.0025,0,0,0,-1.91649
0.153,0.0025,0,0,0,-1.90398
0.155,0.0026,0,0,0,-1.89107
0.158,0.0026,0,0,0,-1.8779
0.160,0.0027,0,0,0,-1.86455
0.163,0.0027,0,0,0,-1.85054
0.165,0.0028,0,0,0,-1.83673
0.168,0.0028,0,0,0,-1.82192
0.170,0.0028,0,0,0,-1.80769
0.173,0.0029,0,0,0,-1.79225
0.175,0.0029,0,0,0,-1.77767
0.178,0.0030,0,0,0,-1.76181
0.181,0.0030,0,0,0,-1.747
0.183,0.0031,0,0,0,-1.73099
0.186,0.0031,0,0,0,-1.71608
0.188,0.0031,0,0,0,-1.70016
0.191,0.0032,0,0,0,-1.68527
0.193,0.0032,0,0,0,-1.66966
0.196,0.0033,0,0,0,-1.65487
0.198,0.0033,0,0,0,-1.6397
0.201,0.0033,0,0,0,-1.62505
0.203,0.0034,0,0,0,-1.61033
0.206,0.0034,0,0,0,-1.59582
0.208,0.0035,0,0,0,-1.5815
0.211,0.0035,0,0,0,-1.56734
0.214,0.0036,0,0,0,-1.55328
0.216,0.0036,0,0,0,-1.53931
0.219,0.0036,0,0,0,-1.52535
0.221,0.0037,0,0,0,-1.51136
0.224,0.0037,0,0,0,-1.49725
0.226,0.0038,0,0,0,-1.48301
0.229,0.0038,0,0,0,-1.46854
0.231,0.0039,0,0,0,-1.45383
0.234,0.0039,0,0,0,-1.43882
0.236,0.0039,0,0,0,-1.42359
0.239,0.0040,0,0,0,-1.40788
0.241,0.0040,0,0,0,-1.39202
0.244,0.0041,0,0,0,-1.37555
0.246,0.0041,0,0,0,-1.35903
0.249,0.0042,0,0,0,-1.34184
0.252,0.0042,0,0,0,-1.3247
0.254,0.0042,0,0,0,-1.3069
0.257,0.0043,0,0,0,-1.28927
0.259,0.0043,0,0,0,-1.27105
0.262,0.0044,0,0,0,-1.25309
0.264,0.0044,0,0,0,-1.23465
0.267,0.0044,0,0,0,-1.21657
0.269,0.0045,0,0,0,-1.19812
0.272,0.0045,0,0,0,-1.18009
0.274,0.0046,0,0,0,-1.16182
0.277,0.0046,0,0,0,-1.14399
0.279,0.0047,0,0,0,-1.12602
0.282,0.0047,0,0,0,-1.10847
0.284,0.0047,0,0,0,-1.09086
0.287,0.0048,0,0,0,-1.0736
0.289,0.0048,0,0,0,-1.05631
0.292,0.0049,0,0,0,-1.0393
0.295,0.0049,0,0,0,-1.02225
0.297,0.0050,0,0,0,-1.00536
0.300,0.0050,0,0,0,-0.988394
0.302,0.0050,0,0,0,-0.971466
0.305,0.0051,0,0,0,-0.954431
0.307,0.0051,0,0,0,-0.937295
0.310,0.0052,0,0,0,-0.92003
0.312,0.0052,0,0,0,-0.902571
0.315,0.0052,0,0,0,-0.884932
0.317,0.0053,0,0,0,-0.867034
0.320,0.0053,0,0,0,-0.848931
0.322,0.0054,0,0,0,-0.830537
0.325,0.0054,0,0,0,-0.81194
0.327,0.0055,0,0,0,-0.793053
0.330,0.0055,0,0,0,-0.773993
0.332,0.0055,0,0,0,-0.754676
0.335,0.0056,0,0,0,-0.735234
0.338,0.0056,0,0,0,-0.715589
0.340,0.0057,0,0,0,-0.695875
0.343,0.0057,0,0,0,-0.676026
0.345,0.0058,0,0,0,-0.656159
0.348,0.0058,0,0,0,-0.636225
0.350,0.0058,0,0,0,-0.616302
0.353,0.0059,0,0,0,-0.596373
0.355,0.0059,0,0,0,-0.576454
0.358,0.0060,0,0,0,-0.556571
0.360,0.0060,0,0,0,-0.53666
0.363,0.0060,0,0,0,-0.516806
0.365,0.0061,0,0,0,-0.496851
0.368,0.0061,0,0,0,-0.476947
0.370,0.0062,0,0,0,-0.456842
0.373,0.0062,0,0,0,-0.436756
0.375,0.0063,0,0,0,-0.416358
0.378,0.0063,0,0,0,-0.395923
0.380,0.0063,0,0,0,-0.375073
0.383,0.0064,0,0,0,-0.354112
0.385,0.0064,0,0,0,-0.332699
0.388,0.0065,0,0,0,-0.311161
0.391,0.0065,0,0,0,-0.289022
0.393,0.0066,0,0,0,-0.266776
0.396,0.0066,0,0,0,-0.243841
0.398,0.0066,0,0,0,-0.220811
0.401,0.0067,0,0,0,-0.197072
0.403,0.0067,0,0,0,-0.173245
0.406,0.0068,0,0,0,-0.148758
0.408,0.0068,0,0,0,-0.124184
0.411,0.0068,0,0,0,-0.0992914
0.413,0.0069,0,0,0,-0.0741331
0.416,0.0069,0,0,0,-0.0487283
0.418,0.0070,0,0,0,-0.0231218
0.421,0.0070,0,0,0,0.00265127
0.423,0.0071,0,0,0,0.028561
0.426,0.0071,0,0,0,0.0545608
0.428,0.0071,0,0,0,0.0806399
0.431,0.0072,0,0,0,0.106747
0.433,0.0072,0,0,0,0.132891
0.436,0.0073,0,0,0,0.159023
0.438,0.0073,0,0,0,0.185169
0.441,0.0073,0,0,0,0.211289
0.443,0.0074,0,0,0,0.237423
0.446,0.0074,0,0,0,0.263542
0.448,0.0075,0,0,0,0.289692
0.451,0.0075,0,0,0,0.315863
0.453,0.0076,0,0,0,0.342096
0.456,0.0076,0,0,0,0.368398
0.458,0.0076,0,0,0,0.394802
0.461,0.0077,0,0,0,0.421316
0.463,0.0077,0,0,0,0.447937
0.466,0.0078,0,0,0,0.474762
0.468,0.0078,0,0,0,0.501686
0.471,0.0078,0,0,0,0.528886
0.473,0.0079,0,0,0,0.556176
0.476,0.0079,0,0,0,0.583782
0.478,0.0080,0,0,0,0.61147
0.481,0.0080,0,0,0,0.639471
0.483,0.0081,0,0,0,0.667551
0.486,0.0081,0,0,0,0.695901
0.488,0.0081,0,0,0,0.724331
0.491,0.0082,0,0,0,0.752954
0.493,0.0082,0,0,0,0.781666
0.496,0.0083,0,0,0,0.810473
0.498,0.0083,0,0,0,0.839383
0.501,0.0083,0,0,0,0.868286
0.503,0.0084,0,0,0,0.897312
0.506,0.0084,0,0,0,0.926239
0.508,0.0085,0,0,0,0.955316
0.511,0.0085,0,0,0,0.984385
0.514,0.0086,0,0,0,1.01343
0.516,0.0086,0,0,0,1.04246
0.519,0.0086,0,0,0,1.07147
0.521,0.0087,0,0,0,1.10049
0.524,0.0087,0,0,0,1.12951
0.526,0.0088,0,0,0,1.15857
0.529,0.0088,0,0,0,1.18768
0.531,0.0089,0,0,0,1.21687
0.534,0.0089,0,0,0,1.24617
0.536,0.0089,0,0,0,1.27558
0.539,0.0090,0,0,0,1.30511
0.541,0.0090,0,0,0,1.33485
0.544,0.0091,0,0,0,1.36472
0.546,0.0091,0,0,0,1.39487
0.549,0.0091,0,0,0,1.42513
0.551,0.0092,0,0,0,1.45575
0.554,0.0092,0,0,0,1.48644
0.556,0.0093,0,0,0,1.51752
0.559,0.0093,0,0,0,1.54864
0.561,0.0094,0,0,0,1.58014
0.564,0.0094,0,0,0,1.61165
0.566,0.0094,0,0,0,1.64351
0.569,0.0095,0,0,0,1.67532
0.571,0.0095,0,0,0,1.70744
0.574,0.0096,0,0,0,1.73947
0.576,0.0096,0,0,0,1.77174
0.579,0.0096,0,0,0,1.80391
0.581,0.0097,0,0,0,1.83624
0.584,0.0097,0,0,0,1.86845
0.586,0.0098,0,0,0,1.90077
0.589,0.0098,0,0,0,1.933
0.591,0.0099,0,0,0,1.96525
0.594,0.0099,0,0,0,1.99749
0.596,0.0099,0,0,0,2.02968
0.599,0.0100,0,0,0,2.06195
0.601,0.0100,0,0,0,2.09412
0.604,0.0101,0,0,0,2.12648
0.606,0.0101,0,0,0,2.15869
0.609,0.0101,0,0,0,2.19123
0.611,0.0102,0,0,0,2.22388
0.614,0.0102,0,0,0,2.25669
0.616,0.0103,0,0,0,2.28954
0.619,0.0103,0,0,0,2.3227
0.621,0.0104,0,0,0,2.35585
0.624,0.0104,0,0,0,2.38943
0.626,0.0104,0,0,0,2.42293
0.628,0.0105,0,0,0,2.45696
0.631,0.0105,0,0,0,2.49084
0.633,0.0106,0,0,0,2.52532
0.636,0.0106,0,0,0,2.55959
0.638,0.0106,0,0,0,2.59447
0.641,0.0107,0,0,0,2.62909
0.643,0.0107,0,0,0,2.66433
0.646,0.0108,0,0,0,2.69925
0.648,0.0108,0,0,0,2.73476
0.651,0.0108,0,0,0,2.76993
0.653,0.0109,0,0,0,2.80565
0.656,0.0109,0,0,0,2.841
0.658,0.0110,0,0,0,2.87686
0.661,0.0110,0,0,0,2.91237
0.663,0.0111,0,0,0,2.94833
0.666,0.0111,0,0,0,2.98398
0.668,0.0111,0,0,0,3.02003
0.671,0.0112,0,0,0,3.05583
0.673,0.0112,0,0,0,3.09201
0.676,0.0113,0,0,0,3.128
0.678,0.0113,0,0,0,3.16434
0.681,0.0113,0,0,0,3.20057
0.683,0.0114,0,0,0,3.23714
0.686,0.0114,0,0,0,3.27369
0.688,0.0115,0,0,0,3.31062
0.691,0.0115,0,0,0,3.34753
0.693,0.0116,0,0,0,3.3849
0.696,0.0116,0,0,0,3.42221
0.698,0.0116,0,0,0,3.46006
0.701,0.0117,0,0,0,3.49779
0.703,0.0117,0,0,0,3.53615
0.706,0.0118,0,0,0,3.5743
0.708,0.0118,0,0,0,3.61315
0.711,0.0118,0,0,0,3.6522
0.713,0.0119,0,0,0,3.69141
0.716,0.0119,0,0,0,3.73078
0.718,0.0120,0,0,0,3.77028
0.721,0.0120,0,0,0,3.80991
0.723,0.0121,0,0,0,3.84963
0.726,0.0121,0,0,0,3.88944
0.728,0.0121,0,0,0,3.92932
0.731,0.0122,0,0,0,3.96923
0.733,0.0122,0,0,0,4.00919
0.736,0.0123,0,0,0,4.04916
0.738,0.0123,0,0,0,4.08914
0.740,0.0123,0,0,0,4.12911
0.743,0.0124,0,0,0,4.16908
0.745,0.0124,0,0,0,4.20904
0.748,0.0125,0,0,0,4.24899
0.750,0.0125,0,0,0,4.28895
0.753,0.0125,0,0,0,4.3289
0.755,0.0126,0,0,0,4.36888
0.758,0.0126,0,0,0,4.4089
0.760,0.0127,0,0,0,4.44898
0.763,0.0127,0,0,0,4.48918
0.765,0.0128,0,0,0,4.52942
0.768,0.0128,0,0,0,4.56988
0.770,0.0128,0,0,0,4.61034
0.773,0.0129,0,0,0,4.65117
0.775,0.0129,0,0,0,4.69192
0.778,0.0130,0,0,0,4.7332
0.780,0.0130,0,0,0,4.77428
0.783,0.0130,0,0,0,4.81608
0.785,0.0131,0,0,0,4.8575
0.788,0.0131,0,0,0,4.89985
0.790,0.0132,0,0,0,4.94161
0.793,0.0132,0,0,0,4.9845
0.795,0.0132,0,0,0,5.02659
0.797,0.0133,0,0,0,5.06996
0.800,0.0133,0,0,0,5.11234
0.802,0.0134,0,0,0,5.1561
0.805,0.0134,0,0,0,5.19874
0.807,0.0135,0,0,0,5.24278
0.810,0.0135,0,0,0,5.28693
0.812,0.0135,0,0,0,5.33113
0.815,0.0136,0,0,0,5.3754
0.817,0.0136,0,0,0,5.41966
0.820,0.0137,0,0,0,5.46393
0.822,0.0137,0,0,0,5.50818
0.825,0.0137,0,0,0,5.55242
0.827,0.0138,0,0,0,5.59663
0.830,0.0138,0,0,0,5.64081
0.832,0.0139,0,0,0,5.68498
0.835,0.0139,0,0,0,5.72917
0.837,0.0140,0,0,0,5.77346
0.839,0.0140,0,0,0,5.81768
0.842,0.0140,0,0,0,5.86216
0.844,0.0141,0,0,0,5.90648
0.847,0.0141,0,0,0,5.95123
0.849,0.0142,0,0,0,5.99572
0.852,0.0142,0,0,0,6.04084
0.854,0.0142,0,0,0,6.08555
0.857,0.0143,0,0,0,6.1311
0.859,0.0143,0,0,0,6.17605
0.862,0.0144,0,0,0,6.22204
0.864,0.0144,0,0,0,6.26724
0.867,0.0144,0,0,0,6.31365
0.869,0.0145,0,0,0,6.35907
0.872,0.0145,0,0,0,6.40582
0.874,0.0146,0,0,0,6.45141
0.876,0.0146,0,0,0,6.49839
0.879,0.0146,0,0,0,6.54411
0.881,0.0147,0,0,0,6.59118
0.884,0.0147,0,0,0,6.63697
0.886,0.0148,0,0,0,6.68402
0.889,0.0148,0,0,0,6.72984
0.891,0.0149,0,0,0,6.77677
0.894,0.0149,0,0,0,6.82262
0.896,0.0149,0,0,0,6.86935
0.899,0.0150,0,0,0,6.91526
0.901,0.0150,0,0,0,6.96178
0.904,0.0151,0,0,0,7.0078
0.906,0.0151,0,0,0,7.05415
0.908,0.0151,0,0,0,7.10061
0.911,0.0152,0,0,0,7.14728
0.913,0.0152,0,0,0,7.19403
0.916,0.0153,0,0,0,7.2411
0.918,0.0153,0,0,0,7.28821
0.921,0.0153,0,0,0,7.33579
0.923,0.0154,0,0,0,7.38333
0.926,0.0154,0,0,0,7.43147
0.928,0.0155,0,0,0,7.47948
0.931,0.0155,0,0,0,7.52822
0.933,0.0156,0,0,0,7.5767
0.935,0.0156,0,0,0,7.62601
0.938,0.0156,0,0,0,7.67492
0.940,0.0157,0,0,0,7.72473
0.943,0.0157,0,0,0,7.77401
0.945,0.0158,0,0,0,7.82422
0.948,0.0158,0,0,0,7.87377
0.950,0.0158,0,0,0,7.92425
0.953,0.0159,0,0,0,7.97397
0.955,0.0159,0,0,0,8.02458
0.958,0.0160,0,0,0,8.07437
0.960,0.0160,0,0,0,8.12497
0.962,0.0160,0,0,0,8.17477
0.965,0.0161,0,0,0,8.22525
0.967,0.0161,0,0,0,8.27501
0.970,0.0162,0,0,0,8.3253
0.972,0.0162,0,0,0,8.37502
0.975,0.0162,0,0,0,8.42512
0.977,0.0163,0,0,0,8.4748
0.980,0.0163,0,0,0,8.52475
0.982,0.0164,0,0,0,8.57453
0.985,0.0164,0,0,0,8.62463
0.987,0.0165,0,0,0,8.6745
0.989,0.0165,0,0,0,8.72484
0.992,0.0165,0,0,0,8.77486
0.994,0.0166,0,0,0,8.82554
0.997,0.0166,0,0,0,8.87577
0.999,0.0167,0,0,0,8.92687
1.002,0.0167,0,0,0,8.97736
1.004,0.0167,0,0,0,9.02894
1.007,0.0168,0,0,0,9.08065
1.009,0.0168,0,0,0,9.13252
1.012,0.0169,0,0,0,9.18453
1.014,0.0169,0,0,0,9.23668
1.016,0.0169,0,0,0,9.28895
1.019,0.0170,0,0,0,9.34134
1.021,0.0170,0,0,0,9.39383
1.024,0.0171,0,0,0,9.44642
1.026,0.0171,0,0,0,9.49907
1.029,0.0171,0,0,0,9.55177
1.031,0.0172,0,0,0,9.60451
1.034,0.0172,0,0,0,9.65727
1.036,0.0173,0,0,0,9.71003
1.038,0.0173,0,0,0,9.76279
1.041,0.0173,0,0,0,9.81552
1.043,0.0174,0,0,0,9.86823
1.046,0.0174,0,0,0,9.92091
1.048,0.0175,0,0,0,9.97355
1.051,0.0175,0,0,0,10.0262
1.053,0.0176,0,0,0,10.0788
1.056,0.0176,0,0,0,10.1314
1.058,0.0176,0,0,0,10.1841
1.060,0.0177,0,0,0,10.2367
1.063,0.0177,0,0,0,10.2897
1.065,0.0178,0,0,0,10.3423
1.068,0.0178,0,0,0,10.3955
1.070,0.0178,0,0,0,10.4483
1.073,0.0179,0,0,0,10.5018
1.075,0.0179,0,0,0,10.5548
1.078,0.0180,0,0,0,10.6087
1.080,0.0180,0,0,0,10.6619
1.083,0.0180,0,0,0,10.7162
1.085,0.0181,0,0,0,10.7697
1.087,0.0181,0,0,0,10.8245
1.090,0.0182,0,0,0,10.8782
1.092,0.0182,0,0,0,10.9335
1.095,0.0182,0,0,0,10.9874
1.097,0.0183,0,0,0,11.0432
1.100,0.0183,0,0,0,11.0973
1.102,0.0184,0,0,0,11.1534
1.105,0.0184,0,0,0,11.2097
1.107,0.0184,0,0,0,11.266
1.109,0.0185,0,0,0,11.3224
1.112,0.0185,0,0,0,11.3788
1.114,0.0186,0,0,0,11.4352
1.117,0.0186,0,0,0,11.4916
1.119,0.0187,0,0,0,11.5481
1.122,0.0187,0,0,0,11.6046
1.124,0.0187,0,0,0,11.661
1.127,0.0188,0,0,0,11.7175
1.129,0.0188,0,0,0,11.774
1.131,0.0189,0,0,0,11.8306
1.134,0.0189,0,0,0,11.8872
1.136,0.0189,0,0,0,11.944
1.139,0.0190,0,0,0,12.0006
1.141,0.0190,0,0,0,12.0577
1.144,0.0191,0,0,0,12.1144
1.146,0.0191,0,0,0,12.1718
1.148,0.0191,0,0,0,12.2285
1.151,0.0192,0,0,0,12.2863
1.153,0.0192,0,0,0,12.3432
1.156,0.0193,0,0,0,12.4013
1.158,0.0193,0,0,0,12.4583
1.161,0.0193,0,0,0,12.5168
1.163,0.0194,0,0,0,12.5739
1.166,0.0194,0,0,0,12.6328
1.168,0.0195,0,0,0,12.69
1.170,0.0195,0,0,0,12.7492
1.173,0.0195,0,0,0,12.8065
1.175,0.0196,0,0,0,12.8659
1.178,0.0196,0,0,0,12.9233
1.180,0.0197,0,0,0,12.9829
1.183,0.0197,0,0,0,13.0403
1.185,0.0198,0,0,0,13.1001
1.188,0.0198,0,0,0,13.1575
1.190,0.0198,0,0,0,13.2174
1.192,0.0199,0,0,0,13.2748
1.195,0.0199,0,0,0,13.3348
1.197,0.0200,0,0,0,13.3923
1.200,0.0200,0,0,0,13.4523
1.202,0.0200,0,0,0,13.5123
1.205,0.0201,0,0,0,13.5726
1.207,0.0201,0,0,0,13.6327
1.209,0.0202,0,0,0,13.6932
1.212,0.0202,0,0,0,13.7536
1.214,0.0202,0,0,0,13.8143
1.217,0.0203,0,0,0,13.8749
1.219,0.0203,0,0,0,13.936
1.222,0.0204,0,0,0,13.9968
1.224,0.0204,0,0,0,14.0583
1.226,0.0204,0,0,0,14.1193
1.229,0.0205,0,0,0,14.1813
1.231,0.0205,0,0,0,14.2425
1.234,0.0206,0,0,0,14.305
1.236,0.0206,0,0,0,14.3664
1.239,0.0206,0,0,0,14.4294
1.241,0.0207,0,0,0,14.491
1.243,0.0207,0,0,0,14.5544
1.246,0.0208,0,0,0,14.6162
1.248,0.0208,0,0,0,14.6799
1.251,0.0208,0,0,0,14.742
1.253,0.0209,0,0,0,14.806
1.256,0.0209,0,0,0,14.8682
1.258,0.0210,0,0,0,14.9338
1.261,0.0210,0,0,0,14.9999
1.263,0.0210,0,0,0,15.0676
1.265,0.0211,0,0,0,15.1338
1.268,0.0211,0,0,0,15.2016
1.270,0.0212,0,0,0,15.2679
1.273,0.0212,0,0,0,15.3358
1.275,0.0213,0,0,0,15.4022
1.278,0.0213,0,0,0,15.4702
1.280,0.0213,0,0,0,15.5367
1.282,0.0214,0,0,0,15.605
1.285,0.0214,0,0,0,15.6716
1.287,0.0215,0,0,0,15.74
1.290,0.0215,0,0,0,15.8069
1.292,0.0215,0,0,0,15.8755
1.295,0.0216,0,0,0,15.9426
1.297,0.0216,0,0,0,16.0114
1.299,0.0217,0,0,0,16.0803
1.302,0.0217,0,0,0,16.1493
1.304,0.0217,0,0,0,16.2185
1.307,0.0218,0,0,0,16.2878
1.309,0.0218,0,0,0,16.3571
1.311,0.0219,0,0,0,16.4266
1.314,0.0219,0,0,0,16.4963
1.316,0.0219,0,0,0,16.566
1.319,0.0220,0,0,0,16.6358
1.321,0.0220,0,0,0,16.7057
1.324,0.0221,0,0,0,16.7757
1.326,0.0221,0,0,0,16.8458
1.328,0.0221,0,0,0,16.916
1.331,0.0222,0,0,0,16.9863
1.333,0.0222,0,0,0,17.0566
1.336,0.0223,0,0,0,17.1271
1.338,0.0223,0,0,0,17.1976
1.341,0.0223,0,0,0,17.2682
1.343,0.0224,0,0,0,17.339
1.345,0.0224,0,0,0,17.4098
1.348,0.0225,0,0,0,17.4807
1.350,0.0225,0,0,0,17.5517
1.353,0.0225,0,0,0,17.6228
1.355,0.0226,0,0,0,17.694
1.358,0.0226,0,0,0,17.7653
1.360,0.0227,0,0,0,17.8366
1.362,0.0227,0,0,0,17.9081
1.365,0.0227,0,0,0,17.9797
1.367,0.0228,0,0,0,18.0513
1.370,0.0228,0,0,0,18.123
1.372,0.0229,0,0,0,18.1948
1.374,0.0229,0,0,0,18.2667
1.377,0.0229,0,0,0,18.3386
1.379,0.0230,0,0,0,18.4106
1.382,0.0230,0,0,0,18.4825
1.384,0.0231,0,0,0,18.5547
1.387,0.0231,0,0,0,18.6267
1.389,0.0231,0,0,0,18.699
1.391,0.0232,0,0,0,18.7711
1.394,0.0232,0,0,0,18.8436
1.396,0.0233,0,0,0,18.9161
1.399,0.0233,0,0,0,18.9887
1.401,0.0234,0,0,0,19.0613
1.404,0.0234,0,0,0,19.134
1.406,0.0234,0,0,0,19.2068
1.408,0.0235,0,0,0,19.2797
1.411,0.0235,0,0,0,19.3526
1.413,0.0236,0,0,0,19.4257
1.416,0.0236,0,0,0,19.4989
1.418,0.0236,0,0,0,19.5723
1.420,0.0237,0,0,0,19.6458
1.423,0.0237,0,0,0,19.7195
1.425,0.0238,0,0,0,19.7933
1.428,0.0238,0,0,0,19.8672
1.430,0.0238,0,0,0,19.9413
1.432,0.0239,0,0,0,20.0156
1.435,0.0239,0,0,0,20.0899
1.437,0.0240,0,0,0,20.1644
1.440,0.0240,0,0,0,20.239
1.442,0.0240,0,0,0,20.3136
1.445,0.0241,0,0,0,20.3883
1.447,0.0241,0,0,0,20.463
1.449,0.0242,0,0,0,20.5377
1.452,0.0242,0,0,0,20.6125
1.454,0.0242,0,0,0,20.6872
1.457,0.0243,0,0,0,20.7619
1.459,0.0243,0,0,0,20.8364
1.461,0.0244,0,0,0,20.9111
1.464,0.0244,0,0,0,20.9855
1.466,0.0244,0,0,0,21.0601
1.469,0.0245,0,0,0,21.1344
1.471,0.0245,0,0,0,21.2088
1.474,0.0246,0,0,0,21.283
1.476,0.0246,0,0,0,21.3574
1.478,0.0246,0,0,0,21.4316
1.481,0.0247,0,0,0,21.5059
1.483,0.0247,0,0,0,21.5801
1.486,0.0248,0,0,0,21.6545
1.488,0.0248,0,0,0,21.7289
1.490,0.0248,0,0,0,21.8035
1.493,0.0249,0,0,0,21.8781
1.495,0.0249,0,0,0,21.9529
1.498,0.0250,0,0,0,22.0279
1.500,0.0250,0,0,0,22.103
1.502,0.0250,0,0,0,22.1783
1.505,0.0251,0,0,0,22.2538
1.507,0.0251,0,0,0,22.3294
1.510,0.0252,0,0,0,22.4052
1.512,0.0252,0,0,0,22.481
1.515,0.0252,0,0,0,22.5571
1.517,0.0253,0,0,0,22.6332
1.519,0.0253,0,0,0,22.7095
1.522,0.0254,0,0,0,22.7857
1.524,0.0254,0,0,0,22.8621
1.527,0.0254,0,0,0,22.9384
1.529,0.0255,0,0,0,23.0148
1.531,0.0255,0,0,0,23.091
1.534,0.0256,0,0,0,23.1674
1.536,0.0256,0,0,0,23.2436
1.539,0.0256,0,0,0,23.32
1.541,0.0257,0,0,0,23.396
1.543,0.0257,0,0,0,23.4723
1.546,0.0258,0,0,0,23.5483
1.548,0.0258,0,0,0,23.6246
1.551,0.0258,0,0,0,23.7006
1.553,0.0259,0,0,0,23.7768
1.555,0.0259,0,0,0,23.8528
1.558,0.0260,0,0,0,23.9291
1.560,0.0260,0,0,0,24.0053
1.563,0.0260,0,0,0,24.0817
1.565,0.0261,0,0,0,24.1581
1.567,0.0261,0,0,0,24.2348
1.570,0.0262,0,0,0,24.3114
1.572,0.0262,0,0,0,24.3883
1.575,0.0262,0,0,0,24.4653
1.577,0.0263,0,0,0,24.5424
1.580,0.0263,0,0,0,24.6197
1.582,0.0264,0,0,0,24.6972
1.584,0.0264,0,0,0,24.7747
1.587,0.0264,0,0,0,24.8524
1.589,0.0265,0,0,0,24.9303
1.592,0.0265,0,0,0,25.0082
1.594,0.0266,0,0,0,25.0862
1.596,0.0266,0,0,0,25.1643
1.599,0.0266,0,0,0,25.2424
1.601,0.0267,0,0,0,25.3205
1.604,0.0267,0,0,0,25.3987
1.606,0.0268,0,0,0,25.4769
1.608,0.0268,0,0,0,25.555
1.611,0.0268,0,0,0,25.6332
1.613,0.0269,0,0,0,25.7113
1.616,0.0269,0,0,0,25.7894
1.618,0.0270,0,0,0,25.8674
1.620,0.0270,0,0,0,25.9454
1.623,0.0270,0,0,0,26.0234
1.625,0.0271,0,0,0,26.1014
1.628,0.0271,0,0,0,26.1793
1.630,0.0272,0,0,0,26.2573
1.632,0.0272,0,0,0,26.3352
1.635,0.0272,0,0,0,26.4131
1.637,0.0273,0,0,0,26.4911
1.640,0.0273,0,0,0,26.5691
1.642,0.0274,0,0,0,26.6471
1.644,0.0274,0,0,0,26.7252
1.647,0.0274,0,0,0,26.8033
1.649,0.0275,0,0,0,26.8815
1.652,0.0275,0,0,0,26.9597
1.654,0.0276,0,0,0,27.0382
1.656,0.0276,0,0,0,27.1165
1.659,0.0276,0,0,0,27.1952
1.661,0.0277,0,0,0,27.2736
1.664,0.0277,0,0,0,27.3525
1.666,0.0278,0,0,0,27.4311
1.668,0.0278,0,0,0,27.5102
1.671,0.0278,0,0,0,27.5889
1.673,0.0279,0,0,0,27.6682
1.676,0.0279,0,0,0,27.7469
1.678,0.0280,0,0,0,27.8265
1.680,0.0280,0,0,0,27.9052
1.683,0.0280,0,0,0,27.985
1.685,0.0281,0,0,0,28.0648
1.688,0.0281,0,0,0,28.1446
1.690,0.0282,0,0,0,28.2245
1.692,0.0282,0,0,0,28.3042
1.695,0.0282,0,0,0,28.384
1.697,0.0283,0,0,0,28.4638
1.700,0.0283,0,0,0,28.5436
1.702,0.0284,0,0,0,28.6233
1.704,0.0284,0,0,0,28.7031
1.707,0.0284,0,0,0,28.7829
1.709,0.0285,0,0,0,28.8626
1.712,0.0285,0,0,0,28.9424
1.714,0.0286,0,0,0,29.0222
1.716,0.0286,0,0,0,29.1021
1.719,0.0286,0,0,0,29.1819
1.721,0.0287,0,0,0,29.2619
1.724,0.0287,0,0,0,29.3418
1.726,0.0288,0,0,0,29.4219
1.728,0.0288,0,0,0,29.5019
1.731,0.0288,0,0,0,29.5822
1.733,0.0289,0,0,0,29.6623
1.736,0.0289,0,0,0,29.7427
1.738,0.0290,0,0,0,29.8229
1.740,0.0290,0,0,0,29.9036
1.743,0.0290,0,0,0,29.9838
1.745,0.0291,0,0,0,30.0648
1.748,0.0291,0,0,0,30.145
1.750,0.0292,0,0,0,30.2262
1.752,0.0292,0,0,0,30.3065
1.755,0.0292,0,0,0,30.3878
1.757,0.0293,0,0,0,30.4682
1.760,0.0293,0,0,0,30.5497
1.762,0.0294,0,0,0,30.6301
1.764,0.0294,0,0,0,30.7118
1.767,0.0294,0,0,0,30.7922
1.769,0.0295,0,0,0,30.874
1.772,0.0295,0,0,0,30.9546
1.774,0.0296,0,0,0,31.0365
1.776,0.0296,0,0,0,31.1171
1.779,0.0296,0,0,0,31.1992
1.781,0.0297,0,0,0,31.2813
1.784,0.0297,0,0,0,31.3635
1.786,0.0298,0,0,0,31.4458
1.788,0.0298,0,0,0,31.5281
1.791,0.0298,0,0,0,31.6105
1.793,0.0299,0,0,0,31.693
1.795,0.0299,0,0,0,31.7755
1.798,0.0300,0,0,0,31.8581
1.800,0.0300,0,0,0,31.9407
1.803,0.0300,0,0,0,32.0234
1.805,0.0301,0,0,0,32.1061
1.807,0.0301,0,0,0,32.189
1.810,0.0302,0,0,0,32.2718
1.812,0.0302,0,0,0,32.3549
1.815,0.0302,0,0,0,32.4378
1.817,0.0303,0,0,0,32.521
1.819,0.0303,0,0,0,32.604
1.822,0.0304,0,0,0,32.6874
1.824,0.0304,0,0,0,32.7704
1.827,0.0304,0,0,0,32.854
1.829,0.0305,0,0,0,32.9372
1.831,0.0305,0,0,0,33.0209
1.834,0.0306,0,0,0,33.1042
1.836,0.0306,0,0,0,33.1882
1.839,0.0306,0,0,0,33.2715
1.841,0.0307,0,0,0,33.3558
1.843,0.0307,0,0,0,33.4393
1.846,0.0308,0,0,0,33.5237
1.848,0.0308,0,0,0,33.6074
1.851,0.0308,0,0,0,33.6921
1.853,0.0309,0,0,0,33.7759
1.855,0.0309,0,0,0,33.8609
1.858,0.0310,0,0,0,33.9449
1.860,0.0310,0,0,0,34.03
1.862,0.0310,0,0,0,34.1142
1.865,0.0311,0,0,0,34.1996
1.867,0.0311,0,0,0,34.2839
1.870,0.0312,0,0,0,34.3695
1.872,0.0312,0,0,0,34.454
1.874,0.0312,0,0,0,34.5398
1.877,0.0313,0,0,0,34.6256
1.879,0.0313,0,0,0,34.7115
1.882,0.0314,0,0,0,34.7974
1.884,0.0314,0,0,0,34.8834
1.886,0.0314,0,0,0,34.9695
1.889,0.0315,0,0,0,35.0555
1.891,0.0315,0,0,0,35.1417
1.894,0.0316,0,0,0,35.2278
1.896,0.0316,0,0,0,35.314
1.898,0.0316,0,0,0,35.4001
1.901,0.0317,0,0,0,35.4864
1.903,0.0317,0,0,0,35.5726
1.905,0.0318,0,0,0,35.6588
1.908,0.0318,0,0,0,35.7451
1.910,0.0318,0,0,0,35.8314
1.913,0.0319,0,0,0,35.9177
1.915,0.0319,0,0,0,36.0041
1.917,0.0320,0,0,0,36.0905
1.920,0.0320,0,0,0,36.1769
1.922,0.0320,0,0,0,36.2634
1.925,0.0321,0,0,0,36.35
1.927,0.0321,0,0,0,36.4366
1.929,0.0322,0,0,0,36.5233
1.932,0.0322,0,0,0,36.6101
1.934,0.0322,0,0,0,36.697
1.937,0.0323,0,0,0,36.784
1.939,0.0323,0,0,0,36.8711
1.941,0.0324,0,0,0,36.9583
1.944,0.0324,0,0,0,37.0456
1.946,0.0324,0,0,0,37.1331
1.949,0.0325,0,0,0,37.2206
1.951,0.0325,0,0,0,37.3084
1.953,0.0326,0,0,0,37.3961
1.956,0.0326,0,0,0,37.4842
1.958,0.0326,0,0,0,37.5721
1.960,0.0327,0,0,0,37.6606
1.963,0.0327,0,0,0,37.7487
1.965,0.0328,0,0,0,37.8374
1.968,0.0328,0,0,0,37.9256
1.970,0.0328,0,0,0,38.0146
1.972,0.0329,0,0,0,38.1037
1.975,0.0329,0,0,0,38.1928
1.977,0.0330,0,0,0,38.282
1.980,0.0330,0,0,0,38.3712
1.982,0.0330,0,0,0,38.4604
1.984,0.0331,0,0,0,38.5497
1.987,0.0331,0,0,0,38.639
1.989,0.0332,0,0,0,38.7284
1.991,0.0332,0,0,0,38.8178
1.994,0.0332,0,0,0,38.9072
1.996,0.0333,0,0,0,38.9967
1.999,0.0333,0,0,0,39.0862
2.001,0.0334,0,0,0,39.1757
2.003,0.0334,0,0,0,39.2654
2.006,0.0334,0,0,0,39.355
2.008,0.0335,0,0,0,39.4448
2.011,0.0335,0,0,0,39.5345
2.013,0.0335,0,0,0,39.6245
2.015,0.0336,0,0,0,39.7144
2.018,0.0336,0,0,0,39.8045
2.020,0.0337,0,0,0,39.8946
2.022,0.0337,0,0,0,39.985
2.025,0.0337,0,0,0,40.0753
2.027,0.0338,0,0,0,40.166
2.030,0.0338,0,0,0,40.2564
2.032,0.0339,0,0,0,40.3474
2.034,0.0339,0,0,0,40.4381
2.037,0.0339,0,0,0,40.5295
2.039,0.0340,0,0,0,40.6204
2.042,0.0340,0,0,0,40.712
2.044,0.0341,0,0,0,40.8032
2.046,0.0341,0,0,0,40.8951
2.049,0.0341,0,0,0,40.9865
2.051,0.0342,0,0,0,41.0788
2.053,0.0342,0,0,0,41.1703
2.056,0.0343,0,0,0,41.2629
2.058,0.0343,0,0,0,41.3546
2.061,0.0343,0,0,0,41.4475
2.063,0.0344,0,0,0,41.5394
2.065,0.0344,0,0,0,41.6326
2.068,0.0345,0,0,0,41.7258
2.070,0.0345,0,0,0,41.8192
2.072,0.0345,0,0,0,41.9125
2.075,0.0346,0,0,0,42.0061
2.077,0.0346,0,0,0,42.0996
2.080,0.0347,0,0,0,42.1934
2.082,0.0347,0,0,0,42.287
2.084,0.0347,0,0,0,42.3809
2.087,0.0348,0,0,0,42.4747
2.089,0.0348,0,0,0,42.5687
2.092,0.0349,0,0,0,42.6626
2.094,0.0349,0,0,0,42.7568
2.096,0.0349,0,0,0,42.8508
2.099,0.0350,0,0,0,42.9452
2.101,0.0350,0,0,0,43.0394
2.103,0.0351,0,0,0,43.1339
2.106,0.0351,0,0,0,43.2282
2.108,0.0351,0,0,0,43.323
2.111,0.0352,0,0,0,43.4175
2.113,0.0352,0,0,0,43.5124
2.115,0.0353,0,0,0,43.6072
2.118,0.0353,0,0,0,43.7024
2.120,0.0353,0,0,0,43.7973
2.122,0.0354,0,0,0,43.8928
2.125,0.0354,0,0,0,43.9881
2.127,0.0355,0,0,0,44.0838
2.130,0.0355,0,0,0,44.1793
2.132,0.0355,0,0,0,44.2754
2.134,0.0356,0,0,0,44.3712
2.137,0.0356,0,0,0,44.4676
2.139,0.0357,0,0,0,44.5637
2.141,0.0357,0,0,0,44.6604
2.144,0.0357,0,0,0,44.7569
2.146,0.0358,0,0,0,44.8539
2.149,0.0358,0,0,0,44.9506
2.151,0.0358,0,0,0,45.048
2.153,0.0359,0,0,0,45.1449
2.156,0.0359,0,0,0,45.2426
2.158,0.0360,0,0,0,45.3398
2.160,0.0360,0,0,0,45.4378
2.163,0.0360,0,0,0,45.5359
2.165,0.0361,0,0,0,45.6341
2.168,0.0361,0,0,0,45.7324
2.170,0.0362,0,0,0,45.8308
2.172,0.0362,0,0,0,45.9292
2.175,0.0362,0,0,0,46.0278
2.177,0.0363,0,0,0,46.1264
2.179,0.0363,0,0,0,46.2252
2.182,0.0364,0,0,0,46.3239
2.184,0.0364,0,0,0,46.4228
2.186,0.0364,0,0,0,46.5217
2.189,0.0365,0,0,0,46.6207
2.191,0.0365,0,0,0,46.7198
2.194,0.0366,0,0,0,46.8189
2.196,0.0366,0,0,0,46.9181
2.198,0.0366,0,0,0,47.0173
2.201,0.0367,0,0,0,47.1166
2.203,0.0367,0,0,0,47.216
2.205,0.0368,0,0,0,47.3155
2.208,0.0368,0,0,0,47.4151
2.210,0.0368,0,0,0,47.5148
2.213,0.0369,0,0,0,47.6145
2.215,0.0369,0,0,0,47.7144
2.217,0.0370,0,0,0,47.8144
2.220,0.0370,0,0,0,47.9144
2.222,0.0370,0,0,0,48.0147
2.224,0.0371,0,0,0,48.1149
2.227,0.0371,0,0,0,48.2154
2.229,0.0372,0,0,0,48.3159
2.231,0.0372,0,0,0,48.4167
2.234,0.0372,0,0,0,48.5174
2.236,0.0373,0,0,0,48.6184
2.239,0.0373,0,0,0,48.7194
2.241,0.0373,0,0,0,48.8206
2.243,0.0374,0,0,0,48.9219
2.246,0.0374,0,0,0,49.0234
2.248,0.0375,0,0,0,49.1249
2.250,0.0375,0,0,0,49.2265
2.253,0.0375,0,0,0,49.3283
2.255,0.0376,0,0,0,49.4302
2.257,0.0376,0,0,0,49.5322
2.260,0.0377,0,0,0,49.6342
2.262,0.0377,0,0,0,49.7364
2.265,0.0377,0,0,0,49.8387
2.267,0.0378,0,0,0,49.9411
2.269,0.0378,0,0,0,50.0436
2.272,0.0379,0,0,0,50.1461
2.274,0.0379,0,0,0,50.2488
2.276,0.0379,0,0,0,50.3515
2.279,0.0380,0,0,0,50.4543
2.281,0.0380,0,0,0,50.5572
2.283,0.0381,0,0,0,50.6601
2.286,0.0381,0,0,0,50.7631
2.288,0.0381,0,0,0,50.8663
2.291,0.0382,0,0,0,50.9694
2.293,0.0382,0,0,0,51.0727
2.295,0.0383,0,0,0,51.1761
2.298,0.0383,0,0,0,51.2795
2.300,0.0383,0,0,0,51.383
2.302,0.0384,0,0,0,51.4866
2.305,0.0384,0,0,0,51.5903
2.307,0.0385,0,0,0,51.6941
2.309,0.0385,0,0,0,51.798
2.312,0.0385,0,0,0,51.902
2.314,0.0386,0,0,0,52.006
2.316,0.0386,0,0,0,52.1102
2.319,0.0386,0,0,0,52.2145
2.321,0.0387,0,0,0,52.319
2.324,0.0387,0,0,0,52.4235
2.326,0.0388,12.9753,44.3898,575.968,52.5282
2.328,0.0388,12.9713,44.4533,576.618,52.633
2.331,0.0388,12.9665,44.517,577.228,52.7378
2.333,0.0389,12.9627,44.5565,577.572,52.8429
2.335,0.0389,12.958,45.1626,585.216,52.948
2.338,0.0390,12.9544,44.932,582.067,53.0533
2.340,0.0390,12.9498,45.2843,586.423,53.1586
2.342,0.0390,12.9464,45.0406,583.114,53.2642
2.345,0.0391,12.942,45.4005,587.572,53.3697
2.347,0.0391,12.9388,45.148,584.159,53.4755
2.349,0.0392,12.9345,45.2023,584.669,53.5812
2.352,0.0392,12.9303,45.2297,584.834,53.6871
2.354,0.0392,12.9262,45.3079,585.658,53.793
2.357,0.0393,12.9222,45.3093,585.496,53.899
2.359,0.0393,12.9183,45.4093,586.609,54.0051
2.361,0.0394,12.9145,45.3868,586.149,54.1113
2.364,0.0394,12.9107,45.5058,587.514,54.2176
2.366,0.0394,12.9073,45.4627,586.8,54.324
2.368,0.0395,12.9037,45.5971,588.371,54.4304
2.371,0.0395,15.8773,45.0784,715.724,54.537
2.373,0.0395,15.8738,45.1887,717.317,54.6435
2.375,0.0396,15.8703,45.1258,716.161,54.7502
2.378,0.0396,15.867,45.2397,717.818,54.8569
2.380,0.0397,15.8636,45.178,716.685,54.9637
2.382,0.0397,15.8605,45.2901,718.322,55.0705
2.385,0.0397,15.8572,45.2354,717.307,55.1775
2.387,0.0398,15.8542,45.3405,718.837,55.2844
2.389,0.0398,15.851,45.2985,718.028,55.3914
2.392,0.0399,15.8482,45.3911,719.366,55.4985
2.394,0.0399,15.8451,45.3668,718.843,55.6056
2.397,0.0399,15.8424,45.4421,719.912,55.7128
2.399,0.0400,15.8394,45.4397,719.74,55.8199
2.401,0.0400,15.8369,45.4937,720.476,55.9273
2.404,0.0401,15.834,45.5161,720.702,56.0345
2.406,0.0401,15.8315,45.5456,721.057,56.1419
2.408,0.0401,15.8288,45.5948,721.71,56.2493
2.411,0.0402,15.8264,45.5978,721.651,56.3568
2.413,0.0402,15.8238,45.6744,722.743,56.4642
2.415,0.0403,15.8216,45.6501,722.256,56.5719
2.418,0.0403,15.8191,45.7537,723.78,56.6793
2.420,0.0403,15.8169,45.7021,722.867,56.7871
2.422,0.0404,15.8145,45.7998,724.303,56.8947
2.425,0.0404,15.8125,45.7542,723.49,57.0026
2.427,0.0405,15.8102,45.8462,724.84,57.1102
2.429,0.0405,15.8084,45.8062,724.121,57.2182
2.432,0.0405,15.8062,45.8946,725.419,57.326
2.434,0.0406,15.8044,45.8582,724.762,57.4341
2.436,0.0406,15.8024,45.9465,726.063,57.5419
2.439,0.0406,15.8007,45.9101,725.412,57.6502
2.441,0.0407,15.7987,46.0035,726.797,57.7581
2.444,0.0407,15.7972,46.0294,727.134,57.8665
2.446,0.0408,15.7956,46.0583,727.521,57.975
2.448,0.0408,15.7942,46.0872,727.909,58.0835
2.451,0.0408,15.7928,46.1187,728.342,58.1921
2.453,0.0409,15.7914,46.1501,728.775,58.3007
2.455,0.0409,15.7901,46.1836,729.244,58.4093
2.458,0.0410,15.7889,46.2169,729.712,58.518
2.460,0.0410,15.7877,46.2516,730.206,58.6267
2.462,0.0410,15.7866,46.2858,730.695,58.7355
2.465,0.0411,15.7855,46.3207,731.197,58.8442
2.467,0.0411,15.7846,46.3549,731.692,58.9531
2.469,0.0412,15.7837,46.3887,732.184,59.0619
2.472,0.0412,17.1289,45.8932,786.101,59.1708
2.474,0.0412,17.1234,45.9147,786.216,59.2797
2.476,0.0413,17.118,45.9348,786.311,59.3886
2.479,0.0413,17.1125,45.9513,786.343,59.4976
2.481,0.0414,17.1071,45.9666,786.358,59.6066
2.483,0.0414,17.1018,45.9777,786.299,59.7156
2.486,0.0414,17.0964,45.9879,786.226,59.8246
2.488,0.0415,17.091,45.9936,786.076,59.9336
2.490,0.0415,17.0856,45.9986,785.916,60.0427
2.493,0.0415,17.0802,45.9774,785.303,60.1517
2.495,0.0416,17.0747,45.9997,785.431,60.2608
2.497,0.0416,17.0692,45.957,784.451,60.3698
2.500,0.0417,17.0635,45.9927,784.797,60.4789
2.502,0.0417,17.058,45.9385,783.621,60.588
2.505,0.0417,17.0522,45.9793,784.047,60.6971
2.507,0.0418,17.0466,45.9272,782.902,60.8061
2.509,0.0418,17.0406,45.9616,783.212,60.9152
2.512,0.0419,17.0349,45.9271,782.362,61.0242
2.514,0.0419,17.0287,45.9416,782.327,61.1334
2.516,0.0419,17.023,45.9406,782.044,61.2423
2.519,0.0420,17.0167,45.9208,781.421,61.3516
2.521,0.0420,17.0108,45.9683,781.958,61.4604
2.523,0.0421,17.0045,45.9007,780.519,61.5698
2.526,0.0421,16.9985,46.0093,782.089,61.6785
2.528,0.0421,16.9922,45.8822,779.638,61.7881
2.530,0.0422,16.9861,46.0611,782.397,61.8968
2.533,0.0422,16.9798,45.8659,778.791,62.0065
2.535,0.0422,16.9735,46.1205,782.827,62.1151
2.537,0.0423,16.9673,46.1136,782.422,62.225
2.540,0.0423,16.961,46.1088,782.05,62.3349
2.542,0.0424,19.9048,46.0258,916.136,62.4447
2.544,0.0424,19.8942,46.0358,915.847,62.5546
2.547,0.0424,19.8836,46.0447,915.532,62.6645
2.549,0.0425,19.8728,46.0538,915.218,62.7743
2.551,0.0425,19.8619,46.0615,914.871,62.8842
2.554,0.0426,19.851,46.0703,914.539,62.9941
2.556,0.0426,19.8399,46.0775,914.173,63.104
2.558,0.0426,19.8287,46.0864,913.835,63.2139
2.561,0.0427,19.8175,46.094,913.467,63.3239
2.563,0.0427,19.8061,45.1544,894.333,63.4339
2.565,0.0428,19.7947,45.1742,894.207,63.5439
2.568,0.0428,19.7831,45.1228,892.67,63.6539
2.570,0.0428,19.7715,45.1654,892.987,63.7639
2.572,0.0429,19.7598,45.1118,891.4,63.874
2.575,0.0429,19.7481,45.163,891.882,63.9841
2.577,0.0430,19.7363,45.1276,890.65,64.0942
2.580,0.0430,19.7245,45.167,890.898,64.2044
2.582,0.0430,19.7126,45.1726,890.47,64.3144
2.584,0.0431,19.701,45.1763,890.016,64.4247
2.587,0.0431,19.689,45.2448,890.825,64.5348
2.589,0.0431,19.6775,45.1884,889.194,64.6452
2.591,0.0432,19.6654,45.3387,891.603,64.7552
2.594,0.0432,19.6542,45.2003,888.374,64.8657
2.596,0.0433,19.642,45.4454,892.636,64.9757
2.598,0.0433,19.631,45.2089,887.496,65.0863
2.601,0.0433,19.6187,45.5547,893.723,65.1962
2.603,0.0434,19.608,45.2114,886.506,65.307
2.605,0.0434,19.5955,45.6566,894.665,65.4168
2.608,0.0435,23.2449,45.2529,1051.9,65.5277
2.610,0.0435,23.2336,45.6197,1059.91,65.6374
2.612,0.0435,23.2222,45.2603,1051.04,65.7485
2.615,0.0436,23.2109,45.6858,1060.41,65.8581
2.617,0.0436,23.1994,45.2616,1050.04,65.9693
2.619,0.0437,23.1881,45.7345,1060.5,66.0788
2.622,0.0437,23.1766,45.2584,1048.93,66.1901
2.624,0.0437,23.1652,45.7667,1060.19,66.2995
2.626,0.0438,23.1535,45.2526,1047.76,66.4109
2.629,0.0438,23.1421,45.7856,1059.58,66.5202
2.631,0.0438,23.1303,45.7826,1058.97,66.6318
2.633,0.0439,23.1184,45.7636,1057.98,66.7432
2.636,0.0439,23.1064,45.7698,1057.58,66.8547
2.638,0.0440,23.0945,45.7411,1056.37,66.9661
2.640,0.0440,23.0823,45.7531,1056.09,67.0774
2.643,0.0440,23.0704,45.7256,1054.91,67.1887
2.645,0.0441,23.0581,45.7352,1054.57,67.3
2.647,0.0441,23.0463,45.7232,1053.75,67.4112
2.650,0.0442,23.034,45.4335,1046.51,67.5224
2.652,0.0442,23.0222,45.4412,1046.16,67.6334
2.654,0.0442,23.0099,44.6703,1027.86,67.7446
2.657,0.0443,22.9983,44.7501,1029.18,67.8555
2.659,0.0443,22.9862,44.6731,1026.86,67.9667
2.661,0.0444,22.9746,44.8155,1029.62,68.0775
2.664,0.0444,22.9626,44.6807,1025.99,68.1886
2.666,0.0444,22.9512,43.9125,1007.85,68.2993
2.668,0.0445,22.9394,43.4983,997.826,68.4105
2.671,0.0445,22.9281,43.9875,1008.55,68.5211
2.673,0.0446,22.9164,43.4867,996.558,68.6324
2.675,0.0446,26.1069,44.2915,1156.31,68.7429
2.678,0.0446,26.0912,43.9937,1147.85,68.8543
2.680,0.0447,26.0753,44.3458,1156.33,68.9647
2.682,0.0447,26.0595,44.0063,1146.78,69.0762
2.685,0.0447,26.0436,44.4207,1156.87,69.1866
2.687,0.0448,26.0278,43.9334,1143.49,69.2982
2.689,0.0448,26.0118,44.4662,1156.65,69.4086
2.692,0.0449,25.996,43.9411,1142.29,69.5204
2.694,0.0449,25.98,44.5076,1156.31,69.6307
2.696,0.0449,25.9642,43.9516,1141.17,69.7426
2.699,0.0450,25.9482,44.327,1150.21,69.8529
2.701,0.0450,25.9324,43.7202,1133.77,69.965
2.703,0.0451,25.9166,44.3706,1149.93,70.0752
2.706,0.0451,25.9009,43.7388,1132.87,70.1874
2.708,0.0451,25.8851,44.4105,1149.57,70.2977
2.711,0.0452,25.8695,43.756,1131.95,70.4099
2.713,0.0452,25.8539,44.0171,1138.01,70.5202
2.715,0.0453,25.8384,43.6572,1128.03,70.6325
2.718,0.0453,25.823,44.0514,1137.54,70.7427
2.720,0.0453,25.8076,43.6774,1127.21,70.8551
2.722,0.0454,25.7924,44.0868,1137.1,70.9653
2.725,0.0454,25.7772,44.0951,1136.65,71.0777
2.727,0.0454,25.7621,44.1043,1136.22,71.1901
2.729,0.0455,25.7471,43.949,1131.56,71.3025
2.732,0.0455,25.7322,43.9637,1131.28,71.4149
2.734,0.0456,25.7173,43.9776,1130.99,71.5273
2.736,0.0456,25.7025,43.9917,1130.7,71.6396
2.739,0.0456,25.6877,44.0047,1130.38,71.7519
2.741,0.0457,25.673,44.018,1130.08,71.8642
2.743,0.0457,25.6583,44.0301,1129.74,71.9764
2.746,0.0458,25.6437,44.0426,1129.41,72.0885
2.748,0.0458,25.6291,44.0538,1129.06,72.2007
2.750,0.0458,25.6144,44.0656,1128.72,72.3127
2.753,0.0459,25.5998,44.0761,1128.34,72.4247
2.755,0.0459,25.5852,44.0874,1127.99,72.5367
2.757,0.0460,25.5706,44.0975,1127.6,72.6486
2.760,0.0460,25.5559,44.1085,1127.23,72.7605
2.762,0.0460,25.5413,44.1184,1126.84,72.8723
2.764,0.0461,25.5267,44.129,1126.47,72.984
2.767,0.0461,28.7291,44.0562,1265.69,73.0957
2.769,0.0461,28.7103,44.0726,1265.34,73.2074
2.771,0.0462,28.6915,44.0886,1264.97,73.319
2.774,0.0462,28.6729,44.0955,1264.35,73.4306
2.776,0.0463,28.6544,44.122,1264.29,73.5424
2.778,0.0463,28.636,44.1212,1263.45,73.6564
2.781,0.0463,28.6176,44.1545,1263.59,73.7704
2.783,0.0464,28.5995,44.1502,1262.67,73.8843
2.785,0.0464,28.5812,44.1837,1262.82,73.9983
2.788,0.0465,28.5633,44.1821,1261.99,74.1122
2.790,0.0465,28.5453,44.2077,1261.92,74.2261
2.792,0.0465,28.5275,44.2168,1261.4,74.34
2.795,0.0466,28.5096,44.1976,1260.05,74.4539
2.797,0.0466,28.492,44.1969,1259.26,74.5679
2.799,0.0467,28.4741,44.2093,1258.82,74.6818
2.802,0.0467,28.4565,44.2293,1258.61,74.7957
2.804,0.0467,28.4386,44.2153,1257.42,74.9097
2.806,0.0468,28.421,44.2637,1258.02,75.0237
2.809,0.0468,28.4031,44.1847,1254.98,75.1378
2.811,0.0469,28.3855,44.229,1255.46,75.2517
2.813,0.0469,28.3675,44.187,1253.47,75.3659
2.816,0.0469,28.3498,44.2657,1254.92,75.4798
2.818,0.0470,28.3318,44.2666,1254.15,75.5942
2.820,0.0470,28.3138,44.2692,1253.43,75.7086
2.823,0.0470,28.2957,44.2733,1252.74,75.823
2.825,0.0471,28.2776,44.279,1252.1,75.9373
2.827,0.0471,28.2595,44.2876,1251.55,76.0517
2.830,0.0472,28.2414,44.2975,1251.03,76.1661
2.832,0.0472,28.2234,44.3114,1250.62,76.2805
2.834,0.0472,28.2054,44.3261,1250.23,76.3949
2.837,0.0473,28.1874,44.3454,1249.98,76.5094
2.839,0.0473,28.1696,44.3649,1249.74,76.6238
2.841,0.0474,28.1518,44.389,1249.63,76.7383
2.844,0.0474,28.1341,44.0544,1239.43,76.8527
2.846,0.0474,28.1165,44.0931,1239.74,76.9672
2.848,0.0475,31.3412,43.8891,1375.54,77.0817
2.851,0.0475,31.3208,43.9306,1375.94,77.1961
2.853,0.0476,31.3005,43.9551,1375.82,77.3106
2.855,0.0476,31.2802,44.0013,1376.37,77.4249
2.858,0.0476,31.2602,44.0291,1376.36,77.5394
2.860,0.0477,31.2401,44.077,1376.97,77.6538
2.862,0.0477,31.2202,44.0927,1376.58,77.7682
2.865,0.0477,31.2002,44.1143,1376.37,77.8825
2.867,0.0478,31.1803,43.8856,1368.37,77.9969
2.869,0.0478,31.1603,43.8969,1367.84,78.1112
2.872,0.0479,31.1405,43.969,1369.22,78.2255
2.874,0.0479,31.1204,43.9707,1368.39,78.3399
2.876,0.0479,31.1006,44.0555,1370.15,78.4542
2.879,0.0480,31.0804,44.0448,1368.93,78.5686
2.881,0.0480,31.0604,44.1449,1371.16,78.6828
2.884,0.0481,31.0402,44.1191,1369.46,78.7973
2.886,0.0481,31.02,44.2373,1372.24,78.9115
2.888,0.0481,30.9997,44.1933,1369.98,79.0261
2.891,0.0482,30.9795,44.3325,1373.4,79.1402
2.893,0.0482,30.9591,44.2674,1370.48,79.2549
2.895,0.0483,30.9388,44.4301,1374.61,79.369
2.898,0.0483,30.9184,44.3412,1370.96,79.4839
2.900,0.0483,30.8981,44.5297,1375.88,79.598
2.902,0.0484,30.8778,44.4146,1371.43,79.713
2.905,0.0484,30.8575,44.6302,1377.18,79.8271
2.907,0.0484,30.8374,44.4873,1371.87,79.9423
2.909,0.0485,30.8172,44.7305,1378.47,80.0564
2.912,0.0485,30.7973,44.7663,1378.68,80.1718
2.914,0.0486,30.7774,44.8141,1379.26,80.2872
2.916,0.0486,30.7576,44.8364,1379.06,80.4026
2.919,0.0486,30.7379,44.8162,1377.56,80.5181
2.921,0.0487,30.7183,44.8308,1377.13,80.6335
2.923,0.0487,30.6988,44.8961,1378.26,80.749
2.926,0.0488,33.94,44.6354,1514.93,80.8644
2.928,0.0488,33.9176,44.3792,1505.24,80.9799
2.930,0.0488,33.8956,44.3626,1503.69,81.0954
2.933,0.0489,33.8732,44.4489,1505.63,81.2108
2.935,0.0489,33.8513,44.375,1502.15,81.3263
2.937,0.0490,33.829,44.3284,1499.59,81.4417
2.940,0.0490,33.8072,44.4827,1503.83,81.5572
2.942,0.0490,33.785,44.4701,1502.42,81.6727
2.944,0.0491,33.7632,44.6469,1507.42,81.7882
2.947,0.0491,33.7411,44.5357,1502.68,81.9036
2.949,0.0491,33.7193,44.7533,1509.05,82.0192
2.951,0.0492,33.6973,44.6016,1502.95,82.1345
2.954,0.0492,33.6755,44.8597,1510.67,82.2502
2.956,0.0493,33.6536,44.6708,1503.33,82.3655
2.958,0.0493,33.6318,44.9657,1512.28,82.4812
2.961,0.0493,33.61,44.7459,1503.91,82.5965
2.963,0.0494,33.5883,45.071,1513.86,82.7123
2.965,0.0494,33.5666,44.3156,1487.52,82.8276
2.968,0.0495,33.5449,44.3906,1489.08,82.9434
2.970,0.0495,33.5233,44.4223,1489.18,83.0587
2.972,0.0495,33.5017,44.4833,1490.27,83.1746
2.975,0.0496,33.4802,44.5385,1491.16,83.29
2.977,0.0496,33.4588,44.5783,1491.53,83.4059
2.979,0.0497,33.4375,44.6638,1493.45,83.5213
2.982,0.0497,33.4162,44.6764,1492.92,83.6373
2.984,0.0497,33.3951,44.789,1495.73,83.7527
2.986,0.0498,33.3742,44.7787,1494.45,83.8689
2.989,0.0498,33.3532,44.5336,1485.33,83.9843
2.991,0.0498,33.3325,44.4567,1481.86,84.1006
2.993,0.0499,33.3116,44.6646,1487.85,84.2161
2.996,0.0499,33.2913,44.5644,1483.61,84.3325
2.998,0.0500,33.2705,44.7956,1490.37,84.4481
3.000,0.0500,33.2505,44.6779,1485.56,84.5646
3.003,0.0500,33.2297,44.7497,1487.02,84.6803
3.005,0.0501,33.2099,44.8126,1488.22,84.7969
3.007,0.0501,36.3862,44.6879,1626.02,84.9137
3.010,0.0502,36.3635,44.7486,1627.21,85.0305
3.012,0.0502,36.3408,44.8081,1628.36,85.1473
3.014,0.0502,36.3182,44.8672,1629.49,85.2642
3.017,0.0503,36.2955,44.9756,1632.41,85.3811
3.019,0.0503,36.273,45.0318,1633.44,85.4981
3.021,0.0504,36.2504,45.0879,1634.45,85.6152
3.024,0.0504,36.2278,44.9756,1629.37,85.7322
3.026,0.0504,36.2053,45.0314,1630.38,85.8493
3.028,0.0505,36.1828,45.0865,1631.36,85.9664
3.031,0.0505,36.1603,45.1423,1632.36,86.0836
3.033,0.0505,36.1379,44.5057,1608.34,86.2007
3.035,0.0506,36.1155,44.6236,1611.6,86.3179
3.038,0.0506,36.0931,44.6802,1612.65,86.435
3.040,0.0507,36.0708,44.7386,1613.76,86.5522
3.042,0.0507,36.0485,44.7963,1614.84,86.6694
3.045,0.0507,36.0263,44.8558,1615.99,86.7865
3.047,0.0508,36.0042,44.9148,1617.12,86.9037
3.049,0.0508,35.9821,44.9756,1618.32,87.0208
3.052,0.0509,35.9602,45.0363,1619.51,87.1379
3.054,0.0509,35.9384,45.1039,1620.96,87.255
3.056,0.0509,35.9168,45.1609,1622.03,87.3722
3.059,0.0510,35.8952,45.0402,1616.73,87.4893
3.061,0.0510,35.874,44.8852,1610.21,87.6065
3.063,0.0511,35.8527,44.953,1611.69,87.7236
3.066,0.0511,35.8317,45.0107,1612.81,87.8408
3.068,0.0511,35.8107,45.1068,1615.3,87.9579
3.070,0.0512,35.7901,45.1415,1615.62,88.0752
3.072,0.0512,35.7693,45.2294,1617.82,88.1922
3.075,0.0512,35.7489,45.2698,1618.35,88.3096
3.077,0.0513,35.7283,45.344,1620.06,88.4267
3.079,0.0513,35.708,45.3959,1621,88.5441
3.082,0.0514,38.9208,45.2359,1760.62,88.6613
3.084,0.0514,38.8979,45.2878,1761.6,88.7788
3.086,0.0514,38.875,45.3293,1762.17,88.8961
3.089,0.0515,38.8521,45.4033,1764.01,89.0137
3.091,0.0515,38.8292,45.0808,1750.45,89.1311
3.093,0.0516,38.8063,45.174,1753.03,89.2487
3.096,0.0516,38.7835,45.1647,1751.65,89.3662
3.098,0.0516,38.7605,45.2728,1754.79,89.484
3.100,0.0517,38.7375,45.3259,1755.81,89.6018
3.103,0.0517,38.7145,45.3784,1756.8,89.7197
3.105,0.0518,38.6915,45.4295,1757.74,89.8376
3.107,0.0518,38.6686,45.4795,1758.63,89.9556
3.110,0.0518,38.6456,45.5278,1759.45,90.0736
3.112,0.0519,38.6227,45.5746,1760.22,90.1916
3.114,0.0519,38.5999,45.6195,1760.91,90.3097
3.117,0.0519,38.577,45.5682,1757.89,90.4278
3.119,0.0520,38.5542,45.6108,1758.49,90.5459
3.121,0.0520,38.5314,45.6518,1759.03,90.6641
3.124,0.0521,38.5087,45.7006,1759.87,90.7822
3.126,0.0521,38.486,45.7063,1759.05,90.9004
3.128,0.0521,38.4634,45.765,1760.28,91.0185
3.131,0.0522,38.4409,45.7793,1759.8,91.1366
3.133,0.0522,38.4183,45.8442,1761.26,91.2547
3.135,0.0523,38.396,45.8483,1760.39,91.3728
3.138,0.0523,38.3736,45.9178,1762.03,91.4908
3.140,0.0523,38.3514,45.9155,1760.93,91.6089
3.142,0.0524,38.329,45.9873,1762.65,91.7269
3.145,0.0524,38.307,45.9837,1761.5,91.8449
3.147,0.0524,38.2848,46.0549,1763.2,91.9628
3.149,0.0525,38.2629,46.0552,1762.21,92.0808
3.152,0.0525,38.2407,46.1225,1763.76,92.1985
3.154,0.0526,38.2189,46.1323,1763.13,92.3165
3.156,0.0526,38.197,46.1918,1764.38,92.4342
3.159,0.0526,41.4504,45.9391,1904.19,92.5522
3.161,0.0527,41.4263,45.9995,1905.59,92.6699
3.163,0.0527,41.4019,46.0288,1905.68,92.788
3.166,0.0528,41.3779,46.0736,1906.43,92.9056
3.168,0.0528,41.3535,46.125,1907.43,93.0237
3.170,0.0528,41.3296,46.1511,1907.41,93.1414
3.173,0.0529,41.3052,45.9427,1897.67,93.2595
3.175,0.0529,41.2815,45.8829,1894.12,93.3773
3.177,0.0530,41.2571,45.8327,1890.92,93.4955
3.180,0.0530,41.2335,45.8048,1888.69,93.6133
3.182,0.0530,41.2092,45.7934,1887.11,93.7316
3.184,0.0531,41.1858,45.3479,1867.69,93.8495
3.186,0.0531,41.1615,45.4857,1872.26,93.9679
3.189,0.0531,41.1383,45.2801,1862.74,94.0858
3.191,0.0532,41.1142,45.3362,1863.96,94.2043
3.193,0.0532,41.0901,45.3845,1864.85,94.3228
3.196,0.0533,41.0662,45.4456,1866.28,94.4414
3.198,0.0533,41.0424,45.4853,1866.82,94.56
3.200,0.0533,41.0187,45.5497,1868.39,94.6787
3.203,0.0534,40.995,45.581,1868.59,94.7973
3.205,0.0534,40.9716,45.6468,1870.22,94.916
3.207,0.0535,40.9482,45.6706,1870.12,95.0348
3.210,0.0535,40.9249,45.7361,1871.75,95.1535
3.212,0.0535,40.9017,45.7535,1871.4,95.2723
3.214,0.0536,40.8787,45.8172,1872.95,95.391
3.217,0.0536,40.8557,45.8298,1872.41,95.5097
3.219,0.0536,40.8328,45.8904,1873.83,95.6285
3.221,0.0537,40.8099,45.8997,1873.17,95.7472
3.224,0.0537,40.7871,45.9566,1874.44,95.8659
3.226,0.0538,40.7645,45.964,1873.7,95.9846
3.228,0.0538,40.7418,46.0172,1874.82,96.1033
3.231,0.0538,40.7192,46.0233,1874.03,96.2219
3.233,0.0539,40.6965,46.0736,1875.03,96.3406
3.235,0.0539,40.6741,46.0789,1874.22,96.4591
3.238,0.0540,43.9544,45.9198,2018.37,96.5777
3.240,0.0540,43.9281,45.9253,2017.41,96.6961
3.242,0.0540,43.9015,45.7685,2009.31,96.8148
3.244,0.0541,43.8751,45.8275,2010.69,96.9331
3.247,0.0541,43.8485,45.7401,2005.64,97.0518
3.249,0.0542,43.8221,45.788,2006.53,97.17
3.251,0.0542,43.7955,45.7921,2005.48,97.2887
3.254,0.0542,43.7691,45.6883,1999.74,97.4069
3.256,0.0543,43.7424,45.6846,1998.36,97.5256
3.258,0.0543,43.7161,45.6916,1997.46,97.6438
3.261,0.0543,43.6895,45.526,1989.01,97.7624
3.263,0.0544,43.6633,45.5874,1990.49,97.8806
3.265,0.0544,43.6368,45.5805,1988.99,97.9993
3.268,0.0545,43.6107,45.5484,1986.39,98.1175
3.270,0.0545,43.5843,45.6886,1991.31,98.2363
3.272,0.0545,43.5583,45.6073,1986.58,98.3544
3.275,0.0546,43.5322,45.7491,1991.56,98.4733
3.277,0.0546,43.5063,45.6649,1986.71,98.5914
3.279,0.0547,43.4804,45.2688,1968.3,98.7103
3.282,0.0547,43.4547,45.3164,1969.21,98.8285
3.284,0.0547,43.4289,45.3417,1969.14,98.9474
3.286,0.0548,43.4032,45.3659,1969.03,99.0663
3.288,0.0548,43.3776,45.3897,1968.9,99.1852
3.291,0.0548,43.3521,45.4128,1968.74,99.3042
3.293,0.0549,43.3265,45.4351,1968.55,99.4231
3.295,0.0549,43.3011,45.4569,1968.34,99.542
3.298,0.0550,43.2757,45.2889,1959.91,99.661
3.300,0.0550,43.2503,45.3111,1959.72,99.7799
3.302,0.0550,43.2249,45.2064,1954.04,99.8988
3.305,0.0551,43.1995,45.2281,1953.83,100.018
3.307,0.0551,43.1742,45.2499,1953.63,100.137
3.309,0.0552,43.1488,45.2728,1953.47,100.256
3.312,0.0552,43.1235,45.2962,1953.33,100.374
3.314,0.0552,43.0982,45.3211,1953.26,100.493
3.316,0.0553,43.0728,45.3472,1953.23,100.612
3.319,0.0553,46.3513,45.1439,2092.48,100.731
3.321,0.0553,46.3222,45.1744,2092.58,100.85
3.323,0.0554,46.2931,45.2063,2092.74,100.969
3.326,0.0554,46.2641,45.2404,2093.01,101.088
3.328,0.0555,46.2352,45.2757,2093.33,101.207
3.330,0.0555,46.2063,45.2081,2088.9,101.326
3.332,0.0555,46.1775,44.9885,2077.46,101.444
3.335,0.0556,46.1488,45.0016,2076.77,101.563
3.337,0.0556,46.1202,44.546,2054.47,101.682
3.339,0.0557,46.0916,44.6059,2055.96,101.801
3.342,0.0557,46.0632,44.6442,2056.46,101.92
3.344,0.0557,46.0349,44.7087,2058.16,102.039
3.346,0.0558,46.0066,44.7419,2058.42,102.158
3.349,0.0558,45.9785,44.8096,2060.28,102.277
3.351,0.0559,45.9505,44.7071,2054.31,102.396
3.353,0.0559,45.9225,44.7959,2057.14,102.515
3.356,0.0559,45.8947,44.7956,2055.88,102.634
3.358,0.0560,45.8669,44.8881,2058.88,102.753
3.360,0.0560,45.8393,44.8773,2057.14,102.872
3.363,0.0560,45.8116,44.9716,2060.22,102.991
3.365,0.0561,45.7841,44.9511,2058.05,103.11
3.367,0.0561,45.7564,45.0458,2061.13,103.229
3.370,0.0562,45.729,45.0173,2058.59,103.348
3.372,0.0562,45.7013,45.1107,2061.62,103.468
3.374,0.0562,45.6739,45.0766,2058.83,103.587
3.376,0.0563,45.6463,45.105,2058.87,103.707
3.379,0.0563,45.6186,45.1308,2058.8,103.826
3.381,0.0564,45.5909,45.1577,2058.78,103.946
3.383,0.0564,45.5632,45.1822,2058.64,104.065
3.386,0.0564,45.5354,45.2086,2058.59,104.185
3.388,0.0565,45.5077,45.2331,2058.45,104.304
3.390,0.0565,45.4799,45.0942,2050.88,104.424
3.393,0.0565,45.452,44.689,2031.21,104.544
3.395,0.0566,45.4242,44.7122,2031.02,104.663
3.397,0.0566,45.3963,44.7347,2030.79,104.783
3.400,0.0567,48.7437,44.6238,2175.13,104.902
3.402,0.0567,48.712,44.5115,2168.25,105.022
3.404,0.0567,48.6803,44.5957,2170.93,105.142
3.407,0.0568,48.6487,44.7492,2176.99,105.261
3.409,0.0568,48.617,44.7574,2175.97,105.381
3.411,0.0569,48.5854,44.8098,2177.1,105.5
3.414,0.0569,48.5539,44.5348,2162.34,105.62
3.416,0.0569,48.5223,44.4702,2157.8,105.74
3.418,0.0570,48.4908,44.4584,2155.82,105.859
3.420,0.0570,48.4594,44.5333,2158.06,105.979
3.423,0.0570,48.428,44.5139,2155.72,106.098
3.425,0.0571,48.3966,44.597,2158.34,106.218
3.427,0.0571,48.3653,44.5711,2155.69,106.338
3.430,0.0572,48.3341,44.661,2158.65,106.457
3.432,0.0572,48.3029,44.6299,2155.75,106.577
3.434,0.0572,48.2717,44.7254,2158.97,106.696
3.437,0.0573,48.2406,44.6906,2155.9,106.816
3.439,0.0573,48.2096,44.7903,2159.32,106.936
3.441,0.0574,48.1786,44.7533,2156.15,107.056
3.444,0.0574,48.1476,44.7456,2154.39,107.175
3.446,0.0574,48.1166,44.6844,2150.06,107.295
3.448,0.0575,48.0857,44.8151,2154.97,107.415
3.451,0.0575,48.0549,44.7531,2150.61,107.535
3.453,0.0575,48.024,44.8872,2155.66,107.655
3.455,0.0576,47.9932,44.7461,2147.51,107.775
3.457,0.0576,47.9624,44.892,2153.13,107.895
3.460,0.0577,47.9316,44.8228,2148.43,108.016
3.462,0.0577,47.9008,44.9727,2154.23,108.136
3.464,0.0577,47.8702,44.9072,2149.71,108.256
3.467,0.0578,47.8394,45.0395,2154.66,108.376
3.469,0.0578,47.8088,45.0813,2155.28,108.497
3.471,0.0579,47.7782,45.1193,2155.72,108.618
3.474,0.0579,47.7477,45.1667,2156.61,108.738
3.476,0.0579,47.7172,45.2007,2156.85,108.859
3.478,0.0580,47.6867,45.2528,2157.96,108.98
3.481,0.0580,51.0985,45.1271,2305.93,109.101
3.483,0.0580,51.0647,45.1786,2307.03,109.222
3.485,0.0581,51.0311,45.2093,2307.08,109.343
3.488,0.0581,50.9975,45.2615,2308.22,109.464
3.490,0.0582,50.9639,44.9899,2292.86,109.585
3.492,0.0582,50.9304,45.0255,2293.17,109.706
3.494,0.0582,50.897,44.9291,2286.76,109.827
3.497,0.0583,50.8637,44.7135,2274.29,109.948
3.499,0.0583,50.8304,44.7631,2275.32,110.069
3.501,0.0584,50.7972,44.7765,2274.52,110.19
3.504,0.0584,50.764,44.8316,2275.83,110.311
3.506,0.0584,50.7309,44.7634,2270.89,110.432
3.508,0.0585,50.6978,44.8198,2272.27,110.553
3.511,0.0585,50.6648,44.7214,2265.8,110.675
3.513,0.0585,50.6318,44.7957,2268.09,110.796
3.515,0.0586,50.599,44.7746,2265.55,110.917
3.518,0.0586,50.5661,44.8425,2267.51,111.038
3.520,0.0587,50.5333,44.8459,2266.21,111.16
3.522,0.0587,50.5005,44.9032,2267.63,111.281
3.524,0.0587,50.4678,44.8949,2265.74,111.402
3.527,0.0588,50.435,44.9617,2267.64,111.524
3.529,0.0588,50.4023,44.9411,2265.13,111.646
3.531,0.0589,50.3695,45.0174,2267.51,111.767
3.534,0.0589,50.3369,44.9843,2264.37,111.889
3.536,0.0589,50.3041,45.07,2267.21,112.01
3.538,0.0590,50.2714,45.0243,2263.44,112.132
3.541,0.0590,50.2387,45.0637,2263.94,112.254
3.543,0.0590,50.206,44.9549,2257.01,112.376
3.545,0.0591,50.1732,45.0653,2261.07,112.498
3.548,0.0591,50.1406,44.8362,2248.12,112.621
3.550,0.0592,50.1078,44.8659,2248.13,112.743
3.552,0.0592,50.0752,44.8677,2246.76,112.865
3.554,0.0592,50.0424,44.9034,2247.07,112.987
3.557,0.0593,50.0098,44.8959,2245.23,113.11
3.559,0.0593,49.977,44.94,2245.96,113.232
3.561,0.0594,49.9444,44.9529,2245.15,113.355
3.564,0.0594,53.423,44.8163,2394.22,113.478
3.566,0.0594,53.3871,44.8301,2393.35,113.601
3.568,0.0595,53.3511,44.844,2392.47,113.724
3.571,0.0595,53.3151,44.8031,2388.68,113.847
3.573,0.0595,53.2791,44.6364,2378.19,113.971
3.575,0.0596,53.2431,44.4237,2365.25,114.094
3.578,0.0596,53.2071,44.4406,2364.55,114.217
3.580,0.0597,53.1711,44.4598,2363.98,114.34
3.582,0.0597,53.1352,44.2861,2353.15,114.463
3.585,0.0597,53.0992,44.3067,2352.65,114.586
3.587,0.0598,53.0634,44.3269,2352.14,114.709
3.589,0.0598,53.0276,44.3493,2351.74,114.832
3.591,0.0599,52.9918,44.3484,2350.1,114.955
3.594,0.0599,52.9561,44.3714,2349.73,115.079
3.596,0.0599,52.9205,44.3938,2349.34,115.202
3.598,0.0600,52.8849,44.4176,2349.02,115.325
3.601,0.0600,52.8494,44.4408,2348.67,115.449
3.603,0.0600,52.814,44.4649,2348.37,115.572
3.605,0.0601,52.7787,44.4884,2348.04,115.695
3.608,0.0601,52.7434,44.5124,2347.73,115.819
3.610,0.0602,52.7082,44.5392,2347.58,115.943
3.612,0.0602,52.673,44.5592,2347.07,116.067
3.615,0.0602,52.638,44.5891,2347.08,116.19
3.617,0.0603,52.603,44.6048,2346.35,116.315
3.619,0.0603,52.568,44.5844,2343.71,116.439
3.621,0.0604,52.5331,44.6007,2343.02,116.563
3.624,0.0604,52.4983,44.6328,2343.14,116.687
3.626,0.0604,52.4634,44.6454,2342.25,116.812
3.628,0.0605,52.4287,44.5645,2336.46,116.936
3.631,0.0605,52.3939,44.5371,2333.47,117.061
3.633,0.0605,52.3592,44.5597,2333.11,117.186
3.635,0.0606,52.3245,44.5859,2332.94,117.311
3.638,0.0606,52.2899,44.609,2332.6,117.436
3.640,0.0607,52.2553,44.6337,2332.35,117.561
3.642,0.0607,52.2207,44.5196,2324.84,117.686
3.645,0.0607,52.1861,44.5483,2324.8,117.811
3.647,0.0608,52.1516,44.5668,2324.23,117.936
3.649,0.0608,55.6466,44.4455,2473.24,118.062
3.651,0.0609,55.6088,44.463,2472.54,118.187
3.654,0.0609,55.5709,44.3898,2466.78,118.312
3.656,0.0609,55.533,44.3247,2461.48,118.438
3.658,0.0610,55.4952,44.077,2446.06,118.563
3.661,0.0610,55.4574,43.9396,2436.78,118.688
3.663,0.0611,55.4197,43.8558,2430.47,118.814
3.665,0.0611,55.382,43.8781,2430.06,118.939
3.668,0.0611,55.3444,43.8998,2429.61,119.065
3.670,0.0612,55.3068,43.9211,2429.14,119.19
3.672,0.0612,55.2692,43.9419,2428.63,119.316
3.675,0.0612,55.2317,43.9621,2428.1,119.441
3.677,0.0613,55.1942,43.9817,2427.53,119.567
3.679,0.0613,55.1567,44.0057,2427.21,119.692
3.681,0.0614,55.1192,43.8341,2416.1,119.818
3.684,0.0614,55.0817,43.8562,2415.68,119.943
3.686,0.0614,55.0443,43.8699,2414.79,120.069
3.688,0.0615,55.0069,43.8549,2412.32,120.195
3.691,0.0615,54.9694,43.8751,2411.79,120.321
3.693,0.0616,54.932,43.8911,2411.03,120.447
3.695,0.0616,54.8945,43.7082,2399.34,120.574
3.698,0.0616,54.857,43.7316,2398.99,120.7
3.700,0.0617,54.8195,43.6938,2395.27,120.826
3.702,0.0617,54.782,43.7276,2395.49,120.953
3.705,0.0617,54.7445,43.7346,2394.23,121.08
3.707,0.0618,54.7069,43.7665,2394.33,121.206
3.709,0.0618,54.6694,43.7773,2393.28,121.333
3.711,0.0619,54.6318,43.6241,2383.26,121.46
3.714,0.0619,54.5942,43.6439,2382.7,121.588
3.716,0.0619,54.5567,43.6696,2382.47,121.715
3.718,0.0620,54.5191,43.697,2382.32,121.842
3.721,0.0620,54.4816,43.5981,2375.3,121.97
3.723,0.0621,54.444,43.607,2374.14,122.097
3.725,0.0621,54.4066,43.6524,2374.98,122.225
3.728,0.0621,54.3691,43.666,2374.08,122.352
3.730,0.0622,54.3317,43.7104,2374.86,122.48
3.732,0.0622,54.2944,43.728,2374.19,122.607
3.735,0.0622,54.2572,43.8033,2376.65,122.735
3.737,0.0623,54.2199,43.5643,2362.05,122.862
3.739,0.0623,54.1829,43.6409,2364.59,122.99
3.742,0.0624,57.7489,43.1805,2493.63,123.118
3.744,0.0624,57.709,43.2881,2498.11,123.245
3.746,0.0624,57.669,43.3189,2498.16,123.373
3.748,0.0625,57.629,43.3504,2498.24,123.5
3.751,0.0625,57.5892,43.3797,2498.2,123.628
3.753,0.0626,57.5494,43.4117,2498.32,123.755
3.755,0.0626,57.5098,43.4395,2498.2,123.883
3.758,0.0626,57.4703,43.4715,2498.32,124.011
3.760,0.0627,57.4308,43.4984,2498.14,124.139
3.762,0.0627,57.3914,43.5296,2498.22,124.267
3.765,0.0627,57.3521,43.5564,2498.05,124.395
3.767,0.0628,57.3129,43.5862,2498.05,124.522
3.769,0.0628,57.2737,43.6142,2497.94,124.651
3.772,0.0629,57.2346,43.5196,2490.83,124.779
3.774,0.0629,57.1954,43.5344,2489.97,124.907
3.776,0.0629,57.1564,43.5624,2489.87,125.036
3.778,0.0630,57.1173,43.5926,2489.89,125.164
3.781,0.0630,57.0784,43.6177,2489.63,125.293
3.783,0.0631,57.0392,43.6136,2487.68,125.422
3.785,0.0631,57.0004,43.2572,2465.67,125.551
3.788,0.0631,56.9612,43.094,2454.68,125.68
3.790,0.0632,56.9223,42.9794,2446.49,125.809
3.792,0.0632,56.8831,43.0383,2448.15,125.939
3.795,0.0632,56.8442,43.2276,2457.24,126.068
3.797,0.0633,56.805,43.2,2453.98,126.198
3.799,0.0633,56.7661,43.2797,2456.82,126.327
3.802,0.0634,56.7268,43.2846,2455.39,126.457
3.804,0.0634,56.6878,43.391,2459.74,126.586
3.806,0.0634,56.6486,43.3267,2454.39,126.716
3.808,0.0635,56.6096,43.4368,2458.94,126.846
3.811,0.0635,56.5703,43.3674,2453.31,126.975
3.813,0.0636,56.5314,43.4808,2458.03,127.105
3.815,0.0636,56.4921,43.4068,2452.14,127.235
3.818,0.0636,56.4531,43.526,2457.18,127.364
3.820,0.0637,56.4139,43.4447,2450.88,127.494
3.822,0.0637,56.375,43.3355,2443.04,127.623
3.825,0.0637,56.3359,43.104,2428.3,127.753
3.827,0.0638,56.2969,43.2477,2434.71,127.882
3.829,0.0638,56.2579,43.0597,2422.45,128.011
3.832,0.0639,56.219,43.2126,2429.37,128.141
3.834,0.0639,59.7811,42.971,2568.86,128.27
3.836,0.0639,59.739,43.129,2576.48,128.399
3.838,0.0640,59.6969,43.1485,2575.83,128.529
3.841,0.0640,59.6548,43.1692,2575.25,128.659
3.843,0.0641,59.6127,43.0782,2568.01,128.788
3.845,0.0641,59.5707,43.0984,2567.4,128.918
3.848,0.0641,59.5288,43.119,2566.82,129.048
3.850,0.0642,59.4868,43.1404,2566.29,129.178
3.852,0.0642,59.4449,43.0461,2558.87,129.308
3.855,0.0642,59.4031,43.0624,2558.04,129.438
3.857,0.0643,59.3613,43.0889,2557.81,129.568
3.859,0.0643,59.3195,43.1157,2557.6,129.698
3.862,0.0644,59.2777,43.1428,2557.41,129.828
3.864,0.0644,59.236,43.1697,2557.2,129.958
3.866,0.0644,59.1943,43.197,2557.02,130.089
3.868,0.0645,59.1526,43.1723,2553.76,130.219
3.871,0.0645,59.111,43.0174,2542.8,130.35
3.873,0.0646,59.0694,43.0413,2542.42,130.48
3.875,0.0646,59.0279,43.0655,2542.06,130.611
3.878,0.0646,58.9864,43.0884,2541.63,130.742
3.880,0.0647,58.945,43.1011,2540.59,130.873
3.882,0.0647,58.9036,43.0423,2535.35,131.003
3.885,0.0647,58.8623,43.064,2534.84,131.134
3.887,0.0648,58.821,43.0857,2534.34,131.265
3.889,0.0648,58.7798,42.9681,2525.66,131.396
3.892,0.0649,58.7387,42.9906,2525.21,131.527
3.894,0.0649,58.6976,43.0061,2524.35,131.658
3.896,0.0649,58.6565,43.0312,2524.06,131.789
3.898,0.0650,58.6156,43.0439,2523.04,131.92
3.901,0.0650,58.5747,43.0729,2522.98,132.051
3.903,0.0651,58.5339,43.0824,2521.78,132.182
3.905,0.0651,58.4931,43.1166,2522.02,132.312
3.908,0.0651,58.4524,42.9668,2511.51,132.443
3.910,0.0652,58.4117,42.8648,2503.81,132.574
3.912,0.0652,58.3711,42.8768,2502.76,132.705
3.915,0.0652,58.3306,42.9139,2503.19,132.836
3.917,0.0653,58.29,42.938,2502.85,132.967
3.919,0.0653,58.2495,42.9516,2501.91,133.097
3.921,0.0654,58.2091,42.8913,2496.66,133.228
3.924,0.0654,58.1686,42.9095,2495.99,133.359
3.926,0.0654,58.1282,42.9482,2496.5,133.49
3.928,0.0655,58.0878,42.9676,2495.89,133.621
3.931,0.0655,58.0474,42.8986,2490.15,133.752
3.933,0.0656,61.663,42.748,2635.97,133.883
3.935,0.0656,61.6196,42.7762,2635.85,134.014
3.938,0.0656,61.5763,42.7209,2630.59,134.146
3.940,0.0657,61.5329,42.7074,2627.91,134.277
3.942,0.0657,61.4896,42.7342,2627.71,134.408
3.945,0.0657,61.4464,42.7602,2627.46,134.54
3.947,0.0658,61.4031,42.7859,2627.19,134.671
3.949,0.0658,61.3599,42.6409,2616.44,134.803
3.951,0.0659,61.3166,42.5904,2611.5,134.934
3.954,0.0659,61.2734,42.6124,2611.01,135.066
3.956,0.0659,61.2302,42.6107,2609.06,135.197
3.958,0.0660,61.187,42.5,2600.45,135.329
3.961,0.0660,61.1439,42.5344,2600.72,135.461
3.963,0.0660,61.1007,42.541,2599.28,135.592
3.965,0.0661,61.0576,42.5812,2599.9,135.724
3.968,0.0661,61.0145,42.5032,2593.31,135.856
3.970,0.0662,60.9714,42.5499,2594.33,135.987
3.972,0.0662,60.9284,42.5431,2592.08,136.119
3.975,0.0662,60.8853,42.5951,2593.42,136.251
3.977,0.0663,60.8424,42.5828,2590.84,136.383
3.979,0.0663,60.7994,42.6398,2592.47,136.514
3.981,0.0664,60.7565,42.623,2589.62,136.646
3.984,0.0664,60.7137,42.6845,2591.53,136.778
3.986,0.0664,60.6709,42.6641,2588.47,136.91
3.988,0.0665,60.6281,42.7297,2590.62,137.041
3.991,0.0665,60.5854,42.7066,2587.4,137.173
3.993,0.0665,60.5427,42.6249,2580.63,137.305
3.995,0.0666,60.5002,42.5932,2576.9,137.437
3.998,0.0666,60.4576,42.6724,2579.87,137.568
4.000,0.0667,60.4151,42.6389,2576.03,137.7
4.002,0.0667,60.3726,42.5305,2567.68,137.832
4.004,0.0667,60.3303,42.5091,2564.59,137.964
4.007,0.0668,60.288,42.5811,2567.13,138.095
4.009,0.0668,60.2458,42.5595,2564.03,138.227
4.011,0.0669,60.2035,42.6337,2566.7,138.359
4.014,0.0669,60.1614,42.6125,2563.63,138.491
4.016,0.0669,60.1193,42.601,2561.14,138.622
4.018,0.0670,60.0773,42.5845,2558.36,138.754
4.021,0.0670,60.0353,42.6602,2561.11,138.886
4.023,0.0670,59.9934,42.619,2556.86,139.018
4.025,0.0671,59.9516,42.5626,2551.7,139.15
4.027,0.0671,59.9099,42.5926,2551.72,139.282
4.030,0.0672,59.8682,42.5949,2550.08,139.414
4.032,0.0672,59.8266,42.6264,2550.19,139.546
4.034,0.0672,63.4228,42.5206,2696.77,139.679
4.037,0.0673,63.3785,42.3209,2682.23,139.811
4.039,0.0673,63.3341,42.3597,2682.82,139.943
4.041,0.0674,63.2899,42.3919,2682.98,140.076
4.044,0.0674,63.2456,42.4294,2683.48,140.208
4.046,0.0674,63.2014,42.4636,2683.76,140.34
4.048,0.0675,63.1572,42.4574,2681.49,140.473
4.050,0.0675,63.1131,42.4916,2681.78,140.605
4.053,0.0675,63.069,42.5245,2681.98,140.738
4.055,0.0676,63.025,42.5612,2682.42,140.87
4.057,0.0676,62.9809,42.5906,2682.4,141.003
4.060,0.0677,62.937,42.6299,2682.99,141.135
4.062,0.0677,62.893,42.656,2682.76,141.268
4.064,0.0677,62.8491,42.6972,2683.48,141.4
4.067,0.0678,62.8052,42.6202,2676.77,141.533
4.069,0.0678,62.7614,42.6591,2677.34,141.665
4.071,0.0679,62.7176,42.5788,2670.44,141.798
4.074,0.0679,62.674,42.6023,2670.06,141.93
4.076,0.0679,62.6303,42.4919,2661.28,142.062
4.078,0.0680,62.5868,42.4844,2658.96,142.195
4.080,0.0680,62.5433,42.5586,2661.75,142.327
4.083,0.0680,62.5,42.6342,2664.64,142.46
4.085,0.0681,62.4567,42.668,2664.9,142.592
4.087,0.0681,62.4134,42.6999,2665.05,142.725
4.090,0.0682,62.3703,42.7405,2665.74,142.857
4.092,0.0682,62.3273,42.7647,2665.41,142.99
4.094,0.0682,62.2844,42.8162,2666.78,143.122
4.097,0.0683,62.2416,42.7382,2660.09,143.255
4.099,0.0683,62.1989,42.8059,2662.48,143.387
4.101,0.0684,62.1562,42.8025,2660.44,143.52
4.103,0.0684,62.1137,42.8828,2663.61,143.652
4.106,0.0684,62.0713,42.802,2656.77,143.785
4.108,0.0685,62.029,42.8988,2660.97,143.917
4.110,0.0685,61.9867,42.7576,2650.4,144.05
4.113,0.0685,61.9446,42.8519,2654.44,144.183
4.115,0.0686,61.9025,42.8863,2654.77,144.315
4.117,0.0686,61.8604,42.8218,2648.97,144.448
4.120,0.0687,61.8185,42.7568,2643.16,144.581
4.122,0.0687,61.7766,42.675,2636.31,144.714
4.124,0.0687,61.7348,42.6201,2631.14,144.847
4.126,0.0688,61.693,42.4879,2621.2,144.979
4.129,0.0688,61.6513,42.5236,2621.64,145.112
4.131,0.0689,61.6097,42.5592,2622.06,145.245
4.133,0.0689,61.5681,42.5471,2619.54,145.378
4.136,0.0689,61.5265,42.5833,2620.01,145.511
4.138,0.0690,61.485,42.619,2620.43,145.644
4.140,0.0690,61.4436,42.6543,2620.83,145.777
4.143,0.0690,65.0862,42.4171,2760.77,145.91
4.145,0.0691,65.0419,42.4517,2761.14,146.043
4.147,0.0691,64.9976,42.4855,2761.45,146.176
4.149,0.0692,64.9534,42.5188,2761.74,146.309
4.152,0.0692,64.9092,42.5512,2761.97,146.442
4.154,0.0692,64.8652,42.5832,2762.17,146.575
4.156,0.0693,64.8212,42.6143,2762.31,146.708
4.159,0.0693,64.7773,42.6452,2762.44,146.841
4.161,0.0693,64.7335,42.6752,2762.51,146.973
4.163,0.0694,64.6898,42.7063,2762.66,147.106
4.166,0.0694,64.6461,42.7344,2762.62,147.239
4.168,0.0695,64.6026,42.7661,2762.8,147.372
4.170,0.0695,64.5592,42.7925,2762.65,147.505
4.172,0.0695,64.5159,42.8255,2762.92,147.638
4.175,0.0696,64.4726,42.6282,2748.35,147.771
4.177,0.0696,64.4295,42.6629,2748.75,147.904
4.179,0.0697,64.3865,42.6837,2748.25,148.037
4.182,0.0697,64.3435,42.7215,2748.85,148.17
4.184,0.0697,64.3006,42.6774,2744.18,148.303
4.186,0.0698,64.2578,42.7227,2745.27,148.437
4.188,0.0698,64.215,42.7354,2744.25,148.57
4.191,0.0698,64.1723,42.5853,2732.8,148.703
4.193,0.0699,64.1297,42.6072,2732.39,148.836
4.195,0.0699,64.0871,42.676,2734.98,148.969
4.198,0.0700,64.0446,42.6816,2733.53,149.103
4.200,0.0700,64.0021,42.6847,2731.91,149.236
4.202,0.0700,63.9597,42.6927,2730.61,149.369
4.205,0.0701,63.9172,42.7464,2732.23,149.502
4.207,0.0701,63.8749,42.7752,2732.26,149.636
4.209,0.0702,63.8325,42.7002,2725.66,149.769
4.211,0.0702,63.7902,42.7282,2725.64,149.902
4.214,0.0702,63.7479,42.7559,2725.6,150.036
4.216,0.0703,63.7056,42.7825,2725.49,150.169
4.218,0.0703,63.6634,42.7133,2719.27,150.302
4.221,0.0703,63.6211,42.6189,2711.46,150.435
4.223,0.0704,63.5789,42.6449,2711.31,150.569
4.225,0.0704,63.5367,42.5718,2704.87,150.702
4.228,0.0705,63.4945,42.5174,2699.62,150.835
4.230,0.0705,63.4524,42.5422,2699.4,150.968
4.232,0.0705,63.4102,42.5638,2698.98,151.102
4.234,0.0706,63.3682,42.5655,2697.3,151.235
4.237,0.0706,63.3261,42.5771,2696.25,151.368
4.239,0.0707,63.2841,42.6137,2696.77,151.501
4.241,0.0707,63.2422,42.6183,2695.27,151.635
4.244,0.0707,63.2003,42.6019,2692.45,151.768
4.246,0.0708,63.1584,42.6028,2690.73,151.901
4.248,0.0708,63.1167,42.6305,2690.69,152.035
4.251,0.0708,63.0749,42.4916,2680.15,152.168
4.253,0.0709,63.0333,42.5376,2681.28,152.301
4.255,0.0709,66.6314,42.402,2825.31,152.435
4.257,0.0710,66.587,42.4493,2826.57,152.568
4.260,0.0710,66.5424,42.4466,2824.5,152.701
4.262,0.0710,66.4981,42.4974,2825.99,152.835
4.264,0.0711,66.4536,42.4941,2823.89,152.968
4.267,0.0711,66.4094,42.5351,2824.73,153.102
4.269,0.0711,66.365,42.5302,2822.51,153.235
4.271,0.0712,66.3208,42.3472,2808.5,153.369
4.273,0.0712,66.2766,42.3436,2806.39,153.503
4.276,0.0713,66.2325,42.4047,2808.57,153.636
4.278,0.0713,66.1884,42.3984,2806.28,153.77
4.280,0.0713,66.1445,42.289,2797.18,153.904
4.283,0.0714,66.1005,42.304,2796.31,154.037
4.285,0.0714,66.0566,42.348,2797.37,154.171
4.287,0.0715,66.0128,42.3612,2796.38,154.305
4.290,0.0715,65.9691,42.3731,2795.31,154.438
4.292,0.0715,65.9254,42.3185,2789.86,154.572
4.294,0.0716,65.8818,42.3122,2787.6,154.706
4.296,0.0716,65.8382,42.0779,2770.33,154.84
4.299,0.0716,65.7947,42.0422,2766.16,154.973
4.301,0.0717,65.7513,42.0576,2765.34,155.107
4.303,0.0717,65.708,42.0928,2765.84,155.241
4.306,0.0718,65.6647,41.9781,2756.48,155.374
4.308,0.0718,65.6215,42.0234,2757.64,155.508
4.310,0.0718,65.5784,41.8668,2745.55,155.642
4.312,0.0719,65.5354,41.9083,2746.48,155.776
4.315,0.0719,65.4924,41.8997,2744.11,155.909
4.317,0.0720,65.4495,41.9443,2745.23,156.043
4.319,0.0720,65.4066,41.931,2742.56,156.177
4.322,0.0720,65.3639,41.9772,2743.79,156.311
4.324,0.0721,65.3211,41.9614,2740.97,156.445
4.326,0.0721,65.2785,42.008,2742.22,156.578
4.328,0.0721,65.2358,41.992,2739.38,156.712
4.331,0.0722,65.1933,41.9547,2735.16,156.846
4.333,0.0722,65.1507,41.9394,2732.39,156.98
4.335,0.0723,65.1083,41.9817,2733.36,157.114
4.338,0.0723,65.0659,41.9885,2732.02,157.248
4.340,0.0723,65.0235,42.0152,2731.98,157.382
4.342,0.0724,64.9812,42.2102,2742.87,157.515
4.345,0.0724,64.939,42.1754,2738.83,157.649
4.347,0.0724,64.8968,42.2054,2739,157.783
4.349,0.0725,64.8546,42.2119,2737.64,157.917
4.351,0.0725,64.8125,42.2472,2738.15,158.051
4.354,0.0726,64.7704,42.2503,2736.57,158.185
4.356,0.0726,64.7285,42.2898,2737.35,158.319
4.358,0.0726,64.6865,42.2904,2735.62,158.453
4.361,0.0727,64.6446,42.3328,2736.59,158.587
4.363,0.0727,64.6028,42.1606,2723.69,158.721
4.365,0.0728,64.561,42.2085,2725.02,158.855
4.367,0.0728,64.5193,42.11,2716.9,158.989
4.370,0.0728,64.4776,42.0855,2713.58,159.123
4.372,0.0729,64.436,42.0698,2710.81,159.257
4.374,0.0729,64.3945,42.1249,2712.61,159.391
4.377,0.0729,68.0409,41.9614,2855.09,159.525
4.379,0.0730,67.9969,41.8949,2848.72,159.659
4.381,0.0730,67.9528,41.6853,2832.63,159.793
4.383,0.0731,67.9089,41.7982,2838.47,159.927
4.386,0.0731,67.8649,41.7112,2830.73,160.061
4.388,0.0731,67.8211,41.8425,2837.8,160.195
4.390,0.0732,67.7773,41.7834,2831.97,160.329
4.393,0.0732,67.7335,41.6322,2819.9,160.463
4.395,0.0732,67.6897,41.6509,2819.34,160.598
4.397,0.0733,67.646,41.6031,2814.28,160.732
4.399,0.0733,67.6024,41.6216,2813.72,160.866
4.402,0.0734,67.5587,41.6401,2813.15,161
4.404,0.0734,67.5151,41.6581,2812.55,161.135
4.406,0.0734,67.4714,41.6761,2811.95,161.269
4.409,0.0735,67.4278,41.6934,2811.29,161.403
4.411,0.0735,67.3842,41.7104,2810.63,161.537
4.413,0.0736,67.3406,41.7268,2809.91,161.672
4.416,0.0736,67.297,41.7428,2809.16,161.806
4.418,0.0736,67.2534,41.6801,2803.12,161.94
4.420,0.0737,67.2097,41.6953,2802.33,162.075
4.422,0.0737,67.1661,41.7096,2801.47,162.209
4.425,0.0737,67.1225,41.7235,2800.59,162.343
4.427,0.0738,67.0788,41.7365,2799.64,162.478
4.429,0.0738,67.0352,41.7491,2798.66,162.612
4.432,0.0739,66.9916,41.7607,2797.62,162.747
4.434,0.0739,66.948,41.7222,2793.21,162.881
4.436,0.0739,66.9044,41.7333,2792.14,163.015
4.438,0.0740,66.8608,41.7403,2790.79,163.15
4.441,0.0740,66.8173,41.7544,2789.92,163.284
4.443,0.0740,66.7739,41.5245,2772.75,163.419
4.445,0.0741,66.7304,41.4517,2766.09,163.553
4.448,0.0741,66.687,41.4461,2763.92,163.688
4.450,0.0742,66.6437,41.4706,2763.76,163.822
4.452,0.0742,66.6004,41.3528,2754.12,163.957
4.454,0.0742,66.5572,41.325,2750.48,164.092
4.457,0.0743,66.5141,41.2783,2745.59,164.226
4.459,0.0743,66.471,41.3031,2745.46,164.361
4.461,0.0744,66.428,41.2953,2743.17,164.496
4.464,0.0744,66.385,41.3174,2742.86,164.63
4.466,0.0744,66.3422,41.3137,2740.84,164.765
4.468,0.0745,66.2993,41.3309,2740.21,164.9
4.470,0.0745,66.2566,41.2428,2732.61,165.035
4.473,0.0745,66.2139,41.2527,2731.5,165.17
4.475,0.0746,66.1713,41.1285,2721.53,165.305
4.477,0.0746,66.1286,41.0467,2714.36,165.439
4.480,0.0747,66.0861,40.9577,2706.74,165.574
4.482,0.0747,66.0436,40.9646,2705.45,165.709
4.484,0.0747,66.001,40.9717,2704.18,165.844
4.486,0.0748,65.9586,40.979,2702.91,165.979
4.489,0.0748,65.9162,40.8479,2692.53,166.114
4.491,0.0748,65.8738,40.808,2688.18,166.249
4.493,0.0749,65.8315,40.5293,2668.1,166.384
4.496,0.0749,65.7892,40.5367,2666.87,166.519
4.498,0.0750,65.7469,40.5445,2665.68,166.654
4.500,0.0750,65.7047,40.553,2664.52,166.788
4.502,0.0750,65.6625,40.5619,2663.4,166.923
4.505,0.0751,65.6204,40.5716,2662.33,167.058
4.507,0.0751,65.5783,40.5807,2661.21,167.193
4.509,0.0752,69.1545,40.3908,2793.2,167.328
4.512,0.0752,69.1098,40.3997,2792.02,167.463
4.514,0.0752,69.0651,40.4136,2791.17,167.598
4.516,0.0753,69.0204,40.424,2790.08,167.733
4.518,0.0753,68.9757,40.4395,2789.34,167.868
4.521,0.0753,68.931,40.4523,2788.42,168.003
4.523,0.0754,68.8863,40.4682,2787.71,168.138
4.525,0.0754,68.8417,40.4848,2787.04,168.273
4.528,0.0755,68.797,40.4995,2786.24,168.409
4.530,0.0755,68.7525,40.4013,2777.69,168.544
4.532,0.0755,68.7078,40.418,2777.03,168.679
4.534,0.0756,68.6633,40.4405,2776.78,168.814
4.537,0.0756,68.6187,40.453,2775.83,168.949
4.539,0.0756,68.5742,40.4824,2776.05,169.085
4.541,0.0757,68.5296,40.3886,2767.82,169.22
4.544,0.0757,68.4852,40.3816,2765.54,169.355
4.546,0.0758,68.4406,40.3899,2764.31,169.491
4.548,0.0758,68.3963,40.4165,2764.34,169.626
4.550,0.0758,68.3516,40.3368,2757.08,169.762
4.553,0.0759,68.3074,40.3668,2757.35,169.897
4.555,0.0759,68.2628,40.3732,2755.99,170.033
4.557,0.0760,68.2186,40.4096,2756.69,170.168
4.560,0.0760,68.174,40.3787,2752.78,170.304
4.562,0.0760,68.13,40.4226,2753.99,170.44
4.564,0.0761,68.0854,40.4124,2751.49,170.576
4.566,0.0761,68.0414,40.4614,2753.05,170.711
4.569,0.0761,67.9969,40.4444,2750.09,170.847
4.571,0.0762,67.9529,40.465,2749.71,170.983
4.573,0.0762,67.9085,40.481,2749,171.119
4.576,0.0763,67.8641,40.4094,2742.35,171.255
4.578,0.0763,67.8197,40.3331,2735.38,171.391
4.580,0.0763,67.7753,40.3554,2735.1,171.526
4.582,0.0764,67.731,40.3606,2733.66,171.662
4.585,0.0764,67.6868,40.3291,2729.75,171.798
4.587,0.0764,67.6426,40.3364,2728.46,171.934
4.589,0.0765,67.5985,40.2904,2723.57,172.07
4.592,0.0765,67.5543,40.3041,2722.72,172.206
4.594,0.0766,67.5104,40.1939,2713.5,172.342
4.596,0.0766,67.4663,40.2045,2712.45,172.478
4.598,0.0766,67.4225,40.2189,2711.66,172.614
4.601,0.0767,67.3785,40.2298,2710.62,172.75
4.603,0.0767,67.3348,40.2433,2709.78,172.886
4.605,0.0768,67.2909,40.1807,2703.8,173.022
4.608,0.0768,67.2474,40.1957,2703.06,173.158
4.610,0.0768,67.2036,40.1385,2697.45,173.294
4.612,0.0769,67.1603,40.0239,2688.02,173.43
4.614,0.0769,67.1166,40.006,2685.07,173.566
4.617,0.0769,67.0734,40.0362,2685.36,173.703
4.619,0.0770,67.0298,40.0307,2683.25,173.839
4.621,0.0770,66.9868,40.0636,2683.73,173.975
4.624,0.0771,66.9433,40.0579,2681.61,174.111
4.626,0.0771,66.9004,40.0935,2682.27,174.247
4.628,0.0771,66.857,40.0878,2680.15,174.383
4.630,0.0772,66.8142,40.0896,2678.55,174.52
4.633,0.0772,66.7709,40.0684,2675.4,174.656
4.635,0.0772,66.7283,40.1247,2677.45,174.792
4.637,0.0773,66.6851,40.102,2674.2,174.929
4.640,0.0773,66.6426,40.148,2675.57,175.065
4.642,0.0774,66.5995,40.0427,2666.82,175.202
4.644,0.0774,66.5571,40.0861,2668.02,175.338
4.646,0.0774,66.5141,40.0832,2666.1,175.474
4.649,0.0775,66.4718,40.1303,2667.53,175.611
4.651,0.0775,66.4289,40.1257,2665.5,175.748
4.653,0.0776,66.3867,40.1766,2667.19,175.884
4.656,0.0776,66.3439,40.0226,2655.26,176.021
4.658,0.0776,66.3017,40.0408,2654.78,176.158
4.660,0.0777,69.927,39.9028,2790.28,176.295
4.662,0.0777,69.8831,39.8775,2786.76,176.431
4.665,0.0777,69.8379,39.9001,2786.54,176.568
4.667,0.0778,69.7929,39.924,2786.41,176.705
4.669,0.0778,69.7479,39.8676,2780.68,176.842
4.672,0.0779,69.7029,39.8926,2780.63,176.979
4.674,0.0779,69.6579,39.9178,2780.59,177.116
4.676,0.0779,69.613,39.9106,2778.3,177.253
4.678,0.0780,69.5682,39.9372,2778.36,177.39
4.681,0.0780,69.5234,39.9647,2778.48,177.527
4.683,0.0780,69.4786,39.9922,2778.6,177.664
4.685,0.0781,69.4339,40.0206,2778.78,177.801
4.688,0.0781,69.3892,40.0488,2778.96,177.938
4.690,0.0782,69.3446,39.9588,2770.93,178.075
4.692,0.0782,69.3,39.9891,2771.24,178.213
4.694,0.0782,69.2555,40.0197,2771.59,178.35
4.697,0.0783,69.211,39.9743,2766.66,178.487
4.699,0.0783,69.1666,39.8122,2753.68,178.624
4.701,0.0784,69.1223,39.7969,2750.85,178.762
4.703,0.0784,69.078,39.8274,2751.19,178.899
4.706,0.0784,69.0338,39.8569,2751.48,179.036
4.708,0.0785,68.9897,39.8921,2752.14,179.173
4.710,0.0785,68.9456,39.9204,2752.34,179.311
4.713,0.0785,68.9016,39.8418,2745.17,179.448
4.715,0.0786,68.8576,39.8711,2745.43,179.586
4.717,0.0786,68.8138,39.7545,2735.66,179.723
4.719,0.0787,68.7699,39.7815,2735.77,179.861
4.722,0.0787,68.7262,39.8009,2735.37,179.998
4.724,0.0787,68.6824,39.7689,2731.42,180.136
4.726,0.0788,68.639,39.7898,2731.13,180.274
4.729,0.0788,68.5953,39.5246,2711.2,180.412
4.731,0.0788,68.552,39.5247,2709.5,180.549
4.733,0.0789,68.5085,39.5698,2710.87,180.687
4.735,0.0789,68.4655,39.5666,2708.95,180.825
4.738,0.0790,68.4221,39.6143,2710.49,180.963
4.740,0.0790,68.3793,39.609,2708.44,181.101
4.742,0.0790,68.3361,39.6589,2710.13,181.239
4.745,0.0791,68.2935,39.6525,2708.01,181.377
4.747,0.0791,68.2505,39.588,2701.9,181.515
4.749,0.0792,68.2082,39.552,2697.77,181.653
4.751,0.0792,68.1653,39.2437,2675.06,181.792
4.754,0.0792,68.1232,39.2342,2672.76,181.93
4.756,0.0793,68.0805,39.2577,2672.69,182.068
4.758,0.0793,68.0379,39.2826,2672.7,182.206
4.761,0.0793,67.9954,39.2511,2668.89,182.345
4.763,0.0794,67.953,39.2317,2665.91,182.483
4.765,0.0794,67.9107,39.2567,2665.95,182.621
4.767,0.0795,67.8684,39.1918,2659.89,182.759
4.770,0.0795,67.8263,39.2167,2659.92,182.898
4.772,0.0795,67.7842,39.242,2659.99,183.036
4.774,0.0796,67.7422,39.2698,2660.22,183.174
4.777,0.0796,67.7003,39.2956,2660.33,183.313
4.779,0.0796,67.6585,39.3217,2660.44,183.451
4.781,0.0797,67.6167,39.3458,2660.43,183.59
4.783,0.0797,67.5749,39.3743,2660.72,183.728
4.786,0.0798,67.5332,39.3969,2660.6,183.866
4.788,0.0798,67.4914,39.4277,2661.03,184.005
4.790,0.0798,67.4498,39.4494,2660.85,184.143
4.793,0.0799,67.408,39.4683,2660.48,184.282
4.795,0.0799,67.3666,39.4768,2659.41,184.42
4.797,0.0800,67.3248,39.5239,2660.94,184.559
4.799,0.0800,67.2835,39.5307,2659.76,184.698
4.802,0.0800,67.2418,39.5798,2661.42,184.836
4.804,0.0801,67.2005,39.5869,2660.26,184.975
4.806,0.0801,67.1588,39.6363,2661.93,185.114
4.809,0.0801,67.1177,39.6453,2660.9,185.253
4.811,0.0802,67.0761,39.6934,2662.48,185.391
4.813,0.0802,67.0351,39.7058,2661.68,185.53
4.815,0.0803,66.9936,39.7508,2663.05,185.669
4.818,0.0803,66.9527,39.5789,2649.91,185.808
4.820,0.0803,66.9113,39.4995,2642.96,185.947
4.822,0.0804,66.8705,39.5201,2642.73,186.086
4.825,0.0804,66.8292,39.5588,2643.68,186.225
4.827,0.0804,70.4131,39.407,2774.77,186.365
4.829,0.0805,70.3689,39.4301,2774.66,186.504
4.831,0.0805,70.3253,39.4699,2775.73,186.643
4.834,0.0806,70.2813,39.4852,2775.07,186.783
4.836,0.0806,70.2378,39.4249,2769.12,186.922
4.838,0.0806,70.194,39.289,2757.85,187.062
4.841,0.0807,70.1506,39.3559,2760.84,187.201
4.843,0.0807,70.107,39.3433,2758.24,187.341
4.845,0.0808,70.0637,39.411,2761.28,187.481
4.847,0.0808,70.0202,39.4373,2761.41,187.62
4.850,0.0808,69.9768,39.4596,2761.25,187.76
4.852,0.0809,69.9333,39.4872,2761.47,187.899
4.854,0.0809,69.89,39.3234,2748.31,188.039
4.857,0.0809,69.8465,39.2928,2744.47,188.179
4.859,0.0810,69.8034,39.3108,2744.02,188.318
4.861,0.0810,69.76,39.2542,2738.38,188.458
4.863,0.0811,69.717,39.2725,2737.96,188.597
4.866,0.0811,69.6736,39.2975,2738,188.737
4.868,0.0811,69.6307,39.3149,2737.52,188.877
4.870,0.0812,69.5874,39.212,2728.66,189.016
4.873,0.0812,69.5446,39.2313,2728.32,189.156
4.875,0.0812,69.5014,39.2527,2728.12,189.296
4.877,0.0813,69.4588,39.2726,2727.83,189.436
4.879,0.0813,69.4157,39.2918,2727.47,189.575
4.882,0.0814,69.3733,39.3127,2727.25,189.715
4.884,0.0814,69.3304,39.3293,2726.71,189.855
4.886,0.0814,69.288,39.3518,2726.61,189.995
4.889,0.0815,69.2453,39.3653,2725.86,190.134
4.891,0.0815,69.2031,39.3826,2725.4,190.274
4.893,0.0816,69.1606,39.397,2724.72,190.414
4.895,0.0816,69.1186,39.4194,2724.61,190.554
4.898,0.0816,69.0763,39.4336,2723.93,190.694
4.900,0.0817,69.0345,39.4646,2724.42,190.834
4.902,0.0817,68.9923,39.3468,2714.63,190.974
4.905,0.0817,68.9507,39.3882,2715.85,191.115
4.907,0.0818,68.9088,39.3736,2713.19,191.255
4.909,0.0818,68.8673,39.35,2709.93,191.395
4.911,0.0819,68.8256,39.2532,2701.62,191.536
4.914,0.0819,68.7843,39.2849,2702.18,191.676
4.916,0.0819,68.7426,39.2845,2700.52,191.817
4.918,0.0820,68.7015,39.4005,2706.88,191.957
4.921,0.0820,68.66,39.4066,2705.66,192.098
4.923,0.0820,68.619,39.4337,2705.9,192.239
4.925,0.0821,68.5775,39.4413,2704.78,192.379
4.927,0.0821,68.5366,39.2177,2687.85,192.52
4.930,0.0822,68.4951,39.1923,2684.48,192.661
4.932,0.0822,68.4544,39.2517,2686.95,192.802
4.934,0.0822,68.4129,39.2229,2683.36,192.943
4.937,0.0823,68.3723,39.1695,2678.11,193.084
4.939,0.0823,68.3308,39.185,2677.54,193.225
4.941,0.0824,68.2893,39.201,2677.01,193.366
4.943,0.0824,68.2478,39.2171,2676.48,193.507
4.946,0.0824,68.2064,39.2335,2675.98,193.648
4.948,0.0825,68.165,39.2502,2675.49,193.789
4.950,0.0825,68.1237,39.2669,2675.01,193.93
4.952,0.0825,68.0824,39.2916,2675.07,194.071
4.955,0.0826,68.0411,39.3086,2674.6,194.212
4.957,0.0826,67.9999,39.3256,2674.14,194.353
4.959,0.0827,67.9586,39.298,2670.64,194.494
4.962,0.0827,67.9175,39.3146,2670.15,194.635
4.964,0.0827,67.8764,39.3303,2669.6,194.776
4.966,0.0828,67.8353,39.3461,2669.05,194.917
4.968,0.0828,67.7942,39.3609,2668.44,195.058
4.971,0.0828,67.7532,39.1352,2651.54,195.199
4.973,0.0829,67.7123,39.1481,2650.81,195.34
4.975,0.0829,67.6714,39.1611,2650.08,195.482
4.978,0.0830,67.6306,39.0816,2643.11,195.623
4.980,0.0830,67.5898,38.9859,2635.05,195.764
4.982,0.0830,67.5491,38.9014,2627.76,195.906
4.984,0.0831,67.5084,38.9124,2626.92,196.047
4.987,0.0831,67.4677,38.8662,2622.21,196.189
4.989,0.0832,67.4271,38.8746,2621.2,196.33
4.991,0.0832,67.3865,38.8443,2617.58,196.472
4.994,0.0832,67.3458,38.8444,2616.01,196.614
4.996,0.0833,67.3055,38.8171,2612.61,196.756
4.998,0.0833,67.2648,38.8127,2610.73,196.898
5.000,0.0833,67.2246,38.8428,2611.19,197.04
5.003,0.0834,67.184,38.6927,2599.53,197.182
5.005,0.0834,67.1439,38.7248,2600.13,197.324
5.007,0.0835,67.1034,38.7156,2597.95,197.467
5.010,0.0835,67.0635,38.7536,2598.95,197.609
5.012,0.0835,67.0232,38.7404,2596.51,197.752
5.014,0.0836,66.9835,38.7842,2597.9,197.894
5.016,0.0836,70.7239,38.6344,2732.37,198.037
5.019,0.0836,70.6821,38.6762,2733.71,198.18
5.021,0.0837,70.6402,38.6638,2731.22,198.322
5.023,0.0837,70.5985,38.7014,2732.26,198.465
5.026,0.0838,70.5568,38.6949,2730.19,198.608
5.028,0.0838,70.5153,38.657,2725.91,198.75
5.030,0.0838,70.4738,38.6731,2725.44,198.893
5.032,0.0839,70.4323,38.5851,2717.64,199.035
5.035,0.0839,70.391,38.6001,2717.1,199.178
5.037,0.0839,70.3496,38.6766,2720.88,199.32
5.039,0.0840,70.3083,38.609,2714.54,199.463
5.042,0.0840,70.2671,38.6227,2713.91,199.605
5.044,0.0841,70.2259,38.6356,2713.22,199.748
5.046,0.0841,70.1847,38.6482,2712.52,199.89
5.048,0.0841,70.1436,38.66,2711.75,200.033
5.051,0.0842,70.1025,38.6765,2711.32,200.175
5.053,0.0842,70.0615,38.6897,2710.66,200.318
5.055,0.0843,70.0204,38.4697,2693.66,200.46
5.057,0.0843,69.9793,38.4655,2691.79,200.603
5.060,0.0843,69.9382,38.4789,2691.15,200.745
5.062,0.0844,69.8971,38.488,2690.2,200.888
5.064,0.0844,69.8561,38.5029,2689.66,201.031
5.067,0.0844,69.8149,38.504,2688.15,201.174
5.069,0.0845,69.7739,38.4016,2679.43,201.316
5.071,0.0845,69.7326,38.3428,2673.74,201.459
5.073,0.0846,69.6916,38.1176,2656.47,201.603
5.076,0.0846,69.6504,38.1439,2656.74,201.746
5.078,0.0846,69.6094,38.1503,2655.62,201.889
5.080,0.0847,69.5681,38.1774,2655.93,202.032
5.083,0.0847,69.5271,38.1859,2654.96,202.176
5.085,0.0847,69.4859,38.2132,2655.28,202.319
5.087,0.0848,69.4449,38.1826,2651.58,202.463
5.089,0.0848,69.4038,38.1985,2651.12,202.607
5.092,0.0849,69.3628,38.2217,2651.16,202.751
5.094,0.0849,69.3218,38.2357,2650.57,202.895
5.096,0.0849,69.2807,38.261,2650.75,203.039
5.099,0.0850,69.2399,38.1811,2643.65,203.182
5.101,0.0850,69.1988,38.2072,2643.9,203.327
5.103,0.0851,69.1581,38.1618,2639.2,203.471
5.105,0.0851,69.1171,38.1879,2639.44,203.615
5.108,0.0851,69.0765,38.1973,2638.53,203.759
5.110,0.0852,69.0355,38.2607,2641.35,203.903
5.112,0.0852,68.9951,38.2826,2641.31,204.047
5.115,0.0852,68.9542,38.1739,2632.25,204.191
5.117,0.0853,68.9139,38.1983,2632.39,204.335
5.119,0.0853,68.8731,38.0644,2621.61,204.479
5.121,0.0854,68.8329,38.0803,2621.18,204.622
5.124,0.0854,68.7927,38.0918,2620.44,204.766
5.126,0.0854,68.7525,38.1118,2620.28,204.91
5.128,0.0855,68.7124,38.1195,2619.29,205.054
5.130,0.0855,68.6723,38.1432,2619.38,205.198
5.133,0.0855,68.6323,38.1484,2618.22,205.342
5.135,0.0856,68.5922,38.148,2616.66,205.485
5.137,0.0856,68.5523,38.035,2607.39,205.629
5.140,0.0857,68.5123,38.0526,2607.07,205.773
5.142,0.0857,68.4724,38.0675,2606.57,205.917
5.144,0.0857,68.4325,37.9141,2594.55,206.061
5.146,0.0858,68.3927,37.917,2593.24,206.205
5.149,0.0858,68.3528,37.9473,2593.8,206.349
5.151,0.0858,68.313,37.905,2589.41,206.494
5.153,0.0859,68.2732,37.879,2586.12,206.638
5.156,0.0859,68.2335,37.8787,2584.6,206.782
5.158,0.0860,68.1938,37.8818,2583.3,206.927
5.160,0.0860,68.1541,37.7652,2573.86,207.071
5.162,0.0860,68.1145,37.7199,2569.27,207.216
5.165,0.0861,68.0749,37.7143,2567.4,207.361
5.167,0.0861,68.0355,37.6722,2563.04,207.506
5.169,0.0862,67.9958,37.7444,2566.46,207.651
5.172,0.0862,67.9566,37.6941,2561.56,207.796
5.174,0.0862,67.917,37.7711,2565.3,207.941
5.176,0.0863,67.8778,37.7189,2560.28,208.086
5.178,0.0863,67.8383,37.7958,2564,208.231
5.181,0.0863,67.7993,37.7367,2558.52,208.376
5.183,0.0864,67.7597,37.9433,2571.03,208.521
5.185,0.0864,67.7209,37.8461,2562.97,208.666
5.187,0.0865,67.6813,37.9569,2568.97,208.811
5.190,0.0865,67.6426,37.8531,2560.48,208.956
5.192,0.0865,67.6031,37.8749,2560.46,209.101
5.194,0.0866,67.5643,37.7536,2550.79,209.247
5.197,0.0866,67.5249,37.892,2558.65,209.392
5.199,0.0866,67.4862,37.7134,2545.13,209.537
5.201,0.0867,67.4467,37.8831,2555.09,209.682
5.203,0.0867,67.4081,37.7228,2542.82,209.827
5.206,0.0868,67.3687,37.9027,2553.46,209.972
5.208,0.0868,67.33,37.735,2540.7,210.117
5.210,0.0868,67.2906,37.8862,2549.38,210.261
5.213,0.0869,67.252,37.8943,2548.46,210.407
5.215,0.0869,67.2134,37.8055,2541.03,210.552
5.217,0.0870,67.1747,37.8144,2540.17,210.697
5.219,0.0870,70.6395,37.6886,2662.3,210.842
5.222,0.0870,70.598,37.6986,2661.45,210.987
5.224,0.0871,70.5565,37.6304,2655.07,211.132
5.226,0.0871,70.5151,37.6411,2654.27,211.278
5.228,0.0871,70.4736,37.6519,2653.46,211.423
5.231,0.0872,70.4322,37.6626,2652.66,211.568
5.233,0.0872,70.3908,37.6727,2651.81,211.713
5.235,0.0873,70.3493,37.6016,2645.24,211.859
5.238,0.0873,70.3079,37.5032,2636.77,212.004
5.240,0.0873,70.2665,37.4373,2630.59,212.15
5.242,0.0874,70.2251,37.2691,2617.23,212.295
5.244,0.0874,70.1837,37.276,2616.17,212.441
5.247,0.0874,70.1423,37.2808,2614.96,212.586
5.249,0.0875,70.1009,37.2854,2613.74,212.732
5.251,0.0875,70.0596,37.2877,2612.36,212.878
5.254,0.0876,70.0182,37.2053,2605.05,213.024
5.256,0.0876,69.9769,37.2049,2603.48,213.169
5.258,0.0876,69.9356,37.2045,2601.92,213.315
5.260,0.0877,69.8943,37.2084,2600.66,213.461
5.263,0.0877,69.8531,37.0475,2587.88,213.607
5.265,0.0877,69.8119,37.0585,2587.13,213.753
5.267,0.0878,69.7708,37.0401,2584.32,213.899
5.270,0.0878,69.7296,36.9789,2578.53,214.045
5.272,0.0879,69.6886,36.9501,2575,214.191
5.274,0.0879,69.6475,36.9821,2575.71,214.337
5.276,0.0879,69.6065,36.9372,2571.07,214.483
5.279,0.0880,69.5655,36.9711,2571.91,214.629
5.281,0.0880,69.5247,36.9365,2568,214.776
5.283,0.0881,69.4837,36.9514,2567.52,214.921
5.285,0.0881,69.4429,36.8346,2557.9,215.068
5.288,0.0881,69.4021,36.8588,2558.08,215.213
5.290,0.0882,69.3614,36.8146,2553.51,215.36
5.292,0.0882,69.3206,36.8614,2555.25,215.505
5.295,0.0882,69.28,36.8142,2550.49,215.651
5.297,0.0883,69.2393,36.8903,2554.26,215.797
5.299,0.0883,69.1988,36.7371,2542.17,215.943
5.301,0.0884,69.1582,36.8394,2547.74,216.089
5.304,0.0884,69.1177,36.8497,2546.97,216.235
5.306,0.0884,69.0773,36.8612,2546.27,216.381
5.308,0.0885,69.037,36.8723,2545.55,216.527
5.311,0.0885,68.9967,36.8112,2539.85,216.674
5.313,0.0885,68.9564,36.7269,2532.55,216.82
5.315,0.0886,68.9161,36.7391,2531.92,216.966
5.317,0.0886,68.8759,36.7408,2530.55,217.112
5.320,0.0887,68.8357,36.7534,2529.95,217.259
5.322,0.0887,68.7955,36.7651,2529.28,217.405
5.324,0.0887,68.7554,36.7773,2528.64,217.551
5.326,0.0888,68.7152,36.7886,2527.94,217.698
5.329,0.0888,68.6751,36.7382,2523,217.844
5.331,0.0889,68.635,36.7467,2522.11,217.991
5.333,0.0889,68.5949,36.7613,2521.64,218.137
5.336,0.0889,68.5548,36.7093,2516.6,218.284
5.338,0.0890,68.5147,36.6316,2509.81,218.43
5.340,0.0890,68.4746,36.6301,2508.23,218.577
5.342,0.0890,68.4345,36.6559,2508.53,218.723
5.345,0.0891,68.3944,36.574,2501.46,218.87
5.347,0.0891,68.3543,36.5947,2501.41,219.017
5.349,0.0892,68.3142,36.5949,2499.95,219.164
5.351,0.0892,68.2741,36.6197,2500.18,219.31
5.354,0.0892,68.234,36.6158,2498.44,219.457
5.356,0.0893,68.1939,36.6456,2499,219.604
5.358,0.0893,68.1538,36.6371,2496.96,219.75
5.361,0.0893,68.1137,36.6078,2493.49,219.897
5.363,0.0894,68.0736,36.6056,2491.87,220.044
5.365,0.0894,68.0335,36.5599,2487.3,220.19
5.367,0.0895,67.9935,36.7489,2498.68,220.337
5.370,0.0895,67.9535,36.7577,2497.82,220.483
5.372,0.0895,67.9135,36.7727,2497.36,220.63
5.374,0.0896,67.8736,36.6989,2490.89,220.776
5.377,0.0896,67.8337,36.6835,2488.38,220.923
5.379,0.0896,67.7938,36.6413,2484.05,221.069
5.381,0.0897,67.7541,36.6117,2480.59,221.216
5.383,0.0897,67.7143,36.5789,2476.92,221.362
5.386,0.0898,67.6747,36.5388,2472.75,221.509
5.388,0.0898,67.6351,36.5298,2470.7,221.655
5.390,0.0898,67.5957,36.3957,2460.19,221.802
5.392,0.0899,67.5563,36.5342,2468.11,221.948
5.395,0.0899,67.517,36.5468,2467.53,222.095
5.397,0.0900,67.4779,36.5676,2467.5,222.242
5.399,0.0900,67.4388,36.573,2466.44,222.389
5.402,0.0900,67.3998,36.4681,2457.94,222.536
5.404,0.0901,67.361,36.3077,2445.72,222.683
5.406,0.0901,67.3223,36.354,2447.43,222.83
5.408,0.0901,67.2836,36.3373,2444.9,222.977
5.411,0.0902,67.2451,36.3934,2447.28,223.124
5.413,0.0902,67.2066,36.3668,2444.09,223.272
5.415,0.0903,67.1683,36.4321,2447.08,223.419
5.418,0.0903,67.13,36.2852,2435.82,223.566
5.420,0.0903,67.0919,36.2749,2433.75,223.713
5.422,0.0904,67.0537,36.161,2424.73,223.86
5.424,0.0904,67.0157,36.2249,2427.64,224.008
5.427,0.0904,66.9777,36.1949,2424.25,224.155
5.429,0.0905,66.9399,36.263,2427.44,224.302
5.431,0.0905,66.9019,36.187,2420.98,224.449
5.433,0.0906,66.8642,36.2611,2424.57,224.596
5.436,0.0906,66.8264,36.2182,2420.33,224.744
5.438,0.0906,66.7888,36.2425,2420.6,224.891
5.440,0.0907,66.751,36.1157,2410.76,225.038
5.443,0.0907,66.7134,36.2086,2415.6,225.185
5.445,0.0907,66.6756,36.1435,2409.89,225.333
5.447,0.0908,66.6382,36.1023,2405.79,225.48
5.449,0.0908,66.6004,36.0827,2403.12,225.627
5.452,0.0909,66.563,36.1356,2405.3,225.774
5.454,0.0909,66.5252,36.1117,2402.34,225.921
5.456,0.0909,66.4878,36.1696,2404.84,226.068
5.458,0.0910,66.4501,36.1409,2401.57,226.215
5.461,0.0910,70.0273,36.0975,2527.81,226.362
5.463,0.0911,69.9883,36.0634,2524.02,226.51
5.465,0.0911,69.9495,36.1311,2527.35,226.656
5.468,0.0911,69.9105,36.0937,2523.33,226.804
5.470,0.0912,69.8717,36.1656,2526.95,226.95
5.472,0.0912,69.8327,36.0363,2516.51,227.098
5.474,0.0912,69.794,36.1151,2520.62,227.245
5.477,0.0913,69.755,36.0136,2512.13,227.392
5.479,0.0913,69.7163,36.0829,2515.56,227.539
5.481,0.0914,69.6773,35.9987,2508.29,227.686
5.483,0.0914,69.6387,36.0404,2509.81,227.833
5.486,0.0914,69.5998,36.0572,2509.57,227.981
5.488,0.0915,69.5609,36.074,2509.34,228.128
5.490,0.0915,69.5221,36.0907,2509.1,228.276
5.493,0.0915,69.4833,35.983,2500.22,228.424
5.495,0.0916,69.4446,35.9997,2499.98,228.571
5.497,0.0916,69.406,36.0165,2499.76,228.719
5.499,0.0917,69.3674,36.0327,2499.5,228.866
5.502,0.0917,69.3288,36.049,2499.23,229.014
5.504,0.0917,69.2903,36.0648,2498.94,229.162
5.506,0.0918,69.2519,36.0803,2498.63,229.309
5.509,0.0918,69.2135,36.092,2498.05,229.457
5.511,0.0918,69.1752,36.0284,2492.27,229.604
5.513,0.0919,69.1369,36.043,2491.9,229.752
5.515,0.0919,69.0987,36.057,2491.49,229.899
5.518,0.0920,69.0605,36.0637,2490.58,230.047
5.520,0.0920,69.0224,36.0764,2490.08,230.194
5.522,0.0920,68.9844,36.0893,2489.6,230.342
5.524,0.0921,68.9463,36.075,2487.24,230.489
5.527,0.0921,68.9084,36.0878,2486.75,230.637
5.529,0.0921,68.8705,36.0998,2486.21,230.784
5.531,0.0922,68.8326,36.1126,2485.72,230.931
5.534,0.0922,68.7948,36.0612,2480.82,231.079
5.536,0.0923,68.757,36.0733,2480.29,231.226
5.538,0.0923,68.7192,36.0313,2476.04,231.373
5.540,0.0923,68.6815,36.0454,2475.65,231.521
5.543,0.0924,68.6438,36.0558,2475.01,231.668
5.545,0.0924,68.6062,36.0702,2474.64,231.815
5.547,0.0925,68.5686,36.082,2474.09,231.963
5.549,0.0925,68.5311,35.988,2466.3,232.11
5.552,0.0925,68.4936,36.0019,2465.9,232.257
5.554,0.0926,68.4561,35.7818,2449.48,232.405
5.556,0.0926,68.4188,35.664,2440.09,232.552
5.559,0.0926,68.3814,35.5488,2430.88,232.7
5.561,0.0927,68.3442,35.6028,2433.25,232.847
5.563,0.0927,68.3069,35.5754,2430.04,232.994
5.565,0.0928,68.2698,35.6389,2433.06,233.142
5.568,0.0928,68.2326,35.5803,2427.74,233.289
5.570,0.0928,68.1957,35.6518,2431.3,233.436
5.572,0.0929,68.1586,35.4196,2414.15,233.584
5.574,0.0929,68.1218,35.4658,2416,233.731
5.577,0.0929,68.0849,35.4804,2415.68,233.879
5.579,0.0930,68.0481,35.4941,2415.31,234.027
5.581,0.0930,68.0114,35.5078,2414.94,234.175
5.584,0.0931,67.9747,35.5209,2414.52,234.323
5.586,0.0931,67.9381,35.5338,2414.1,234.47
5.588,0.0931,67.9016,35.4693,2408.42,234.618
5.590,0.0932,67.8651,35.482,2407.99,234.766
5.593,0.0932,67.8288,35.417,2402.29,234.913
5.595,0.0932,67.7924,35.3803,2398.51,235.061
5.597,0.0933,67.7562,35.3104,2392.5,235.208
5.599,0.0933,67.72,35.3224,2392.04,235.356
5.602,0.0934,67.6839,35.3348,2391.59,235.504
5.604,0.0934,67.6478,35.3464,2391.11,235.651
5.606,0.0934,67.6117,35.3588,2390.67,235.798
5.609,0.0935,67.5757,35.4154,2393.22,235.946
5.611,0.0935,67.5398,35.4337,2393.18,236.093
5.613,0.0936,67.5037,35.4386,2392.23,236.241
5.615,0.0936,67.4679,35.4313,2390.48,236.388
5.618,0.0936,67.4319,35.3552,2384.07,236.536
5.620,0.0937,67.3962,35.3767,2384.25,236.683
5.622,0.0937,67.3602,35.3789,2383.13,236.831
5.625,0.0937,67.3245,35.4024,2383.45,236.978
5.627,0.0938,67.2886,35.4028,2382.21,237.126
5.629,0.0938,67.253,35.4284,2382.67,237.273
5.631,0.0939,67.2172,35.4267,2381.28,237.421
5.634,0.0939,67.1817,35.4544,2381.88,237.569
5.636,0.0939,67.1459,35.4503,2380.34,237.717
5.638,0.0940,67.1105,35.4802,2381.1,237.864
5.640,0.0940,67.0748,35.4733,2379.36,238.012
5.643,0.0940,67.0395,35.5058,2380.29,238.16
5.645,0.0941,67.0039,35.4956,2378.34,238.308
5.647,0.0941,66.9686,35.5311,2379.47,238.456
5.650,0.0942,66.9331,35.5087,2376.71,238.604
5.652,0.0942,66.898,35.5397,2377.53,238.752
5.654,0.0942,66.8626,35.53,2375.63,238.9
5.656,0.0943,66.8276,35.5642,2376.67,239.047
5.659,0.0943,66.7923,35.5509,2374.53,239.196
5.661,0.0943,66.7574,35.56,2373.89,239.343
5.663,0.0944,66.7223,35.5542,2372.26,239.491
5.665,0.0944,66.6875,35.5848,2373.06,239.639
5.668,0.0945,66.6525,35.5675,2370.66,239.787
5.670,0.0945,66.6175,35.5166,2366.02,239.935
5.672,0.0945,66.5825,35.5221,2365.15,240.083
5.675,0.0946,66.5477,35.4761,2360.85,240.231
5.677,0.0946,66.5128,35.3825,2353.39,240.379
5.679,0.0947,66.4781,35.4072,2353.8,240.527
5.681,0.0947,66.4433,35.4093,2352.71,240.675
5.684,0.0947,66.4086,35.4378,2353.37,240.823
5.686,0.0948,66.374,35.4384,2352.19,240.971
5.688,0.0948,66.3394,35.3395,2344.4,241.119
5.690,0.0948,66.3048,35.3698,2345.19,241.267
5.693,0.0949,66.2703,35.2625,2336.86,241.415
5.695,0.0949,66.2358,35.3609,2342.16,241.563
5.697,0.0950,66.2014,35.3484,2340.11,241.711
5.700,0.0950,66.167,35.3769,2340.78,241.859
5.702,0.0950,68.9204,35.2973,2432.71,242.007
5.704,0.0951,68.8845,35.3324,2433.85,242.155
5.706,0.0951,68.8489,35.3271,2432.24,242.303
5.709,0.0951,68.8132,35.2738,2427.3,242.451
5.711,0.0952,68.7777,35.2492,2424.36,242.6
5.713,0.0952,68.7421,35.273,2424.74,242.748
5.715,0.0953,68.7068,35.2732,2423.51,242.896
5.718,0.0953,68.6713,35.201,2417.3,243.045
5.720,0.0953,68.6361,35.1906,2415.35,243.193
5.722,0.0954,68.6007,35.2205,2416.15,243.342
5.725,0.0954,68.5656,35.2086,2414.1,243.49
5.727,0.0954,68.5304,35.2354,2414.69,243.639
5.729,0.0955,68.4954,35.2239,2412.67,243.787
5.731,0.0955,68.4602,35.2461,2412.95,243.936
5.734,0.0956,68.4252,35.2373,2411.12,244.084
5.736,0.0956,68.3902,35.2705,2412.15,244.233
5.738,0.0956,68.3553,35.2511,2409.6,244.381
5.740,0.0957,68.3202,35.2759,2410.06,244.53
5.743,0.0957,68.2854,35.213,2404.53,244.678
5.745,0.0957,68.2504,35.2406,2405.18,244.827
5.747,0.0958,68.2156,35.1547,2398.1,244.975
5.750,0.0958,68.1806,35.1863,2399.03,245.123
5.752,0.0959,68.1459,35.0841,2390.83,245.271
5.754,0.0959,68.1109,35.1118,2391.5,245.42
5.756,0.0959,68.0762,35.0973,2389.29,245.568
5.759,0.0960,68.0412,35.1002,2388.26,245.716
5.761,0.0960,68.0063,35.122,2388.52,245.865
5.763,0.0961,67.9713,35.0322,2381.19,246.013
5.765,0.0961,67.9364,35.0376,2380.33,246.162
5.768,0.0961,67.9015,34.9935,2376.11,246.31
5.770,0.0962,67.8666,34.9999,2375.32,246.458
5.772,0.0962,67.8318,35.0071,2374.59,246.607
5.775,0.0962,67.7969,34.9713,2370.95,246.755
5.777,0.0963,67.7621,34.9794,2370.28,246.904
5.779,0.0963,67.7273,34.9876,2369.62,247.052
5.781,0.0964,67.6925,34.997,2369.04,247.201
5.784,0.0964,67.6578,35.0063,2368.45,247.349
5.786,0.0964,67.623,35.0169,2367.95,247.498
5.788,0.0965,67.5884,34.803,2352.28,247.647
5.790,0.0965,67.5537,34.8046,2351.18,247.796
5.793,0.0965,67.5191,34.815,2350.68,247.944
5.795,0.0966,67.4846,34.8266,2350.26,248.093
5.797,0.0966,67.4501,34.8376,2349.8,248.242
5.800,0.0967,67.4157,34.8498,2349.43,248.391
5.802,0.0967,67.3813,34.8616,2349.02,248.54
5.804,0.0967,67.3469,34.8744,2348.68,248.689
5.806,0.0968,67.3126,34.8342,2344.78,248.838
5.809,0.0968,67.2784,34.8159,2342.36,248.986
5.811,0.0968,67.2442,34.6881,2332.57,249.135
5.813,0.0969,67.21,34.7058,2332.58,249.284
5.815,0.0969,67.1759,34.7129,2331.87,249.433
5.818,0.0970,67.1418,34.7335,2332.07,249.582
5.820,0.0970,67.1079,34.7383,2331.22,249.731
5.822,0.0970,67.0739,34.7128,2328.32,249.88
5.824,0.0971,67.0401,34.6546,2323.25,250.028
5.827,0.0971,67.0063,34.6796,2323.75,250.177
5.829,0.0972,66.9726,34.68,2322.61,250.326
5.831,0.0972,66.9389,34.7084,2323.34,250.474
5.834,0.0972,66.9054,34.705,2321.95,250.623
5.836,0.0973,66.8719,34.7369,2322.92,250.772
5.838,0.0973,66.8385,34.7292,2321.25,250.92
5.840,0.0973,66.8051,34.7647,2322.46,251.069
5.843,0.0974,66.7719,34.6846,2315.96,251.217
5.845,0.0974,66.7387,34.6156,2310.2,251.366
5.847,0.0975,66.7056,34.5877,2307.19,251.515
5.849,0.0975,66.6726,34.6007,2306.92,251.663
5.852,0.0975,66.6396,34.613,2306.59,251.812
5.854,0.0976,66.6067,34.5456,2300.97,251.961
5.856,0.0976,66.5738,34.557,2300.59,252.11
5.859,0.0976,66.5409,34.568,2300.19,252.259
5.861,0.0977,66.5081,34.5785,2299.75,252.408
5.863,0.0977,66.4754,34.5885,2299.28,252.557
5.865,0.0978,66.4427,34.5043,2292.56,252.706
5.868,0.0978,66.4099,34.512,2291.94,252.855
5.870,0.0978,66.3773,34.5196,2291.32,253.004
5.872,0.0979,66.3446,34.5267,2290.66,253.153
5.874,0.0979,66.3119,34.5375,2290.25,253.302
5.877,0.0979,66.2793,34.5407,2289.33,253.451
5.879,0.0980,66.2466,34.5546,2289.13,253.6
5.881,0.0980,66.214,34.5546,2288,253.75
5.883,0.0981,66.1813,34.4217,2278.07,253.899
5.886,0.0981,66.1486,34.4114,2276.27,254.048
5.888,0.0981,66.116,34.4401,2277.04,254.197
5.890,0.0982,66.0833,34.3645,2270.92,254.346
5.893,0.0982,66.0507,34.3978,2272,254.495
5.895,0.0982,66.018,34.2771,2262.91,254.644
5.897,0.0983,65.9853,34.2074,2257.19,254.793
5.899,0.0983,65.9526,34.1939,2255.18,254.943
5.902,0.0984,65.9199,34.2003,2254.48,255.091
5.904,0.0984,65.8873,34.0982,2246.64,255.241
5.906,0.0984,65.8546,34.1381,2248.15,255.389
5.908,0.0985,65.822,34.1114,2245.28,255.538
5.911,0.0985,65.7892,34.1616,2247.46,255.687
5.913,0.0985,65.7567,34.1353,2244.62,255.836
5.915,0.0986,65.7239,34.1867,2246.88,255.985
5.918,0.0986,65.6914,34.0966,2239.85,256.134
5.920,0.0987,65.6587,34.1464,2242,256.283
5.922,0.0987,65.6262,34.1228,2239.35,256.432
5.924,0.0987,65.5935,34.174,2241.59,256.581
5.927,0.0988,65.5611,34.0984,2235.53,256.73
5.929,0.0988,65.5283,34.1518,2237.91,256.878
5.931,0.0989,65.4961,34.1257,2235.1,257.028
5.933,0.0989,65.4633,34.1049,2232.62,257.177
5.936,0.0989,65.4311,34.019,2225.9,257.326
5.938,0.0990,65.3984,34.074,2228.39,257.475
5.940,0.0990,65.3663,34.088,2228.2,257.624
5.942,0.0990,65.3341,34.0215,2222.77,257.774
5.945,0.0991,65.302,34.034,2222.49,257.924
5.947,0.0991,65.2699,34.0511,2222.51,258.073
5.949,0.0992,65.2378,34.0624,2222.16,258.223
5.952,0.0992,65.2058,34.0805,2222.25,258.372
5.954,0.0992,65.1738,34.0911,2221.84,258.522
5.956,0.0993,65.1419,34.1095,2221.96,258.672
5.958,0.0993,65.1099,34.0195,2215.01,258.822
5.961,0.0993,65.0781,34.0432,2215.47,258.971
5.963,0.0994,65.0463,34.0477,2214.68,259.121
5.965,0.0994,65.0146,34.0714,2215.14,259.271
5.967,0.0995,64.9829,34.0756,2214.33,259.421
5.970,0.0995,64.9513,34.0987,2214.75,259.571
5.972,0.0995,64.9198,34.1027,2213.94,259.72
5.974,0.0996,64.8883,34.0678,2210.6,259.87
5.976,0.0996,64.8569,34.0151,2206.11,260.02
5.979,0.0996,64.8256,34.055,2207.63,260.169
5.981,0.0997,64.7944,33.9715,2201.16,260.319
5.983,0.0997,64.7632,33.947,2198.52,260.468
5.986,0.0998,64.7322,33.9261,2196.11,260.618
5.988,0.0998,64.7011,33.9714,2197.98,260.767
5.990,0.0998,64.6703,33.946,2195.3,260.917
5.992,0.0999,64.6393,33.9423,2194.01,261.066
5.995,0.0999,64.6087,33.9126,2191.05,261.215
5.997,0.0999,64.5777,33.9665,2193.48,261.365
5.999,0.1000,64.5472,33.8497,2184.91,261.514
6.001,0.1000,64.5162,33.8695,2185.14,261.664
6.004,0.1001,64.4859,33.8545,2183.13,261.813
6.006,0.1001,64.4549,33.8261,2180.26,261.963
6.008,0.1001,64.4246,33.8158,2178.57,262.112
6.010,0.1002,64.3937,33.853,2179.92,262.262
6.013,0.1002,64.3634,33.837,2177.86,262.412
6.015,0.1002,64.3324,33.8805,2179.62,262.561
6.017,0.1003,64.3021,33.8585,2177.17,262.711
6.020,0.1003,64.2711,33.9084,2179.33,262.861
6.022,0.1004,64.2407,33.6767,2163.42,263.011
6.024,0.1004,64.2097,33.7483,2166.96,263.161
6.026,0.1004,64.1792,33.6899,2162.19,263.311
6.029,0.1005,70.116,33.6984,2362.8,263.461
6.031,0.1005,70.0828,33.6627,2359.18,263.612
6.033,0.1006,70.0496,33.6722,2358.72,263.762
6.035,0.1006,70.0165,33.6815,2358.26,263.912
6.038,0.1006,69.9833,33.6987,2358.35,264.062
6.040,0.1007,69.95,33.7073,2357.83,264.213
6.042,0.1007,69.9168,33.7154,2357.27,264.363
6.044,0.1007,69.8836,33.8088,2362.68,264.513
6.047,0.1008,69.8503,33.817,2362.13,264.664
6.049,0.1008,69.8171,33.8248,2361.55,264.814
6.051,0.1009,69.7838,33.8323,2360.94,264.964
6.054,0.1009,69.7505,33.8355,2360.04,265.114
6.056,0.1009,69.7172,33.8426,2359.41,265.264
6.058,0.1010,69.6839,33.8495,2358.77,265.414
6.060,0.1010,69.6506,33.8564,2358.12,265.564
6.063,0.1010,69.6174,33.8632,2357.47,265.714
6.065,0.1011,69.5841,33.8701,2356.82,265.864
6.067,0.1011,69.5508,33.8771,2356.18,266.014
6.069,0.1012,69.5175,33.8842,2355.55,266.164
6.072,0.1012,69.4843,33.8918,2354.94,266.314
6.074,0.1012,69.451,33.8994,2354.35,266.464
6.076,0.1013,69.4178,33.9076,2353.79,266.614
6.078,0.1013,69.3846,33.9169,2353.31,266.764
6.081,0.1013,69.3514,33.925,2352.74,266.914
6.083,0.1014,69.3183,33.8755,2348.19,267.064
6.085,0.1014,69.2852,33.8817,2347.5,267.214
6.088,0.1015,69.2521,33.8966,2347.41,267.364
6.090,0.1015,69.219,33.7537,2336.4,267.515
6.092,0.1015,69.186,33.7663,2336.15,267.665
6.094,0.1016,69.153,33.7767,2335.76,267.816
6.097,0.1016,69.12,33.7908,2335.62,267.966
6.099,0.1016,69.0871,33.8007,2335.19,268.117
6.101,0.1017,69.0542,33.8165,2335.17,268.267
6.103,0.1017,69.0213,33.8047,2333.25,268.418
6.106,0.1018,68.9884,33.8215,2333.29,268.569
6.108,0.1018,68.9557,33.6622,2321.2,268.72
6.110,0.1018,68.9228,33.4456,2305.16,268.87
6.112,0.1019,68.8901,33.4766,2306.21,269.021
6.115,0.1019,68.8573,33.4033,2300.06,269.172
6.117,0.1019,68.8246,33.4338,2301.07,269.323
6.119,0.1020,68.7918,33.4299,2299.7,269.474
6.121,0.1020,68.7592,33.3693,2294.45,269.625
6.124,0.1021,68.7267,33.3827,2294.28,269.776
6.126,0.1021,68.6941,33.3972,2294.19,269.927
6.128,0.1021,68.6616,33.4104,2294.01,270.078
6.131,0.1022,68.6291,33.4353,2294.64,270.228
6.133,0.1022,68.5966,33.4484,2294.45,270.379
6.135,0.1023,68.5641,33.4614,2294.25,270.53
6.137,0.1023,68.5317,33.4545,2292.69,270.681
6.140,0.1023,68.4992,33.467,2292.46,270.831
6.142,0.1024,68.4668,33.4132,2287.7,270.982
6.144,0.1024,68.4344,33.4255,2287.45,271.132
6.146,0.1024,68.4019,33.4367,2287.13,271.283
6.149,0.1025,68.3695,33.4183,2284.8,271.434
6.151,0.1025,68.3371,33.4279,2284.36,271.584
6.153,0.1026,68.3047,33.3582,2278.52,271.735
6.155,0.1026,68.2724,33.3639,2277.83,271.886
6.158,0.1026,68.24,33.3853,2278.21,272.037
6.160,0.1027,68.2076,33.3883,2277.34,272.187
6.162,0.1027,68.1752,33.4126,2277.91,272.338
6.165,0.1027,68.1429,33.2677,2266.95,272.489
6.167,0.1028,68.1105,33.2843,2267.01,272.64
6.169,0.1028,68.0782,33.2935,2266.56,272.791
6.171,0.1029,68.0458,33.2525,2262.69,272.942
6.174,0.1029,68.0135,33.2607,2262.18,273.093
6.176,0.1029,67.9811,33.2785,2262.31,273.245
6.178,0.1030,67.9487,33.2864,2261.77,273.396
6.180,0.1030,67.9164,33.304,2261.89,273.547
6.183,0.1030,67.884,33.2495,2257.11,273.699
6.185,0.1031,67.8517,33.2645,2257.05,273.85
6.187,0.1031,67.8193,33.2752,2256.7,274.002
6.189,0.1032,67.787,33.2887,2256.54,274.153
6.192,0.1032,67.7546,33.2307,2251.53,274.305
6.194,0.1032,67.7223,33.2377,2250.93,274.456
6.196,0.1033,67.6899,33.256,2251.1,274.608
6.199,0.1033,67.6577,33.2609,2250.36,274.76
6.201,0.1033,67.6253,33.2821,2250.71,274.911
6.203,0.1034,67.5932,33.2848,2249.82,275.063
6.205,0.1034,67.5608,33.3093,2250.4,275.214
6.208,0.1035,67.5287,33.3096,2249.36,275.365
6.210,0.1035,67.4964,33.3378,2250.18,275.517
6.212,0.1035,67.4644,33.351,2250,275.668
6.214,0.1036,67.4325,33.3703,2250.24,275.819
6.217,0.1036,67.4006,33.3504,2247.84,275.971
6.219,0.1036,67.3688,33.2364,2239.1,276.122
6.221,0.1037,67.337,33.1377,2231.39,276.273
6.223,0.1037,67.3052,33.1344,2230.12,276.425
6.226,0.1038,67.2735,33.1306,2228.81,276.576
6.228,0.1038,67.2418,33.1726,2230.59,276.727
6.230,0.1038,67.2101,33.1646,2229,276.879
6.233,0.1039,67.1785,33.1753,2228.67,277.03
6.235,0.1039,67.1469,33.1706,2227.3,277.181
6.237,0.1040,67.1154,33.2124,2229.06,277.333
6.239,0.1040,67.0839,33.2059,2227.58,277.484
6.242,0.1040,67.0525,33.274,2231.11,277.636
6.244,0.1041,67.0211,33.2654,2229.48,277.788
6.246,0.1041,66.9898,33.2573,2227.9,277.939
6.248,0.1041,66.9585,33.2515,2226.47,278.091
6.251,0.1042,66.9272,33.2886,2227.91,278.243
6.253,0.1042,66.8961,33.2818,2226.42,278.395
6.255,0.1043,66.8649,33.0663,2210.98,278.547
6.257,0.1043,66.8338,32.9354,2201.2,278.699
6.260,0.1043,66.8028,32.9757,2202.87,278.851
6.262,0.1044,66.7718,32.9596,2200.77,279.003
6.264,0.1044,66.7409,32.9249,2197.44,279.155
6.267,0.1044,66.71,32.9084,2195.32,279.308
6.269,0.1045,66.6792,32.9493,2197.03,279.46
6.271,0.1045,66.6485,32.9312,2194.81,279.612
6.273,0.1046,66.6177,32.9845,2197.35,279.764
6.276,0.1046,66.5871,32.9602,2194.73,279.917
6.278,0.1046,66.5564,32.9795,2194.99,280.069
6.280,0.1047,66.5259,32.9849,2194.35,280.221
6.282,0.1047,66.4953,33.0097,2194.99,280.373
6.285,0.1047,66.4649,33.0104,2194.03,280.525
6.287,0.1048,66.4344,33.041,2195.06,280.677
6.289,0.1048,66.4041,33.037,2193.79,280.829
6.291,0.1049,66.3736,33.0736,2195.21,280.981
6.294,0.1049,66.3433,33.0649,2193.64,281.133
6.296,0.1049,66.3129,33.0563,2192.06,281.285
6.298,0.1050,66.2826,33.0143,2188.27,281.437
6.300,0.1050,66.2522,33.0902,2192.3,281.589
6.303,0.1050,66.222,33.1046,2192.26,281.741
6.305,0.1051,66.1918,33.1224,2192.43,281.893
6.307,0.1051,66.1616,33.1274,2191.76,282.045
6.310,0.1052,66.1314,33.1405,2191.63,282.198
6.312,0.1052,66.1012,33.1535,2191.49,282.35
6.314,0.1052,66.0709,33.1664,2191.33,282.502
6.316,0.1053,66.0407,33.179,2191.17,282.654
6.319,0.1053,66.0104,33.1844,2190.51,282.806
6.321,0.1053,65.9802,33.1969,2190.34,282.959
6.323,0.1054,65.9499,33.2093,2190.15,283.111
6.325,0.1054,65.9196,33.1317,2184.03,283.264
6.328,0.1055,65.8893,33.1435,2183.8,283.416
6.330,0.1055,65.8589,33.1552,2183.57,283.569
6.332,0.1055,65.8286,33.1668,2183.32,283.721
6.334,0.1056,65.7983,33.1255,2179.61,283.874
6.337,0.1056,65.768,33.0907,2176.31,284.027
6.339,0.1056,65.7378,32.9416,2165.51,284.179
6.341,0.1057,65.7075,32.9549,2165.38,284.332
6.344,0.1057,65.6773,32.9684,2165.28,284.485
6.346,0.1058,65.6472,32.9202,2161.12,284.638
6.348,0.1058,65.6171,32.9332,2160.98,284.791
6.350,0.1058,65.587,32.9497,2161.07,284.943
6.353,0.1059,65.5569,32.9589,2160.68,285.096
6.355,0.1059,65.527,32.9192,2157.1,285.249
6.357,0.1060,65.497,32.9262,2156.57,285.402
6.359,0.1060,65.4672,32.9475,2156.98,285.554
6.362,0.1060,65.4374,32.9519,2156.29,285.707
6.364,0.1061,65.4077,32.9745,2156.79,285.86
6.366,0.1061,65.378,32.9769,2155.97,286.013
6.368,0.1061,65.3485,32.8711,2148.08,286.165
6.371,0.1062,65.3189,32.8826,2147.86,286.318
6.373,0.1062,65.2895,32.8945,2147.67,286.471
6.375,0.1063,65.2601,32.8668,2144.89,286.624
6.377,0.1063,65.2308,32.8794,2144.75,286.776
6.380,0.1063,65.2015,32.8226,2140.08,286.929
6.382,0.1064,65.1723,32.8866,2143.3,287.082
6.384,0.1064,65.1431,32.9169,2144.31,287.234
6.387,0.1064,69.0414,32.8689,2269.32,287.387
6.389,0.1065,69.0115,32.9077,2271.01,287.54
6.391,0.1065,68.9816,32.8805,2268.15,287.693
6.393,0.1066,68.9518,32.8893,2267.78,287.846
6.396,0.1066,68.922,32.8973,2267.35,287.999
6.398,0.1066,68.8922,32.9054,2266.92,288.152
6.400,0.1067,68.8624,32.9126,2266.44,288.305
6.402,0.1067,68.8326,32.9202,2265.98,288.458
6.405,0.1067,68.8028,32.927,2265.47,288.611
6.407,0.1068,68.773,32.9342,2264.99,288.764
6.409,0.1068,68.7432,32.9409,2264.46,288.918
6.411,0.1069,68.7134,32.9481,2263.97,289.071
6.414,0.1069,68.6836,32.9549,2263.46,289.224
6.416,0.1069,68.6537,32.9622,2262.98,289.377
6.418,0.1070,68.6239,32.9705,2262.56,289.531
6.420,0.1070,68.594,32.936,2259.21,289.684
6.423,0.1070,68.5641,32.9006,2255.8,289.837
6.425,0.1071,68.5342,32.9099,2255.45,289.991
6.427,0.1071,68.5043,32.9166,2254.93,290.144
6.430,0.1072,68.4743,32.9281,2254.73,290.297
6.432,0.1072,68.4444,32.933,2254.08,290.451
6.434,0.1072,68.4144,32.8836,2249.71,290.604
6.436,0.1073,68.3845,32.8857,2248.88,290.757
6.439,0.1073,68.3546,32.904,2249.14,290.911
6.441,0.1073,68.3247,32.9017,2248,291.064
6.443,0.1074,68.2948,32.8534,2243.72,291.217
6.445,0.1074,68.2651,32.8322,2241.29,291.37
6.448,0.1075,68.2352,32.8783,2243.46,291.524
6.450,0.1075,68.2056,32.848,2240.41,291.677
6.452,0.1075,68.1759,32.9041,2243.27,291.83
6.454,0.1076,68.1463,32.8634,2239.52,291.984
6.457,0.1076,68.1167,32.8346,2236.58,292.137
6.459,0.1076,68.0872,32.8083,2233.83,292.29
6.461,0.1077,68.0578,32.8697,2237.04,292.444
6.463,0.1077,68.0285,32.6632,2222.03,292.597
6.466,0.1078,67.9993,32.6586,2220.76,292.75
6.468,0.1078,67.97,32.607,2216.3,292.904
6.470,0.1078,67.9409,32.565,2212.5,293.057
6.473,0.1079,67.9118,32.5143,2208.1,293.211
6.475,0.1079,67.8829,32.4908,2205.57,293.364
6.477,0.1080,67.8539,32.4415,2201.28,293.518
6.479,0.1080,67.8251,32.3206,2192.15,293.672
6.482,0.1080,67.7962,32.254,2186.7,293.825
6.484,0.1081,67.7675,32.2626,2186.35,293.979
6.486,0.1081,67.7389,32.2728,2186.12,294.133
6.488,0.1081,67.7103,32.2817,2185.81,294.287
6.491,0.1082,67.6818,32.2932,2185.66,294.44
6.493,0.1082,67.6532,32.2105,2179.14,294.594
6.495,0.1083,67.6248,32.1535,2174.37,294.748
6.497,0.1083,67.5962,32.1673,2174.39,294.902
6.500,0.1083,67.5678,32.1743,2173.95,295.056
6.502,0.1084,67.5393,32.1911,2174.16,295.209
6.504,0.1084,67.5109,32.195,2173.51,295.363
6.506,0.1084,67.4824,32.2155,2173.98,295.517
6.509,0.1085,67.454,32.215,2173.03,295.671
6.511,0.1085,67.4255,32.2402,2173.81,295.825
6.513,0.1086,67.3972,32.2327,2172.39,295.978
6.516,0.1086,67.3687,32.2187,2170.53,296.132
6.518,0.1086,67.3404,32.2014,2168.45,296.286
6.520,0.1087,67.312,32.2612,2171.57,296.44
6.522,0.1087,67.2836,32.2327,2168.73,296.594
6.525,0.1087,67.2553,32.2868,2171.46,296.747
6.527,0.1088,67.227,32.2501,2168.08,296.901
6.529,0.1088,67.1988,32.3016,2170.63,297.055
6.531,0.1089,67.1705,32.2535,2166.49,297.209
6.534,0.1089,67.1424,32.2753,2167.04,297.363
6.536,0.1089,67.1142,32.2265,2162.85,297.517
6.538,0.1090,67.0862,32.2978,2166.74,297.671
6.540,0.1090,67.0581,32.1507,2155.97,297.824
6.543,0.1090,67.0301,32.239,2160.99,297.979
6.545,0.1091,67.0021,32.1714,2155.56,298.132
6.547,0.1091,66.9743,32.1743,2154.85,298.287
6.549,0.1092,66.9464,32.0726,2147.14,298.441
6.552,0.1092,66.9187,32.1435,2151,298.595
6.554,0.1092,66.8909,32.0979,2147.06,298.749
6.556,0.1093,66.8633,32.1704,2151.02,298.903
6.558,0.1093,66.8356,32.1259,2147.15,299.057
6.561,0.1093,66.8081,32.1368,2147,299.211
6.563,0.1094,66.7805,32.0894,2142.95,299.365
6.565,0.1094,66.7531,32.1674,2147.27,299.519
6.568,0.1095,66.7256,32.0389,2137.81,299.673
6.570,0.1095,66.6982,32.0427,2137.19,299.828
6.572,0.1095,66.6708,31.9736,2131.7,299.982
6.574,0.1096,66.6435,31.9914,2132.02,300.136
6.577,0.1096,66.6163,32.0096,2132.36,300.29
6.579,0.1096,66.5891,32.0277,2132.69,300.444
6.581,0.1097,66.562,32.0462,2133.06,300.599
6.583,0.1097,66.5348,32.0644,2133.4,300.753
6.586,0.1098,66.5077,32.0833,2133.78,300.907
6.588,0.1098,66.4806,32.1017,2134.14,301.061
6.590,0.1098,66.4535,32.121,2134.55,301.215
6.592,0.1099,66.4265,32.1398,2134.94,301.369
6.595,0.1099,66.3994,32.1596,2135.38,301.523
6.597,0.1099,66.3724,32.179,2135.8,301.677
6.599,0.1100,66.3454,32.1993,2136.28,301.832
6.601,0.1100,66.3184,32.2194,2136.74,301.986
6.604,0.1101,66.2914,32.2406,2137.27,302.14
6.606,0.1101,66.2645,32.2615,2137.79,302.294
6.608,0.1101,66.2375,32.3286,2141.36,302.448
6.610,0.1102,66.2106,32.3493,2141.87,302.602
6.613,0.1102,66.1837,32.3708,2142.42,302.756
6.615,0.1103,66.1569,32.3924,2142.98,302.911
6.617,0.1103,66.13,32.4146,2143.58,303.065
6.620,0.1103,66.1032,32.4368,2144.18,303.219
6.622,0.1104,66.0764,32.3762,2139.3,303.374
6.624,0.1104,66.0497,32.3265,2135.16,303.528
6.626,0.1104,66.023,32.3522,2135.99,303.682
6.629,0.1105,65.9963,32.3683,2136.19,303.837
6.631,0.1105,65.9698,32.2994,2130.78,303.991
6.633,0.1106,65.9432,32.2729,2128.18,304.145
6.635,0.1106,66.0253,32.3016,2132.72,304.3
6.638,0.1106,65.9993,32.2486,2128.38,304.454
6.640,0.1107,65.9734,32.2644,2128.59,304.609
6.642,0.1107,65.9475,32.2869,2129.24,304.763
6.644,0.1107,65.9216,32.2964,2129.03,304.917
6.647,0.1108,65.8957,32.3226,2129.92,305.072
6.649,0.1108,65.8699,32.3241,2129.19,305.226
6.651,0.1109,65.8442,32.3553,2130.41,305.38
6.653,0.1109,65.8184,32.2975,2125.77,305.535
6.656,0.1109,65.7927,32.3211,2126.5,305.689
6.658,0.1110,65.767,32.3183,2125.48,305.843
6.660,0.1110,65.7413,32.347,2126.54,305.997
6.662,0.1110,65.7156,32.3366,2125.02,306.151
6.665,0.1111,65.69,32.3484,2124.97,306.306
6.667,0.1111,65.6645,32.3595,2124.87,306.46
6.669,0.1112,65.6389,32.371,2124.8,306.615
6.672,0.1112,65.6133,32.3109,2120.02,306.769
6.674,0.1112,65.5877,32.2855,2117.53,306.923
6.676,0.1113,65.5621,32.2961,2117.4,307.078
6.678,0.1113,65.5365,32.3075,2117.32,307.232
6.681,0.1113,65.511,32.3184,2117.21,307.387
6.683,0.1114,65.4853,32.3303,2117.16,307.541
6.685,0.1114,65.4597,32.258,2111.6,307.696
6.687,0.1115,65.4341,32.2703,2111.58,307.85
6.690,0.1115,65.4085,32.2872,2111.86,308.005
6.692,0.1115,65.3829,32.2952,2111.55,308.16
6.694,0.1116,65.3573,32.3173,2112.17,308.315
6.696,0.1116,65.3316,32.2864,2109.32,308.469
6.699,0.1116,65.306,32.1559,2099.98,308.624
6.701,0.1117,65.2804,32.1552,2099.11,308.779
6.703,0.1117,65.2548,32.1875,2100.39,308.934
6.705,0.1118,65.2292,32.1842,2099.35,309.089
6.708,0.1118,65.2035,32.2178,2100.71,309.243
6.710,0.1118,65.178,32.2133,2099.6,309.398
6.712,0.1119,65.1524,32.2464,2100.93,309.553
6.714,0.1119,65.1268,32.2422,2099.83,309.708
6.717,0.1119,65.1012,32.2249,2097.88,309.863
6.719,0.1120,65.0757,32.1974,2095.27,310.018
6.721,0.1120,65.0501,32.1616,2092.11,310.172
6.724,0.1121,65.0247,32.2169,2094.9,310.327
6.726,0.1121,64.9991,32.2461,2095.97,310.482
6.728,0.1121,64.9737,32.2735,2096.93,310.637
6.730,0.1122,69.5881,32.216,2241.85,310.791
6.733,0.1122,69.5614,32.248,2243.21,310.946
6.735,0.1122,69.5345,32.1954,2238.69,311.101
6.737,0.1123,69.5078,32.1571,2235.17,311.255
6.739,0.1123,69.4809,32.1546,2234.13,311.41
6.742,0.1124,69.4542,32.1828,2235.23,311.564
6.744,0.1124,69.4274,32.1779,2234.03,311.719
6.746,0.1124,69.4008,32.2108,2235.45,311.874
6.748,0.1125,69.3741,32.2011,2233.92,312.028
6.751,0.1125,69.3476,32.2377,2235.61,312.183
6.753,0.1125,69.321,32.0082,2218.84,312.337
6.755,0.1126,69.2946,32.0221,2218.96,312.492
6.757,0.1126,69.2682,32.0368,2219.13,312.647
6.760,0.1127,69.2419,32.0503,2219.22,312.802
6.762,0.1127,69.2157,32.0653,2219.43,312.956
6.764,0.1127,69.1896,32.0534,2217.76,313.111
6.766,0.1128,69.1635,32.0667,2217.85,313.266
6.769,0.1128,69.1375,32.0831,2218.15,313.421
6.771,0.1128,69.1116,32.0941,2218.07,313.576
6.773,0.1129,69.0858,32.1115,2218.45,313.732
6.775,0.1129,69.06,32.119,2218.14,313.887
6.778,0.1130,69.0343,32.1377,2218.61,314.042
6.780,0.1130,69.0087,32.1408,2217.99,314.197
6.782,0.1130,68.983,32.1614,2218.59,314.352
6.785,0.1131,68.9575,32.1592,2217.62,314.507
6.787,0.1131,68.9319,32.1821,2218.37,314.662
6.789,0.1132,68.9065,32.1742,2217.01,314.817
6.791,0.1132,68.881,32.253,2221.62,314.973
6.794,0.1132,68.8555,32.1499,2213.7,315.128
6.796,0.1133,68.83,32.1806,2214.99,315.283
6.798,0.1133,68.8046,32.1618,2212.88,315.438
6.800,0.1133,68.7791,32.1166,2208.95,315.593
6.803,0.1134,68.7537,32.0882,2206.18,315.748
6.805,0.1134,68.7282,32.1025,2206.34,315.903
6.807,0.1135,68.7027,32.0665,2203.06,316.057
6.809,0.1135,68.6772,32.0657,2202.18,316.212
6.812,0.1135,68.6517,32.0382,2199.48,316.367
6.814,0.1136,68.6261,31.9678,2193.83,316.522
6.816,0.1136,68.6006,31.9331,2190.63,316.677
6.818,0.1136,68.575,31.9426,2190.47,316.832
6.821,0.1137,68.5494,31.908,2187.27,316.986
6.823,0.1137,68.5239,31.9588,2189.94,317.141
6.825,0.1138,68.4983,31.9204,2186.49,317.296
6.827,0.1138,68.4727,31.9731,2189.28,317.451
6.830,0.1138,68.4471,31.8713,2181.49,317.606
6.832,0.1139,68.4216,31.9266,2184.47,317.761
6.834,0.1139,68.3959,31.8854,2180.83,317.916
6.836,0.1139,68.3704,31.9412,2183.83,318.071
6.839,0.1140,68.3448,31.7725,2171.49,318.226
6.841,0.1140,68.3194,31.8071,2173.04,318.381
6.843,0.1141,68.2938,31.7885,2170.96,318.536
6.846,0.1141,68.2684,31.796,2170.67,318.691
6.848,0.1141,68.2431,31.7486,2166.62,318.847
6.850,0.1142,68.2177,31.7562,2166.34,319.002
6.852,0.1142,68.1924,31.7641,2166.07,319.157
6.855,0.1142,68.1671,31.7718,2165.79,319.313
6.857,0.1143,68.1418,31.7797,2165.53,319.468
6.859,0.1143,68.1165,31.7874,2165.24,319.623
6.861,0.1144,68.0912,31.7953,2164.98,319.779
6.864,0.1144,68.0659,31.8029,2164.69,319.934
6.866,0.1144,68.0406,31.8108,2164.42,320.089
6.868,0.1145,68.0152,31.8184,2164.14,320.245
6.870,0.1145,67.9899,31.8263,2163.86,320.4
6.873,0.1145,67.9646,31.8339,2163.58,320.555
6.875,0.1146,67.9392,31.713,2154.56,320.71
6.877,0.1146,67.9138,31.7196,2154.2,320.866
6.879,0.1147,67.8885,31.7136,2152.99,321.021
6.882,0.1147,67.8631,31.7199,2152.61,321.176
6.884,0.1147,67.8377,31.7261,2152.23,321.331
6.886,0.1148,67.8123,31.7327,2151.86,321.486
6.888,0.1148,67.7869,31.739,2151.49,321.641
6.891,0.1148,67.7615,31.7457,2151.14,321.796
6.893,0.1149,67.7361,31.7548,2150.94,321.951
6.895,0.1149,67.7108,31.7591,2150.44,322.106
6.897,0.1150,67.6855,31.6247,2140.53,322.261
6.900,0.1150,67.6602,31.6328,2140.28,322.416
6.902,0.1150,67.6349,31.6408,2140.02,322.572
6.904,0.1151,67.6097,31.6488,2139.77,322.727
6.907,0.1151,67.5845,31.6152,2136.7,322.882
6.909,0.1151,67.5594,31.588,2134.07,323.037
6.911,0.1152,67.5343,31.6047,2134.4,323.192
6.913,0.1152,67.5093,31.4647,2124.16,323.347
6.916,0.1153,67.4843,31.4778,2124.26,323.503
6.918,0.1153,67.4594,31.483,2123.82,323.658
6.920,0.1153,67.4346,31.477,2122.64,323.813
6.922,0.1154,67.4098,31.4847,2122.38,323.969
6.925,0.1154,67.385,31.4983,2122.52,324.124
6.927,0.1154,67.3603,31.5057,2122.23,324.279
6.929,0.1155,67.3357,31.3825,2113.16,324.435
6.931,0.1155,67.3111,31.4174,2114.74,324.59
6.934,0.1156,67.2866,31.4289,2114.74,324.745
6.936,0.1156,67.2621,31.441,2114.79,324.901
6.938,0.1156,67.2376,31.4537,2114.87,325.056
6.940,0.1157,67.2131,31.4663,2114.95,325.212
6.943,0.1157,67.1887,31.4795,2115.07,325.367
6.945,0.1157,67.1643,31.4925,2115.17,325.523
6.947,0.1158,67.1399,31.506,2115.31,325.678
6.949,0.1158,67.1155,31.5194,2115.44,325.833
6.952,0.1159,67.0911,31.5332,2115.6,325.988
6.954,0.1159,67.0667,31.4937,2112.18,326.144
6.956,0.1159,67.0424,31.5071,2112.31,326.299
6.958,0.1160,67.018,31.5202,2112.42,326.454
6.961,0.1160,66.9936,31.5341,2112.58,326.609
6.963,0.1160,66.9692,31.5468,2112.66,326.764
6.965,0.1161,66.9447,31.5538,2112.36,326.92
6.968,0.1161,66.9203,31.4716,2106.09,327.075
6.970,0.1162,66.8958,31.5098,2107.87,327.23
6.972,0.1162,66.8714,31.5118,2107.24,327.385
6.974,0.1162,66.8469,31.5239,2107.27,327.54
6.977,0.1163,66.8224,31.5361,2107.32,327.696
6.979,0.1163,66.7978,31.5477,2107.31,327.851
6.981,0.1164,66.7733,31.3812,2095.43,328.006
6.983,0.1164,66.7487,31.3883,2095.12,328.162
6.986,0.1164,66.7241,31.4063,2095.56,328.317
6.988,0.1165,66.6995,31.3478,2090.88,328.473
6.990,0.1165,66.6749,31.369,2091.52,328.628
6.992,0.1165,66.6502,31.3717,2090.93,328.783
6.995,0.1166,66.6257,31.3948,2091.7,328.939
6.997,0.1166,66.601,31.396,2091,329.094
6.999,0.1167,66.5764,31.4212,2091.91,329.25
7.001,0.1167,66.5518,31.4208,2091.11,329.406
7.004,0.1167,66.5273,31.4485,2092.18,329.561
7.006,0.1168,66.5027,31.3731,2086.4,329.717
7.008,0.1168,66.4782,31.4077,2087.93,329.872
7.010,0.1168,66.4537,31.3999,2086.64,330.028
7.013,0.1169,66.4292,31.4377,2088.38,330.183
7.015,0.1169,66.4972,31.4203,2089.36,330.339
7.017,0.1170,66.4725,31.4089,2087.83,330.494
7.019,0.1170,66.4477,31.4139,2087.38,330.65
7.022,0.1170,66.4231,31.4143,2086.63,330.805
7.024,0.1171,66.3984,31.4074,2085.4,330.96
7.026,0.1171,66.3738,31.5032,2090.99,331.116
7.028,0.1171,66.3493,31.519,2091.26,331.271
7.031,0.1172,66.3248,31.5347,2091.53,331.427
7.033,0.1172,66.3003,31.5251,2090.12,331.582
7.035,0.1173,66.2758,31.4608,2085.09,331.738
7.038,0.1173,66.2514,31.4804,2085.62,331.893
7.040,0.1173,66.2271,31.4887,2085.4,332.049
7.042,0.1174,66.2027,31.5097,2086.03,332.204
7.044,0.1174,66.1784,31.5157,2085.66,332.36
7.047,0.1174,66.1541,31.5378,2086.36,332.515
7.049,0.1175,66.1299,31.5417,2085.85,332.671
7.051,0.1175,66.1057,31.5648,2086.61,332.826
7.053,0.1176,66.0814,31.5803,2086.87,332.982
7.056,0.1176,66.0572,31.6011,2087.48,333.137
7.058,0.1176,66.0331,31.6044,2086.93,333.293
7.060,0.1177,66.0089,31.6252,2087.54,333.449
7.062,0.1177,65.9847,31.6279,2086.96,333.604
7.065,0.1177,65.9606,31.6483,2087.54,333.76
7.067,0.1178,65.9365,31.6509,2086.95,333.916
7.069,0.1178,65.9124,31.6707,2087.49,334.072
7.071,0.1179,65.8882,31.6739,2086.93,334.227
7.074,0.1179,70.1021,31.6533,2218.96,334.383
7.076,0.1179,70.077,31.608,2215,334.539
7.078,0.1180,70.0521,31.6152,2214.72,334.695
7.080,0.1180,70.0271,31.6311,2215.03,334.851
7.083,0.1180,70.0022,31.6358,2214.58,335.006
7.085,0.1181,69.9772,31.6545,2215.09,335.162
7.087,0.1181,69.9524,31.63,2212.59,335.318
7.089,0.1182,69.9274,31.6449,2212.85,335.474
7.092,0.1182,69.9026,31.5273,2203.84,335.629
7.094,0.1182,69.8776,31.5449,2204.28,335.785
7.096,0.1183,69.8529,31.5094,2201.02,335.94
7.098,0.1183,69.8279,31.3593,2189.75,336.096
7.101,0.1183,69.8032,31.3705,2189.76,336.252
7.103,0.1184,69.7783,31.3167,2185.22,336.407
7.105,0.1184,69.7536,31.3237,2184.94,336.563
7.108,0.1185,69.7287,31.3376,2185.13,336.718
7.110,0.1185,69.7041,31.3155,2182.82,336.874
7.112,0.1185,69.6792,31.304,2181.24,337.03
7.114,0.1186,69.6546,31.3169,2181.37,337.185
7.117,0.1186,69.6298,31.2042,2172.74,337.341
7.119,0.1186,69.605,31.2134,2172.61,337.497
7.121,0.1187,69.5803,31.2226,2172.47,337.652
7.123,0.1187,69.5555,31.2318,2172.34,337.808
7.126,0.1188,69.5308,31.1853,2168.34,337.964
7.128,0.1188,69.5061,31.1946,2168.21,338.12
7.130,0.1188,69.4813,31.2039,2168.09,338.276
7.132,0.1189,69.4566,31.213,2167.95,338.432
7.135,0.1189,69.4318,31.2222,2167.82,338.588
7.137,0.1189,69.4071,31.1702,2163.43,338.744
7.139,0.1190,69.3823,31.179,2163.27,338.9
7.141,0.1190,69.3576,31.1874,2163.08,339.056
7.144,0.1191,69.3328,31.1959,2162.9,339.212
7.146,0.1191,69.308,31.2039,2162.68,339.368
7.148,0.1191,69.2832,31.212,2162.47,339.524
7.150,0.1192,69.2584,31.2196,2162.22,339.68
7.153,0.1192,69.2336,31.26,2164.24,339.836
7.155,0.1192,69.2087,31.2674,2163.98,339.991
7.157,0.1193,69.1839,31.2857,2164.47,340.147
7.159,0.1193,69.1591,31.2933,2164.22,340.303
7.162,0.1194,69.1343,31.3008,2163.96,340.459
7.164,0.1194,69.1095,31.308,2163.68,340.615
7.166,0.1194,69.0848,31.3154,2163.42,340.771
7.168,0.1195,69.06,31.3224,2163.13,340.927
7.171,0.1195,69.0353,31.33,2162.88,341.082
7.173,0.1195,69.0106,31.2432,2156.11,341.238
7.175,0.1196,68.986,31.2515,2155.92,341.394
7.177,0.1196,68.9614,31.2581,2155.6,341.55
7.180,0.1197,68.9368,31.2705,2155.69,341.705
7.182,0.1197,68.9123,31.2768,2155.35,341.861
7.184,0.1197,68.8879,31.2872,2155.31,342.017
7.187,0.1198,68.8635,31.228,2150.47,342.172
7.189,0.1198,68.8392,31.2402,2150.55,342.328
7.191,0.1199,68.815,31.2447,2150.1,342.484
7.193,0.1199,68.7908,31.2305,2148.37,342.64
7.196,0.1199,68.7667,31.2331,2147.8,342.796
7.198,0.1200,68.7426,31.1998,2144.75,342.952
7.200,0.1200,68.7187,31.1275,2139.04,343.107
7.202,0.1200,68.6948,31.07,2134.35,343.263
7.205,0.1201,68.671,31.0633,2133.15,343.419
7.207,0.1201,68.6472,31.0727,2133.05,343.575
7.209,0.1202,68.6234,31.0818,2132.94,343.732
7.211,0.1202,68.5997,31.0906,2132.8,343.888
7.214,0.1202,68.576,31.0991,2132.65,344.044
7.216,0.1203,68.5523,31.0288,2127.1,344.2
7.218,0.1203,68.5288,31.018,2125.63,344.356
7.220,0.1203,68.5052,31.0775,2128.97,344.513
7.223,0.1204,68.4817,31.0859,2128.81,344.669
7.225,0.1204,68.4582,31.0934,2128.6,344.825
7.227,0.1205,68.4347,31.1009,2128.38,344.981
7.229,0.1205,68.4112,31.1076,2128.11,345.138
7.232,0.1205,68.3878,31.1118,2127.67,345.294
7.234,0.1206,68.3643,31.1205,2127.53,345.45
7.236,0.1206,68.3408,31.1217,2126.88,345.606
7.238,0.1206,68.3173,31.1329,2126.92,345.762
7.241,0.1207,68.2938,31.0717,2122.01,345.918
7.243,0.1207,68.2703,31.0914,2122.62,346.074
7.245,0.1208,68.2468,31.0878,2121.64,346.23
7.247,0.1208,68.2232,31.1038,2122,346.387
7.250,0.1208,68.1996,31.097,2120.8,346.543
7.252,0.1209,68.176,31.1172,2121.45,346.699
7.254,0.1209,68.1523,31.1069,2120.01,346.855
7.257,0.1209,68.1286,31.1323,2121,347.011
7.259,0.1210,68.1049,31.1181,2119.29,347.167
7.261,0.1210,68.0811,31.012,2111.33,347.323
7.263,0.1211,68.0573,30.9639,2107.32,347.479
7.266,0.1211,68.0335,30.9629,2106.51,347.635
7.268,0.1211,68.0096,30.8935,2101.05,347.791
7.270,0.1212,67.9857,30.8863,2099.83,347.947
7.272,0.1212,67.9618,30.9087,2100.61,348.103
7.275,0.1212,67.9378,30.9034,2099.51,348.259
7.277,0.1213,67.9139,30.9252,2100.25,348.416
7.279,0.1213,67.8898,30.8515,2094.51,348.572
7.281,0.1214,67.8659,30.8697,2095,348.728
7.284,0.1214,67.8418,30.787,2088.64,348.885
7.286,0.1214,67.8179,30.6533,2078.84,349.041
7.288,0.1215,67.7938,30.6876,2080.43,349.198
7.290,0.1215,67.7699,30.671,2078.57,349.354
7.293,0.1215,67.7458,30.6728,2077.96,349.51
7.295,0.1216,67.722,30.6618,2076.48,349.667
7.297,0.1216,67.698,30.6694,2076.26,349.823
7.299,0.1217,67.6741,30.6764,2075.99,349.98
7.302,0.1217,67.6502,30.6844,2075.8,350.137
7.304,0.1217,67.6263,30.6426,2072.24,350.293
7.306,0.1218,67.6025,30.6491,2071.96,350.45
7.308,0.1218,67.5788,30.6563,2071.71,350.606
7.311,0.1218,67.5551,30.6625,2071.41,350.763
7.313,0.1219,67.5315,30.6697,2071.17,350.919
7.315,0.1219,67.5079,30.7288,2074.44,351.076
7.317,0.1220,67.4844,30.7356,2074.17,351.232
7.320,0.1220,67.4609,30.7393,2073.7,351.389
7.322,0.1220,67.4376,30.7453,2073.39,351.545
7.324,0.1221,67.4142,30.7543,2073.28,351.701
7.326,0.1221,67.3909,30.7598,2072.93,351.858
7.329,0.1221,67.3676,30.7178,2069.39,352.014
7.331,0.1222,67.3445,30.7253,2069.18,352.17
7.333,0.1222,67.3213,30.7322,2068.93,352.327
7.335,0.1223,67.2982,30.7397,2068.72,352.483
7.338,0.1223,67.275,30.7694,2070.01,352.64
7.340,0.1223,67.252,30.7728,2069.53,352.796
7.342,0.1224,67.2289,30.7843,2069.6,352.953
7.345,0.1224,67.2059,30.7875,2069.11,353.109
7.347,0.1224,67.1828,30.7992,2069.18,353.266
7.349,0.1225,67.1598,30.7473,2064.98,353.422
7.351,0.1225,67.1368,30.7622,2065.28,353.579
7.354,0.1226,67.1138,30.7617,2064.54,353.735
7.356,0.1226,67.0907,30.7771,2064.85,353.892
7.358,0.1226,67.0676,30.7766,2064.11,354.049
7.360,0.1227,67.0446,30.7923,2064.45,354.206
7.363,0.1227,67.0215,30.792,2063.73,354.363
7.365,0.1227,66.9984,30.808,2064.09,354.52
7.367,0.1228,66.9753,30.8061,2063.25,354.676
7.369,0.1228,66.9522,30.8248,2063.79,354.833
7.372,0.1229,66.929,30.8213,2062.84,354.99
7.374,0.1229,66.906,30.8429,2063.57,355.147
7.376,0.1229,66.8828,30.8379,2062.52,355.304
7.378,0.1230,66.8597,30.813,2060.15,355.461
7.381,0.1230,66.8364,30.8075,2059.06,355.617
7.383,0.1230,66.8134,30.8345,2060.16,355.774
7.385,0.1231,66.7901,30.7178,2051.64,355.931
7.387,0.1231,66.767,30.6887,2048.99,356.088
7.390,0.1232,66.7439,30.7012,2049.12,356.245
7.392,0.1232,66.7208,30.6408,2044.38,356.402
7.394,0.1232,66.6977,30.6492,2044.23,356.559
7.396,0.1233,66.6746,30.6827,2045.76,356.715
7.399,0.1233,66.6514,30.6664,2043.96,356.872
7.401,0.1233,66.6281,30.6788,2044.07,357.029
7.403,0.1234,66.6049,30.6531,2041.64,357.186
7.405,0.1234,66.5816,30.6671,2041.87,357.343
7.408,0.1235,66.5582,30.6816,2042.11,357.5
7.410,0.1235,70.4135,30.6721,2159.73,357.657
7.412,0.1235,70.3888,30.6868,2160.01,357.814
7.414,0.1236,70.3641,30.7017,2160.3,357.971
7.417,0.1236,70.3395,30.6941,2159,358.128
7.419,0.1236,70.3149,30.6387,2154.36,358.285
7.421,0.1237,70.2902,30.6535,2154.64,358.442
7.423,0.1237,70.2656,30.6685,2154.94,358.599
7.426,0.1238,70.241,30.6023,2149.53,358.756
7.428,0.1238,70.2164,30.5474,2144.93,358.913
7.430,0.1238,70.1918,30.5606,2145.1,359.07
7.432,0.1239,70.1672,30.5134,2141.04,359.227
7.435,0.1239,70.1427,30.531,2141.53,359.385
7.437,0.1240,70.1182,30.5388,2141.32,359.542
7.439,0.1240,70.0938,30.5608,2142.12,359.699
7.442,0.1240,70.0694,30.5638,2141.58,359.856
7.444,0.1241,70.045,30.5624,2140.74,360.014
7.446,0.1241,70.0207,30.5668,2140.31,360.171
7.448,0.1241,69.9965,30.5912,2141.27,360.328
7.451,0.1242,69.9723,30.5942,2140.75,360.485
7.453,0.1242,69.9482,30.6194,2141.77,360.642
7.455,0.1243,69.9241,30.6222,2141.23,360.8
7.457,0.1243,69.9002,30.6474,2142.26,360.957
7.460,0.1243,69.8763,30.6512,2141.79,361.114
7.462,0.1244,69.8525,30.6752,2142.74,361.271
7.464,0.1244,69.8287,30.6813,2142.44,361.428
7.466,0.1244,69.8051,30.7033,2143.25,361.585
7.469,0.1245,69.7815,30.7128,2143.18,361.742
7.471,0.1245,69.7581,30.7318,2143.79,361.899
7.473,0.1246,69.7346,30.7456,2144.03,362.057
7.475,0.1246,69.7114,30.761,2144.39,362.213
7.478,0.1246,69.688,30.778,2144.86,362.371
7.480,0.1247,69.6647,30.7955,2145.36,362.528
7.482,0.1247,69.6416,30.6871,2137.1,362.685
7.484,0.1247,69.6185,30.7053,2137.65,362.843
7.487,0.1248,69.5954,30.6513,2133.19,363
7.489,0.1248,69.5725,30.6676,2133.62,363.157
7.491,0.1249,69.5496,30.6972,2134.98,363.315
7.493,0.1249,69.5268,30.692,2133.91,363.472
7.496,0.1249,69.5041,30.7078,2134.31,363.63
7.498,0.1250,69.4814,30.6987,2132.99,363.787
7.500,0.1250,69.4587,30.7136,2133.33,363.944
7.502,0.1250,69.4361,30.7158,2132.79,364.102
7.505,0.1251,69.4134,30.7252,2132.74,364.259
7.507,0.1251,69.3908,30.7491,2133.71,364.417
7.509,0.1252,69.3682,30.7532,2133.3,364.574
7.511,0.1252,69.3456,30.7807,2134.51,364.732
7.514,0.1252,69.323,30.7716,2133.18,364.889
7.516,0.1253,69.3004,30.7944,2134.06,365.047
7.518,0.1253,69.2777,30.7528,2130.49,365.205
7.520,0.1253,69.255,30.7161,2127.25,365.362
7.523,0.1254,69.2323,30.7166,2126.58,365.52
7.525,0.1254,69.2096,30.7407,2127.55,365.677
7.527,0.1255,69.1867,30.7419,2126.93,365.835
7.529,0.1255,69.164,30.7641,2127.77,365.992
7.532,0.1255,69.141,30.7674,2127.29,366.15
7.534,0.1256,69.1182,30.7078,2122.47,366.308
7.536,0.1256,69.0951,30.7161,2122.33,366.465
7.538,0.1256,69.0722,30.7301,2122.6,366.623
7.541,0.1257,69.0491,30.7434,2122.8,366.781
7.543,0.1257,69.0262,30.6944,2118.72,366.938
7.545,0.1258,69.003,30.7228,2119.96,367.096
7.547,0.1258,68.9801,30.7158,2118.78,367.254
7.550,0.1258,68.9569,30.7518,2120.55,367.411
7.552,0.1259,68.934,30.697,2116.06,367.569
7.554,0.1259,68.9107,30.7417,2118.43,367.727
7.556,0.1259,68.8879,30.6607,2112.15,367.885
7.559,0.1260,68.8647,30.6767,2112.54,368.043
7.561,0.1260,68.842,30.6664,2111.14,368.2
7.563,0.1261,68.8189,30.7377,2115.33,368.358
7.565,0.1261,68.7962,30.6941,2111.64,368.516
7.568,0.1261,68.7732,30.6863,2110.39,368.674
7.570,0.1262,68.7503,30.7036,2110.88,368.832
7.572,0.1262,68.7274,30.7212,2111.39,368.99
7.575,0.1262,68.7047,30.6841,2108.14,369.149
7.577,0.1263,68.682,30.7036,2108.78,369.307
7.579,0.1263,68.6594,30.7184,2109.11,369.465
7.581,0.1264,68.6368,30.7396,2109.87,369.623
7.584,0.1264,68.6144,30.7521,2110.03,369.782
7.586,0.1264,68.592,30.7753,2110.94,369.94
7.588,0.1265,68.5697,30.7843,2110.87,370.098
7.590,0.1265,68.5475,30.8101,2111.96,370.256
7.593,0.1265,68.5254,30.758,2107.7,370.415
7.595,0.1266,68.5033,30.7634,2107.39,370.573
7.597,0.1266,68.4814,30.7644,2106.79,370.731
7.599,0.1267,68.4594,30.7954,2108.23,370.889
7.602,0.1267,68.4376,30.7896,2107.17,371.048
7.604,0.1267,68.4158,30.8412,2110.02,371.206
7.606,0.1268,68.3941,30.8338,2108.85,371.364
7.608,0.1268,68.3723,30.8669,2110.44,371.522
7.611,0.1268,68.3507,30.7754,2103.52,371.681
7.613,0.1269,68.329,30.8172,2105.71,371.839
7.615,0.1269,68.3075,30.7911,2103.26,371.997
7.617,0.1270,68.2858,30.8378,2105.78,372.156
7.620,0.1270,68.2643,30.7945,2102.16,372.314
7.622,0.1270,68.2426,30.7665,2099.59,372.472
7.624,0.1271,68.2212,30.7312,2096.52,372.631
7.626,0.1271,68.1996,30.7824,2099.35,372.789
7.629,0.1271,68.1782,30.7428,2095.99,372.947
7.631,0.1272,68.3687,30.7871,2104.88,373.106
7.633,0.1272,68.3459,30.7451,2101.3,373.264
7.635,0.1273,68.3231,30.8017,2104.47,373.423
7.638,0.1273,68.3003,30.7614,2101.02,373.582
7.640,0.1273,68.2775,30.8164,2104.07,373.74
7.642,0.1274,68.2547,30.7788,2100.8,373.899
7.644,0.1274,68.232,30.7411,2097.53,374.058
7.647,0.1274,68.2093,30.6585,2091.19,374.216
7.649,0.1275,68.1866,30.7098,2093.99,374.375
7.651,0.1275,68.1639,30.6762,2091.01,374.533
7.653,0.1276,68.1413,30.7273,2093.8,374.692
7.656,0.1276,68.1186,30.6952,2090.92,374.851
7.658,0.1276,68.096,30.7047,2090.87,375.009
7.660,0.1277,68.0734,30.7147,2090.86,375.168
7.662,0.1277,68.0507,30.7575,2093.07,375.327
7.665,0.1277,68.0281,30.7661,2092.96,375.486
7.667,0.1278,68.0055,30.7763,2092.96,375.645
7.669,0.1278,67.9829,30.787,2092.99,375.804
7.671,0.1279,67.9602,30.7977,2093.02,375.963
7.674,0.1279,67.9375,30.7417,2088.51,376.122
7.676,0.1279,67.9149,30.753,2088.59,376.281
7.678,0.1280,67.8922,30.7646,2088.68,376.439
7.680,0.1280,67.8695,30.747,2086.78,376.598
7.683,0.1280,67.8467,30.7249,2084.59,376.757
7.685,0.1281,67.824,30.7367,2084.69,376.916
7.687,0.1281,67.8012,30.7481,2084.76,377.075
7.689,0.1282,67.7785,30.7473,2084.01,377.234
7.692,0.1282,67.7557,30.7577,2084.01,377.393
7.694,0.1282,67.7329,30.7679,2084,377.552
7.696,0.1283,67.7101,30.7775,2083.95,377.711
7.698,0.1283,67.6873,30.7869,2083.88,377.87
7.701,0.1283,67.6645,30.729,2079.26,378.029
7.703,0.1284,67.6418,30.7391,2079.25,378.188
7.705,0.1284,67.619,30.6802,2074.57,378.347
7.707,0.1285,67.5963,30.5633,2065.96,378.507
7.710,0.1285,67.5736,30.5651,2065.4,378.666
7.712,0.1285,67.5509,30.58,2065.71,378.825
7.714,0.1286,67.5283,30.5763,2064.77,378.984
7.716,0.1286,67.5058,30.5954,2065.36,379.143
7.719,0.1286,67.4832,30.5959,2064.71,379.302
7.721,0.1287,67.4608,30.6222,2065.8,379.462
7.723,0.1287,67.4383,30.6022,2063.76,379.621
7.725,0.1288,67.416,30.6363,2065.38,379.78
7.728,0.1288,67.3937,30.6061,2062.66,379.939
7.730,0.1288,67.3715,30.6498,2064.92,380.098
7.732,0.1289,67.3493,30.608,2061.43,380.257
7.734,0.1289,67.3273,30.6628,2064.44,380.417
7.737,0.1289,67.3051,30.6086,2060.11,380.576
7.739,0.1290,67.2832,30.6756,2063.95,380.735
7.741,0.1290,67.2612,30.6084,2058.76,380.894
7.743,0.1291,67.2395,30.6882,2063.46,381.053
7.746,0.1291,67.2176,30.5462,2053.24,381.212
7.748,0.1291,71.2914,30.4803,2172.98,381.372
7.750,0.1292,71.2691,30.4872,2172.79,381.531
7.752,0.1292,71.2468,30.4941,2172.61,381.69
7.755,0.1292,71.2245,30.5013,2172.44,381.85
7.757,0.1293,71.2022,30.5086,2172.28,382.009
7.759,0.1293,71.1799,30.516,2172.13,382.169
7.761,0.1294,71.1577,30.5235,2171.98,382.328
7.764,0.1294,71.1354,30.5309,2171.83,382.488
7.766,0.1294,71.1131,30.5085,2169.56,382.647
7.768,0.1295,71.0908,30.5158,2169.4,382.807
7.770,0.1295,71.0685,30.5232,2169.24,382.966
7.773,0.1295,71.0461,30.5254,2168.71,383.126
7.775,0.1296,71.0236,30.5,2166.22,383.286
7.777,0.1296,71.0012,30.4988,2165.45,383.445
7.779,0.1297,70.9786,30.4997,2164.83,383.605
7.782,0.1297,70.956,30.4832,2162.97,383.765
7.784,0.1297,70.9334,30.4951,2163.12,383.924
7.786,0.1298,70.9107,30.4461,2158.95,384.084
7.788,0.1298,70.8879,30.4782,2160.54,384.244
7.791,0.1298,70.8651,30.4522,2157.99,384.404
7.793,0.1299,70.8422,30.4923,2160.14,384.563
7.795,0.1299,70.8192,30.4094,2153.57,384.723
7.797,0.1300,70.7962,30.323,2146.75,384.883
7.800,0.1300,70.7732,30.2668,2142.08,385.043
7.802,0.1300,70.7501,30.3167,2144.91,385.202
7.804,0.1301,70.7269,30.2759,2141.32,385.362
7.806,0.1301,70.7038,30.3354,2144.83,385.522
7.809,0.1301,70.6806,30.2855,2140.6,385.681
7.811,0.1302,70.6574,30.3555,2144.84,385.841
7.813,0.1302,70.6342,30.2962,2139.95,386.001
7.815,0.1303,70.6111,30.3769,2144.94,386.161
7.818,0.1303,70.5878,30.308,2139.38,386.32
7.820,0.1303,70.5647,30.3995,2145.13,386.48
7.822,0.1304,70.5416,30.3211,2138.9,386.64
7.824,0.1304,70.5185,30.4228,2145.37,386.8
7.827,0.1304,70.4954,30.3354,2138.51,386.959
7.829,0.1305,70.4725,30.4464,2145.64,387.119
7.831,0.1305,70.4495,30.3506,2138.18,387.279
7.833,0.1306,70.4266,30.4698,2145.88,387.439
7.836,0.1306,70.4038,30.3663,2137.9,387.599
7.838,0.1306,70.3811,30.3914,2138.98,387.759
7.840,0.1307,70.3584,30.4195,2140.27,387.92
7.842,0.1307,70.3359,30.4299,2140.32,388.08
7.845,0.1307,70.3134,30.4404,2140.37,388.24
7.847,0.1308,70.291,30.4504,2140.39,388.401
7.849,0.1308,70.2686,30.46,2140.38,388.561
7.851,0.1309,70.2463,30.4369,2138.08,388.721
7.854,0.1309,70.2241,30.446,2138.04,388.882
7.856,0.1309,70.202,30.4544,2137.96,389.042
7.858,0.1310,70.1799,30.3795,2132.03,389.203
7.860,0.1310,70.1578,30.3141,2126.77,389.363
7.863,0.1310,70.1358,30.2404,2120.94,389.523
7.865,0.1311,70.1139,30.2283,2119.42,389.684
7.867,0.1311,70.0919,30.1933,2116.31,389.844
7.869,0.1312,70.07,30.1824,2114.88,390.005
7.872,0.1312,70.0481,30.2025,2115.63,390.165
7.874,0.1312,70.0262,30.1396,2110.56,390.325
7.876,0.1313,70.0044,30.154,2110.91,390.486
7.878,0.1313,69.9825,30.1176,2107.7,390.646
7.881,0.1313,69.9606,30.1216,2107.33,390.806
7.883,0.1314,69.9387,30.1281,2107.12,390.967
7.885,0.1314,69.9169,30.055,2101.35,391.127
7.887,0.1315,69.8949,30.069,2101.67,391.287
7.890,0.1315,69.873,30.0613,2100.48,391.447
7.892,0.1315,69.8511,29.9816,2094.25,391.608
7.894,0.1316,69.8291,29.917,2089.08,391.768
7.896,0.1316,69.8071,29.921,2088.7,391.928
7.899,0.1316,69.7851,29.9264,2088.42,392.089
7.901,0.1317,69.7631,29.9339,2088.28,392.249
7.903,0.1317,69.741,29.938,2087.91,392.409
7.905,0.1318,69.719,29.9482,2087.96,392.57
7.908,0.1318,69.6969,29.9507,2087.47,392.73
7.910,0.1318,69.6748,29.9639,2087.73,392.891
7.912,0.1319,69.6526,29.9664,2087.24,393.052
7.914,0.1319,69.6305,29.9812,2087.61,393.212
7.917,0.1319,69.6083,30.0006,2088.29,393.373
7.919,0.1320,69.5862,30.0198,2088.97,393.534
7.921,0.1320,69.564,30.0224,2088.48,393.694
7.923,0.1321,69.5419,30.0622,2090.58,393.855
7.926,0.1321,69.5196,30.0679,2090.31,394.016
7.928,0.1321,69.4975,30.0787,2090.39,394.177
7.930,0.1322,69.4754,30.0909,2090.57,394.338
7.932,0.1322,69.4533,30.1031,2090.76,394.499
7.935,0.1322,69.4312,30.1167,2091.04,394.66
7.937,0.1323,69.4091,30.1304,2091.33,394.821
7.939,0.1323,69.387,30.1453,2091.7,394.981
7.941,0.1324,69.3649,30.1379,2090.52,395.142
7.944,0.1324,69.3428,30.1086,2087.82,395.303
7.946,0.1324,69.3207,30.123,2088.14,395.464
7.948,0.1325,69.2986,30.1379,2088.51,395.625
7.950,0.1325,69.2765,30.153,2088.89,395.786
7.953,0.1325,69.2544,30.1685,2089.3,395.946
7.955,0.1326,69.2323,30.1584,2087.94,396.107
7.957,0.1326,69.2102,30.1739,2088.34,396.268
7.959,0.1327,69.1881,30.1894,2088.74,396.428
7.962,0.1327,69.166,30.2047,2089.14,396.589
7.964,0.1327,69.144,30.2199,2089.52,396.75
7.966,0.1328,69.1219,30.2348,2089.89,396.91
7.968,0.1328,69.0999,30.2079,2087.37,397.071
7.971,0.1328,69.0779,30.2225,2087.71,397.232
7.973,0.1329,69.056,30.1867,2084.57,397.393
7.975,0.1329,69.034,30.2016,2084.94,397.554
7.977,0.1330,69.0121,30.2126,2085.04,397.714
7.980,0.1330,68.9902,30.1597,2080.72,397.875
7.982,0.1330,68.9684,30.167,2080.57,398.036
7.984,0.1331,68.9466,30.1541,2079.02,398.197
7.986,0.1331,68.9248,30.1609,2078.84,398.358
7.989,0.1331,68.903,30.1751,2079.16,398.519
7.991,0.1332,68.8813,30.152,2076.91,398.68
7.993,0.1332,68.8716,30.154,2076.75,398.841
7.995,0.1333,68.85,30.1528,2076.02,399.003
7.998,0.1333,68.8284,30.1697,2076.53,399.164
8.000,0.1333,68.8068,30.1668,2075.68,399.325
8.002,0.1334,68.7853,30.1835,2076.18,399.486
8.004,0.1334,68.7638,30.1795,2075.25,399.647
8.007,0.1334,68.7423,30.1959,2075.74,399.808
8.009,0.1335,68.7209,30.1914,2074.78,399.97
8.011,0.1335,68.6995,30.2075,2075.24,400.131
8.013,0.1336,68.6781,30.203,2074.28,400.292
8.016,0.1336,68.6568,30.2186,2074.72,400.453
8.018,0.1336,68.6356,30.2245,2074.48,400.614
8.020,0.1337,68.6143,30.2305,2074.24,400.775
8.022,0.1337,68.5931,30.2366,2074.02,400.936
8.025,0.1337,68.572,30.1305,2066.11,401.097
8.027,0.1338,68.5508,30.1358,2065.84,401.258
8.029,0.1338,68.5297,30.1412,2065.57,401.419
8.031,0.1339,68.5086,30.1473,2065.35,401.58
8.034,0.1339,68.4875,30.1534,2065.13,401.741
8.036,0.1339,68.4664,30.1603,2064.97,401.902
8.038,0.1340,68.4454,30.1671,2064.8,402.063
8.040,0.1340,68.4243,30.1916,2065.84,402.224
8.043,0.1340,68.4033,30.1996,2065.75,402.385
8.045,0.1341,68.3822,30.2012,2065.23,402.546
8.047,0.1341,68.3611,30.0696,2055.59,402.707
8.049,0.1342,68.3401,30.0709,2055.05,402.869
8.052,0.1342,68.319,30.0894,2055.68,403.03
8.054,0.1342,68.2979,30.0581,2052.91,403.191
8.056,0.1343,68.2767,30.0748,2053.41,403.352
8.058,0.1343,68.2556,30.0253,2049.39,403.513
8.061,0.1343,68.2343,30.0235,2048.64,403.675
8.063,0.1344,68.2131,30.0129,2047.28,403.836
8.065,0.1344,68.1918,30.0416,2048.59,403.997
8.067,0.1345,68.1706,30.0336,2047.41,404.159
8.070,0.1345,68.1492,30.045,2047.54,404.32
8.072,0.1345,68.1278,29.9896,2043.12,404.482
8.074,0.1346,68.1064,30.0339,2045.5,404.643
8.076,0.1346,68.0849,30.0745,2047.62,404.805
8.079,0.1346,68.0634,30.064,2046.26,404.966
8.081,0.1347,68.0419,30.0514,2044.75,405.128
8.083,0.1347,68.0202,30.0771,2045.85,405.289
8.085,0.1348,67.9987,30.0645,2044.35,405.45
8.087,0.1348,67.977,30.0888,2045.35,405.612
8.090,0.1348,67.9554,30.076,2043.82,405.773
8.092,0.1349,71.6216,30.0786,2154.28,405.935
8.094,0.1349,71.599,30.0659,2152.69,406.096
8.096,0.1349,71.5763,30.0342,2149.74,406.257
8.099,0.1350,71.5536,30.0211,2148.12,406.419
8.101,0.1350,71.531,30.0417,2148.91,406.58
8.103,0.1351,71.5084,30.0271,2147.19,406.741
8.105,0.1351,71.4858,29.975,2142.78,406.902
8.108,0.1351,71.4633,29.9765,2142.22,407.064
8.110,0.1352,71.4409,29.983,2142.01,407.225
8.112,0.1352,71.4185,29.9778,2140.97,407.386
8.114,0.1352,71.3962,29.9971,2141.68,407.548
8.117,0.1353,71.3739,29.9869,2140.28,407.709
8.119,0.1353,71.3517,30.002,2140.69,407.871
8.121,0.1354,71.3296,29.9867,2138.94,408.032
8.123,0.1354,71.3076,30.0054,2139.61,408.194
8.126,0.1354,71.2856,30.0107,2139.33,408.355
8.128,0.1355,71.2637,30.0277,2139.89,408.517
8.130,0.1355,71.2419,30.0107,2138.02,408.678
8.132,0.1355,71.2201,30.0288,2138.65,408.84
8.135,0.1356,71.1983,29.9584,2132.99,409.002
8.137,0.1356,71.1767,29.9787,2133.79,409.163
8.139,0.1357,71.155,29.8944,2127.14,409.325
8.141,0.1357,71.1334,29.9145,2127.92,409.487
8.144,0.1357,71.1117,29.895,2125.88,409.648
8.146,0.1358,71.0902,29.9144,2126.62,409.81
8.148,0.1358,71.0686,29.7069,2111.23,409.972
8.150,0.1358,71.047,29.6679,2107.81,410.133
8.153,0.1359,71.0253,29.6445,2105.51,410.295
8.155,0.1359,71.0038,29.6535,2105.51,410.457
8.157,0.1360,70.9821,29.5682,2098.81,410.618
8.159,0.1360,70.9604,29.5722,2098.46,410.78
8.162,0.1360,70.9387,29.5777,2098.2,410.942
8.164,0.1361,70.9169,29.5812,2097.8,411.103
8.166,0.1361,70.8951,29.5894,2097.74,411.265
8.168,0.1361,70.8732,29.5925,2097.32,411.426
8.171,0.1362,70.8513,29.6034,2097.44,411.588
8.173,0.1362,70.8294,29.6063,2096.99,411.75
8.175,0.1363,70.8073,29.5766,2094.24,411.911
8.177,0.1363,70.7853,29.5475,2091.53,412.073
8.180,0.1363,70.7632,29.5526,2091.24,412.234
8.182,0.1364,70.741,29.5365,2089.44,412.396
8.184,0.1364,70.7188,29.5562,2090.18,412.557
8.186,0.1364,70.6965,29.5517,2089.2,412.719
8.189,0.1365,70.6743,29.5747,2090.17,412.881
8.191,0.1365,70.6519,29.5011,2084.31,413.042
8.193,0.1366,70.6297,29.5352,2086.06,413.204
8.195,0.1366,70.6072,29.5193,2084.28,413.366
8.198,0.1366,70.5849,29.5299,2084.37,413.527
8.200,0.1367,70.5626,29.5412,2084.5,413.689
8.202,0.1367,70.5403,29.5524,2084.63,413.851
8.204,0.1367,70.518,29.5643,2084.81,414.013
8.207,0.1368,70.4957,29.576,2084.98,414.175
8.209,0.1368,70.4733,29.5883,2085.19,414.337
8.211,0.1369,70.451,29.6004,2085.38,414.498
8.213,0.1369,70.4287,29.6132,2085.62,414.66
8.216,0.1369,70.4064,29.6255,2085.83,414.822
8.218,0.1370,70.3841,29.6385,2086.08,414.984
8.220,0.1370,70.3619,29.6511,2086.3,415.146
8.222,0.1370,70.3396,29.6641,2086.56,415.308
8.225,0.1371,70.3174,29.697,2088.21,415.47
8.227,0.1371,70.2952,29.7096,2088.44,415.632
8.229,0.1372,70.273,29.7217,2088.63,415.793
8.231,0.1372,70.2509,29.734,2088.84,415.955
8.234,0.1372,70.2288,29.6868,2084.87,416.117
8.236,0.1373,70.2067,29.6985,2085.03,416.279
8.238,0.1373,70.1847,29.7095,2085.15,416.44
8.240,0.1373,70.1627,29.7205,2085.27,416.602
8.243,0.1374,70.1408,29.7072,2083.68,416.764
8.245,0.1374,70.1189,29.7134,2083.47,416.926
8.247,0.1375,70.0971,29.7259,2083.7,417.087
8.249,0.1375,70.0753,29.7278,2083.18,417.249
8.252,0.1375,70.0536,29.7673,2085.31,417.411
8.254,0.1376,70.0319,29.7657,2084.55,417.573
8.256,0.1376,70.0103,29.7819,2085.04,417.734
8.258,0.1376,69.9887,29.7815,2084.37,417.896
8.261,0.1377,69.9672,29.8064,2085.47,418.058
8.263,0.1377,69.9458,29.7446,2080.51,418.22
8.265,0.1378,69.9244,29.7186,2078.06,418.382
8.267,0.1378,69.903,29.6948,2075.76,418.543
8.270,0.1378,69.8817,29.7311,2077.66,418.705
8.272,0.1379,69.8605,29.7041,2075.14,418.867
8.274,0.1379,69.8392,29.6822,2072.99,419.029
8.276,0.1379,69.8181,29.6665,2071.26,419.191
8.279,0.1380,69.797,29.7189,2074.29,419.353
8.281,0.1380,69.7759,29.6903,2071.67,419.515
8.283,0.1381,69.7548,29.728,2073.67,419.677
8.285,0.1381,69.7338,29.6461,2067.33,419.839
8.288,0.1381,69.7128,29.6516,2067.09,420.001
8.290,0.1382,69.6918,29.658,2066.92,420.163
8.292,0.1382,69.6708,29.6648,2066.77,420.325
8.294,0.1382,69.6498,29.6724,2066.67,420.487
8.296,0.1383,69.6288,29.6728,2066.08,420.649
8.299,0.1383,69.6079,29.6816,2066.07,420.811
8.301,0.1383,69.5869,29.6911,2066.11,420.973
8.303,0.1384,69.566,29.7013,2066.2,421.134
8.305,0.1384,69.5451,29.7123,2066.35,421.296
8.308,0.1385,69.5243,29.7238,2066.52,421.458
8.310,0.1385,69.5034,29.6351,2059.74,421.62
8.312,0.1385,69.4825,29.641,2059.53,421.782
8.314,0.1386,69.4616,29.661,2060.3,421.944
8.317,0.1386,69.4407,29.6617,2059.73,422.105
8.319,0.1386,69.4198,29.6338,2057.17,422.267
8.321,0.1387,69.399,29.6616,2058.49,422.429
8.323,0.1387,69.378,29.714,2061.5,422.591
8.326,0.1388,69.3572,29.7034,2060.14,422.753
8.328,0.1388,69.3362,29.7434,2062.3,422.915
8.330,0.1388,69.3154,29.7288,2060.66,423.077
8.332,0.1389,69.2944,29.7727,2063.08,423.239
8.335,0.1389,69.2736,29.7551,2061.24,423.401
8.337,0.1389,69.2526,29.743,2059.78,423.563
8.339,0.1390,69.2317,29.735,2058.61,423.725
8.341,0.1390,69.2108,29.7683,2060.29,423.887
8.344,0.1391,69.1899,29.7677,2059.62,424.049
8.346,0.1391,69.1689,29.7235,2055.95,424.211
8.348,0.1391,69.148,29.7274,2055.59,424.373
8.350,0.1392,69.1271,29.7429,2056.04,424.535
8.353,0.1392,69.3189,29.7085,2059.36,424.697
8.355,0.1392,69.2984,29.7201,2059.56,424.859
8.357,0.1393,69.278,29.7297,2059.61,425.021
8.359,0.1393,69.2575,29.7359,2059.43,425.184
8.362,0.1394,69.237,29.749,2059.73,425.346
8.364,0.1394,69.2165,29.7497,2059.17,425.508
8.366,0.1394,69.196,29.7664,2059.71,425.67
8.368,0.1395,69.1754,29.7617,2058.77,425.832
8.371,0.1395,69.1549,29.7817,2059.55,425.994
8.373,0.1395,69.1343,29.772,2058.27,426.156
8.375,0.1396,69.1137,29.7951,2059.25,426.318
8.377,0.1396,69.0931,29.7996,2058.95,426.48
8.380,0.1397,69.0724,29.8021,2058.5,426.642
8.382,0.1397,69.0517,29.8149,2058.77,426.804
8.384,0.1397,69.0311,29.8166,2058.27,426.966
8.386,0.1398,69.0104,29.8211,2057.97,427.128
8.389,0.1398,68.9897,29.8629,2060.23,427.29
8.391,0.1398,68.9691,29.7716,2053.32,427.452
8.393,0.1399,68.9484,29.7778,2053.13,427.614
8.395,0.1399,68.9278,29.7784,2052.56,427.776
8.398,0.1400,68.9071,29.7858,2052.46,427.938
8.400,0.1400,68.8865,29.7017,2046.05,428.1
8.402,0.1400,68.8659,29.7902,2051.53,428.262
8.404,0.1401,68.8454,29.7968,2051.37,428.424
8.407,0.1401,68.8248,29.8038,2051.24,428.586
8.409,0.1401,68.8043,29.8088,2050.98,428.748
8.411,0.1402,68.7838,29.7663,2047.44,428.911
8.413,0.1402,68.7634,29.775,2047.43,429.073
8.416,0.1403,68.7429,29.7843,2047.46,429.235
8.418,0.1403,68.7226,29.7908,2047.3,429.397
8.420,0.1403,68.7022,29.8051,2047.68,429.559
8.422,0.1404,68.6819,29.8088,2047.32,429.722
8.424,0.1404,68.6616,29.8285,2048.07,429.884
8.427,0.1404,68.6414,29.8286,2047.48,430.046
8.429,0.1405,68.6211,29.8541,2048.62,430.208
8.431,0.1405,68.6009,29.85,2047.74,430.371
8.433,0.1406,68.5808,29.8227,2045.27,430.533
8.436,0.1406,72.0753,29.7253,2142.46,430.695
8.438,0.1406,72.0543,29.7821,2145.93,430.857
8.440,0.1407,72.0335,29.7761,2144.87,431.019
8.442,0.1407,72.0125,29.8308,2148.19,431.181
8.445,0.1407,71.9918,29.7986,2145.26,431.343
8.447,0.1408,71.9709,29.8552,2148.7,431.505
8.449,0.1408,71.9502,29.8209,2145.62,431.668
8.451,0.1409,71.9293,29.879,2149.18,431.83
8.454,0.1409,71.9087,29.8426,2145.94,431.992
8.456,0.1409,71.8878,29.8391,2145.07,432.154
8.458,0.1410,71.8672,29.805,2142,432.316
8.460,0.1410,71.8464,29.6982,2133.71,432.478
8.463,0.1410,71.8258,29.6529,2129.84,432.64
8.465,0.1411,71.805,29.7185,2133.94,432.802
8.467,0.1411,71.7845,29.7273,2133.96,432.964
8.469,0.1412,71.7639,29.7359,2133.96,433.127
8.472,0.1412,71.7434,29.7592,2135.02,433.289
8.474,0.1412,71.7229,29.7729,2135.4,433.451
8.476,0.1413,71.7024,29.7818,2135.43,433.613
8.478,0.1413,71.682,29.7905,2135.44,433.776
8.481,0.1413,71.6616,29.7992,2135.46,433.938
8.483,0.1414,71.6412,29.7542,2131.63,434.1
8.485,0.1414,71.6208,29.7608,2131.49,434.263
8.487,0.1415,71.6004,29.7685,2131.44,434.425
8.490,0.1415,71.5801,29.775,2131.3,434.587
8.492,0.1415,71.5598,29.7825,2131.23,434.75
8.494,0.1416,71.5396,29.6427,2120.63,434.912
8.496,0.1416,71.5194,29.6503,2120.57,435.074
8.499,0.1416,71.4992,29.6579,2120.52,435.237
8.501,0.1417,71.4791,29.6653,2120.45,435.399
8.503,0.1417,71.459,29.6725,2120.37,435.561
8.505,0.1418,71.4389,29.6795,2120.27,435.724
8.508,0.1418,71.4189,29.6715,2119.1,435.886
8.510,0.1418,71.3989,29.6885,2119.73,436.048
8.512,0.1419,71.3789,29.6954,2119.63,436.21
8.514,0.1419,71.359,29.696,2119.07,436.373
8.517,0.1419,71.339,29.7087,2119.39,436.535
8.519,0.1420,71.3191,29.7032,2118.4,436.697
8.521,0.1420,71.2992,29.6723,2115.61,436.859
8.523,0.1421,71.2794,29.6619,2114.28,437.022
8.526,0.1421,71.2595,29.6838,2115.25,437.184
8.528,0.1421,71.2396,29.6151,2109.77,437.346
8.530,0.1422,71.2197,29.6405,2110.99,437.508
8.532,0.1422,71.1998,29.6222,2109.1,437.67
8.534,0.1422,71.1799,29.6124,2107.81,437.833
8.537,0.1423,71.16,29.5942,2105.93,437.995
8.539,0.1423,71.1401,29.6217,2107.29,438.157
8.541,0.1424,71.1202,29.6045,2105.48,438.32
8.543,0.1424,71.1002,29.6302,2106.71,438.482
8.546,0.1424,71.0803,29.6153,2105.07,438.644
8.548,0.1425,71.0603,29.6379,2106.08,438.807
8.550,0.1425,71.0403,29.5716,2100.78,438.969
8.552,0.1425,71.0203,29.5188,2096.44,439.132
8.555,0.1426,71.0003,29.5132,2095.44,439.294
8.557,0.1426,70.9803,29.4966,2093.67,439.457
8.559,0.1427,70.9602,29.5001,2093.34,439.619
8.561,0.1427,70.9402,29.5037,2093,439.782
8.564,0.1427,70.9201,29.5071,2092.65,439.944
8.566,0.1428,70.9,29.5106,2092.3,440.107
8.568,0.1428,70.8799,29.5139,2091.95,440.269
8.570,0.1428,70.8598,29.5174,2091.6,440.431
8.573,0.1429,70.8397,29.5274,2091.71,440.594
8.575,0.1429,70.8195,29.5155,2090.27,440.756
8.577,0.1430,70.7994,29.5185,2089.89,440.919
8.579,0.1430,70.7792,29.5218,2089.53,441.081
8.582,0.1430,70.7591,29.5489,2090.86,441.243
8.584,0.1431,70.7389,29.5562,2090.77,441.406
8.586,0.1431,70.7188,29.5066,2086.67,441.568
8.588,0.1431,70.6986,29.5171,2086.82,441.73
8.591,0.1432,70.6784,29.5137,2085.98,441.893
8.593,0.1432,70.6582,29.5272,2086.34,442.055
8.595,0.1433,70.6379,29.522,2085.38,442.217
8.597,0.1433,70.6177,29.4655,2080.79,442.38
8.600,0.1433,70.5975,29.4613,2079.9,442.542
8.602,0.1434,70.5772,29.4596,2079.18,442.704
8.604,0.1434,70.5569,29.4027,2074.57,442.867
8.606,0.1434,70.5366,29.4289,2075.81,443.029
8.609,0.1435,70.5163,29.4167,2074.36,443.192
8.611,0.1435,70.496,29.4434,2075.64,443.354
8.613,0.1436,70.4756,29.3754,2070.25,443.517
8.615,0.1436,70.4553,29.4042,2071.68,443.679
8.617,0.1436,70.4349,29.3489,2067.19,443.842
8.620,0.1437,70.4145,29.3783,2068.66,444.004
8.622,0.1437,70.3941,29.3651,2067.13,444.167
8.624,0.1437,70.3737,29.3917,2068.41,444.33
8.626,0.1438,70.3532,29.3809,2067.04,444.492
8.629,0.1438,70.3329,29.4038,2068.05,444.655
8.631,0.1438,70.3124,29.3957,2066.89,444.817
8.633,0.1439,70.2922,29.4141,2067.58,444.98
8.635,0.1439,70.2717,29.4091,2066.63,445.143
8.638,0.1440,70.2514,29.2686,2056.16,445.305
8.640,0.1440,70.231,29.2686,2055.56,445.468
8.642,0.1440,70.2108,29.2754,2055.45,445.631
8.644,0.1441,70.1903,29.2492,2053.01,445.793
8.647,0.1441,70.1702,29.2519,2052.61,445.956
8.649,0.1441,70.1501,29.2506,2051.93,446.118
8.651,0.1442,70.1301,29.2551,2051.66,446.281
8.653,0.1442,70.11,29.2498,2050.71,446.443
8.656,0.1443,70.09,29.2562,2050.56,446.606
8.658,0.1443,70.07,29.2474,2049.37,446.769
8.660,0.1443,70.0501,29.2555,2049.35,446.931
8.662,0.1444,70.0301,29.198,2044.74,447.094
8.665,0.1444,70.0102,29.204,2044.58,447.256
8.667,0.1444,69.9903,29.195,2043.37,447.419
8.669,0.1445,69.9704,29.2013,2043.23,447.581
8.671,0.1445,69.9506,29.1919,2041.99,447.744
8.674,0.1446,69.9307,29.1981,2041.84,447.906
8.676,0.1446,69.9108,29.1891,2040.64,448.069
8.678,0.1446,69.891,29.1948,2040.45,448.232
8.680,0.1447,69.8712,29.1873,2039.35,448.394
8.683,0.1447,69.8513,29.1921,2039.1,448.557
8.685,0.1447,69.8315,29.1871,2038.18,448.72
8.687,0.1448,69.8116,29.1905,2037.83,448.882
8.689,0.1448,69.7917,29.1889,2037.15,449.045
8.692,0.1449,69.7719,29.2087,2037.95,449.208
8.694,0.1449,69.752,29.225,2038.5,449.371
8.696,0.1449,69.7321,29.2343,2038.57,449.534
8.698,0.1450,69.7121,29.2322,2037.84,449.696
8.700,0.1450,69.6923,29.2693,2039.85,449.859
8.703,0.1450,69.6722,29.2685,2039.2,450.022
8.705,0.1451,69.6523,29.2776,2039.26,450.185
8.707,0.1451,69.6322,29.2806,2038.87,450.347
8.709,0.1452,69.6123,29.2885,2038.84,450.51
8.712,0.1452,69.5922,29.2495,2035.54,450.673
8.714,0.1452,69.8216,29.2369,2041.37,450.836
8.716,0.1453,69.8024,29.2586,2042.32,450.998
8.718,0.1453,69.7829,29.25,2041.15,451.161
8.721,0.1453,69.7637,29.2736,2042.23,451.324
8.723,0.1454,69.7442,29.2665,2041.17,451.487
8.725,0.1454,69.7249,29.3023,2043.1,451.649
8.727,0.1455,69.7054,29.2718,2040.4,451.812
8.730,0.1455,69.6862,29.2784,2040.3,451.975
8.732,0.1455,69.6667,29.2519,2037.89,452.137
8.734,0.1456,69.6475,29.2353,2036.17,452.3
8.736,0.1456,69.6281,29.2459,2036.34,452.463
8.739,0.1456,69.6086,29.2567,2036.52,452.626
8.741,0.1457,69.5892,29.2672,2036.68,452.788
8.743,0.1457,69.5698,29.2875,2037.52,452.951
8.745,0.1458,69.5504,29.298,2037.69,453.114
8.748,0.1458,69.5311,29.3088,2037.87,453.277
8.750,0.1458,69.5117,29.2655,2034.29,453.44
8.752,0.1459,69.4924,29.2762,2034.48,453.603
8.754,0.1459,69.4731,29.2865,2034.63,453.766
8.757,0.1459,69.4538,29.2212,2029.53,453.929
8.759,0.1460,69.4346,29.2313,2029.66,454.091
8.761,0.1460,69.4153,29.2419,2029.84,454.254
8.763,0.1461,69.3961,29.252,2029.97,454.417
8.766,0.1461,69.3769,29.2625,2030.14,454.58
8.768,0.1461,69.3578,29.2726,2030.28,454.743
8.770,0.1462,69.3386,29.2644,2029.15,454.906
8.772,0.1462,69.3195,29.1436,2020.22,455.069
8.774,0.1462,69.3003,29.1185,2017.92,455.232
8.777,0.1463,69.2812,29.097,2015.88,455.395
8.779,0.1463,69.2621,29.1079,2016.07,455.558
8.781,0.1464,69.243,29.1184,2016.25,455.721
8.783,0.1464,69.2239,29.1205,2015.84,455.884
8.786,0.1464,69.2049,29.0813,2012.57,456.047
8.788,0.1465,69.1858,29.0926,2012.79,456.21
8.790,0.1465,69.1667,29.2631,2024.03,456.373
8.792,0.1465,69.1476,29.2821,2024.79,456.535
8.795,0.1466,69.1286,29.2832,2024.3,456.698
8.797,0.1466,69.1095,29.314,2025.88,456.861
8.799,0.1467,69.0905,29.2272,2019.32,457.024
8.801,0.1467,72.4543,29.224,2117.4,457.187
8.804,0.1467,72.4349,29.2195,2116.51,457.35
8.806,0.1468,72.4155,29.245,2117.79,457.513
8.808,0.1468,72.396,29.2385,2116.76,457.676
8.810,0.1468,72.3766,29.2654,2118.13,457.839
8.813,0.1469,72.3572,29.1988,2112.74,458.002
8.815,0.1469,72.3378,29.2274,2114.24,458.165
8.817,0.1470,72.3183,29.2018,2111.83,458.328
8.819,0.1470,72.2989,29.2345,2113.62,458.491
8.822,0.1470,72.2795,29.2184,2111.89,458.654
8.824,0.1471,72.2601,29.2525,2113.79,458.817
8.826,0.1471,72.2406,29.2607,2113.81,458.98
8.828,0.1471,72.2212,29.2685,2113.81,459.143
8.831,0.1472,72.2019,29.2764,2113.81,459.306
8.833,0.1472,72.1825,29.284,2113.79,459.469
8.835,0.1472,72.1632,29.2917,2113.78,459.633
8.837,0.1473,72.1439,29.2992,2113.76,459.796
8.839,0.1473,72.1246,29.3067,2113.74,459.959
8.842,0.1474,72.1054,29.2405,2108.4,460.122
8.844,0.1474,72.0862,29.2473,2108.33,460.285
8.846,0.1474,72.067,29.2556,2108.37,460.448
8.848,0.1475,72.0479,29.2623,2108.29,460.611
8.851,0.1475,72.0288,29.2728,2108.48,460.774
8.853,0.1475,72.0097,29.2754,2108.11,460.938
8.855,0.1476,71.9906,29.2901,2108.61,461.101
8.857,0.1476,71.9715,29.2621,2106.04,461.264
8.860,0.1477,71.9525,29.2827,2106.96,461.427
8.862,0.1477,71.9334,29.2744,2105.81,461.59
8.864,0.1477,71.9145,29.2997,2107.07,461.753
8.866,0.1478,71.8954,29.287,2105.6,461.916
8.869,0.1478,71.8765,29.3168,2107.19,462.079
8.871,0.1478,71.8574,29.2998,2105.41,462.242
8.873,0.1479,71.8385,29.334,2107.31,462.406
8.875,0.1479,71.8195,29.313,2105.25,462.569
8.878,0.1480,71.8005,29.3514,2107.45,462.732
8.880,0.1480,71.7815,29.2945,2102.8,462.895
8.882,0.1480,71.7626,29.3594,2106.9,463.059
8.884,0.1481,71.7436,29.3309,2104.31,463.222
8.887,0.1481,71.7247,29.3779,2107.12,463.385
8.889,0.1481,71.7057,29.3157,2102.11,463.549
8.891,0.1482,71.6868,29.3427,2103.49,463.712
8.893,0.1482,71.6679,29.3181,2101.16,463.875
8.895,0.1483,71.649,29.3725,2104.51,464.039
8.898,0.1483,71.6301,29.3342,2101.21,464.202
8.900,0.1483,71.6112,29.3385,2100.96,464.365
8.902,0.1484,71.5924,29.3157,2098.78,464.529
8.904,0.1484,71.5736,29.3622,2101.56,464.692
8.907,0.1484,71.5549,29.3393,2099.37,464.855
8.909,0.1485,71.5361,29.3809,2101.79,465.019
8.911,0.1485,71.5175,29.357,2099.54,465.182
8.913,0.1486,71.4988,29.27,2092.77,465.346
8.916,0.1486,71.4802,29.2779,2092.79,465.509
8.918,0.1486,71.4617,29.2888,2093.03,465.672
8.920,0.1487,71.4432,29.2932,2092.8,465.836
8.922,0.1487,71.4248,29.3043,2093.05,465.999
8.925,0.1487,71.4064,29.3061,2092.64,466.163
8.927,0.1488,71.3881,29.3188,2093.01,466.326
8.929,0.1488,71.3697,29.3184,2092.45,466.49
8.931,0.1489,71.3515,29.3325,2092.92,466.653
8.934,0.1489,71.3332,29.3204,2091.52,466.817
8.936,0.1489,71.315,29.3386,2092.28,466.98
8.938,0.1490,71.2968,29.2983,2088.87,467.144
8.940,0.1490,71.2787,29.2293,2083.42,467.307
8.943,0.1490,71.2604,29.2196,2082.2,467.471
8.945,0.1491,71.2423,29.2758,2085.68,467.634
8.947,0.1491,71.2241,29.2655,2084.41,467.798
8.949,0.1492,71.206,29.2873,2085.44,467.961
8.951,0.1492,71.1878,29.2785,2084.28,468.125
8.954,0.1492,71.1697,29.2287,2080.2,468.288
8.956,0.1493,71.1515,29.2052,2077.99,468.452
8.958,0.1493,71.1334,29.2222,2078.68,468.615
8.960,0.1493,71.1151,29.2177,2077.82,468.779
8.963,0.1494,71.097,29.2322,2078.32,468.942
8.965,0.1494,71.0787,29.2299,2077.62,469.106
8.967,0.1495,71.0605,29.2419,2077.95,469.269
8.969,0.1495,71.0421,29.2099,2075.13,469.433
8.972,0.1495,71.0239,29.1519,2070.48,469.597
8.974,0.1496,71.0055,29.1568,2070.29,469.76
8.976,0.1496,70.9872,29.1621,2070.14,469.924
8.978,0.1496,70.9688,29.1339,2067.59,470.087
8.981,0.1497,70.9504,29.1449,2067.85,470.251
8.983,0.1497,70.932,29.0991,2064.06,470.414
8.985,0.1498,70.9137,29.1122,2064.45,470.578
8.987,0.1498,70.8952,29.1094,2063.71,470.741
8.990,0.1498,70.8769,29.1248,2064.27,470.905
8.992,0.1499,70.8585,29.1187,2063.31,471.068
8.994,0.1499,70.8401,29.0654,2059,471.232
8.996,0.1499,70.8218,29.0504,2057.4,471.395
8.999,0.1500,70.8035,29.1124,2061.26,471.559
9.001,0.1500,70.7851,29.0802,2058.45,471.723
9.003,0.1500,70.7669,29.0884,2058.5,471.886
9.005,0.1501,70.7487,29.092,2058.22,472.05
9.007,0.1501,70.7305,29.0946,2057.87,472.214
9.010,0.1502,70.7123,29.0974,2057.54,472.377
9.012,0.1502,70.6941,29.0994,2057.15,472.541
9.014,0.1502,70.6761,29.1239,2058.36,472.705
9.016,0.1503,70.658,29.1248,2057.9,472.869
9.019,0.1503,70.6401,29.126,2057.46,473.032
9.021,0.1503,70.6221,29.1268,2057,473.196
9.023,0.1504,70.6042,29.0758,2052.88,473.36
9.025,0.1504,70.5863,29.0765,2052.4,473.524
9.028,0.1505,70.5685,29.0198,2047.89,473.688
9.030,0.1505,70.5507,29.0206,2047.43,473.851
9.032,0.1505,70.5329,29.022,2047.01,474.015
9.034,0.1506,70.5152,29.0235,2046.6,474.179
9.037,0.1506,70.4975,29.0255,2046.22,474.343
9.039,0.1506,70.4797,29.0277,2045.86,474.507
9.041,0.1507,70.462,29.0305,2045.54,474.67
9.043,0.1507,70.4443,29.0335,2045.24,474.834
9.046,0.1508,70.4266,29.037,2044.98,474.998
9.048,0.1508,70.4089,29.0409,2044.74,475.161
9.050,0.1508,70.3912,29.0403,2044.18,475.325
9.052,0.1509,70.3734,29.0466,2044.11,475.489
9.054,0.1509,70.3557,29.0511,2043.91,475.653
9.057,0.1509,70.3379,29.0588,2043.93,475.816
9.059,0.1510,70.3201,29.0629,2043.7,475.98
9.061,0.1510,70.3023,29.0711,2043.76,476.143
9.063,0.1511,70.2845,29.0751,2043.53,476.307
9.066,0.1511,70.2667,29.0117,2038.56,476.471
9.068,0.1511,70.2488,29.0193,2038.57,476.634
9.070,0.1512,70.231,28.9809,2035.35,476.798
9.072,0.1512,70.213,28.9383,2031.84,476.962
9.075,0.1512,70.1952,28.9343,2031.05,477.126
9.077,0.1513,70.1773,28.6663,2011.73,477.289
9.079,0.1513,70.1595,28.643,2009.58,477.453
9.081,0.1514,70.1416,28.7853,2019.05,477.617
9.084,0.1514,70.1239,28.7616,2016.88,477.781
9.086,0.1514,70.106,28.7923,2018.51,477.945
9.088,0.1515,70.0883,28.7644,2016.05,478.108
9.090,0.1515,70.0705,28.7974,2017.85,478.272
9.093,0.1515,70.0529,28.8753,2022.8,478.436
9.095,0.1516,70.0351,28.8767,2022.38,478.6
9.097,0.1516,70.0174,28.9137,2024.46,478.764
9.099,0.1517,69.9998,28.9151,2024.05,478.928
9.101,0.1517,69.9821,28.9511,2026.06,479.092
9.104,0.1517,69.9645,28.9518,2025.6,479.256
9.106,0.1518,69.947,28.9521,2025.12,479.42
9.108,0.1518,69.9295,28.9526,2024.64,479.584
9.110,0.1518,69.912,28.9526,2024.13,479.747
9.113,0.1519,69.8946,28.8908,2019.31,479.911
9.115,0.1519,69.8772,28.8897,2018.73,480.075
9.117,0.1520,69.8599,28.8074,2012.48,480.239
9.119,0.1520,69.8425,28.8115,2012.27,480.402
9.122,0.1520,69.8252,28.8047,2011.29,480.566
9.124,0.1521,69.8079,28.8133,2011.39,480.73
9.126,0.1521,69.7906,28.8013,2010.06,480.893
9.128,0.1521,69.7734,28.8144,2010.48,481.057
9.131,0.1522,69.7561,28.7981,2008.85,481.22
9.133,0.1522,69.739,28.8151,2009.53,481.384
9.135,0.1523,69.7217,28.7955,2007.67,481.548
9.137,0.1523,69.7045,28.8155,2008.57,481.711
9.140,0.1523,69.6872,28.7946,2006.62,481.875
9.142,0.1524,69.6701,28.819,2007.82,482.039
9.144,0.1524,69.6528,28.7936,2005.56,482.202
9.146,0.1524,69.6356,28.8201,2006.9,482.366
9.148,0.1525,69.6182,28.7945,2004.62,482.53
9.151,0.1525,69.6011,28.8224,2006.07,482.694
9.153,0.1525,69.5837,28.7402,1999.85,482.858
9.155,0.1526,72.8629,28.7653,2095.92,483.021
9.157,0.1526,72.8448,28.7414,2093.66,483.185
9.160,0.1527,72.8268,28.7722,2095.39,483.349
9.162,0.1527,72.8087,28.7594,2093.93,483.513
9.164,0.1527,72.7906,28.7906,2095.68,483.677
9.166,0.1528,72.7725,28.771,2093.73,483.842
9.169,0.1528,72.7544,28.8039,2095.61,484.006
9.171,0.1528,72.7362,28.7635,2092.15,484.17
9.173,0.1529,72.7181,28.7934,2093.8,484.334
9.175,0.1529,72.7,28.7044,2086.81,484.498
9.178,0.1530,72.6819,28.7391,2088.81,484.662
9.180,0.1530,72.6638,28.6508,2081.88,484.826
9.182,0.1530,72.6458,28.6886,2084.1,484.99
9.184,0.1531,72.6277,28.6161,2078.32,485.154
9.187,0.1531,72.6096,28.6292,2078.75,485.318
9.189,0.1531,72.5915,28.6357,2078.71,485.482
9.191,0.1532,72.5736,28.6517,2079.35,485.646
9.193,0.1532,72.5556,28.687,2081.4,485.81
9.195,0.1533,72.5377,28.705,2082.2,485.974
9.198,0.1533,72.5197,28.7055,2081.71,486.138
9.200,0.1533,72.502,28.7246,2082.59,486.302
9.202,0.1534,72.4841,28.7226,2081.93,486.466
9.204,0.1534,72.4665,28.7415,2082.8,486.63
9.207,0.1534,72.4487,28.7377,2082.01,486.793
9.209,0.1535,72.4312,28.6256,2073.38,486.957
9.211,0.1535,72.4135,28.6174,2072.29,487.121
9.213,0.1536,72.396,28.6346,2073.03,487.285
9.216,0.1536,72.3784,28.6637,2074.63,487.448
9.218,0.1536,72.361,28.6795,2075.28,487.612
9.220,0.1537,72.3434,28.6693,2074.03,487.776
9.222,0.1537,72.3261,28.7965,2082.74,487.94
9.225,0.1537,72.3086,28.7799,2081.04,488.104
9.227,0.1538,72.2913,28.7979,2081.84,488.267
9.229,0.1538,72.2738,28.7814,2080.14,488.431
9.231,0.1539,72.2565,28.7989,2080.91,488.595
9.234,0.1539,72.239,28.6941,2072.84,488.759
9.236,0.1539,72.2217,28.7207,2074.26,488.923
9.238,0.1540,72.2041,28.7014,2072.36,489.087
9.240,0.1540,72.1868,28.7239,2073.48,489.251
9.242,0.1540,72.1692,28.7012,2071.35,489.415
9.245,0.1541,72.1518,28.7273,2072.73,489.579
9.247,0.1541,72.1343,28.7028,2070.46,489.743
9.249,0.1542,72.1168,28.7335,2072.16,489.907
9.251,0.1542,72.0991,28.7067,2069.73,490.071
9.254,0.1542,72.0816,28.7437,2071.89,490.235
9.256,0.1543,72.0639,28.731,2070.47,490.399
9.258,0.1543,72.0462,28.7273,2069.7,490.563
9.260,0.1543,72.0285,28.7135,2068.19,490.727
9.263,0.1544,72.0108,28.7559,2070.74,490.891
9.265,0.1544,71.993,28.7425,2069.26,491.055
9.267,0.1545,71.9752,28.7741,2071.02,491.219
9.269,0.1545,71.9574,28.757,2069.28,491.383
9.272,0.1545,71.9396,28.7936,2071.4,491.547
9.274,0.1546,71.9218,28.8014,2071.45,491.711
9.276,0.1546,71.904,28.7829,2069.6,491.874
9.278,0.1546,71.8862,28.7175,2064.39,492.038
9.281,0.1547,71.8684,28.709,2063.27,492.202
9.283,0.1547,71.8506,28.717,2063.33,492.366
9.285,0.1548,71.8328,28.7162,2062.77,492.53
9.287,0.1548,71.815,28.7239,2062.8,492.694
9.289,0.1548,71.7972,28.7317,2062.86,492.858
9.292,0.1549,71.7795,28.739,2062.87,493.022
9.294,0.1549,71.7618,28.7465,2062.9,493.186
9.296,0.1549,71.7441,28.7534,2062.89,493.35
9.298,0.1550,71.7265,28.7783,2064.17,493.514
9.301,0.1550,71.7089,28.785,2064.14,493.678
9.303,0.1550,71.6913,28.8258,2066.56,493.842
9.305,0.1551,71.6737,28.8326,2066.54,494.006
9.307,0.1551,71.6562,28.8393,2066.52,494.17
9.310,0.1552,71.6388,28.8461,2066.5,494.334
9.312,0.1552,71.6214,28.8557,2066.69,494.498
9.314,0.1552,71.604,28.8623,2066.66,494.662
9.316,0.1553,71.5866,28.8687,2066.61,494.826
9.319,0.1553,71.5693,28.8755,2066.6,494.991
9.321,0.1553,71.552,28.8822,2066.58,495.155
9.323,0.1554,71.5347,28.8892,2066.58,495.318
9.325,0.1554,71.5175,28.896,2066.57,495.482
9.328,0.1555,71.5003,28.9033,2066.6,495.646
9.330,0.1555,71.4831,28.9102,2066.59,495.81
9.332,0.1555,71.4659,28.918,2066.65,495.974
9.334,0.1556,71.4488,28.9245,2066.62,496.138
9.336,0.1556,71.4316,28.933,2066.73,496.302
9.339,0.1556,71.4145,28.9388,2066.65,496.466
9.341,0.1557,71.3973,28.9482,2066.82,496.63
9.343,0.1557,71.3802,28.9527,2066.65,496.793
9.345,0.1558,71.363,28.9802,2068.11,496.957
9.348,0.1558,71.3459,28.9826,2067.79,497.121
9.350,0.1558,71.3287,29.1137,2076.64,497.285
9.352,0.1559,71.3117,29.1164,2076.34,497.449
9.354,0.1559,71.2944,29.1281,2076.67,497.613
9.357,0.1559,71.2774,29.1289,2076.23,497.777
9.359,0.1560,71.2601,29.1,2073.67,497.941
9.361,0.1560,71.2431,29.0982,2073.05,498.105
9.363,0.1561,71.2259,28.9693,2063.36,498.269
9.366,0.1561,71.2086,28.9741,2063.21,498.433
9.368,0.1561,71.1914,28.8857,2056.41,498.597
9.370,0.1562,71.1741,28.8368,2052.43,498.761
9.372,0.1562,71.1569,28.9071,2056.94,498.925
9.375,0.1562,71.1397,28.8173,2050.06,499.089
9.377,0.1563,71.1225,28.8209,2049.81,499.253
9.379,0.1563,71.1054,28.7773,2046.22,499.417
9.381,0.1564,71.0882,28.7808,2045.97,499.581
9.383,0.1564,71.0711,28.6984,2039.62,499.745
9.386,0.1564,71.0539,28.6367,2034.75,499.909
9.388,0.1565,71.0368,28.6385,2034.39,500.073
9.390,0.1565,71.0196,28.6425,2034.18,500.236
9.392,0.1565,71.0025,28.6429,2033.72,500.4
9.395,0.1566,70.9853,28.5817,2028.88,500.564
9.397,0.1566,70.9682,28.5804,2028.3,500.728
9.399,0.1567,70.951,28.5874,2028.3,500.892
9.401,0.1567,70.9338,28.6357,2031.24,501.056
9.404,0.1567,70.9166,28.6437,2031.31,501.219
9.406,0.1568,70.8994,28.6415,2030.67,501.383
9.408,0.1568,70.882,28.6512,2030.85,501.547
9.410,0.1568,70.8648,28.6489,2030.2,501.711
9.413,0.1569,70.8474,28.6738,2031.46,501.875
9.415,0.1569,70.8302,28.6736,2030.95,502.039
9.417,0.1570,70.8127,28.6847,2031.24,502.203
9.419,0.1570,70.7953,28.6854,2030.79,502.366
9.422,0.1570,70.7778,28.6974,2031.14,502.53
9.424,0.1571,70.7604,28.6993,2030.77,502.694
9.426,0.1571,70.7428,28.7119,2031.16,502.858
9.428,0.1571,70.7253,28.7152,2030.89,503.022
9.430,0.1572,70.7077,28.6564,2026.23,503.186
9.433,0.1572,70.6902,28.6702,2026.7,503.35
9.435,0.1572,70.6725,28.4384,2009.82,503.515
9.437,0.1573,70.655,28.461,2010.91,503.679
9.439,0.1573,70.6373,28.4587,2010.24,503.843
9.442,0.1574,70.6197,28.4966,2012.42,504.007
9.444,0.1574,70.6021,28.4738,2010.31,504.171
9.446,0.1574,70.5845,28.5137,2012.63,504.335
9.448,0.1575,70.5669,28.4886,2010.35,504.499
9.451,0.1575,70.5494,28.5305,2012.81,504.663
9.453,0.1575,70.5319,28.5374,2012.8,504.828
9.455,0.1576,70.5144,28.5438,2012.75,504.992
9.457,0.1576,70.4969,28.5502,2012.7,505.156
9.460,0.1577,70.4795,28.5559,2012.6,505.32
9.462,0.1577,70.4621,28.5614,2012.5,505.484
9.464,0.1577,70.4447,28.5664,2012.35,505.649
9.466,0.1578,70.4274,28.5711,2012.19,505.813
9.468,0.1578,70.4102,28.5766,2012.08,505.977
9.471,0.1578,70.393,28.5793,2011.78,506.141
9.473,0.1579,70.3758,28.5838,2011.61,506.305
9.475,0.1579,70.3587,28.5276,2007.17,506.469
9.477,0.1580,70.3416,28.5368,2007.32,506.632
9.480,0.1580,70.3245,28.4799,2002.83,506.796
9.482,0.1580,70.3074,28.488,2002.92,506.96
9.484,0.1581,70.2904,28.5251,2005.04,507.124
9.486,0.1581,70.2734,28.5765,2008.17,507.288
9.489,0.1581,70.2565,28.576,2007.64,507.452
9.491,0.1582,70.2395,28.5837,2007.7,507.616
9.493,0.1582,70.2225,28.5829,2007.16,507.78
9.495,0.1583,70.2056,28.5923,2007.34,507.944
9.498,0.1583,70.1887,28.5622,2004.75,508.108
9.500,0.1583,70.1718,28.5664,2004.55,508.272
9.502,0.1584,70.1548,28.5735,2004.57,508.436
9.504,0.1584,70.1379,28.5802,2004.55,508.6
9.507,0.1584,70.1209,28.5868,2004.53,508.764
9.509,0.1585,70.1041,28.5968,2004.75,508.928
9.511,0.1585,70.0871,28.6023,2004.65,509.092
9.513,0.1586,70.0702,28.6163,2005.15,509.256
9.515,0.1586,70.0533,28.62,2004.92,509.42
9.518,0.1586,70.0364,28.6457,2006.25,509.584
9.520,0.1587,70.0195,28.7412,2012.45,509.749
9.522,0.1587,70.0027,28.7602,2013.29,509.913
9.524,0.1587,73.0162,28.7486,2099.11,510.077
9.527,0.1588,72.9991,28.7749,2100.54,510.241
9.529,0.1588,72.9817,28.7585,2098.85,510.405
9.531,0.1589,72.9648,28.7901,2100.67,510.569
9.533,0.1589,72.9475,28.7817,2099.55,510.733
9.536,0.1589,72.9306,28.8131,2101.36,510.897
9.538,0.1590,72.9134,28.8046,2100.24,511.061
9.540,0.1590,72.8966,28.8352,2101.99,511.225
9.542,0.1590,72.8795,28.8602,2103.32,511.389
9.544,0.1591,72.8624,28.8466,2101.84,511.553
9.547,0.1591,72.8454,28.8772,2103.57,511.717
9.549,0.1591,72.8285,28.8852,2103.67,511.881
9.551,0.1592,72.8116,28.8928,2103.73,512.046
9.553,0.1592,72.7948,28.8999,2103.76,512.21
9.556,0.1593,72.7781,28.9064,2103.75,512.374
9.558,0.1593,72.7614,28.9125,2103.72,512.538
9.560,0.1593,72.7447,28.918,2103.63,512.702
9.562,0.1594,72.7281,28.9235,2103.55,512.866
9.565,0.1594,72.7115,28.9282,2103.41,513.03
9.567,0.1594,72.695,28.9332,2103.3,513.194
9.569,0.1595,72.6785,28.9375,2103.13,513.358
9.571,0.1595,72.662,28.8971,2099.72,513.522
9.574,0.1596,72.6456,28.9012,2099.54,513.686
9.576,0.1596,72.6292,28.8351,2094.27,513.851
9.578,0.1596,72.6128,28.8388,2094.06,514.015
9.580,0.1597,72.5964,28.8433,2093.92,514.179
9.582,0.1597,72.58,28.7694,2088.08,514.343
9.585,0.1597,72.5636,28.7996,2089.8,514.508
9.587,0.1598,72.5473,28.8049,2089.72,514.672
9.589,0.1598,72.5309,28.6738,2079.74,514.836
9.591,0.1599,72.5146,28.6204,2075.4,515.001
9.594,0.1599,72.4982,28.5452,2069.48,515.165
9.596,0.1599,72.4818,28.5565,2069.83,515.329
9.598,0.1600,72.4655,28.5574,2069.43,515.494
9.600,0.1600,72.4491,28.5716,2069.98,515.658
9.603,0.1600,72.4329,28.5697,2069.39,515.822
9.605,0.1601,72.4164,28.5946,2070.72,515.987
9.607,0.1601,72.4003,28.5892,2069.87,516.151
9.609,0.1602,72.3839,28.6104,2070.93,516.315
9.611,0.1602,72.3678,28.6004,2069.75,516.479
9.614,0.1602,72.3514,28.6249,2071.05,516.644
9.616,0.1603,72.3354,28.6326,2071.15,516.808
9.618,0.1603,72.3191,28.663,2072.88,516.972
9.620,0.1603,72.3032,28.6402,2070.78,517.136
9.623,0.1604,72.2869,28.6561,2071.46,517.3
9.625,0.1604,72.2711,28.6302,2069.14,517.465
9.627,0.1605,72.2549,28.663,2071.04,517.629
9.629,0.1605,72.2391,28.6336,2068.47,517.793
9.632,0.1605,72.223,28.655,2069.55,517.957
9.634,0.1606,72.2069,28.657,2069.23,518.121
9.636,0.1606,72.1908,28.6591,2068.92,518.286
9.638,0.1606,72.1748,28.6607,2068.58,518.45
9.641,0.1607,72.1587,28.7849,2077.08,518.614
9.643,0.1607,72.1427,28.7866,2076.74,518.778
9.645,0.1607,72.1267,28.7885,2076.42,518.943
9.647,0.1608,72.1107,28.7902,2076.08,519.107
9.649,0.1608,72.0947,28.7922,2075.76,519.271
9.652,0.1609,72.0787,28.794,2075.43,519.436
9.654,0.1609,72.0626,28.796,2075.12,519.6
9.656,0.1609,72.0466,28.7955,2074.61,519.764
9.658,0.1610,72.0305,28.7999,2074.47,519.929
9.661,0.1610,72.0144,28.7967,2073.78,520.093
9.663,0.1610,71.9983,28.7646,2071,520.257
9.665,0.1611,71.9822,28.79,2072.37,520.422
9.667,0.1611,71.9659,28.6977,2065.26,520.586
9.670,0.1612,71.9498,28.6951,2064.61,520.751
9.672,0.1612,71.9335,28.682,2063.2,520.915
9.674,0.1612,71.9174,28.6796,2062.56,521.08
9.676,0.1613,71.9011,28.6553,2060.35,521.244
9.678,0.1613,71.885,28.5747,2054.09,521.408
9.681,0.1613,71.8686,28.5818,2054.13,521.573
9.683,0.1614,71.8525,28.5722,2052.98,521.737
9.685,0.1614,71.8362,28.5171,2048.56,521.902
9.687,0.1615,71.8202,28.5014,2046.98,522.066
9.690,0.1615,71.8039,28.5178,2047.69,522.231
9.692,0.1615,71.7879,28.499,2045.88,522.395
9.694,0.1616,71.7716,28.5185,2046.82,522.56
9.696,0.1616,71.7557,28.5111,2045.83,522.724
9.699,0.1616,71.7396,28.4926,2044.05,522.888
9.701,0.1617,71.7237,28.4892,2043.36,523.053
9.703,0.1617,71.7077,28.494,2043.24,523.217
9.705,0.1618,71.6919,28.494,2042.79,523.382
9.707,0.1618,71.6759,28.2723,2026.44,523.547
9.710,0.1618,71.6603,28.2696,2025.81,523.711
9.712,0.1619,71.6444,28.2779,2025.95,523.876
9.714,0.1619,71.6288,28.2832,2025.89,524.04
9.716,0.1619,71.613,28.3515,2030.34,524.205
9.719,0.1620,71.5976,28.3492,2029.73,524.369
9.721,0.1620,71.5818,28.3296,2027.88,524.534
9.723,0.1621,71.5661,28.3342,2027.77,524.698
9.725,0.1621,71.5503,28.3708,2029.94,524.863
9.728,0.1621,71.5347,28.3756,2029.84,525.027
9.730,0.1622,71.5189,28.3819,2029.84,525.192
9.732,0.1622,71.5033,28.3703,2028.57,525.356
9.734,0.1622,71.4875,28.382,2028.96,525.521
9.737,0.1623,71.472,28.3809,2028.44,525.685
9.739,0.1623,71.4562,28.3954,2029.03,525.85
9.741,0.1623,71.4406,28.3908,2028.26,526.014
9.743,0.1624,71.4248,28.4083,2029.06,526.179
9.745,0.1624,71.4092,28.3993,2027.97,526.343
9.748,0.1625,71.3934,28.4199,2028.99,526.508
9.750,0.1625,71.3778,28.4058,2027.54,526.672
9.752,0.1625,71.3619,28.4296,2028.79,526.837
9.754,0.1626,71.3464,28.41,2026.95,527.001
9.757,0.1626,71.3304,28.437,2028.42,527.166
9.759,0.1626,71.3149,28.4119,2026.19,527.33
9.761,0.1627,71.2989,28.4745,2030.2,527.495
9.763,0.1627,71.2834,28.3883,2023.61,527.659
9.766,0.1628,71.2673,28.4247,2025.75,527.824
9.768,0.1628,71.2518,28.3865,2022.59,527.989
9.770,0.1628,71.2358,28.4252,2024.89,528.153
9.772,0.1629,71.2203,28.3841,2021.53,528.318
9.774,0.1629,71.2043,28.3621,2019.51,528.483
9.777,0.1629,71.1888,28.3202,2016.08,528.647
9.779,0.1630,71.1728,28.361,2018.53,528.812
9.781,0.1630,71.1573,28.3189,2015.1,528.977
9.783,0.1631,71.1414,28.36,2017.57,529.142
9.786,0.1631,71.1259,28.2515,2009.42,529.306
9.788,0.1631,71.1099,28.2911,2011.78,529.471
9.790,0.1632,71.0945,28.1733,2002.97,529.636
9.792,0.1632,71.0786,28.1988,2004.33,529.801
9.795,0.1632,71.0632,28.0588,1993.95,529.965
9.797,0.1633,71.0472,28.132,1998.7,530.13
9.799,0.1633,71.0319,28.2649,2007.71,530.295
9.801,0.1634,71.0159,28.2767,2008.09,530.459
9.803,0.1634,71.0006,28.2754,2007.57,530.624
9.806,0.1634,70.9846,28.3014,2008.96,530.789
9.808,0.1635,70.9693,28.3046,2008.75,530.953
9.810,0.1635,70.9533,28.3081,2008.55,531.118
9.812,0.1635,70.9374,28.3118,2008.36,531.283
9.815,0.1636,70.9214,28.3153,2008.16,531.447
9.817,0.1636,70.9055,28.3091,2007.27,531.612
9.819,0.1637,70.8895,28.3121,2007.03,531.776
9.821,0.1637,70.8736,28.3153,2006.81,531.941
9.824,0.1637,70.8576,28.3181,2006.55,532.106
9.826,0.1638,70.8417,28.394,2011.48,532.27
9.828,0.1638,70.8257,28.3978,2011.3,532.435
9.830,0.1638,70.8098,28.4019,2011.13,532.6
9.833,0.1639,70.7938,28.4057,2010.95,532.765
9.835,0.1639,70.7779,28.4096,2010.77,532.929
9.837,0.1639,70.762,28.4135,2010.6,533.094
9.839,0.1640,70.746,28.4175,2010.43,533.259
9.841,0.1640,70.7301,28.4217,2010.27,533.424
9.844,0.1641,70.7142,28.4259,2010.11,533.589
9.846,0.1641,70.6983,28.4304,2009.98,533.754
9.848,0.1641,70.6824,28.435,2009.85,533.918
9.850,0.1642,70.6666,28.372,2004.95,534.083
9.853,0.1642,70.6507,28.3409,2002.3,534.248
9.855,0.1642,70.6349,28.3455,2002.18,534.413
9.857,0.1643,70.6191,28.3487,2001.96,534.578
9.859,0.1643,70.6032,28.3549,2001.95,534.743
9.862,0.1644,70.5874,28.3568,2001.63,534.908
9.864,0.1644,70.5715,28.3652,2001.77,535.073
9.866,0.1644,70.5558,28.3846,2002.69,535.238
9.868,0.1645,70.5398,28.3941,2002.91,535.403
9.870,0.1645,70.5242,28.3921,2002.33,535.568
9.873,0.1645,70.5083,28.405,2002.79,535.732
9.875,0.1646,70.4927,28.424,2003.69,535.897
9.877,0.1646,70.4767,28.4422,2004.51,536.062
9.879,0.1647,70.4612,28.4303,2003.24,536.227
9.882,0.1647,70.4453,28.4539,2004.45,536.392
9.884,0.1647,70.4299,28.4356,2002.71,536.556
9.886,0.1648,70.414,28.4653,2004.36,536.721
9.888,0.1648,70.3986,28.4397,2002.12,536.886
9.891,0.1648,73.275,28.4791,2086.81,537.051
9.893,0.1649,73.2587,28.4469,2083.98,537.215
9.895,0.1649,73.2423,28.4533,2083.98,537.38
9.897,0.1650,73.226,28.4317,2081.94,537.545
9.899,0.1650,73.2096,28.3996,2079.12,537.71
9.902,0.1650,73.1932,28.395,2078.32,537.875
9.904,0.1651,73.1767,28.3991,2078.16,538.04
9.906,0.1651,73.1603,28.4032,2077.99,538.205
9.908,0.1651,73.1438,28.4072,2077.81,538.37
9.911,0.1652,73.1273,28.4112,2077.63,538.535
9.913,0.1652,73.1108,28.352,2072.84,538.7
9.915,0.1653,73.0943,28.3559,2072.66,538.865
9.917,0.1653,73.0778,28.3599,2072.48,539.03
9.920,0.1653,73.0612,28.3942,2074.51,539.195
9.922,0.1654,73.0446,28.3983,2074.34,539.36
9.924,0.1654,73.0279,28.4153,2075.11,539.525
9.926,0.1654,73.0112,28.417,2074.76,539.69
9.929,0.1655,72.9945,28.3984,2072.93,539.855
9.931,0.1655,72.9778,28.4039,2072.85,540.02
9.933,0.1655,72.961,28.0845,2049.07,540.185
9.935,0.1656,72.9442,28.0955,2049.41,540.351
9.937,0.1656,72.9274,28.0979,2049.11,540.516
9.940,0.1657,72.9105,28.1119,2049.66,540.681
9.942,0.1657,72.8937,28.1114,2049.14,540.846
9.944,0.1657,72.8768,28.1295,2049.98,541.011
9.946,0.1658,72.86,28.125,2049.18,541.176
9.949,0.1658,72.8431,28.148,2050.39,541.341
9.951,0.1658,72.8262,28.1959,2053.4,541.506
9.953,0.1659,72.8093,28.2004,2053.26,541.671
9.955,0.1659,72.7926,28.2104,2053.51,541.837
9.958,0.1660,72.7757,28.219,2053.66,542.002
9.960,0.1660,72.759,28.2257,2053.67,542.167
9.962,0.1660,72.7422,28.2388,2054.15,542.332
9.964,0.1661,72.7255,28.2418,2053.9,542.497
9.966,0.1661,72.7088,28.2596,2054.73,542.662
9.969,0.1661,72.6923,28.2589,2054.2,542.827
9.971,0.1662,72.6756,28.3017,2056.84,542.992
9.973,0.1662,72.6592,28.2209,2050.51,543.157
9.975,0.1663,72.6427,28.1845,2047.4,543.323
9.978,0.1663,72.6263,28.1852,2046.99,543.488
9.980,0.1663,72.6099,28.161,2044.77,543.653
9.982,0.1664,72.5937,28.1333,2042.3,543.818
9.984,0.1664,72.5774,28.182,2045.37,543.983
9.987,0.1664,72.5613,28.1516,2042.72,544.148
9.989,0.1665,72.5451,28.1612,2042.96,544.313
9.991,0.1665,72.5289,28.1075,2038.61,544.479
9.993,0.1666,72.5127,28.1153,2038.72,544.644
9.996,0.1666,72.4967,28.1229,2038.82,544.809
9.998,0.1666,72.4805,27.8936,2021.74,544.974
10.000,0.1667,72.4645,27.9048,2022.11,545.139
10.002,0.1667,72.4484,27.92,2022.76,545.305
10.004,0.1667,72.4324,27.9601,2025.22,545.47
10.007,0.1668,72.4163,27.9604,2024.79,545.635
10.009,0.1668,72.4003,27.9741,2025.33,545.8
10.011,0.1669,72.3841,27.9765,2025.06,545.965
10.013,0.1669,72.3681,27.9837,2025.13,546.131
10.016,0.1669,72.3519,28.0074,2026.39,546.296
10.018,0.1670,72.3358,28.0058,2025.82,546.461
10.020,0.1670,72.3195,28.0179,2026.24,546.626
10.022,0.1670,72.3034,28.012,2025.36,546.791
10.025,0.1671,72.287,28.0286,2026.1,546.957
10.027,0.1671,72.2708,28.018,2024.89,547.122
10.029,0.1672,72.2544,28.0651,2027.83,547.287
10.031,0.1672,72.2381,28.0527,2026.48,547.452
10.033,0.1672,72.2216,28.0769,2027.76,547.618
10.036,0.1673,72.2052,28.013,2022.68,547.783
10.038,0.1673,72.1887,28.0436,2024.43,547.948
10.040,0.1673,72.1722,27.9344,2016.09,548.113
10.042,0.1674,72.1556,27.9696,2018.17,548.279
10.045,0.1674,72.1391,27.9456,2015.97,548.444
10.047,0.1674,72.1224,27.9858,2018.41,548.61
10.049,0.1675,72.1059,27.9587,2015.99,548.775
10.051,0.1675,72.0892,28.0029,2018.71,548.94
10.054,0.1676,72.0727,27.9736,2016.13,549.106
10.056,0.1676,72.0561,28.0204,2019.04,549.271
10.058,0.1676,72.0395,27.9905,2016.42,549.436
10.060,0.1677,72.0229,28.0381,2019.38,549.602
10.063,0.1677,72.0064,28.0088,2016.81,549.767
10.065,0.1677,71.9898,28.0557,2019.73,549.932
10.067,0.1678,71.9734,27.9816,2013.93,550.098
10.069,0.1678,71.9568,28.0262,2016.67,550.263
10.071,0.1679,71.9405,28.0015,2014.44,550.428
10.074,0.1679,71.9239,28.0425,2016.93,550.594
10.076,0.1679,71.9077,28.0221,2015.01,550.759
10.078,0.1680,71.8913,27.9585,2009.97,550.924
10.080,0.1680,71.8748,28.0028,2012.69,551.09
10.083,0.1680,71.8585,28.0445,2015.23,551.255
10.085,0.1681,71.8422,28.0547,2015.51,551.421
10.087,0.1681,71.8259,28.0653,2015.82,551.586
10.089,0.1682,71.8097,28.106,2018.28,551.752
10.092,0.1682,71.7935,28.1174,2018.65,551.917
10.094,0.1682,71.7774,28.1292,2019.04,552.083
10.096,0.1683,71.7613,28.1414,2019.47,552.248
10.098,0.1683,71.7452,28.1862,2022.23,552.414
10.100,0.1683,71.7292,28.1993,2022.71,552.579
10.103,0.1684,71.7132,28.2125,2023.21,552.745
10.105,0.1684,71.6973,28.2258,2023.71,552.91
10.107,0.1685,71.6813,28.2393,2024.23,553.076
10.109,0.1685,71.6654,28.2527,2024.74,553.242
10.112,0.1685,71.6495,28.2661,2025.25,553.407
10.114,0.1686,71.6336,28.2253,2021.88,553.573
10.116,0.1686,71.6177,28.238,2022.34,553.738
10.118,0.1686,71.6018,28.2501,2022.76,553.904
10.121,0.1687,71.5859,28.2884,2025.05,554.07
10.123,0.1687,71.57,28.2995,2025.4,554.235
10.125,0.1688,71.5541,28.3068,2025.47,554.401
10.127,0.1688,71.5383,28.3201,2025.97,554.566
10.130,0.1688,71.5224,28.2579,2021.07,554.732
10.132,0.1689,71.5066,28.2734,2021.74,554.897
10.134,0.1689,71.4907,28.2234,2017.71,555.063
10.136,0.1689,71.4749,28.1506,2012.06,555.228
10.138,0.1690,71.4591,28.145,2011.22,555.393
10.141,0.1690,71.4433,28.1471,2010.92,555.559
10.143,0.1690,71.4275,28.189,2013.47,555.724
10.145,0.1691,71.4118,28.1892,2013.04,555.89
10.147,0.1691,71.396,28.1923,2012.81,556.055
10.150,0.1692,71.3803,28.1895,2012.17,556.22
10.152,0.1692,71.3646,28.193,2011.98,556.386
10.154,0.1692,71.3489,28.3429,2022.24,556.551
10.156,0.1693,71.3333,28.3574,2022.83,556.716
10.159,0.1693,71.3177,28.3365,2020.89,556.882
10.161,0.1693,71.3021,28.3541,2021.7,557.047
10.163,0.1694,71.2866,28.3288,2019.46,557.213
10.165,0.1694,71.2711,28.3502,2020.55,557.378
10.167,0.1695,71.2555,28.3462,2019.82,557.544
10.170,0.1695,71.2401,28.3424,2019.11,557.709
10.172,0.1695,71.2246,28.3494,2019.18,557.875
10.174,0.1696,71.2092,28.3459,2018.49,558.04
10.176,0.1696,71.1938,28.3434,2017.87,558.206
10.179,0.1696,71.1784,28.3409,2017.26,558.372
10.181,0.1697,71.1631,28.3923,2020.48,558.538
10.183,0.1697,71.1478,28.3913,2019.98,558.703
10.185,0.1698,71.1324,28.3921,2019.6,558.869
10.188,0.1698,71.1171,28.3928,2019.22,559.035
10.190,0.1698,71.1018,28.3956,2018.98,559.2
10.192,0.1699,71.0865,28.4013,2018.95,559.366
10.194,0.1699,71.071,28.3741,2016.58,559.532
10.197,0.1699,71.0556,28.2866,2009.92,559.697
10.199,0.1700,71.0401,28.2874,2009.54,559.863
10.201,0.1700,71.0246,28.3036,2010.25,560.029
10.203,0.1701,71.009,28.3025,2009.73,560.195
10.205,0.1701,70.9934,28.3229,2010.74,560.36
10.208,0.1701,70.9776,28.2429,2004.61,560.526
10.210,0.1702,70.962,28.2682,2005.97,560.691
10.212,0.1702,70.9461,28.2612,2005.02,560.857
10.214,0.1702,70.9304,28.2902,2006.64,561.023
10.217,0.1703,70.9144,28.28,2005.46,561.188
10.219,0.1703,70.8987,28.2627,2003.79,561.354
10.221,0.1704,70.8826,28.2418,2001.85,561.52
10.223,0.1704,70.8668,28.2833,2004.35,561.685
10.226,0.1704,70.8507,28.1976,1997.82,561.851
10.228,0.1705,70.8348,28.2468,2000.86,562.016
10.230,0.1705,70.8187,28.2105,1997.83,562.182
10.232,0.1705,70.8029,28.2645,2001.21,562.348
10.234,0.1706,70.7868,27.9481,1978.36,562.514
10.237,0.1706,70.771,27.9842,1980.47,562.679
10.239,0.1706,70.7551,27.9587,1978.22,562.845
10.241,0.1707,70.7393,27.9995,1980.67,563.01
10.243,0.1707,70.7235,27.9675,1977.96,563.176
10.246,0.1708,73.3695,28.0388,2057.19,563.342
10.248,0.1708,73.3538,27.9362,2049.23,563.508
10.250,0.1708,73.338,28.0035,2053.72,563.673
10.252,0.1709,73.3224,27.9294,2047.86,563.839
10.255,0.1709,73.3068,28.0068,2053.09,564.005
10.257,0.1709,73.2914,28.034,2054.65,564.171
10.259,0.1710,73.2762,27.9612,2048.89,564.337
10.261,0.1710,73.261,27.9596,2048.35,564.502
10.264,0.1711,73.2459,27.9646,2048.29,564.668
10.266,0.1711,73.2308,27.9595,2047.5,564.834
10.268,0.1711,73.2158,27.9548,2046.73,565
10.270,0.1712,73.2008,27.9677,2047.26,565.166
10.272,0.1712,73.1858,27.9767,2047.5,565.332
10.275,0.1712,73.1709,27.9648,2046.21,565.498
10.277,0.1713,73.1559,27.9762,2046.62,565.664
10.279,0.1713,73.141,27.9615,2045.13,565.83
10.281,0.1714,73.1259,27.9751,2045.7,565.995
10.284,0.1714,73.111,27.9576,2044.01,566.161
10.286,0.1714,73.0958,27.9738,2044.77,566.327
10.288,0.1715,73.0807,27.9537,2042.88,566.493
10.290,0.1715,73.0655,27.9729,2043.85,566.659
10.293,0.1715,73.0503,27.9502,2041.77,566.825
10.295,0.1716,73.0349,27.9727,2042.98,566.99
10.297,0.1716,73.0195,27.9472,2040.69,567.156
10.299,0.1717,73.004,28.0037,2044.38,567.322
10.301,0.1717,72.9885,27.9828,2042.42,567.488
10.304,0.1717,72.9728,28.0062,2043.69,567.654
10.306,0.1718,72.9571,28.0502,2046.46,567.82
10.308,0.1718,72.9413,28.0264,2044.29,567.986
10.310,0.1718,72.9255,28.0069,2042.42,568.152
10.313,0.1719,72.9095,28.0328,2043.86,568.317
10.315,0.1719,72.8936,28.0103,2041.77,568.483
10.317,0.1720,72.8775,28.1925,2054.6,568.649
10.319,0.1720,72.8615,28.1054,2047.8,568.815
10.322,0.1720,72.8454,28.1568,2051.09,568.981
10.324,0.1721,72.8293,28.108,2047.08,569.147
10.326,0.1721,72.8131,28.1143,2047.09,569.313
10.328,0.1721,72.7969,28.0592,2042.62,569.479
10.331,0.1722,72.7806,28.1243,2046.91,569.645
10.333,0.1722,72.7645,28.0867,2043.71,569.811
10.335,0.1722,72.7482,28.1618,2048.72,569.977
10.337,0.1723,72.732,28.0931,2043.27,570.143
10.339,0.1723,72.7158,28.1731,2048.63,570.309
10.342,0.1724,72.6996,28.1007,2042.91,570.475
10.344,0.1724,72.6834,28.1846,2048.56,570.641
10.346,0.1724,72.6674,28.1891,2048.43,570.807
10.348,0.1725,72.6514,28.1936,2048.3,570.974
10.351,0.1725,72.6354,28.1981,2048.18,571.14
10.353,0.1725,72.6194,28.2026,2048.06,571.306
10.355,0.1726,72.6036,28.2072,2047.94,571.473
10.357,0.1726,72.5877,28.2119,2047.84,571.639
10.360,0.1727,72.572,28.2166,2047.74,571.805
10.362,0.1727,72.5563,28.2215,2047.65,571.972
10.364,0.1727,72.5406,28.2264,2047.56,572.138
10.366,0.1728,72.525,28.1727,2043.22,572.304
10.369,0.1728,72.5095,28.1775,2043.13,572.47
10.371,0.1728,72.494,28.1826,2043.07,572.637
10.373,0.1729,72.4786,28.1876,2042.99,572.803
10.375,0.1729,72.4632,28.1152,2037.32,572.969
10.377,0.1730,72.4479,28.1197,2037.21,573.135
10.380,0.1730,72.4326,28.1509,2039.04,573.301
10.382,0.1730,72.4174,28.1552,2038.93,573.468
10.384,0.1731,72.4022,28.1598,2038.83,573.634
10.386,0.1731,72.387,28.164,2038.7,573.8
10.389,0.1731,72.3719,28.1682,2038.59,573.966
10.391,0.1732,72.3568,28.172,2038.44,574.132
10.393,0.1732,72.3417,28.1806,2038.63,574.298
10.395,0.1733,72.3266,28.1791,2038.09,574.464
10.398,0.1733,72.3115,28.1358,2034.54,574.63
10.400,0.1733,72.2963,28.1289,2033.62,574.796
10.402,0.1734,72.2812,28.0724,2029.1,574.961
10.404,0.1734,72.266,27.8452,2012.26,575.127
10.406,0.1734,72.2509,27.8647,2013.25,575.293
10.409,0.1735,72.2357,27.8452,2011.42,575.459
10.411,0.1735,72.2206,27.8669,2012.56,575.625
10.413,0.1736,72.2053,27.7861,2006.3,575.791
10.415,0.1736,72.1901,27.7592,2003.94,575.956
10.418,0.1736,72.1748,27.8791,2012.16,576.122
10.420,0.1737,72.1595,27.9173,2014.5,576.288
10.422,0.1737,72.1441,27.8725,2010.84,576.454
10.424,0.1737,72.1289,27.9133,2013.36,576.62
10.427,0.1738,72.1134,27.8647,2009.42,576.786
10.429,0.1738,72.0981,27.9179,2012.83,576.951
10.431,0.1739,72.0826,27.8086,2004.52,577.118
10.433,0.1739,72.0672,27.8516,2007.19,577.283
10.436,0.1739,72.0517,27.7094,1996.51,577.45
10.438,0.1740,72.0362,27.7062,1995.85,577.616
10.440,0.1740,72.0206,27.7032,1995.2,577.782
10.442,0.1740,72.005,27.7005,1994.58,577.948
10.444,0.1741,71.9894,27.6984,1993.99,578.114
10.447,0.1741,71.9738,27.6965,1993.43,578.281
10.449,0.1741,71.9582,27.6954,1992.91,578.447
10.451,0.1742,71.9425,27.8463,2003.33,578.613
10.453,0.1742,71.9269,27.847,2002.95,578.779
10.456,0.1743,71.9112,27.8478,2002.57,578.945
10.458,0.1743,71.8955,27.8495,2002.25,579.112
10.460,0.1743,71.8798,27.859,2002.5,579.278
10.462,0.1744,71.864,27.8568,2001.9,579.444
10.465,0.1744,71.8483,27.8992,2004.51,579.61
10.467,0.1744,71.8325,27.8886,2003.31,579.776
10.469,0.1745,71.8167,27.9142,2004.71,579.942
10.471,0.1745,71.8008,27.8978,2003.09,580.108
10.474,0.1746,71.7851,27.8749,2001,580.274
10.476,0.1746,71.7692,27.8551,1999.14,580.44
10.478,0.1746,71.7535,27.8994,2001.88,580.606
10.480,0.1747,71.7376,27.874,1999.61,580.772
10.482,0.1747,71.7219,27.9154,2002.14,580.938
10.485,0.1747,71.7059,27.9209,2002.09,581.104
10.487,0.1748,71.6903,27.9627,2004.65,581.27
10.489,0.1748,71.6744,27.8522,1996.29,581.436
10.491,0.1749,71.6588,27.926,2001.14,581.602
10.494,0.1749,71.643,27.8641,1996.27,581.768
10.496,0.1749,71.6275,27.9406,2001.31,581.934
10.498,0.1750,71.6118,27.8763,1996.28,582.1
10.500,0.1750,71.5964,27.9951,2004.35,582.266
10.503,0.1750,71.5808,27.9273,1999.06,582.432
10.505,0.1751,71.5655,28.0069,2004.33,582.598
10.507,0.1751,71.5501,27.8751,1994.47,582.765
10.509,0.1752,71.5349,27.998,2002.84,582.93
10.511,0.1752,71.5196,27.9631,1999.91,583.097
10.514,0.1752,71.5046,28.0308,2004.33,583.263
10.516,0.1753,71.4895,27.9206,1996.03,583.429
10.518,0.1753,71.4747,27.9937,2000.84,583.595
10.520,0.1753,71.4597,27.9259,1995.58,583.762
10.523,0.1754,71.4451,27.9985,2000.36,583.927
10.525,0.1754,71.4303,28.0005,2000.09,584.094
10.527,0.1755,71.4156,28.0069,2000.13,584.261
10.529,0.1755,71.401,28.0069,1999.72,584.428
10.532,0.1755,71.3865,28.016,1999.97,584.594
10.534,0.1756,71.372,28.0107,1999.18,584.761
10.536,0.1756,71.3576,27.9732,1996.1,584.927
10.538,0.1756,71.3432,27.9706,1995.51,585.094
10.541,0.1757,71.329,27.9805,1995.82,585.26
10.543,0.1757,71.3146,27.9759,1995.09,585.427
10.545,0.1758,71.3005,27.987,1995.49,585.593
10.547,0.1758,71.2862,27.9803,1994.61,585.759
10.549,0.1758,71.2721,27.9923,1995.07,585.925
10.552,0.1759,71.2578,27.9836,1994.05,586.092
10.554,0.1759,71.2438,27.9965,1994.58,586.258
10.556,0.1759,71.2294,27.762,1977.47,586.424
10.558,0.1760,71.2153,27.7734,1977.89,586.59
10.561,0.1760,71.2008,27.764,1976.82,586.756
10.563,0.1760,71.1867,27.7751,1977.22,586.922
10.565,0.1761,71.1721,27.7657,1976.15,587.089
10.567,0.1761,71.1579,27.7773,1976.57,587.255
10.570,0.1762,71.1432,27.7812,1976.44,587.421
10.572,0.1762,71.1289,27.7945,1976.99,587.587
10.574,0.1762,71.114,27.7969,1976.75,587.754
10.576,0.1763,71.0995,27.8,1976.57,587.92
10.579,0.1763,71.0845,27.8015,1976.25,588.086
10.581,0.1763,71.0699,27.6569,1965.57,588.252
10.583,0.1764,71.0547,27.6574,1965.19,588.419
10.585,0.1764,71.04,27.6779,1966.24,588.585
10.587,0.1765,71.0247,27.662,1964.69,588.752
10.590,0.1765,71.0099,27.6893,1966.21,588.918
10.592,0.1765,70.9945,27.6675,1964.24,589.085
10.594,0.1766,70.9797,27.7077,1966.68,589.252
10.596,0.1766,70.9641,27.6739,1963.86,589.419
10.599,0.1766,70.9493,27.6639,1962.73,589.585
10.601,0.1767,70.9337,27.5634,1955.17,589.752
10.603,0.1767,70.9189,27.6363,1959.93,589.918
10.605,0.1768,70.9033,27.5715,1954.91,590.085
10.608,0.1768,70.8885,27.6588,1960.69,590.252
10.610,0.1768,70.873,27.5275,1950.96,590.419
10.612,0.1769,73.7073,27.6615,2038.85,590.585
10.614,0.1769,73.6919,27.6677,2038.88,590.752
10.617,0.1769,73.6765,27.6736,2038.89,590.919
10.619,0.1770,73.6612,27.6793,2038.89,591.086
10.621,0.1770,73.646,27.6138,2033.65,591.253
10.623,0.1771,73.6308,27.6192,2033.62,591.42
10.625,0.1771,73.6157,27.6243,2033.58,591.587
10.628,0.1771,73.6007,27.6292,2033.53,591.754
10.630,0.1772,73.5857,27.6339,2033.46,591.921
10.632,0.1772,73.5707,27.6383,2033.37,592.088
10.634,0.1772,73.5558,27.687,2036.54,592.255
10.637,0.1773,73.5409,27.6909,2036.42,592.422
10.639,0.1773,73.5261,27.6949,2036.3,592.589
10.641,0.1774,73.5112,27.6989,2036.18,592.756
10.643,0.1774,73.4964,27.7031,2036.08,592.923
10.646,0.1774,73.4816,27.6368,2030.8,593.09
10.648,0.1775,73.4668,27.6416,2030.74,593.256
10.650,0.1775,73.452,27.6466,2030.69,593.423
10.652,0.1775,73.4371,27.652,2030.68,593.59
10.655,0.1776,73.4223,27.6578,2030.7,593.757
10.657,0.1776,73.4074,27.8348,2043.28,593.923
10.659,0.1777,73.3924,27.8429,2043.46,594.09
10.661,0.1777,73.3775,27.8682,2044.89,594.256
10.663,0.1777,73.3624,27.8763,2045.08,594.423
10.666,0.1778,73.3474,27.8663,2043.92,594.59
10.668,0.1778,73.3323,27.8729,2043.98,594.756
10.670,0.1778,73.3172,27.8852,2044.46,594.923
10.672,0.1779,73.302,27.8916,2044.51,595.089
10.675,0.1779,73.2868,27.9037,2044.98,595.256
10.677,0.1779,73.2716,27.9108,2045.07,595.422
10.679,0.1780,73.2563,27.8627,2041.12,595.589
10.681,0.1780,73.2411,27.8683,2041.11,595.755
10.684,0.1781,73.2258,27.8788,2041.45,595.922
10.686,0.1781,73.2105,27.8862,2041.56,596.088
10.688,0.1781,73.1952,27.8935,2041.67,596.255
10.690,0.1782,73.18,27.9295,2043.88,596.421
10.693,0.1782,73.1647,27.9741,2046.71,596.588
10.695,0.1782,73.1495,27.9843,2047.03,596.754
10.697,0.1783,73.1343,27.9872,2046.82,596.921
10.699,0.1783,73.1192,27.9988,2047.25,597.088
10.701,0.1784,73.104,27.9003,2039.63,597.254
10.704,0.1784,73.089,27.918,2040.5,597.421
10.706,0.1784,73.074,27.8453,2034.77,597.588
10.708,0.1785,73.0591,27.8522,2034.86,597.755
10.710,0.1785,73.0442,27.8594,2034.96,597.922
10.713,0.1785,73.0293,27.8666,2035.08,598.089
10.715,0.1786,73.0145,27.874,2035.2,598.256
10.717,0.1786,72.9997,27.8815,2035.34,598.422
10.719,0.1787,72.9849,27.8891,2035.48,598.589
10.722,0.1787,72.9701,27.8969,2035.64,598.756
10.724,0.1787,72.9554,27.9048,2035.81,598.923
10.726,0.1788,72.9406,27.8788,2033.5,599.09
10.728,0.1788,72.9259,27.8878,2033.74,599.256
10.731,0.1788,72.9111,27.9154,2035.34,599.423
10.733,0.1789,72.8964,27.9262,2035.72,599.589
10.735,0.1789,72.8815,27.93,2035.58,599.756
10.737,0.1790,72.8668,27.942,2036.05,599.923
10.739,0.1790,72.8519,27.9447,2035.83,600.089
10.742,0.1790,72.8371,28.0108,2040.23,600.256
10.744,0.1791,72.8222,28.0266,2040.96,600.422
10.746,0.1791,72.8074,28.0254,2040.46,600.589
10.748,0.1791,72.7924,28.0072,2038.71,600.755
10.751,0.1792,72.7777,27.9964,2037.51,600.921
10.753,0.1792,72.7627,28.0174,2038.62,601.088
10.755,0.1793,72.7479,27.9967,2036.7,601.254
10.757,0.1793,72.733,28.1962,2050.79,601.421
10.760,0.1793,72.7182,28.0993,2043.33,601.587
10.762,0.1794,72.7033,28.149,2046.52,601.754
10.764,0.1794,72.6886,28.1133,2043.51,601.92
10.766,0.1794,72.6738,28.1651,2046.86,602.087
10.769,0.1795,72.6591,28.1527,2045.55,602.254
10.771,0.1795,72.6444,28.2139,2049.58,602.421
10.773,0.1796,72.6298,28.1671,2045.77,602.587
10.775,0.1796,72.6153,28.2283,2049.81,602.754
10.777,0.1796,72.6008,28.1824,2046.06,602.921
10.780,0.1797,72.5864,28.2421,2049.99,603.088
10.782,0.1797,72.572,28.1989,2046.45,603.254
10.784,0.1797,72.5578,28.2554,2050.15,603.422
10.786,0.1798,72.5436,28.117,2039.71,603.588
10.789,0.1798,72.5295,28.173,2043.37,603.756
10.791,0.1798,72.5155,28.1352,2040.24,603.922
10.793,0.1799,72.5016,28.1552,2041.29,604.09
10.795,0.1799,72.4877,28.1597,2041.23,604.257
10.798,0.1800,72.4739,28.1703,2041.62,604.424
10.800,0.1800,72.4602,28.1328,2038.51,604.592
10.802,0.1800,72.4465,28.137,2038.43,604.759
10.804,0.1801,72.4329,27.9999,2028.11,604.927
10.807,0.1801,72.4193,28.024,2029.48,605.094
10.809,0.1801,72.4058,27.9415,2023.12,605.261
10.811,0.1802,72.3921,27.9728,2025.01,605.428
10.813,0.1802,72.3787,27.9504,2023.01,605.595
10.815,0.1803,72.3651,27.9897,2025.48,605.762
10.818,0.1803,72.3516,27.966,2023.39,605.929
10.820,0.1803,72.338,27.9981,2025.33,606.096
10.822,0.1804,72.3246,27.9699,2022.91,606.263
10.824,0.1804,72.3109,28.0063,2025.16,606.43
10.827,0.1804,72.2974,27.9717,2022.28,606.597
10.829,0.1805,72.2838,28.0116,2024.79,606.764
10.831,0.1805,72.2702,27.9714,2021.5,606.93
10.833,0.1806,72.2565,28.0142,2024.21,607.097
10.836,0.1806,72.2428,27.9695,2020.59,607.264
10.838,0.1806,72.229,28.0892,2028.86,607.431
10.840,0.1807,72.2153,27.9659,2019.56,607.597
10.842,0.1807,72.2015,28.0176,2022.91,607.764
10.845,0.1807,72.1876,27.9896,2020.51,607.931
10.847,0.1808,72.1737,28.0361,2023.47,608.098
10.849,0.1808,72.1598,28.0188,2021.83,608.265
10.851,0.1809,72.1458,28.0687,2025.04,608.432
10.853,0.1809,72.1318,28.0182,2021,608.599
10.856,0.1809,72.1178,28.0665,2024.1,608.766
10.858,0.1810,72.1038,28.0593,2023.18,608.933
10.860,0.1810,72.0898,28.1071,2026.23,609.101
10.862,0.1810,72.0756,28.0577,2022.27,609.268
10.865,0.1811,72.0616,28.1086,2025.55,609.435
10.867,0.1811,72.0475,28.059,2021.58,609.603
10.869,0.1812,72.0333,28.1122,2025.02,609.77
10.871,0.1812,72.0193,28.0631,2021.09,609.937
10.874,0.1812,72.0051,28.118,2024.64,610.105
10.876,0.1813,71.9911,28.0603,2020.09,610.272
10.878,0.1813,71.9769,28.1112,2023.36,610.44
10.880,0.1813,71.963,28.0067,2015.45,610.607
10.882,0.1814,71.9489,28.0116,2015.4,610.775
10.885,0.1814,71.9348,28.0173,2015.42,610.942
10.887,0.1814,71.9208,28.0226,2015.41,611.11
10.889,0.1815,71.9068,28.0287,2015.46,611.277
10.891,0.1815,71.8929,28.0343,2015.47,611.445
10.894,0.1816,71.879,28.0406,2015.53,611.613
10.896,0.1816,71.8652,28.0461,2015.54,611.78
10.898,0.1816,71.8515,28.0522,2015.6,611.947
10.900,0.1817,71.8378,28.0576,2015.59,612.115
10.903,0.1817,71.8241,28.0933,2017.78,612.282
10.905,0.1817,71.8105,28.0986,2017.78,612.45
10.907,0.1818,71.797,28.0868,2016.55,612.617
10.909,0.1818,71.7834,28.0914,2016.5,612.784
10.912,0.1819,71.7699,28.0962,2016.46,612.952
10.914,0.1819,71.7565,28.1005,2016.39,613.119
10.916,0.1819,71.743,28.0419,2011.81,613.286
10.918,0.1820,71.7295,28.0458,2011.71,613.453
10.920,0.1820,71.7161,28.052,2011.78,613.621
10.923,0.1820,71.7027,28.0543,2011.57,613.788
10.925,0.1821,71.6892,28.0559,2011.3,613.955
10.927,0.1821,71.6758,28.0578,2011.06,614.123
10.929,0.1822,71.6623,28.0553,2010.5,614.29
10.932,0.1822,71.6488,28.0601,2010.47,614.457
10.934,0.1822,71.6353,28.0643,2010.4,614.625
10.936,0.1823,71.6217,28.0063,2005.86,614.792
10.938,0.1823,71.6082,27.9959,2004.74,614.959
10.941,0.1823,71.5946,28.0056,2005.05,615.127
10.943,0.1824,71.581,27.9907,2003.61,615.295
10.945,0.1824,71.5674,28.0037,2004.15,615.462
10.947,0.1825,71.5538,28.0942,2010.25,615.63
10.949,0.1825,71.5401,28.0904,2009.59,615.797
10.952,0.1825,71.5266,28.096,2009.61,615.965
10.954,0.1826,71.5129,28.0906,2008.84,616.133
10.956,0.1826,71.4993,28.0903,2008.44,616.3
10.958,0.1826,71.4857,27.831,1989.52,616.468
10.961,0.1827,71.4722,27.8528,1990.7,616.636
10.963,0.1827,71.4586,27.8212,1988.07,616.804
10.965,0.1828,71.4452,27.8467,1989.51,616.971
10.967,0.1828,71.4316,27.8099,1986.51,617.139
10.970,0.1828,71.4183,27.8398,1988.27,617.307
10.972,0.1829,71.4048,27.6521,1974.49,617.474
10.974,0.1829,74.0511,27.6781,2049.6,617.642
10.976,0.1829,74.0373,27.6729,2048.82,617.81
10.979,0.1830,74.0234,27.6676,2048.05,617.978
10.981,0.1830,74.0095,27.6627,2047.3,618.145
10.983,0.1830,73.9955,27.5839,2041.08,618.313
10.985,0.1831,73.9814,27.5797,2040.38,618.481
10.987,0.1831,73.9672,27.5577,2038.37,618.649
10.990,0.1832,73.953,27.553,2037.63,618.816
10.992,0.1832,73.9387,27.5486,2036.91,618.984
10.994,0.1832,73.9243,27.5452,2036.26,619.151
10.996,0.1833,73.9097,27.549,2036.14,619.319
10.999,0.1833,73.8951,27.5549,2036.17,619.486
11.001,0.1833,73.8805,27.5635,2036.41,619.654
11.003,0.1834,73.8657,27.5256,2033.19,619.821
11.005,0.1834,73.8509,27.4639,2028.23,619.989
11.008,0.1835,73.8359,27.438,2025.91,620.156
11.010,0.1835,73.8211,27.4519,2026.53,620.324
11.012,0.1835,73.806,27.4476,2025.8,620.491
11.014,0.1836,73.791,27.4651,2026.68,620.659
11.016,0.1836,73.7759,27.4602,2025.9,620.826
11.019,0.1836,73.761,27.5229,2030.11,620.993
11.021,0.1837,73.7458,27.5155,2029.15,621.161
11.023,0.1837,73.7309,27.5403,2030.57,621.328
11.025,0.1838,73.7158,27.5312,2029.48,621.496
11.028,0.1838,73.7009,27.5591,2031.13,621.663
11.030,0.1838,73.6859,27.5475,2029.86,621.831
11.032,0.1839,73.6712,27.5788,2031.76,621.998
11.034,0.1839,73.6563,27.5635,2030.23,622.166
11.037,0.1839,73.6417,27.5987,2032.42,622.334
11.039,0.1840,73.627,27.5786,2030.53,622.502
11.041,0.1840,73.6125,27.5549,2028.39,622.669
11.043,0.1841,73.5981,27.5527,2027.83,622.837
11.046,0.1841,73.5837,27.6005,2030.95,623.005
11.048,0.1841,73.5695,27.5639,2027.87,623.173
11.050,0.1842,73.5554,27.6172,2031.4,623.34
11.052,0.1842,73.5413,27.5755,2027.94,623.508
11.054,0.1842,73.5273,27.6356,2031.97,623.676
11.057,0.1843,73.5135,27.6553,2033.04,623.844
11.059,0.1843,73.4997,27.725,2037.78,624.012
11.061,0.1844,73.486,27.7304,2037.79,624.179
11.063,0.1844,73.4724,27.7287,2037.29,624.347
11.066,0.1844,73.4588,27.7304,2037.04,624.515
11.068,0.1845,73.4453,27.7429,2037.59,624.683
11.070,0.1845,73.4318,27.7413,2037.09,624.85
11.072,0.1845,73.4183,27.7567,2037.85,625.018
11.075,0.1846,73.4048,27.7523,2037.16,625.186
11.077,0.1846,73.3915,27.77,2038.08,625.353
11.079,0.1847,73.378,27.7639,2037.26,625.521
11.081,0.1847,73.3645,27.7219,2033.8,625.689
11.083,0.1847,73.351,27.7091,2032.49,625.856
11.086,0.1848,73.3375,27.7863,2037.78,626.024
11.088,0.1848,73.3238,27.7729,2036.42,626.191
11.090,0.1848,73.3103,27.7963,2037.76,626.358
11.092,0.1849,73.2965,27.7567,2034.47,626.526
11.095,0.1849,73.2828,27.7839,2036.08,626.693
11.097,0.1849,73.2688,27.7663,2034.4,626.861
11.099,0.1850,73.2549,27.7917,2035.88,627.028
11.101,0.1850,73.2409,27.7744,2034.22,627.196
11.104,0.1851,73.2268,27.7978,2035.54,627.363
11.106,0.1851,73.2126,27.8027,2035.51,627.531
11.108,0.1851,73.1983,27.8726,2040.23,627.698
11.110,0.1852,73.184,27.8391,2037.38,627.866
11.113,0.1852,73.1696,27.8496,2037.75,628.033
11.115,0.1852,73.1551,27.834,2036.2,628.201
11.117,0.1853,73.1405,27.7929,2032.79,628.368
11.119,0.1853,73.1259,27.7739,2030.99,628.536
11.121,0.1854,73.1113,27.7874,2031.57,628.704
11.124,0.1854,73.0966,27.8043,2032.4,628.871
11.126,0.1854,73.0818,27.8169,2032.91,629.039
11.128,0.1855,73.067,27.791,2030.6,629.207
11.130,0.1855,73.0522,27.8132,2031.82,629.374
11.133,0.1855,73.0374,27.5894,2015.06,629.542
11.135,0.1856,73.0225,27.532,2010.46,629.71
11.137,0.1856,73.0076,27.4776,2006.07,629.877
11.139,0.1857,72.9927,27.5235,2009.02,630.045
11.142,0.1857,72.9779,27.4774,2005.24,630.212
11.144,0.1857,72.963,27.5207,2007.99,630.38
11.146,0.1858,72.9481,27.4678,2003.73,630.547
11.148,0.1858,72.9333,27.5188,2007.04,630.715
11.150,0.1858,72.9185,27.5156,2006.4,630.882
11.153,0.1859,72.9036,27.5131,2005.8,631.049
11.155,0.1859,72.8889,27.511,2005.24,631.217
11.157,0.1860,72.8741,27.5096,2004.74,631.384
11.159,0.1860,72.8594,27.5877,2010.02,631.551
11.162,0.1860,72.8448,27.588,2009.64,631.718
11.164,0.1861,72.8302,27.5893,2009.33,631.885
11.166,0.1861,72.8156,27.6044,2010.04,632.053
11.168,0.1861,72.8011,27.6074,2009.85,632.22
11.171,0.1862,72.7867,27.5492,2005.22,632.387
11.173,0.1862,72.7723,27.5537,2005.15,632.554
11.175,0.1863,72.7579,27.5583,2005.09,632.721
11.177,0.1863,72.7436,27.5388,2003.27,632.888
11.180,0.1863,72.7293,27.5449,2003.32,633.056
11.182,0.1864,72.715,27.5521,2003.45,633.223
11.184,0.1864,72.7007,27.559,2003.56,633.39
11.186,0.1864,72.6865,27.5668,2003.74,633.557
11.188,0.1865,72.6723,27.5743,2003.89,633.724
11.191,0.1865,72.6581,27.5824,2004.09,633.892
11.193,0.1865,72.6439,27.5083,1998.31,634.059
11.195,0.1866,72.6297,27.5162,1998.49,634.226
11.197,0.1866,72.6155,27.526,1998.81,634.393
11.200,0.1867,72.6013,27.4756,1994.76,634.56
11.202,0.1867,72.5871,27.4871,1995.21,634.728
11.204,0.1867,72.5727,27.4893,1994.97,634.895
11.206,0.1868,72.5585,27.502,1995.51,635.062
11.209,0.1868,72.5441,27.5014,1995.06,635.229
11.211,0.1868,72.5299,27.5148,1995.65,635.396
11.213,0.1869,72.5154,27.5116,1995.01,635.564
11.215,0.1869,72.5012,27.525,1995.6,635.731
11.217,0.1870,72.4867,27.5196,1994.8,635.898
11.220,0.1870,72.4724,27.5326,1995.35,636.065
11.222,0.1870,72.4579,27.5254,1994.43,636.232
11.224,0.1871,72.4436,27.5374,1994.91,636.399
11.226,0.1871,72.4291,27.5291,1993.91,636.566
11.229,0.1871,72.4148,27.5645,1996.07,636.733
11.231,0.1872,72.4003,27.5993,1998.2,636.9
11.233,0.1872,72.386,27.612,1998.72,637.067
11.235,0.1873,72.3716,27.5979,1997.31,637.234
11.238,0.1873,72.3574,27.6086,1997.68,637.4
11.240,0.1873,72.343,27.5612,1993.86,637.567
11.242,0.1874,72.3287,27.6079,1996.85,637.734
11.244,0.1874,72.3144,27.6074,1996.41,637.901
11.246,0.1874,72.3001,27.6064,1995.95,638.068
11.249,0.1875,72.2859,27.6058,1995.51,638.235
11.251,0.1875,72.2717,27.6049,1995.06,638.402
11.253,0.1876,72.2576,27.528,1989.11,638.569
11.255,0.1876,72.2435,27.5271,1988.65,638.736
11.258,0.1876,72.2295,27.5269,1988.25,638.903
11.260,0.1877,72.2155,27.5186,1987.27,639.069
11.262,0.1877,72.2015,27.5185,1986.88,639.236
11.264,0.1877,72.1876,27.5212,1986.69,639.403
11.267,0.1878,72.1736,27.519,1986.15,639.57
11.269,0.1878,72.1597,27.5272,1986.35,639.737
11.271,0.1879,72.1456,27.4978,1983.85,639.903
11.273,0.1879,72.1318,27.5119,1984.48,640.07
11.275,0.1879,72.1177,27.5007,1983.28,640.237
11.278,0.1880,72.1038,27.5185,1984.19,640.404
11.280,0.1880,72.0897,27.5059,1982.89,640.57
11.282,0.1880,72.0758,27.5262,1983.97,640.737
11.284,0.1881,72.0616,27.4557,1978.5,640.904
11.287,0.1881,72.0477,27.4769,1979.65,641.07
11.289,0.1881,72.0334,27.5072,1981.44,641.237
11.291,0.1882,72.0195,27.5263,1982.43,641.404
11.293,0.1882,72.0052,27.5221,1981.74,641.571
11.296,0.1883,71.9912,27.5387,1982.55,641.737
11.298,0.1883,71.9768,27.5389,1982.16,641.904
11.300,0.1883,71.9628,27.5518,1982.7,642.071
11.302,0.1884,71.9483,27.3222,1965.78,642.238
11.304,0.1884,71.9343,27.2689,1961.57,642.404
11.307,0.1884,71.9198,27.3138,1964.41,642.571
11.309,0.1885,71.9057,27.3195,1964.43,642.738
11.311,0.1885,71.8913,27.3299,1964.79,642.905
11.313,0.1886,71.8772,27.332,1964.55,643.071
11.316,0.1886,71.8629,27.3447,1965.07,643.238
11.318,0.1886,71.8488,27.3439,1964.62,643.405
11.320,0.1887,71.8345,27.3577,1965.22,643.572
11.322,0.1887,71.8205,27.2653,1958.21,643.738
11.325,0.1887,71.8063,27.2739,1958.44,643.905
11.327,0.1888,71.7924,27.2749,1958.13,644.072
11.329,0.1888,71.7783,27.4623,1971.2,644.239
11.331,0.1889,71.7643,27.465,1971.01,644.405
11.333,0.1889,71.7503,27.4661,1970.7,644.572
11.336,0.1889,71.7365,27.4688,1970.51,644.739
11.338,0.1890,71.7227,27.4589,1969.42,644.906
11.340,0.1890,74.1281,27.5031,2038.75,645.073
11.342,0.1890,74.1137,27.6151,2046.65,645.239
11.345,0.1891,74.0996,27.6171,2046.42,645.406
11.347,0.1891,74.0853,27.6143,2045.82,645.572
11.349,0.1892,74.0714,27.616,2045.56,645.739
11.351,0.1892,74.0572,27.5551,2040.66,645.906
11.354,0.1892,74.0435,27.5568,2040.4,646.072
11.356,0.1893,74.0293,27.5345,2038.36,646.239
11.358,0.1893,74.0156,27.4545,2032.06,646.405
11.360,0.1893,74.0015,27.4639,2032.37,646.572
11.362,0.1894,73.9878,27.4637,2031.98,646.738
11.365,0.1894,73.9737,27.4695,2032.02,646.905
11.367,0.1894,73.96,27.455,2030.57,647.071
11.369,0.1895,73.9458,27.4629,2030.77,647.238
11.371,0.1895,73.932,27.4599,2030.16,647.404
11.374,0.1896,73.9178,27.4703,2030.54,647.571
11.376,0.1896,73.9038,27.4649,2029.76,647.738
11.378,0.1896,73.8896,27.477,2030.26,647.904
11.380,0.1897,73.8753,27.4695,2029.32,648.071
11.383,0.1897,73.861,27.4823,2029.87,648.238
11.385,0.1897,73.8466,27.4734,2028.82,648.404
11.387,0.1898,73.8321,27.4855,2029.32,648.571
11.389,0.1898,73.8174,27.4762,2028.23,648.738
11.391,0.1899,73.8029,27.4075,2022.76,648.905
11.394,0.1899,73.788,27.4181,2023.12,649.071
11.396,0.1899,73.7732,27.4157,2022.54,649.238
11.398,0.1900,73.7581,27.419,2022.37,649.405
11.400,0.1900,73.7433,27.4113,2021.4,649.572
11.403,0.1900,73.728,27.4189,2021.54,649.738
11.405,0.1901,73.7131,27.4052,2020.12,649.905
11.407,0.1901,73.6976,27.4181,2020.65,650.071
11.409,0.1902,73.6827,27.3825,2017.61,650.238
11.412,0.1902,73.667,27.3995,2018.44,650.405
11.414,0.1902,73.652,27.3751,2016.23,650.571
11.416,0.1903,73.6364,27.3986,2017.53,650.738
11.418,0.1903,73.6213,27.3952,2016.87,650.904
11.420,0.1903,73.6063,27.392,2016.23,651.071
11.423,0.1904,73.5912,27.3893,2015.61,651.237
11.425,0.1904,73.5762,27.4005,2016.03,651.404
11.427,0.1905,73.5612,27.4197,2017.02,651.571
11.429,0.1905,73.5461,27.4181,2016.49,651.737
11.432,0.1905,73.5311,27.4178,2016.06,651.904
11.434,0.1906,73.5161,27.4175,2015.62,652.07
11.436,0.1906,73.5011,27.4186,2015.3,652.237
11.438,0.1906,73.4861,27.4196,2014.96,652.403
11.441,0.1907,73.4711,27.4223,2014.74,652.57
11.443,0.1907,73.4561,27.4246,2014.51,652.736
11.445,0.1907,73.4412,27.4286,2014.39,652.903
11.447,0.1908,73.4262,27.4322,2014.24,653.069
11.449,0.1908,73.4112,27.4373,2014.21,653.236
11.452,0.1909,73.3963,27.4003,2011.08,653.403
11.454,0.1909,73.3813,27.4064,2011.11,653.569
11.456,0.1909,73.3664,27.4121,2011.13,653.736
11.458,0.1910,73.3514,27.4187,2011.2,653.903
11.461,0.1910,73.3365,27.4473,2012.89,654.07
11.463,0.1910,73.3215,27.4549,2013.04,654.236
11.465,0.1911,73.3065,27.4572,2012.79,654.403
11.467,0.1911,73.2915,27.2996,2000.83,654.57
11.470,0.1912,73.2765,27.3745,2005.91,654.737
11.472,0.1912,73.2614,27.3825,2006.08,654.903
11.474,0.1912,73.2464,27.3837,2005.76,655.07
11.476,0.1913,73.2313,27.3926,2006,655.237
11.478,0.1913,73.2164,27.3941,2005.7,655.403
11.481,0.1913,73.2013,27.4032,2005.95,655.57
11.483,0.1914,73.1864,27.3468,2001.41,655.737
11.485,0.1914,73.1713,27.3556,2001.65,655.903
11.487,0.1915,73.1565,27.3605,2001.6,656.07
11.490,0.1915,73.1415,27.4017,2004.2,656.236
11.492,0.1915,73.1267,27.3926,2003.13,656.403
11.494,0.1916,73.1119,27.4171,2004.51,656.569
11.496,0.1916,73.0972,27.6001,2017.49,656.736
11.499,0.1916,73.0826,27.6107,2017.86,656.902
11.501,0.1917,73.0681,27.6217,2018.26,657.069
11.503,0.1917,73.0535,27.6274,2018.28,657.235
11.505,0.1918,73.0392,27.6828,2021.93,657.401
11.507,0.1918,73.0249,27.6911,2022.14,657.568
11.510,0.1918,73.0107,27.7234,2024.1,657.735
11.512,0.1919,72.9965,27.7329,2024.41,657.901
11.514,0.1919,72.9825,27.7411,2024.61,658.068
11.516,0.1919,72.9685,27.7065,2021.7,658.234
11.519,0.1920,72.9546,27.6403,2016.48,658.401
11.521,0.1920,72.9407,27.5913,2012.53,658.568
11.523,0.1921,72.9269,27.5959,2012.49,658.734
11.525,0.1921,72.9132,27.5997,2012.38,658.901
11.527,0.1921,72.8995,27.6027,2012.22,659.068
11.530,0.1922,72.8859,27.6047,2011.99,659.234
11.532,0.1922,72.8722,27.6014,2011.37,659.401
11.534,0.1922,72.8586,27.5951,2010.54,659.568
11.536,0.1923,72.845,27.5885,2009.68,659.734
11.539,0.1923,72.8313,27.5924,2009.59,659.901
11.541,0.1923,72.8177,27.5831,2008.54,660.068
11.543,0.1924,72.8039,27.5873,2008.46,660.234
11.545,0.1924,72.7903,27.5943,2008.6,660.401
11.548,0.1925,72.7764,27.5923,2008.07,660.568
11.550,0.1925,72.7627,27.5902,2007.54,660.734
11.552,0.1925,72.7488,27.5853,2006.8,660.901
11.554,0.1926,72.735,27.5886,2006.66,661.068
11.556,0.1926,72.7209,27.5799,2005.64,661.234
11.559,0.1926,72.707,27.6032,2006.94,661.401
11.561,0.1927,72.6928,27.5516,2002.8,661.568
11.563,0.1927,72.6788,27.5674,2003.56,661.734
11.565,0.1928,72.6645,27.5547,2002.25,661.901
11.568,0.1928,72.6504,27.3638,1987.99,662.068
11.570,0.1928,72.6361,27.3206,1984.46,662.235
11.572,0.1929,72.6218,27.3822,1988.54,662.401
11.574,0.1929,72.6075,27.3299,1984.35,662.568
11.577,0.1929,72.5932,27.4044,1989.37,662.735
11.579,0.1930,72.5788,27.3734,1986.73,662.902
11.581,0.1930,72.5644,27.4565,1992.36,663.068
11.583,0.1931,72.55,27.3928,1987.35,663.235
11.585,0.1931,72.5357,27.4849,1993.63,663.402
11.588,0.1931,72.5214,27.3322,1982.17,663.569
11.590,0.1932,72.507,27.436,1989.3,663.736
11.592,0.1932,72.4928,27.3561,1983.12,663.903
11.594,0.1932,72.4785,27.4813,1991.8,664.069
11.597,0.1933,72.4644,27.4939,1992.33,664.236
11.599,0.1933,72.4503,27.5067,1992.87,664.404
11.601,0.1934,72.4363,27.5177,1993.28,664.571
11.603,0.1934,72.4223,27.5308,1993.85,664.738
11.606,0.1934,72.4085,27.59,1997.75,664.905
11.608,0.1935,72.3947,27.6055,1998.49,665.072
11.610,0.1935,72.3811,27.6091,1998.37,665.239
11.612,0.1935,72.3673,27.6277,1999.34,665.406
11.614,0.1936,72.3539,27.6358,1999.56,665.573
11.617,0.1936,72.3403,27.6638,2001.21,665.74
11.619,0.1936,72.327,27.6486,1999.74,665.907
11.621,0.1937,72.3135,27.6507,1999.52,666.074
11.623,0.1937,72.3004,27.5331,1990.65,666.241
11.626,0.1938,72.2871,27.562,1992.38,666.408
11.628,0.1938,72.2741,27.5438,1990.7,666.575
11.630,0.1938,72.2608,27.6167,1995.61,666.741
11.632,0.1939,72.2479,27.5862,1993.05,666.909
11.635,0.1939,72.2348,27.5872,1992.75,667.075
11.637,0.1939,72.222,27.6973,2000.35,667.243
11.639,0.1940,72.2089,27.7523,2003.97,667.41
11.641,0.1940,72.1961,27.6984,1999.72,667.577
11.643,0.1941,72.1832,27.7655,2004.2,667.744
11.646,0.1941,72.1704,27.696,1998.83,667.911
11.648,0.1941,72.1575,27.775,2004.17,668.078
11.650,0.1942,72.1447,27.6225,1992.82,668.245
11.652,0.1942,72.1319,27.6578,1995.01,668.413
11.655,0.1942,72.1191,27.6192,1991.87,668.58
11.657,0.1943,72.1063,27.6162,1991.3,668.747
11.659,0.1943,72.0934,27.5733,1987.85,668.915
11.661,0.1944,72.0806,27.6137,1990.41,669.082
11.664,0.1944,72.0677,27.5633,1986.43,669.249
11.666,0.1944,72.0548,27.6003,1988.74,669.417
11.668,0.1945,72.0418,27.5494,1984.71,669.584
11.670,0.1945,72.0289,27.5824,1986.73,669.751
11.672,0.1945,72.0158,27.5321,1982.74,669.919
11.675,0.1946,72.0028,27.5609,1984.46,670.086
11.677,0.1946,71.9895,27.5122,1980.59,670.253
11.679,0.1947,71.9764,27.4893,1978.58,670.421
11.681,0.1947,71.963,27.4652,1976.48,670.588
11.684,0.1947,71.9498,27.4059,1971.85,670.755
11.686,0.1948,71.9363,27.3968,1970.83,670.923
11.688,0.1948,71.9226,27.3884,1969.85,671.09
11.690,0.1948,71.9089,27.3809,1968.93,671.257
11.693,0.1949,71.8951,27.3949,1969.56,671.425
11.695,0.1949,71.8813,27.2003,1955.19,671.592
11.697,0.1950,71.8673,27.246,1958.1,671.759
11.699,0.1950,71.8533,27.245,1957.65,671.927
11.701,0.1950,71.8392,27.2444,1957.22,672.094
11.704,0.1951,71.825,27.2465,1956.98,672.262
11.706,0.1951,71.8108,27.2487,1956.75,672.429
11.708,0.1951,71.7965,27.2539,1956.73,672.596
11.710,0.1952,74.3158,27.3021,2028.97,672.764
11.713,0.1952,74.301,27.3099,2029.16,672.931
11.715,0.1952,74.2863,27.3175,2029.32,673.099
11.717,0.1953,74.2716,27.3279,2029.69,673.267
11.719,0.1953,74.257,27.3378,2030.02,673.434
11.722,0.1954,74.2424,27.3502,2030.54,673.602
11.724,0.1954,74.2279,27.3618,2031.01,673.769
11.726,0.1954,74.2135,27.2866,2025.04,673.937
11.728,0.1955,74.1992,27.4821,2039.15,674.105
11.730,0.1955,74.1849,27.4975,2039.9,674.273
11.733,0.1955,74.1708,27.5176,2041,674.44
11.735,0.1956,74.1568,27.5398,2042.26,674.608
11.737,0.1956,74.1429,27.5006,2038.98,674.776
11.739,0.1957,74.1291,27.5258,2040.46,674.944
11.742,0.1957,74.1154,27.5216,2039.78,675.111
11.744,0.1957,74.1019,27.5499,2041.5,675.279
11.746,0.1958,74.0884,27.541,2040.47,675.447
11.748,0.1958,74.075,27.5705,2042.29,675.614
11.751,0.1958,74.0618,27.5583,2041.02,675.782
11.753,0.1959,74.0486,27.587,2042.78,675.95
11.755,0.1959,74.0355,27.5403,2038.96,676.118
11.757,0.1960,74.0225,27.5667,2040.56,676.285
11.760,0.1960,74.0095,27.6178,2043.98,676.453
11.762,0.1960,73.9966,27.6644,2047.07,676.621
11.764,0.1961,73.9838,27.6038,2042.23,676.788
11.766,0.1961,73.9709,27.6144,2042.66,676.956
11.768,0.1961,73.9582,27.6106,2042.03,677.124
11.771,0.1962,73.9454,27.6102,2041.64,677.292
11.773,0.1962,73.9326,27.6134,2041.53,677.459
11.775,0.1963,73.9198,27.6086,2040.82,677.627
11.777,0.1963,73.907,27.6017,2039.96,677.795
11.780,0.1963,73.8942,27.5952,2039.12,677.963
11.782,0.1964,73.8814,27.5866,2038.14,678.131
11.784,0.1964,73.8686,27.5786,2037.19,678.298
11.786,0.1964,73.8557,27.5687,2036.1,678.466
11.789,0.1965,73.8428,27.5596,2035.08,678.634
11.791,0.1965,73.8299,27.5489,2033.93,678.802
11.793,0.1966,73.817,27.5392,2032.86,678.97
11.795,0.1966,73.804,27.4809,2028.2,679.138
11.797,0.1966,73.7909,27.3942,2021.44,679.306
11.800,0.1967,73.7778,27.3864,2020.51,679.474
11.802,0.1967,73.7646,27.4168,2022.39,679.642
11.804,0.1967,73.7514,27.4178,2022.1,679.81
11.806,0.1968,73.7381,27.4012,2020.51,679.978
11.809,0.1968,73.7248,27.4093,2020.74,680.146
11.811,0.1968,73.7112,27.3588,2016.65,680.314
11.813,0.1969,73.6978,27.3759,2017.55,680.481
11.815,0.1969,73.6842,27.3496,2015.23,680.649
11.818,0.1970,73.6707,27.376,2016.8,680.817
11.820,0.1970,73.6569,27.3009,2010.9,680.985
11.822,0.1970,73.6433,27.3324,2012.84,681.154
11.824,0.1971,73.6293,27.3031,2010.31,681.322
11.827,0.1971,73.6156,27.3438,2012.93,681.49
11.829,0.1971,73.6016,27.311,2010.14,681.658
11.831,0.1972,73.5878,27.3604,2013.4,681.826
11.833,0.1972,73.5737,27.3248,2010.39,681.994
11.835,0.1973,73.5598,27.3818,2014.2,682.162
11.838,0.1973,73.5457,27.3442,2011.05,682.33
11.840,0.1973,73.5318,27.314,2008.45,682.498
11.842,0.1974,73.5176,27.2687,2004.73,682.667
11.844,0.1974,73.5036,27.3493,2010.27,682.835
11.847,0.1974,73.4894,27.298,2006.11,683.003
11.849,0.1975,73.4754,27.3785,2011.65,683.171
11.851,0.1975,73.4613,27.3278,2007.54,683.34
11.853,0.1976,73.4473,27.408,2013.04,683.508
11.856,0.1976,73.4333,27.3514,2008.5,683.676
11.858,0.1976,73.4193,27.5005,2019.07,683.844
11.860,0.1977,73.4053,27.4691,2016.38,684.013
11.862,0.1977,73.3914,27.5303,2020.49,684.181
11.864,0.1977,73.3776,27.4987,2017.78,684.349
11.867,0.1978,73.3638,27.5199,2018.96,684.518
11.869,0.1978,73.3502,27.5327,2019.53,684.686
11.871,0.1979,73.3365,27.5347,2019.3,684.854
11.873,0.1979,73.3231,27.5469,2019.82,685.023
11.876,0.1979,73.3095,27.5441,2019.25,685.191
11.878,0.1980,73.2964,27.5544,2019.64,685.359
11.880,0.1980,73.2829,27.5009,2015.35,685.527
11.882,0.1980,73.27,27.5061,2015.37,685.696
11.885,0.1981,73.2566,27.5379,2017.34,685.864
11.887,0.1981,73.2438,27.535,2016.77,686.032
11.889,0.1982,73.2306,27.5301,2016.05,686.2
11.891,0.1982,73.2179,27.5202,2014.97,686.369
11.894,0.1982,73.2048,27.5177,2014.43,686.537
11.896,0.1983,73.1922,27.4145,2006.53,686.705
11.898,0.1983,73.1792,27.3226,1999.45,686.873
11.900,0.1983,73.1667,27.3141,1998.48,687.042
11.902,0.1984,73.1537,27.3077,1997.66,687.21
11.905,0.1984,73.1412,27.3374,1999.49,687.378
11.907,0.1984,73.1283,27.3135,1997.39,687.546
11.909,0.1985,73.1157,27.2887,1995.23,687.715
11.911,0.1985,73.1029,27.2208,1989.92,687.883
11.914,0.1986,73.0902,27.1925,1987.5,688.052
11.916,0.1986,73.0775,27.1514,1984.16,688.22
11.918,0.1986,73.0647,27.1188,1981.43,688.388
11.920,0.1987,73.052,27.1394,1982.58,688.557
11.923,0.1987,73.0391,27.1042,1979.67,688.725
11.925,0.1987,73.0264,27.1299,1981.2,688.894
11.927,0.1988,73.0134,27.0933,1978.17,689.062
11.929,0.1988,73.0007,27.123,1980,689.23
11.932,0.1989,72.9876,27.0858,1976.93,689.399
11.934,0.1989,72.9748,27.1161,1978.79,689.567
11.936,0.1989,72.9615,27.0815,1975.91,689.736
11.938,0.1990,72.9487,27.1107,1977.69,689.904
11.940,0.1990,72.9353,27.0798,1975.07,690.073
11.943,0.1990,72.9224,27.106,1976.64,690.241
11.945,0.1991,72.9088,27.0244,1970.31,690.41
11.947,0.1991,72.8958,27.0487,1971.73,690.578
11.949,0.1992,72.8821,27.0267,1969.76,690.746
11.952,0.1992,72.869,27.0557,1971.52,690.915
11.954,0.1992,72.8551,27.0564,1971.19,691.083
11.956,0.1993,72.8411,27.0565,1970.82,691.251
11.958,0.1993,72.8271,27.0564,1970.44,691.42
11.961,0.1993,72.813,27.0559,1970.02,691.588
11.963,0.1994,72.7989,27.0551,1969.58,691.757
11.965,0.1994,72.7847,27.0541,1969.13,691.925
11.967,0.1995,72.7704,27.0527,1968.64,692.094
11.970,0.1995,72.7562,27.0917,1971.09,692.262
11.972,0.1995,72.7419,27.0898,1970.56,692.431
11.974,0.1996,72.7275,27.0075,1964.19,692.599
11.976,0.1996,72.7132,26.9025,1956.16,692.768
11.978,0.1996,72.6988,26.8999,1955.59,692.937
11.981,0.1997,72.6844,26.8972,1955.01,693.105
11.983,0.1997,72.67,26.8895,1954.06,693.274
11.985,0.1998,72.6556,26.8872,1953.51,693.442
11.987,0.1998,72.6412,26.8811,1952.67,693.611
11.990,0.1998,72.6268,26.8796,1952.18,693.779
11.992,0.1999,72.6124,26.8786,1951.72,693.948
11.994,0.1999,72.5981,26.8779,1951.29,694.117
11.996,0.1999,72.5837,26.8776,1950.88,694.285
11.999,0.2000,72.5694,26.8777,1950.5,694.454
12.001,0.2000,72.5551,27.0159,1960.14,694.622
12.003,0.2001,72.5409,27.0172,1959.85,694.791
12.005,0.2001,72.5268,27.0226,1959.86,694.959
12.007,0.2001,72.5127,26.9483,1954.1,695.128
12.010,0.2002,72.4986,26.9544,1954.16,695.296
12.012,0.2002,72.4847,26.9544,1953.78,695.465
12.014,0.2002,72.4708,26.962,1953.96,695.633
12.016,0.2003,72.4571,26.9605,1953.48,695.801
12.019,0.2003,72.4433,26.9698,1953.78,695.97
12.021,0.2003,72.4297,26.9664,1953.17,696.138
12.023,0.2004,72.4161,26.9457,1951.3,696.306
12.025,0.2004,72.4027,26.9463,1950.99,696.475
12.028,0.2005,72.3892,26.9642,1951.92,696.643
12.030,0.2005,72.3759,26.9506,1950.57,696.811
12.032,0.2005,72.3626,26.9718,1951.75,696.98
12.034,0.2006,72.3495,26.9549,1950.17,697.148
12.037,0.2006,72.3364,26.9799,1951.63,697.316
12.039,0.2006,72.3233,26.9979,1952.58,697.485
12.041,0.2007,72.3104,27.0293,1954.5,697.653
12.043,0.2007,72.2974,27.0326,1954.39,697.821
12.045,0.2008,72.2845,27.0366,1954.33,697.99
12.048,0.2008,72.2717,27.0408,1954.28,698.158
12.050,0.2008,72.2589,27.0457,1954.29,698.327
12.052,0.2009,72.2462,27.0509,1954.32,698.495
12.054,0.2009,72.2334,27.0137,1951.29,698.664
12.057,0.2009,72.2207,27.0198,1951.39,698.832
12.059,0.2010,72.2079,27.0266,1951.53,699.001
12.061,0.2010,72.1951,27.0338,1951.71,699.169
12.063,0.2011,72.1823,27.0415,1951.92,699.338
12.066,0.2011,72.1695,26.9949,1948.21,699.506
12.068,0.2011,72.1565,27.0109,1949.01,699.675
12.070,0.2012,72.1434,27.0135,1948.85,699.843
12.072,0.2012,72.1303,27.0364,1950.14,700.012
12.074,0.2012,72.117,27.0332,1949.55,700.18
12.077,0.2013,72.1036,27.0616,1951.24,700.348
12.079,0.2013,72.09,27.0534,1950.28,700.516
12.081,0.2014,72.0763,27.0859,1952.25,700.685
12.083,0.2014,72.0624,27.0737,1951,700.852
12.086,0.2014,72.0484,27.0308,1947.52,701.021
12.088,0.2015,72.0341,27.0183,1946.24,701.189
12.090,0.2015,72.0198,27.0518,1948.27,701.357
12.092,0.2015,72.0052,27.0374,1946.84,701.525
12.095,0.2016,71.9905,27.0244,1945.5,701.694
12.097,0.2016,71.9756,27.0136,1944.32,701.862
12.099,0.2017,71.9605,27.1267,1952.05,702.031
12.101,0.2017,71.9454,27.1259,1951.59,702.199
12.103,0.2017,71.9301,27.1428,1952.38,702.367
12.106,0.2018,74.406,27.0828,2015.12,702.534
12.108,0.2018,74.3911,27.1078,2016.58,702.703
12.110,0.2018,74.3765,27.0944,2015.19,702.869
12.112,0.2019,74.3618,27.2151,2023.76,703.037
12.115,0.2019,74.3472,27.1935,2021.76,703.206
12.117,0.2019,74.3327,27.2448,2025.18,703.375
12.119,0.2020,74.3184,27.2217,2023.07,703.543
12.121,0.2020,74.3043,27.2055,2021.48,703.712
12.124,0.2021,74.2902,27.183,2019.43,703.881
12.126,0.2021,74.2765,27.2215,2021.92,704.049
12.128,0.2021,74.2628,27.1969,2019.71,704.218
12.130,0.2022,74.2495,27.2387,2022.46,704.386
12.132,0.2022,74.2362,27.2458,2022.62,704.555
12.135,0.2022,74.223,27.1843,2017.7,704.724
12.137,0.2023,74.2102,27.2479,2022.08,704.89
12.139,0.2023,74.1975,27.1985,2018.06,705.059
12.141,0.2024,74.1854,27.2053,2018.23,705.222
12.143,0.2024,74.173,27.1458,2013.49,705.39
12.146,0.2024,74.1613,27.1395,2012.7,705.551
12.148,0.2025,74.1493,27.1587,2013.8,705.719
12.150,0.2025,74.1378,27.1482,2012.71,705.881
12.152,0.2025,74.1259,27.3897,2030.29,706.049
12.154,0.2026,74.1143,27.3841,2029.55,706.216
12.157,0.2026,74.1026,27.3985,2030.3,706.384
12.159,0.2026,74.0909,27.3905,2029.39,706.552
12.161,0.2027,74.0793,27.1782,2013.34,706.721
12.163,0.2027,74.0683,27.1616,2011.82,706.879
12.165,0.2028,74.0567,27.1835,2013.12,707.047
12.167,0.2028,74.0461,27.1644,2011.42,707.199
12.170,0.2028,74.0344,27.188,2012.85,707.367
12.172,0.2029,74.0237,27.1666,2010.97,707.518
12.174,0.2029,74.0117,27.2159,2014.29,707.686
12.176,0.2029,74.0006,27.1855,2011.74,707.841
12.178,0.2030,73.9884,27.2195,2013.93,708.009
12.180,0.2030,73.9767,27.1882,2011.29,708.169
12.183,0.2030,73.9642,27.2242,2013.62,708.337
12.185,0.2031,73.9522,27.1922,2010.92,708.497
12.187,0.2031,73.9394,27.2304,2013.4,708.666
12.189,0.2032,73.9271,27.1725,2008.79,708.826
12.191,0.2032,73.9139,27.2092,2011.14,708.995
12.193,0.2032,73.9013,27.2298,2012.32,709.156
12.196,0.2033,73.8879,27.1364,2005.05,709.325
12.198,0.2033,73.875,27.1415,2005.08,709.487
12.200,0.2033,73.8612,27.1439,2004.89,709.655
12.202,0.2034,73.8482,27.1503,2005,709.818
12.204,0.2034,73.8342,27.1521,2004.75,709.987
12.207,0.2034,73.8209,27.1589,2004.9,710.151
12.209,0.2035,73.8068,27.0893,1999.37,710.32
12.211,0.2035,73.7932,27.1029,2000.01,710.487
12.213,0.2036,73.779,27.0174,1993.31,710.655
12.215,0.2036,73.7653,27.0238,1993.42,710.824
12.218,0.2036,73.7511,27.0724,1996.62,710.992
12.220,0.2037,73.7378,27.0873,1997.36,711.155
12.222,0.2037,73.7245,27.0898,1997.18,711.319
12.224,0.2037,73.7111,27.0355,1992.82,711.485
12.226,0.2038,73.6976,27.0367,1992.54,711.653
12.229,0.2038,73.684,27.0384,1992.3,711.822
12.231,0.2038,73.6705,27.0401,1992.06,711.99
12.233,0.2039,73.6571,27.0425,1991.88,712.159
12.235,0.2039,73.6437,27.0451,1991.7,712.328
12.238,0.2040,73.6305,27.0486,1991.6,712.496
12.240,0.2040,73.6172,27.0523,1991.52,712.665
12.242,0.2040,73.6041,27.0571,1991.51,712.833
12.244,0.2041,73.5911,27.0621,1991.53,713.001
12.246,0.2041,73.5783,27.0681,1991.63,713.167
12.249,0.2041,73.5656,27.0743,1991.74,713.333
12.251,0.2042,73.5529,26.9515,1982.36,713.498
12.253,0.2042,73.5404,26.9587,1982.55,713.663
12.255,0.2043,73.5279,26.9669,1982.82,713.827
12.257,0.2043,73.5155,26.9745,1983.05,713.992
12.260,0.2043,73.5032,26.9831,1983.34,714.156
12.262,0.2044,73.4908,27.0339,1986.74,714.321
12.264,0.2044,73.4785,26.8363,1971.89,714.486
12.266,0.2044,73.4663,26.8384,1971.72,714.651
12.268,0.2045,73.454,26.8826,1974.64,714.817
12.270,0.2045,73.4417,26.8782,1973.98,714.984
12.273,0.2045,73.4299,26.9857,1981.56,715.146
12.275,0.2046,73.4176,26.978,1980.66,715.313
12.277,0.2046,73.4061,26.9904,1981.26,715.471
12.279,0.2047,73.3938,26.9777,1980,715.639
12.281,0.2047,73.3827,26.9892,1980.54,715.793
12.283,0.2047,73.3705,26.9718,1978.94,715.961
12.285,0.2048,73.3594,26.9814,1979.34,716.115
12.288,0.2048,73.3474,26.9105,1973.81,716.281
12.290,0.2048,73.336,26.9166,1973.95,716.439
12.292,0.2049,73.3243,26.8585,1969.38,716.602
12.294,0.2049,73.3126,26.8545,1968.77,716.765
12.296,0.2049,73.301,26.8327,1966.87,716.925
12.298,0.2050,73.2897,26.8231,1965.85,717.084
12.300,0.2050,73.2782,26.8528,1967.72,717.244
12.302,0.2050,73.267,26.8366,1966.23,717.401
12.305,0.2051,73.2555,26.8688,1968.29,717.561
12.307,0.2051,73.244,26.7666,1960.5,717.72
12.309,0.2051,73.2327,26.7264,1957.25,717.877
12.311,0.2052,73.2214,26.7069,1955.51,718.035
12.313,0.2052,73.21,26.6875,1953.79,718.193
12.315,0.2053,73.1984,26.669,1952.13,718.354
12.317,0.2053,73.1867,26.6507,1950.48,718.517
12.319,0.2053,73.1747,26.6341,1948.94,718.683
12.322,0.2054,73.1627,26.619,1947.52,718.849
12.324,0.2054,73.1507,26.6371,1948.52,719.013
12.326,0.2054,73.1389,26.6266,1947.44,719.176
12.328,0.2055,73.1271,26.6187,1946.55,719.338
12.330,0.2055,73.1153,26.6116,1945.72,719.499
12.332,0.2055,73.1039,26.6096,1945.27,719.652
12.334,0.2056,73.092,26.6053,1944.63,719.813
12.336,0.2056,73.081,26.6092,1944.63,719.959
12.338,0.2056,73.0687,26.6074,1944.17,720.122
12.340,0.2057,73.0578,26.617,1944.58,720.266
12.343,0.2057,73.045,26.6179,1944.31,720.434
12.345,0.2057,73.0337,26.6322,1945.05,720.581
12.347,0.2058,73.0207,26.643,1945.49,720.749
12.349,0.2058,73.0086,26.6566,1946.16,720.902
12.351,0.2059,72.9953,26.6698,1946.77,721.071
12.353,0.2059,72.9832,26.6877,1947.75,721.222
12.355,0.2059,72.9698,26.7028,1948.5,721.391
12.357,0.2060,72.9581,26.7223,1949.6,721.534
12.359,0.2060,72.9444,26.9261,1964.11,721.703
12.361,0.2060,72.9329,26.9566,1966.03,721.842
12.364,0.2061,72.9192,26.9696,1966.6,722.01
12.365,0.2061,72.9074,26.9421,1964.28,722.151
12.368,0.2061,72.8934,26.8849,1959.73,722.319
12.370,0.2062,72.8809,26.9191,1961.89,722.467
12.372,0.2062,72.8669,26.9619,1964.63,722.635
12.374,0.2062,72.8537,26.9913,1966.41,722.79
12.376,0.2063,72.8397,27.0016,1966.79,722.957
12.378,0.2063,72.8267,27.0323,1968.67,723.109
12.380,0.2063,72.8128,27.0375,1968.67,723.274
12.382,0.2064,72.8001,27.0687,1970.61,723.423
12.384,0.2064,72.7863,27.0693,1970.27,723.588
12.386,0.2064,72.774,27.0981,1972.03,723.734
12.388,0.2065,72.7602,27.1049,1972.16,723.9
12.390,0.2065,72.7482,27.0881,1970.61,724.044
12.391,0.2065,72.7468,27.0786,1969.88,724.062
12.391,0.2065,72.7439,27.0939,1970.92,724.096
12.393,0.2065,72.7333,27.0564,1967.9,724.225
12.393,0.2066,72.7306,27.0555,1967.76,724.257
12.395,0.2066,72.7184,27.0014,1963.5,724.407
12.396,0.2066,72.7158,26.9796,1961.84,724.439
12.397,0.2066,72.7071,27.0177,1964.38,724.546
12.397,0.2066,72.7044,26.9831,1961.79,724.58
12.398,0.2066,72.7003,26.9946,1962.51,724.63
12.399,0.2066,72.6974,26.9557,1959.61,724.667
12.399,0.2067,72.6947,26.9993,1962.71,724.7
12.400,0.2067,72.6914,26.9597,1959.74,724.742
12.400,0.2067,72.689,27.0036,1962.87,724.773
12.400,0.2067,72.6862,26.9632,1959.85,724.809
12.401,0.2067,72.683,27.0091,1963.1,724.849
12.401,0.2067,72.6808,26.9657,1959.89,724.877
12.402,0.2067,72.6761,27.017,1963.49,724.937
12.403,0.2067,72.6742,26.9678,1959.86,724.961
12.404,0.2067,72.6664,27.0299,1964.17,725.059
12.404,0.2067,72.6647,26.9696,1959.74,725.082
12.406,0.2068,72.6526,27.0501,1965.26,725.237
12.406,0.2068,72.6509,26.9712,1959.48,725.259
12.408,0.2068,72.6388,27.1113,1969.33,725.415
12.409,0.2068,72.6372,27.009,1961.86,725.437
12.411,0.2068,72.6251,27.0487,1964.41,725.593
12.411,0.2069,72.6235,26.9294,1955.71,725.615
12.413,0.2069,72.6115,27.0701,1965.6,725.77
12.413,0.2069,72.61,26.931,1955.46,725.793
12.414,0.2069,72.6064,27.0765,1965.93,725.839
12.414,0.2069,72.6048,26.9327,1955.44,725.863
12.416,0.2069,72.5952,27.1249,1969.14,725.989
12.416,0.2069,72.5936,26.9591,1957.05,726.014
12.418,0.2070,72.5821,27.1967,1973.99,726.165
12.419,0.2070,72.5805,27.0104,1960.43,726.19
12.421,0.2070,72.5693,27.2189,1975.26,726.339
12.421,0.2070,72.5677,27.0121,1960.2,726.365
12.423,0.2070,72.5567,27.2411,1976.53,726.512
12.423,0.2071,72.5551,27.0138,1959.99,726.538
12.425,0.2071,72.5443,27.2637,1977.82,726.684
12.426,0.2071,72.5427,27.2646,1977.85,726.712
12.426,0.2071,72.5411,27.2656,1977.87,726.739
12.426,0.2071,72.5395,27.2666,1977.9,726.767
12.427,0.2071,72.5379,27.2676,1977.93,726.795
12.427,0.2071,72.5363,27.2686,1977.97,726.822
12.427,0.2071,72.5347,27.2697,1978,726.85
12.428,0.2071,72.5331,27.2708,1978.04,726.878
12.428,0.2071,72.5316,27.272,1978.08,726.906
12.429,0.2071,72.53,27.2732,1978.12,726.934
12.429,0.2071,72.5284,27.2744,1978.17,726.962
12.429,0.2072,72.5268,27.2757,1978.22,726.991
12.430,0.2072,72.5252,27.277,1978.27,727.02
12.430,0.2072,72.5236,27.2783,1978.32,727.049
12.430,0.2072,72.522,27.2798,1978.38,727.078
12.431,0.2072,72.5204,27.2812,1978.44,727.107
12.431,0.2072,72.5188,27.2827,1978.51,727.137
12.432,0.2072,72.5172,27.2842,1978.58,727.166
12.432,0.2072,72.5168,27.2835,1978.51,727.174
12.432,0.2072,72.5154,27.2868,1978.71,727.199
12.432,0.2072,72.5139,27.2868,1978.67,727.229
12.433,0.2072,72.5127,27.2892,1978.81,727.25
12.433,0.2072,72.5111,27.2041,1972.6,727.28
12.433,0.2072,72.5098,27.2071,1972.78,727.305
12.434,0.2072,72.5082,27.2082,1972.82,727.334
12.434,0.2072,72.5069,27.211,1972.98,727.359
12.435,0.2072,72.5054,27.2125,1973.05,727.388
12.435,0.2072,72.5041,27.215,1973.2,727.413
12.435,0.2073,72.5026,27.217,1973.3,727.442
12.436,0.2073,72.5013,27.2193,1973.43,727.467
12.436,0.2073,72.4997,27.2216,1973.56,727.496
12.436,0.2073,72.4984,27.2237,1973.68,727.521
12.437,0.2073,72.4969,27.2265,1973.84,727.55
12.437,0.2073,72.4956,27.2283,1973.93,727.575
12.437,0.2073,72.4941,27.2316,1974.13,727.604
12.438,0.2073,72.4928,27.2331,1974.2,727.629
12.438,0.2073,72.4913,27.2369,1974.44,727.658
12.439,0.2073,72.49,27.238,1974.48,727.683
12.439,0.2073,72.4885,27.2424,1974.76,727.713
12.439,0.2073,72.4872,27.2431,1974.78,727.737
12.440,0.2073,72.4857,27.2481,1975.1,727.767
12.440,0.2073,72.4844,27.2508,1975.26,727.792
12.440,0.2073,72.4831,27.2535,1975.42,727.816
12.440,0.2073,72.4827,27.2526,1975.34,727.825
12.441,0.2073,72.4817,27.2576,1975.68,727.843
12.441,0.2074,72.4802,27.2595,1975.77,727.874
12.441,0.2074,72.4789,27.2632,1976.01,727.898
12.442,0.2074,72.4773,27.2667,1976.22,727.929
12.442,0.2074,72.477,27.2648,1976.07,727.936
12.442,0.2074,72.4762,27.27,1976.43,727.95
12.442,0.2074,72.4746,27.2722,1976.54,727.981
12.443,0.2074,72.4739,27.2735,1976.61,727.996
12.443,0.2074,72.4723,27.2799,1977.04,728.027
12.443,0.2074,72.4715,27.277,1976.81,728.041
12.444,0.2074,72.4699,27.2877,1977.54,728.072
12.444,0.2074,72.4692,27.2807,1977.01,728.086
12.444,0.2074,72.4676,27.2957,1978.05,728.118
12.444,0.2074,72.4668,27.2844,1977.22,728.132
12.445,0.2074,72.4652,27.3037,1978.57,728.163
12.445,0.2074,72.4644,27.2883,1977.43,728.178
12.445,0.2074,72.4628,27.3119,1979.1,728.209
12.446,0.2074,72.4621,27.2923,1977.65,728.223
12.446,0.2074,72.4604,27.3202,1979.63,728.255
12.446,0.2074,72.4597,27.2964,1977.88,728.269
12.447,0.2074,72.458,27.3286,1980.18,728.301
12.447,0.2074,72.4577,27.2978,1977.93,728.306
12.447,0.2074,72.4569,27.3329,1980.46,728.322
12.447,0.2075,72.4562,27.302,1978.2,728.336
12.447,0.2075,72.4553,27.3371,1980.72,728.352
12.448,0.2075,72.4545,27.3064,1978.47,728.367
12.448,0.2075,72.4537,27.3414,1980.99,728.383
12.448,0.2075,72.4529,27.3109,1978.76,728.397
12.448,0.2075,72.4521,27.3458,1981.26,728.413
12.448,0.2075,72.4513,27.3155,1979.04,728.428
12.449,0.2075,72.4504,27.3502,1981.53,728.444
12.449,0.2075,72.4496,27.32,1979.32,728.459
12.449,0.2075,72.4488,27.3547,1981.81,728.475
12.449,0.2075,72.448,27.3246,1979.61,728.489
12.449,0.2075,72.4472,27.3592,1982.09,728.505
12.450,0.2075,72.4464,27.3292,1979.9,728.52
12.450,0.2075,72.4455,27.3638,1982.38,728.536
12.450,0.2075,72.4447,27.3661,1982.53,728.551
12.450,0.2075,72.4439,27.3688,1982.7,728.566
12.450,0.2075,72.4431,27.3708,1982.83,728.581
12.451,0.2075,72.4423,27.3738,1983.02,728.595
12.451,0.2075,72.4415,27.3755,1983.12,728.61
12.451,0.2075,72.4407,27.3789,1983.35,728.625
12.451,0.2075,72.4399,27.3803,1983.42,728.64
12.451,0.2075,72.4391,27.384,1983.67,728.654
12.452,0.2075,72.4382,27.3851,1983.73,728.669
12.452,0.2075,72.4374,27.3891,1984,728.684
12.452,0.2075,72.4366,27.3899,1984.03,728.698
12.452,0.2075,72.4358,27.3942,1984.32,728.713
12.452,0.2075,72.435,27.3947,1984.33,728.728
12.453,0.2075,72.4342,27.3994,1984.65,728.743
12.453,0.2075,72.4333,27.3995,1984.64,728.757
12.453,0.2075,72.4325,27.4046,1984.98,728.772
12.453,0.2076,72.4317,27.4044,1984.95,728.787
12.453,0.2076,72.4309,27.4098,1985.31,728.801
12.454,0.2076,72.429,27.4155,1985.68,728.835
12.454,0.2076,72.4271,27.4216,1986.07,728.868
12.455,0.2076,72.4252,27.4189,1985.82,728.902
12.455,0.2076,72.4233,27.4243,1986.16,728.935
12.456,0.2076,72.4213,27.4314,1986.62,728.969
12.456,0.2076,72.4194,27.4371,1986.98,729.002
12.456,0.2076,72.4174,27.4439,1987.42,729.036
12.457,0.2076,72.4154,27.4499,1987.8,729.07
12.457,0.2076,72.4134,27.4564,1988.21,729.104
12.458,0.2076,72.4114,27.4628,1988.62,729.137
12.458,0.2076,72.4094,27.469,1989.01,729.172
12.459,0.2076,72.4074,27.4756,1989.44,729.205
12.459,0.2077,72.4053,27.4815,1989.8,729.24
12.460,0.2077,72.4032,27.4889,1990.29,729.274
12.460,0.2077,72.4011,27.4939,1990.59,729.309
12.461,0.2077,72.399,27.5022,1991.14,729.343
12.461,0.2077,72.3968,27.5064,1991.37,729.378
12.461,0.2077,72.3947,27.5439,1994.03,729.412
12.462,0.2077,72.3925,27.5467,1994.17,729.447
12.462,0.2077,72.3904,27.5571,1994.87,729.481
12.463,0.2077,72.3881,27.5588,1994.93,729.517
12.463,0.2077,72.3859,27.5703,1995.7,729.551
12.464,0.2077,72.3837,27.5763,1996.07,729.587
12.464,0.2077,72.3814,27.5822,1996.44,729.623
12.465,0.2077,72.379,27.5882,1996.81,729.658
12.465,0.2078,72.3767,27.5942,1997.18,729.694
12.466,0.2078,72.3743,27.6002,1997.54,729.73
12.466,0.2078,72.372,27.6061,1997.91,729.766
12.467,0.2078,72.3696,27.6121,1998.28,729.802
12.467,0.2078,72.3672,27.6506,2001,729.838
12.468,0.2078,72.3648,27.6567,2001.37,729.874
12.468,0.2078,72.3624,27.6628,2001.74,729.91
12.468,0.2078,72.3599,27.6689,2002.12,729.947
12.469,0.2078,72.3575,27.6751,2002.5,729.983
12.469,0.2078,72.355,27.6814,2002.89,730.019
12.470,0.2078,72.3525,27.6878,2003.28,730.056
12.470,0.2078,72.35,27.7427,2007.18,730.092
12.471,0.2078,72.3475,27.7495,2007.61,730.129
12.471,0.2079,72.3449,27.7565,2008.04,730.166
12.472,0.2079,72.3424,27.7638,2008.5,730.203
12.472,0.2079,72.3398,27.7712,2008.96,730.24
12.473,0.2079,72.3372,27.779,2009.46,730.277
12.473,0.2079,72.3346,27.7871,2009.97,730.314
12.474,0.2079,72.332,27.8036,2011.09,730.351
12.474,0.2079,72.3293,27.8046,2011.09,730.388
12.475,0.2079,72.3267,27.8302,2012.86,730.426
12.475,0.2079,72.324,27.8243,2012.37,730.463
12.476,0.2079,72.3213,27.8594,2014.83,730.501
12.476,0.2079,72.3186,27.7852,2009.39,730.539
12.477,0.2079,72.3159,27.8317,2012.67,730.576
12.477,0.2080,72.3132,27.8114,2011.13,730.614
12.478,0.2080,72.3104,27.8692,2015.23,730.652
12.478,0.2080,72.3077,27.8425,2013.23,730.691
12.479,0.2080,72.3049,27.9127,2018.22,730.729
12.479,0.2080,72.3021,27.8801,2015.79,730.767
12.480,0.2080,72.2993,27.9638,2021.76,730.806
12.480,0.2080,72.2965,27.9258,2018.94,730.844
12.481,0.2080,72.2937,28.0244,2025.98,730.883
12.481,0.2080,72.2908,27.9817,2022.82,730.922
12.482,0.2080,72.288,28.0969,2031.07,730.96
12.482,0.2080,72.2851,28.0505,2027.63,731
12.483,0.2080,72.2822,28.1842,2037.22,731.038
12.483,0.2081,72.2793,28.2266,2040.2,731.078
12.484,0.2081,72.2763,28.2784,2043.86,731.118
12.484,0.2081,72.2734,28.332,2047.65,731.158
12.485,0.2081,72.2704,28.3954,2052.15,731.197
12.486,0.2081,72.2675,28.4626,2056.92,731.237
12.486,0.2081,72.2645,28.5403,2062.45,731.278
12.487,0.2081,72.2615,28.6645,2071.34,731.318
12.487,0.2081,72.2585,28.7591,2078.09,731.358
12.488,0.2081,72.2555,28.8621,2085.45,731.398
12.488,0.2081,72.2525,28.9781,2093.74,731.439
12.489,0.2081,72.2495,29.1052,2102.83,731.48
12.489,0.2082,72.2464,29.3211,2118.34,731.52
12.490,0.2082,72.2434,29.4025,2124.14,731.561
12.490,0.2082,72.2404,29.7253,2147.37,731.602
12.491,0.2082,72.2373,29.7707,2150.56,731.643
12.491,0.2082,72.2343,30.2151,2182.56,731.684
12.492,0.2082,72.2312,30.2211,2182.91,731.726
12.493,0.2082,72.2281,30.7875,2223.73,731.767
12.493,0.2082,72.225,30.767,2222.15,731.809
12.494,0.2082,72.222,31.4606,2272.15,731.851
12.494,0.2082,72.2189,31.4254,2269.51,731.893
12.495,0.2082,72.2158,32.2496,2328.93,731.935
12.495,0.2083,72.2126,32.2156,2326.37,731.978
12.496,0.2083,72.2095,33.1724,2395.36,732.02
12.496,0.2083,72.2064,33.1589,2394.28,732.063
12.497,0.2083,72.2033,34.2483,2472.84,732.106
12.498,0.2083,72.2001,35.4067,2556.37,732.149
12.498,0.2083,72.197,36.8396,2659.71,732.192
12.499,0.2083,72.1938,37.0417,2674.18,732.236
12.499,0.2083,72.1907,38.4838,2778.18,732.279
12.500,0.2083,72.1876,38.7486,2797.17,732.322
12.500,0.2083,72.1846,41.5895,3002.12,732.364
12.501,0.2083,72.1815,42.18,3044.62,732.408
12.502,0.2084,72.1783,43.8663,3166.2,732.452
12.502,0.2084,72.1752,44.6347,3221.52,732.497
12.503,0.2084,72.172,46.4006,3348.82,732.541
12.503,0.2084,72.1688,47.3793,3419.31,732.587
12.504,0.2084,72.1657,50.7222,3660.4,732.631
12.505,0.2084,72.1625,52.6937,3802.51,732.677
12.505,0.2084,72.1594,54.6142,3940.93,732.722
12.506,0.2084,72.1562,56.3916,4069,732.768
12.506,0.2084,72.153,57.9806,4183.47,732.815
12.507,0.2084,72.1498,60.876,4392.2,732.862
12.508,0.2085,72.1467,62.3064,4495.2,732.909
12.508,0.2085,74.3395,64.228,4774.68,732.956
12.509,0.2085,74.337,65.4387,4864.52,733.003
12.509,0.2085,74.3348,68.5242,5093.73,733.051
12.510,0.2085,74.3325,69.5363,5168.81,733.099
12.511,0.2085,74.3305,73.0411,5429.19,733.148
12.511,0.2085,74.3285,73.8445,5488.76,733.196
12.512,0.2085,74.327,77.7538,5779.21,733.245
12.513,0.2085,74.3253,78.3341,5822.21,733.295
12.513,0.2086,74.3242,82.6224,6140.84,733.345
12.514,0.2086,74.3231,86.121,6400.77,733.394
12.515,0.2086,74.3226,92.3697,6865.15,733.445
12.515,0.2086,74.322,92.0257,6839.54,733.496
12.516,0.2086,74.3223,98.0549,7287.67,733.547
12.517,0.2086,74.3225,97.2776,7229.92,733.598
12.517,0.2086,74.3238,102.894,7647.49,733.65
12.518,0.2086,74.325,102.342,7606.58,733.702
12.519,0.2086,74.3275,108.192,8041.62,733.755
12.519,0.2087,74.33,108.7,8079.7,733.807
12.520,0.2087,74.3341,114.569,8516.36,733.861
12.521,0.2087,74.3383,111.615,8297.23,733.915
12.522,0.2087,74.3443,117.425,8729.84,733.969
12.522,0.2087,74.3506,114.208,8491.41,734.024
12.523,0.2087,74.3591,119.878,8914.04,734.08
12.524,0.2087,74.3681,116.424,8658.25,734.135
12.525,0.2087,74.3798,121.877,9065.2,734.193
12.525,0.2088,74.3922,118.131,8787.98,734.249
12.526,0.2088,74.4078,124.183,9240.17,734.308
12.527,0.2088,74.4247,120.181,8944.39,734.366
12.528,0.2088,74.4456,124.897,9298.04,734.425
12.528,0.2088,74.4677,120.813,8996.71,734.484
12.529,0.2088,74.4946,125.005,9312.23,734.544
12.530,0.2088,74.5233,122.683,9142.72,734.605
12.531,0.2088,74.5572,126.234,9411.69,734.664
12.532,0.2089,74.5936,121.904,9093.27,734.727
12.532,0.2089,74.6311,125.541,9369.27,734.781
12.533,0.2089,74.6758,121.058,9040.14,734.845
12.534,0.2089,74.7278,119.534,8932.52,734.907
12.535,0.2089,74.7678,118.894,8889.41,734.951
12.535,0.2089,74.8176,117.425,8785.49,735.004
12.536,0.2089,74.8815,115.405,8641.7,735.065
12.537,0.2089,74.9491,113.045,8472.65,735.127
12.538,0.2090,75.0222,111.801,8387.57,735.188
12.539,0.2090,75.0989,109.335,8210.97,735.25
12.539,0.2090,75.181,107.702,8097.16,735.311
12.540,0.2090,75.2667,104.305,7850.7,735.372
12.541,0.2090,75.3575,102.577,7729.97,735.433
12.542,0.2090,75.4521,101.103,7628.41,735.494
12.543,0.2090,75.5517,99.2947,7501.88,735.555
12.543,0.2091,75.6551,97.8838,7405.41,735.616
12.544,0.2091,75.7635,96.1185,7282.28,735.677
12.545,0.2091,75.8761,94.77,7190.78,735.739
12.546,0.2091,75.9937,93.0109,7068.25,735.801
12.547,0.2091,76.1159,91.8505,6991.28,735.863
12.547,0.2091,76.2211,89.4249,6816.06,735.915
12.548,0.2091,76.3253,88.5006,6754.84,735.966
12.549,0.2091,76.4608,86.7993,6636.75,736.03
12.550,0.2092,76.6019,85.8079,6573.04,736.095
12.551,0.2092,76.7475,84.2894,6469,736.161
12.552,0.2092,76.8959,84.7924,6520.19,736.227
12.552,0.2092,77.0476,83.229,6412.59,736.294
12.553,0.2092,77.203,83.9105,6478.14,736.361
12.554,0.2092,77.3611,82.1118,6352.26,736.428
12.555,0.2093,77.5228,82.5767,6401.58,736.496
12.556,0.2093,77.6872,81.113,6301.44,736.564
12.557,0.2093,77.8544,81.8199,6370.04,736.633
12.558,0.2093,78.0232,80.4531,6277.21,736.702
12.559,0.2093,78.1948,81.2962,6356.94,736.773
12.560,0.2093,78.3668,80.1,6277.18,736.842
12.561,0.2093,78.5409,80.959,6358.6,736.913
12.561,0.2094,78.7156,80.3801,6327.17,736.983
12.562,0.2094,78.8903,81.2764,6411.92,737.055
12.563,0.2094,79.0695,79.8421,6313.07,737.127
12.564,0.2094,79.2443,80.7226,6396.81,737.199
12.565,0.2094,79.4367,79.6958,6330.77,737.277
12.566,0.2094,79.5002,80.1972,6375.69,737.303
12.567,0.2094,79.6629,79.7698,6354.69,737.369
12.568,0.2095,79.8432,79.9565,6383.98,737.446
12.569,0.2095,80.0271,79.9477,6397.98,737.524
12.569,0.2095,80.1509,79.9221,6405.83,737.577
12.570,0.2095,80.2868,79.8923,6414.3,737.636
12.571,0.2095,80.4463,79.7907,6418.87,737.706
12.572,0.2095,80.627,79.6752,6423.98,737.786
12.573,0.2096,80.8035,78.6163,6352.47,737.865
12.574,0.2096,80.9791,78.374,6346.65,737.946
12.575,0.2096,81.1507,78.0718,6335.58,738.025
12.576,0.2096,81.3217,75.8751,6170.29,738.106
12.577,0.2096,81.4886,76.1934,6208.89,738.187
12.578,0.2096,81.6538,75.9085,6198.22,738.268
12.580,0.2097,81.8131,76.1883,6233.2,738.349
12.581,0.2097,81.9722,75.971,6227.51,738.431
12.582,0.2097,82.1231,75.1674,6172.98,738.512
12.583,0.2097,82.2753,74.5581,6134.29,738.594
12.584,0.2097,82.4179,73.7928,6081.85,738.675
12.585,0.2097,82.5631,73.6334,6079.4,738.758
12.586,0.2098,82.6978,72.3446,5982.74,738.84
12.587,0.2098,82.8342,72.1952,5980.23,738.922
12.588,0.2098,82.9612,70.8322,5876.32,739.005
12.589,0.2098,83.0889,70.6881,5873.39,739.087
12.590,0.2098,83.2081,69.3016,5766.45,739.172
12.591,0.2099,83.3291,67.8904,5657.25,739.255
12.593,0.2099,83.44,66.348,5536.08,739.34
12.594,0.2099,83.555,66.8655,5586.94,739.425
12.595,0.2099,83.657,65.6064,5488.44,739.51
12.596,0.2099,83.7642,65.2794,5468.08,739.596
12.597,0.2099,83.835,63.3715,5312.75,739.66
12.598,0.2100,83.9368,63.514,5331.16,739.747
12.599,0.2100,84.0228,62.3776,5241.15,739.834
12.600,0.2100,84.1146,62.3892,5247.85,739.919
12.601,0.2100,84.1942,61.5181,5179.47,740.007
12.603,0.2100,84.2752,61.4155,5175.8,740.089
12.604,0.2101,84.3503,61.2923,5170.02,740.181
12.605,0.2101,84.4237,61.0029,5150.09,740.261
12.606,0.2101,84.4948,60.4716,5109.53,740.356
12.607,0.2101,84.562,60.2744,5096.93,740.437
12.608,0.2101,84.6277,59.9227,5071.12,740.531
12.609,0.2102,84.6901,59.5888,5046.58,740.614
12.611,0.2102,84.7517,59.3262,5027.99,740.707
12.612,0.2102,84.8098,59.0286,5006.21,740.8
12.613,0.2102,84.8651,58.8351,4993.05,740.893
12.614,0.2102,84.9191,58.5114,4968.74,740.985
12.616,0.2103,84.97,58.2608,4950.42,741.078
12.617,0.2103,85.0216,57.8741,4920.55,741.169
12.618,0.2103,85.07,57.8184,4918.61,741.26
12.619,0.2103,85.1212,57.9254,4930.68,741.351
12.620,0.2103,85.1691,57.8563,4927.57,741.442
12.622,0.2104,85.2218,57.468,4897.52,741.532
12.623,0.2104,85.2712,57.3585,4891.03,741.624
12.624,0.2104,85.3274,57.41,4898.64,741.714
12.625,0.2104,85.3805,58.0363,4955.17,741.806
12.626,0.2104,85.442,57.8282,4940.96,741.896
12.628,0.2105,85.5009,56.5093,4831.6,741.989
12.629,0.2105,85.5699,56.6026,4843.48,742.08
12.630,0.2105,85.6368,55.8482,4782.66,742.174
12.631,0.2105,85.7151,56.0199,4801.75,742.266
12.633,0.2105,85.7922,54.9144,4711.23,742.362
12.634,0.2106,85.8819,55.4794,4764.68,742.456
12.635,0.2106,85.9715,54.4615,4682.14,742.553
12.636,0.2106,86.0743,55.4381,4771.8,742.649
12.638,0.2106,86.1788,53.4221,4603.86,742.749
12.639,0.2107,86.2964,54.6507,4716.16,742.848
12.640,0.2107,86.4178,53.6273,4634.35,742.952
12.642,0.2107,86.5514,54.3429,4703.45,743.053
12.643,0.2107,86.6862,54.7576,4746.73,743.157
12.644,0.2107,86.827,55.489,4817.94,743.256
12.646,0.2108,86.9688,54.571,4745.97,743.357
12.647,0.2108,87.115,55.5141,4836.12,743.453
12.648,0.2108,87.2622,54.7452,4777.18,743.551
12.650,0.2108,87.4121,55.8377,4880.89,743.646
12.651,0.2108,87.5631,55.0008,4816.04,743.741
12.652,0.2109,87.7151,56.0673,4917.95,743.835
12.653,0.2109,87.8684,55.3379,4862.45,743.929
12.655,0.2109,88.021,56.4659,4970.18,744.021
12.656,0.2109,88.1753,57.2045,5044.02,744.114
12.657,0.2110,88.3272,58.68,5183.04,744.206
12.658,0.2110,88.4813,58.2474,5153.8,744.298
12.659,0.2110,88.6313,59.4608,5270.09,744.389
12.661,0.2110,88.7841,59.9289,5320.73,744.481
12.662,0.2110,88.9353,60.3867,5370.51,744.574
12.663,0.2111,89.0845,60.9458,5429.33,744.666
12.664,0.2111,89.2319,61.588,5495.61,744.758
12.666,0.2111,89.3769,62.6054,5595.47,744.851
12.667,0.2111,89.5197,62.7015,5613.02,744.943
12.668,0.2111,89.6598,63.3472,5679.7,745.036
12.669,0.2112,89.7975,64.0569,5752.15,745.13
12.670,0.2112,89.9323,64.713,5819.78,745.224
12.672,0.2112,90.0643,65.4186,5891.88,745.318
12.673,0.2112,90.1933,66.0619,5958.35,745.414
12.674,0.2112,90.3194,66.7378,6027.72,745.509
12.676,0.2113,90.4422,67.3459,6090.91,745.606
12.677,0.2113,90.562,67.8199,6141.91,745.703
12.678,0.2113,90.6786,77.1137,6992.56,745.8
12.679,0.2113,90.792,77.0376,6994.4,745.898
12.681,0.2113,90.9023,78.0892,7098.48,745.997
12.682,0.2114,91.0095,78.4658,7141.13,746.096
12.683,0.2114,91.1138,78.8128,7180.93,746.196
12.685,0.2114,91.2146,79.127,7217.54,746.296
12.686,0.2114,91.3121,84.8868,7751.19,746.395
12.687,0.2115,91.4075,85.2759,7794.86,746.495
12.689,0.2115,91.5011,85.3825,7812.59,746.594
12.690,0.2115,91.5928,86.243,7899.23,746.695
12.691,0.2115,91.6844,86.1633,7899.84,746.794
12.693,0.2115,91.7742,86.6412,7951.43,746.896
12.694,0.2116,91.8658,85.6675,7869.92,746.996
12.695,0.2116,91.9555,85.8929,7898.32,747.099
12.697,0.2116,92.0484,85.8506,7902.41,747.2
12.698,0.2116,92.1386,85.9714,7921.29,747.303
12.699,0.2117,92.2338,85.5319,7888.93,747.404
12.701,0.2117,92.3262,85.4931,7893.25,747.507
12.702,0.2117,92.4251,85.6699,7918.05,747.607
12.703,0.2117,92.5211,85.4388,7904.9,747.71
12.705,0.2117,92.6252,86.1646,7981.01,747.81
12.706,0.2118,92.7261,85.4067,7919.43,747.912
12.707,0.2118,92.8363,87.5415,8127.04,748.012
12.709,0.2118,92.9431,86.3151,8022.39,748.114
12.710,0.2118,93.0604,86.8951,8086.49,748.213
12.711,0.2119,93.1738,77.4539,7216.67,748.314
12.713,0.2119,93.2984,77.583,7238.37,748.413
12.714,0.2119,93.4264,77.2339,7215.68,748.512
12.715,0.2119,93.5579,76.9462,7198.92,748.611
12.717,0.2119,96.5019,76.5248,7384.79,748.709
12.718,0.2120,96.6515,76.0706,7352.34,748.807
12.719,0.2120,96.8034,76.1592,7372.47,748.905
12.720,0.2120,96.9456,75.6998,7338.76,748.995
12.722,0.2120,97.1006,75.0225,7284.74,749.093
12.723,0.2120,97.2506,74.5741,7252.38,749.186
12.724,0.2121,97.4076,73.9045,7198.87,749.283
12.726,0.2121,97.5635,72.5879,7081.93,749.379
12.727,0.2121,97.7208,73.7109,7203.09,749.476
12.728,0.2121,97.8778,73.188,7163.48,749.573
12.729,0.2122,98.0347,73.2687,7182.87,749.669
12.731,0.2122,98.1904,72.5774,7126.4,749.766
12.732,0.2122,98.3456,68.3626,6723.16,749.863
12.733,0.2122,98.4986,67.5875,6657.27,749.96
12.734,0.2122,98.6513,67.5813,6666.98,750.056
12.736,0.2123,98.8006,66.9194,6611.68,750.153
12.737,0.2123,98.9497,67.0121,6630.83,750.249
12.738,0.2123,99.0946,66.3469,6574.62,750.346
12.740,0.2123,99.2364,67.812,6729.42,750.44
12.741,0.2123,99.3762,69.2935,6886.12,750.537
12.742,0.2124,99.5119,70.1879,6984.53,750.63
12.743,0.2124,99.6463,69.1395,6889.49,750.727
12.745,0.2124,99.7765,69.8057,6964.96,750.82
12.746,0.2124,99.9051,68.6315,6856.64,750.917
12.747,0.2125,100.03,69.6911,6971.22,751.01
12.748,0.2125,100.153,68.9761,6908.15,751.108
12.750,0.2125,100.273,68.7086,6889.63,751.201
12.751,0.2125,100.389,68.6894,6895.68,751.299
12.752,0.2125,100.505,68.3167,6866.14,751.393
12.753,0.2126,100.615,68.3735,6879.37,751.491
12.755,0.2126,100.725,68.1169,6861.07,751.586
12.756,0.2126,100.829,68.144,6870.89,751.684
12.757,0.2126,100.935,67.9144,6854.93,751.78
12.759,0.2126,101.033,67.9548,6865.67,751.878
12.760,0.2127,101.134,68.4047,6918.05,751.975
12.761,0.2127,101.227,68.4789,6931.9,752.073
12.762,0.2127,101.323,67.4377,6832.99,752.17
12.764,0.2127,101.411,67.5331,6848.6,752.269
12.765,0.2128,101.497,66.9455,6794.77,752.367
12.766,0.2128,101.582,67.3644,6843,752.466
12.768,0.2128,101.664,68.1859,6932.07,752.564
12.769,0.2128,101.747,68.9188,7012.28,752.662
12.770,0.2128,101.827,68.5152,6976.67,752.76
12.772,0.2129,101.908,69.5369,7086.37,752.858
12.773,0.2129,101.986,69.0629,7043.45,752.957
12.774,0.2129,102.067,70.307,7176.04,753.054
12.776,0.2129,102.144,70.1537,7165.8,753.153
12.777,0.2129,102.226,71.835,7343.42,753.25
12.778,0.2130,102.303,71.2548,7289.6,753.349
12.779,0.2130,102.387,73.0134,7475.61,753.446
12.781,0.2130,102.465,74.5235,7636.03,753.544
12.782,0.2130,102.551,75.7357,7766.74,753.642
12.783,0.2131,102.63,75.3753,7735.8,753.74
12.785,0.2131,102.719,77.4852,7959.21,753.837
12.786,0.2131,102.802,77.9358,8011.92,753.936
12.787,0.2131,102.894,77.9632,8021.94,754.033
12.789,0.2131,102.979,79.5382,8190.79,754.131
12.790,0.2132,103.076,79.0515,8148.28,754.229
12.791,0.2132,103.165,79.0015,8150.16,754.327
12.792,0.2132,103.265,79.1558,8174.04,754.425
12.794,0.2132,103.358,79.5649,8223.68,754.524
12.795,0.2133,103.463,78.5277,8124.72,754.622
12.796,0.2133,103.56,79.0313,8184.52,754.721
12.798,0.2133,103.67,77.8122,8066.79,754.819
12.799,0.2133,103.772,78.5373,8149.95,754.918
12.800,0.2133,103.886,77.018,8001.09,755.017
12.802,0.2134,103.992,78.0825,8119.97,755.116
12.803,0.2134,104.111,76.4518,7959.45,755.215
12.804,0.2134,104.222,78.2316,8153.43,755.314
12.806,0.2134,104.343,79.4852,8293.73,755.413
12.807,0.2134,104.451,79.9352,8349.33,755.505
12.808,0.2135,104.575,78.103,8167.65,755.605
12.809,0.2135,104.696,77.9568,8161.76,755.704
12.811,0.2135,104.817,76.7595,8045.7,755.799
12.812,0.2135,104.942,77.2243,8104.07,755.899
12.813,0.2136,105.061,75.2935,7910.45,755.991
12.815,0.2136,105.19,76.0829,8003.19,756.09
12.816,0.2136,105.308,75.2494,7924.4,756.18
12.817,0.2136,105.428,75.1191,7919.67,756.27
12.818,0.2136,105.55,74.9717,7913.26,756.36
12.819,0.2137,105.673,74.845,7909.13,756.45
12.821,0.2137,105.799,76.3178,8074.32,756.541
12.822,0.2137,105.926,75.6332,8011.5,756.632
12.823,0.2137,106.055,75.8043,8039.4,756.723
12.824,0.2137,106.186,76.4387,8116.69,756.814
12.825,0.2138,106.318,76.3149,8113.68,756.906
12.827,0.2138,106.453,76.1964,8111.33,756.998
12.828,0.2138,106.589,76.0345,8104.44,757.091
12.829,0.2138,106.727,75.8691,8097.26,757.184
12.830,0.2138,106.866,76.5116,8176.47,757.277
12.832,0.2139,107.006,76.1632,8149.94,757.371
12.833,0.2139,107.148,76.0119,8144.52,757.465
12.834,0.2139,107.291,76.2728,8183.37,757.559
12.835,0.2139,107.435,76.2136,8187.97,757.653
12.837,0.2139,107.579,76.1415,8191.26,757.748
12.838,0.2140,107.725,75.5689,8140.65,757.843
12.839,0.2140,107.871,75.5013,8144.42,757.939
12.840,0.2140,108.018,75.4523,8150.2,758.035
12.841,0.2140,108.097,75.5252,8164.05,758.086
12.842,0.2140,108.2,75.3693,8154.99,758.154
12.843,0.2141,108.348,75.5656,8187.38,758.25
12.844,0.2141,108.443,75.2871,8164.33,758.313
12.845,0.2141,108.591,75.5028,8198.93,758.41
12.846,0.2141,108.683,75.1008,8162.16,758.471
12.847,0.2141,108.832,75.5571,8223.05,758.569
12.848,0.2141,108.923,75.029,8172.37,758.63
12.850,0.2142,109.074,75.5949,8245.45,758.73
12.850,0.2142,109.164,74.9451,8181.33,758.792
12.852,0.2142,109.314,75.6105,8265.32,758.892
12.853,0.2142,110.095,74.1943,8168.4,758.954
12.854,0.2142,110.22,74.8887,8254.2,759.054
12.855,0.2142,110.301,74.1217,8175.72,759.118
12.856,0.2143,110.426,74.3355,8208.61,759.217
12.857,0.2143,110.511,73.265,8096.55,759.283
12.858,0.2143,110.636,74.3726,8228.31,759.382
12.859,0.2143,110.724,73.161,8100.67,759.45
12.860,0.2143,110.85,74.4233,8249.85,759.55
12.861,0.2144,110.944,74.4088,8255.23,759.622
12.862,0.2144,111.041,73.5445,8166.44,759.696
12.863,0.2144,111.142,73.5321,8172.54,759.773
12.864,0.2144,111.246,73.5097,8177.67,759.852
12.865,0.2144,111.31,73.5034,8181.64,759.9
12.866,0.2144,111.388,73.4729,8183.98,759.959
12.867,0.2144,111.482,73.1802,8158.26,760.03
12.868,0.2145,111.579,71.7407,8004.75,760.103
12.869,0.2145,111.679,71.5786,7993.82,760.178
12.870,0.2145,111.777,70.6134,7892.92,760.251
12.871,0.2145,111.878,70.7048,7910.29,760.327
12.872,0.2145,111.973,70.857,7934.05,760.398
12.873,0.2145,112.078,71.2126,7981.34,760.477
12.874,0.2146,112.172,71.9312,8068.65,760.547
12.875,0.2146,112.276,70.4902,7914.36,760.625
12.876,0.2146,112.37,71.1511,7995.24,760.695
12.877,0.2146,112.472,70.3438,7911.7,760.773
12.878,0.2146,112.566,71.2254,8017.55,760.843
12.879,0.2146,112.667,70.2009,7909.33,760.92
12.880,0.2147,112.762,71.1644,8024.67,760.992
12.881,0.2147,112.866,70.081,7909.78,761.072
12.881,0.2147,112.937,71.2065,8041.83,761.125
12.882,0.2147,113.018,70.0067,7912.03,761.188
12.883,0.2147,113.126,71.2449,8059.67,761.269
12.884,0.2147,113.221,70.1732,7945.09,761.344
12.885,0.2148,113.33,71.3848,8090.05,761.427
12.886,0.2148,113.421,70.0542,7945.61,761.499
12.887,0.2148,113.528,71.145,8076.96,761.581
12.888,0.2148,113.618,69.8523,7936.5,761.653
12.890,0.2148,113.726,71.0219,8077.04,761.736
12.891,0.2148,113.818,69.7146,7934.75,761.811
12.892,0.2149,113.928,70.8959,8077.05,761.897
12.892,0.2149,114.003,69.6169,7936.55,761.958
12.894,0.2149,114.116,70.7791,8077.05,762.047
12.895,0.2149,114.216,69.8073,7973.12,762.129
12.896,0.2149,114.311,70.7462,8087.05,762.204
12.897,0.2149,114.412,69.7224,7977.1,762.289
12.898,0.2150,114.522,70.678,8094.17,762.376
12.899,0.2150,114.619,69.2696,7939.6,762.457
12.900,0.2150,114.729,70.5539,8094.55,762.545
12.901,0.2150,114.824,70.598,8106.31,762.624
12.902,0.2150,114.919,70.7786,8133.82,762.704
12.903,0.2151,115.017,70.7195,8133.95,762.786
12.905,0.2151,115.115,71.0266,8176.24,762.869
12.906,0.2151,115.217,70.8691,8165.32,762.953
12.907,0.2151,115.313,70.5755,8138.3,763.034
12.908,0.2151,115.417,70.3445,8118.98,763.12
12.909,0.2151,115.51,70.8362,8182.26,763.197
12.910,0.2152,115.613,70.5551,8157.08,763.281
12.911,0.2152,115.703,71.0694,8222.97,763.356
12.912,0.2152,115.807,70.7578,8194.22,763.439
12.913,0.2152,115.898,71.2693,8259.97,763.514
12.914,0.2152,116.003,70.943,8229.58,763.597
12.915,0.2153,116.097,71.428,8292.57,763.673
12.916,0.2153,116.204,71.0994,8262.07,763.756
12.917,0.2153,116.302,71.8401,8355.17,763.834
12.919,0.2153,116.412,71.9603,8377.07,763.918
12.920,0.2153,116.515,70.9125,8262.34,763.997
12.921,0.2153,116.627,70.8888,8267.58,764.081
12.922,0.2154,116.734,68.8123,8032.72,764.161
12.923,0.2154,116.85,69.0159,8064.53,764.247
12.924,0.2154,116.962,68.7551,8041.71,764.328
12.925,0.2154,117.083,68.2592,7991.97,764.415
12.926,0.2154,117.2,67.5302,7914.56,764.5
12.927,0.2155,117.327,68.2202,8004.08,764.589
12.929,0.2155,117.452,66.1981,7775.11,764.677
12.930,0.2155,117.587,65.087,7653.38,764.77
12.931,0.2155,117.71,64.3221,7571.33,764.854
12.932,0.2155,117.804,64.9346,7649.55,764.918
12.933,0.2156,117.952,64.078,7558.12,764.725
12.934,0.2156,118.077,64.7017,7639.79,764.809
12.935,0.2156,118.205,64.1256,7579.98,764.894
12.936,0.2156,118.33,62.3507,7377.95,764.977
12.938,0.2156,118.451,60.5163,7168.22,760.648
12.939,0.2156,118.576,61.0169,7235.14,760.73
12.940,0.2157,118.694,60.6817,7202.55,760.807
12.941,0.2157,118.819,60.757,7219.11,760.89
12.942,0.2157,118.936,60.8332,7235.24,760.965
12.943,0.2157,119.062,60.4723,7199.96,761.049
12.944,0.2157,119.178,60.9663,7265.83,761.124
12.945,0.2158,119.305,60.8131,7255.28,761.209
12.946,0.2158,119.431,60.6524,7243.76,761.293
12.947,0.2158,119.556,60.1513,7191.45,761.377
12.948,0.2158,119.68,59.9896,7179.55,761.46
12.949,0.2158,119.803,59.8377,7168.71,761.543
12.951,0.2158,119.925,59.6732,7156.28,761.625
12.952,0.2159,120.046,59.522,7145.35,761.708
12.953,0.2159,120.166,59.3638,7133.52,761.791
12.954,0.2159,120.286,57.6151,6930.31,761.874
12.955,0.2159,120.407,57.4356,6915.64,761.958
12.956,0.2159,120.528,57.1885,6892.79,762.042
12.957,0.2160,120.649,58.5298,7061.57,762.129
12.958,0.2160,120.772,58.311,7042.31,762.216
12.960,0.2160,120.896,58.1663,7032.07,762.306
12.961,0.2160,121.023,58.0077,7020.25,762.399
12.962,0.2160,121.152,58.6692,7107.89,762.495
12.963,0.2161,121.284,57.4994,6973.76,762.594
12.965,0.2161,121.417,57.4324,6973.26,762.696
12.966,0.2161,121.548,57.3496,6970.7,762.797
12.968,0.2161,121.676,57.3427,6977.26,762.898
12.969,0.2161,121.803,56.8982,6930.4,763
12.970,0.2162,121.928,56.5456,6894.52,763.101
12.972,0.2162,122.052,56.5089,6897.01,763.202
12.973,0.2162,122.173,53.9614,6592.63,763.304
12.974,0.2162,122.293,54.0875,6614.52,763.405
12.976,0.2163,122.411,49.8844,6106.41,763.507
12.977,0.2163,122.528,50.0844,6136.76,763.608
12.978,0.2163,122.644,49.9555,6126.73,763.709
12.980,0.2163,122.758,50.2513,6168.77,763.811
12.981,0.2164,122.872,48.3934,5946.18,763.912
12.982,0.2164,122.985,48.8563,6008.57,764.014
12.984,0.2164,123.096,48.3557,5952.42,764.115
12.985,0.2164,123.208,48.9005,6024.95,764.216
12.986,0.2164,123.319,49.1814,6065.02,764.318
12.988,0.2165,123.431,50.4368,6225.48,764.419
12.989,0.2165,123.543,50.6159,6253.21,764.52
12.990,0.2165,123.655,50.5411,6249.67,764.622
12.992,0.2165,123.767,50.7928,6286.49,764.723
12.993,0.2166,123.882,50.5789,6265.79,764.824
12.995,0.2166,123.996,50.9527,6317.91,764.926
12.996,0.2166,124.112,50.9582,6324.53,763.026
12.997,0.2166,124.23,50.9059,6324.04,763.128
12.999,0.2166,124.35,62.0379,7714.39,763.23
13.000,0.2167,124.47,61.9343,7709,763.331
13.001,0.2167,124.593,61.8175,7702.05,763.433
13.003,0.2167,124.717,61.6673,7690.98,763.534
13.004,0.2167,124.842,61.5022,7678.03,763.634
13.005,0.2168,124.967,61.3259,7663.72,763.734
13.007,0.2168,125.094,61.1322,7647.28,763.833
13.008,0.2168,125.224,60.9422,7631.41,763.933
13.009,0.2168,125.356,60.7212,7611.76,764.033
13.011,0.2168,125.491,60.5639,7600.23,764.135
13.012,0.2169,132.464,59.988,7946.23,764.233
13.013,0.2169,132.603,62.1864,8246.09,764.335
13.015,0.2169,132.737,61.8237,8206.29,764.432
13.016,0.2169,132.875,60.8345,8083.39,764.534
13.017,0.2170,133.011,60.446,8040,764.634
13.019,0.2170,133.149,60.822,8098.36,764.735
13.020,0.2170,133.286,60.4402,8055.84,764.836
13.021,0.2170,133.423,60.7358,8103.53,764.937
13.023,0.2170,133.559,60.4019,8067.2,757.037
13.024,0.2171,133.695,61.9519,8282.64,757.136
13.025,0.2171,133.818,61.5821,8240.82,757.226
13.027,0.2171,133.954,62.0272,8308.81,757.325
13.028,0.2171,134.076,61.8404,8291.31,757.413
13.029,0.2172,134.212,62.2087,8349.15,757.512
13.030,0.2172,134.338,62.9237,8453.03,757.603
13.032,0.2172,134.474,63.1516,8492.25,757.702
13.033,0.2172,134.609,63.0787,8490.98,757.799
13.034,0.2172,134.747,63.0882,8500.92,757.898
13.036,0.2173,134.88,52.191,7039.55,757.994
13.037,0.2173,135.019,52.1286,7038.33,758.093
13.038,0.2173,135.151,52.0831,7039.08,758.187
13.040,0.2173,135.29,51.849,7014.66,758.286
13.041,0.2173,135.423,51.882,7026.02,758.38
13.042,0.2174,135.564,51.5105,6982.95,758.478
13.043,0.2174,135.698,51.6358,7006.89,758.572
13.045,0.2174,135.84,51.1715,6951.15,758.671
13.046,0.2174,135.977,51.4002,6989.23,758.766
13.047,0.2175,136.12,50.8919,6927.4,758.865
13.049,0.2175,136.261,50.807,6923.01,758.961
13.049,0.2175,136.344,50.8475,6932.74,759.018
13.051,0.2175,136.459,49.3693,6736.91,759.097
13.052,0.2175,136.596,49.2649,6729.41,759.19
13.053,0.2175,136.683,49.0801,6708.41,759.249
13.054,0.2176,136.819,49.3377,6750.34,759.341
13.055,0.2176,136.903,49.2526,6742.81,759.398
13.056,0.2176,137.039,49.5614,6791.82,759.49
13.057,0.2176,137.124,49.6088,6802.56,759.548
13.058,0.2176,137.261,49.9453,6855.55,759.64
13.059,0.2176,137.352,50.1676,6890.61,759.701
13.060,0.2177,137.49,50.4933,6942.34,759.795
13.061,0.2177,137.59,50.9485,7010,759.862
13.062,0.2177,137.73,51.1972,7051.41,759.957
13.063,0.2177,137.839,51.2569,7065.18,760.03
13.064,0.2177,137.981,51.7325,7138.11,760.127
13.066,0.2178,138.099,54.4317,7516.97,760.208
13.067,0.2178,138.243,54.2715,7502.66,760.306
13.068,0.2178,139.676,56.1604,7844.25,760.394
13.069,0.2178,139.83,55.1419,7710.48,760.491
13.071,0.2178,141.83,56.6114,8029.2,760.575
13.072,0.2179,141.985,55.7199,7911.39,760.672
13.073,0.2179,142.114,57.3431,8149.27,760.753
13.074,0.2179,142.269,56.5257,8041.85,760.849
13.075,0.2179,142.397,57.7049,8216.99,760.929
13.077,0.2179,142.553,57.0674,8135.13,761.026
13.078,0.2180,142.679,57.6956,8231.95,761.104
13.079,0.2180,142.839,57.3098,8186.04,761.203
13.080,0.2180,142.965,57.3415,8197.81,761.281
13.080,0.2180,143.002,57.2925,8192.92,761.304
13.081,0.2180,143.095,57.0309,8160.81,761.362
13.082,0.2180,143.259,57.1382,8185.57,761.464
13.083,0.2181,143.353,56.5949,8113.05,761.522
13.085,0.2181,143.517,56.5798,8120.16,761.623
13.085,0.2181,143.616,55.9217,8031.24,761.684
13.087,0.2181,143.779,55.8581,8031.24,761.786
13.088,0.2181,143.903,54.946,7906.92,761.862
13.089,0.2181,144.012,55.287,7961.97,761.93
13.090,0.2182,144.141,53.8982,7768.95,762.009
13.091,0.2182,144.243,54.6965,7889.58,762.073
13.092,0.2182,144.373,54.1856,7822.94,762.153
13.093,0.2182,144.503,53.6616,7754.27,762.234
13.094,0.2182,144.633,53.1732,7690.59,762.314
13.095,0.2182,144.762,52.6716,7624.85,762.394
13.096,0.2183,144.891,51.9163,7522.21,762.475
13.097,0.2183,145.021,51.451,7461.45,762.557
13.098,0.2183,145.15,51.0907,7415.79,762.638
13.099,0.2183,145.279,50.7187,7368.37,762.721
13.100,0.2183,145.409,50.4786,7340.04,762.804
13.102,0.2184,145.539,50.3322,7325.31,762.888
13.103,0.2184,145.67,50.638,7376.43,762.973
13.104,0.2184,145.802,50.5236,7366.44,763.059
13.105,0.2184,145.935,51.7991,7559.28,763.146
13.106,0.2184,146.069,51.7741,7562.6,763.234
13.107,0.2185,146.205,53.1819,7775.49,763.324
13.109,0.2185,146.345,53.1349,7776.01,763.417
13.110,0.2185,146.487,54.1117,7926.68,763.511
13.111,0.2185,146.635,54.2983,7962.05,763.61
13.113,0.2185,146.787,54.4476,7992.2,763.711
13.114,0.2186,146.939,54.6294,8027.19,763.812
13.115,0.2186,147.092,54.0298,7947.35,763.913
13.115,0.2186,147.1,53.8112,7915.63,763.918
13.116,0.2186,147.119,54.0855,7957.02,763.931
13.116,0.2186,147.129,53.8467,7922.42,763.938
13.116,0.2186,147.14,54.1179,7962.92,763.945
13.116,0.2186,147.153,53.8918,7930.33,763.953
13.116,0.2186,147.161,54.1428,7967.71,763.959
13.116,0.2186,147.176,53.9466,7939.64,763.968
13.116,0.2186,147.183,54.1646,7972.11,763.973
13.116,0.2186,147.199,54.0055,7949.56,763.984
13.116,0.2186,147.205,54.185,7976.32,763.988
13.117,0.2186,147.221,54.066,7959.68,763.998
13.117,0.2186,147.227,54.2048,7980.44,764.002
13.117,0.2186,147.243,54.1256,7969.64,764.013
13.117,0.2186,147.249,54.2245,7984.51,764.017
13.117,0.2186,147.264,54.1843,7979.42,764.027
13.117,0.2186,147.27,54.2442,7988.55,764.031
13.117,0.2186,147.285,54.2428,7989.17,764.041
13.117,0.2186,147.291,54.2639,7992.58,764.044
13.117,0.2186,147.306,54.3021,7999.04,764.054
13.117,0.2186,147.312,54.312,8000.8,764.058
13.117,0.2186,147.317,54.3221,8002.58,764.062
13.117,0.2186,147.323,54.3321,8004.36,764.065
13.117,0.2186,147.328,54.3422,8006.15,764.069
13.117,0.2186,147.334,54.3524,8007.93,764.072
13.118,0.2186,147.339,54.3626,8009.73,764.076
13.118,0.2186,147.345,54.3728,8011.53,764.08
13.118,0.2186,147.35,54.383,8013.35,764.083
13.118,0.2186,147.356,54.3933,8015.16,764.087
13.118,0.2186,149.983,54.171,8124.72,764.091
13.118,0.2186,149.988,54.1805,8126.43,764.094
13.118,0.2186,149.993,54.1901,8128.17,764.098
13.118,0.2186,149.999,54.1996,8129.88,764.101
13.118,0.2186,150.004,54.2094,8131.64,764.105
13.118,0.2186,150.01,54.2188,8133.35,764.109
13.118,0.2186,150.015,54.2288,8135.14,764.112
13.118,0.2186,150.021,54.2382,8136.85,764.116
13.118,0.2186,150.026,54.2483,8138.66,764.12
13.118,0.2186,150.031,54.2577,8140.37,764.123
13.118,0.2186,150.037,54.268,8142.2,764.127
13.118,0.2186,150.042,54.2774,8143.91,764.13
13.118,0.2186,150.048,54.2878,8145.76,764.134
13.118,0.2186,150.053,54.2962,8147.31,764.137
13.118,0.2186,150.058,54.3077,8149.33,764.141
13.118,0.2186,150.063,54.3126,8150.3,764.144
13.119,0.2186,150.068,54.3277,8152.87,764.148
13.119,0.2186,150.072,54.3275,8153.05,764.15
13.119,0.2186,150.078,54.3478,8156.4,764.154
13.119,0.2186,150.082,54.3414,8155.64,764.157
13.119,0.2186,150.087,54.368,8159.93,764.16
13.119,0.2186,150.091,54.3546,8158.11,764.162
13.119,0.2186,150.096,54.3883,8163.46,764.166
13.119,0.2186,150.099,54.3671,8160.47,764.168
13.119,0.2186,150.105,54.4086,8166.99,764.172
13.119,0.2186,150.108,54.3792,8162.76,764.174
13.119,0.2186,150.113,54.4291,8170.53,764.178
13.119,0.2186,150.117,54.391,8164.99,764.18
13.119,0.2186,150.122,54.4496,8174.07,764.183
13.119,0.2187,150.125,54.4027,8167.21,764.185
13.119,0.2187,150.13,54.4701,8177.62,764.189
13.119,0.2187,150.134,54.476,8178.67,764.191
13.119,0.2187,150.137,54.4817,8179.7,764.193
13.119,0.2187,150.14,54.4877,8180.76,764.195
13.119,0.2187,150.143,54.4934,8181.79,764.197
13.119,0.2187,150.146,54.4994,8182.85,764.199
13.119,0.2187,150.149,54.5051,8183.88,764.201
13.119,0.2187,150.152,54.5112,8184.95,764.203
13.119,0.2187,150.155,54.5168,8185.97,764.205
13.119,0.2187,150.158,54.523,8187.06,764.207
13.119,0.2187,150.161,54.5286,8188.07,764.209
13.119,0.2187,150.164,54.5348,8189.17,764.211
13.119,0.2187,150.167,54.5404,8190.17,764.213
13.119,0.2187,150.17,54.5467,8191.29,764.215
13.119,0.2187,150.173,54.5522,8192.28,764.217
13.119,0.2187,150.176,54.5586,8193.41,764.219
13.119,0.2187,150.179,54.5641,8194.4,764.222
13.120,0.2187,150.182,54.5705,8195.53,764.224
13.120,0.2187,150.185,54.576,8196.51,764.226
13.120,0.2187,150.188,54.5825,8197.66,764.228
13.120,0.2187,150.192,54.5879,8198.64,764.23
13.120,0.2187,150.195,54.5945,8199.8,764.232
13.120,0.2187,150.198,54.5998,8200.77,764.234
13.120,0.2187,150.201,54.6065,8201.94,764.236
13.120,0.2187,150.204,54.6118,8202.9,764.238
13.120,0.2187,150.207,54.6186,8204.09,764.24
13.120,0.2187,150.21,54.6238,8205.04,764.242
13.120,0.2187,150.213,54.6307,8206.24,764.244
13.120,0.2187,150.216,54.6359,8207.18,764.246
13.120,0.2187,150.219,54.6428,8208.39,764.248
