t_s,t_min,depth_m,u_mean_ms,q_unit_m2s,front_x_m
0.002,0.0000,0,0,0,-1.99922
0.004,0.0001,0,0,0,-1.99706
0.006,0.0001,0,0,0,-1.99359
0.008,0.0001,0,0,0,-1.9889
0.010,0.0002,0,0,0,-1.98303
0.012,0.0002,0,0,0,-1.97622
0.014,0.0002,0,0,0,-1.96848
0.016,0.0003,0,0,0,-1.96012
0.018,0.0003,0,0,0,-1.95113
0.020,0.0003,0,0,0,-1.94185
0.022,0.0004,0,0,0,-1.93225
0.024,0.0004,0,0,0,-1.92266
0.027,0.0004,0,0,0,-1.91306
0.029,0.0005,0,0,0,-1.9037
0.031,0.0005,0,0,0,-1.89455
0.033,0.0005,0,0,0,-1.88582
0.035,0.0006,0,0,0,-1.87746
0.037,0.0006,0,0,0,-1.86957
0.039,0.0006,0,0,0,-1.86212
0.041,0.0007,0,0,0,-1.85512
0.043,0.0007,0,0,0,-1.84855
0.045,0.0007,0,0,0,-1.84231
0.047,0.0008,0,0,0,-1.83638
0.049,0.0008,0,0,0,-1.83062
0.051,0.0008,0,0,0,-1.82502
0.053,0.0009,0,0,0,-1.81939
0.055,0.0009,0,0,0,-1.81374
0.057,0.0010,0,0,0,-1.80789
0.059,0.0010,0,0,0,-1.80186
0.061,0.0010,0,0,0,-1.79549
0.063,0.0011,0,0,0,-1.7888
0.065,0.0011,0,0,0,-1.7817
0.067,0.0011,0,0,0,-1.77426
0.069,0.0012,0,0,0,-1.76634
0.071,0.0012,0,0,0,-1.75808
0.073,0.0012,0,0,0,-1.74939
0.075,0.0013,0,0,0,-1.74037
0.077,0.0013,0,0,0,-1.73106
0.079,0.0013,0,0,0,-1.72143
0.081,0.0014,0,0,0,-1.71175
0.084,0.0014,0,0,0,-1.70171
0.086,0.0014,0,0,0,-1.69162
0.088,0.0015,0,0,0,-1.68158
0.090,0.0015,0,0,0,-1.67158
0.092,0.0015,0,0,0,-1.66173
0.094,0.0016,0,0,0,-1.652
0.096,0.0016,0,0,0,-1.64245
0.098,0.0016,0,0,0,-1.63306
0.100,0.0017,0,0,0,-1.62386
0.102,0.0017,0,0,0,-1.61482
0.104,0.0017,0,0,0,-1.6059
0.106,0.0018,0,0,0,-1.5971
0.108,0.0018,0,0,0,-1.58835
0.110,0.0018,0,0,0,-1.57963
0.112,0.0019,0,0,0,-1.57085
0.114,0.0019,0,0,0,-1.56201
0.116,0.0019,0,0,0,-1.553
0.118,0.0020,0,0,0,-1.54384
0.120,0.0020,0,0,0,-1.53442
0.122,0.0020,0,0,0,-1.52476
0.124,0.0021,0,0,0,-1.51478
0.126,0.0021,0,0,0,-1.50462
0.128,0.0021,0,0,0,-1.49434
0.130,0.0022,0,0,0,-1.48353
0.132,0.0022,0,0,0,-1.47292
0.134,0.0022,0,0,0,-1.46151
0.136,0.0023,0,0,0,-1.45059
0.138,0.0023,0,0,0,-1.43869
0.140,0.0023,0,0,0,-1.42754
0.142,0.0024,0,0,0,-1.41534
0.144,0.0024,0,0,0,-1.40404
0.146,0.0024,0,0,0,-1.39175
0.149,0.0025,0,0,0,-1.38041
0.151,0.0025,0,0,0,-1.36825
0.153,0.0025,0,0,0,-1.35696
0.155,0.0026,0,0,0,-1.34507
0.157,0.0026,0,0,0,-1.33391
0.159,0.0026,0,0,0,-1.32241
0.161,0.0027,0,0,0,-1.31139
0.163,0.0027,0,0,0,-1.3003
0.165,0.0027,0,0,0,-1.28943
0.167,0.0028,0,0,0,-1.27872
0.169,0.0028,0,0,0,-1.26816
0.171,0.0028,0,0,0,-1.25771
0.173,0.0029,0,0,0,-1.24733
0.175,0.0029,0,0,0,-1.23698
0.177,0.0029,0,0,0,-1.22662
0.179,0.0030,0,0,0,-1.21618
0.181,0.0030,0,0,0,-1.20564
0.183,0.0031,0,0,0,-1.19493
0.185,0.0031,0,0,0,-1.18403
0.187,0.0031,0,0,0,-1.17291
0.189,0.0032,0,0,0,-1.16162
0.191,0.0032,0,0,0,-1.14995
0.193,0.0032,0,0,0,-1.13817
0.195,0.0033,0,0,0,-1.1259
0.197,0.0033,0,0,0,-1.1136
0.199,0.0033,0,0,0,-1.10075
0.201,0.0034,0,0,0,-1.08798
0.203,0.0034,0,0,0,-1.07464
0.205,0.0034,0,0,0,-1.06148
0.207,0.0035,0,0,0,-1.0478
0.209,0.0035,0,0,0,-1.03439
0.211,0.0035,0,0,0,-1.02054
0.213,0.0036,0,0,0,-1.00703
0.215,0.0036,0,0,0,-0.993171
0.217,0.0036,0,0,0,-0.979711
0.220,0.0037,0,0,0,-0.965996
0.222,0.0037,0,0,0,-0.952703
0.224,0.0037,0,0,0,-0.939234
0.226,0.0038,0,0,0,-0.926179
0.228,0.0038,0,0,0,-0.913004
0.230,0.0038,0,0,0,-0.900202
0.232,0.0039,0,0,0,-0.887309
0.234,0.0039,0,0,0,-0.874716
0.236,0.0039,0,0,0,-0.862039
0.238,0.0040,0,0,0,-0.849567
0.240,0.0040,0,0,0,-0.837
0.242,0.0040,0,0,0,-0.824527
0.244,0.0041,0,0,0,-0.811946
0.246,0.0041,0,0,0,-0.799341
0.248,0.0041,0,0,0,-0.786662
0.250,0.0042,0,0,0,-0.773866
0.252,0.0042,0,0,0,-0.76095
0.254,0.0042,0,0,0,-0.747879
0.256,0.0043,0,0,0,-0.734663
0.258,0.0043,0,0,0,-0.72128
0.260,0.0043,0,0,0,-0.707752
0.262,0.0044,0,0,0,-0.694071
0.264,0.0044,0,0,0,-0.680266
0.266,0.0044,0,0,0,-0.666348
0.268,0.0045,0,0,0,-0.652343
0.270,0.0045,0,0,0,-0.638281
0.272,0.0045,0,0,0,-0.624177
0.274,0.0046,0,0,0,-0.61008
0.276,0.0046,0,0,0,-0.595983
0.278,0.0046,0,0,0,-0.581954
0.280,0.0047,0,0,0,-0.56795
0.282,0.0047,0,0,0,-0.554064
0.284,0.0047,0,0,0,-0.540202
0.286,0.0048,0,0,0,-0.526492
0.288,0.0048,0,0,0,-0.512772
0.290,0.0048,0,0,0,-0.499217
0.292,0.0049,0,0,0,-0.48559
0.294,0.0049,0,0,0,-0.472114
0.296,0.0049,0,0,0,-0.458481
0.298,0.0050,0,0,0,-0.444964
0.301,0.0050,0,0,0,-0.431192
0.303,0.0050,0,0,0,-0.41748
0.305,0.0051,0,0,0,-0.403424
0.307,0.0051,0,0,0,-0.389355
0.309,0.0051,0,0,0,-0.374915
0.311,0.0052,0,0,0,-0.360439
0.313,0.0052,0,0,0,-0.345462
0.315,0.0052,0,0,0,-0.330457
0.317,0.0053,0,0,0,-0.314873
0.319,0.0053,0,0,0,-0.29926
0.321,0.0053,0,0,0,-0.28305
0.323,0.0054,0,0,0,-0.266804
0.325,0.0054,0,0,0,-0.250006
0.327,0.0054,0,0,0,-0.233157
0.329,0.0055,0,0,0,-0.216055
0.331,0.0055,0,0,0,-0.198739
0.333,0.0055,0,0,0,-0.181225
0.335,0.0056,0,0,0,-0.163547
0.337,0.0056,0,0,0,-0.145734
0.339,0.0056,0,0,0,-0.127807
0.341,0.0057,0,0,0,-0.109807
0.343,0.0057,0,0,0,-0.091738
0.345,0.0057,0,0,0,-0.0736458
0.347,0.0058,0,0,0,-0.0555191
0.349,0.0058,0,0,0,-0.0374024
0.351,0.0058,0,0,0,-0.0192701
0.353,0.0059,0,0,0,-0.00116052
0.355,0.0059,0,0,0,0.016962
0.357,0.0060,0,0,0,0.0350694
0.359,0.0060,0,0,0,0.0532016
0.361,0.0060,0,0,0,0.0713438
0.363,0.0061,0,0,0,0.0895335
0.365,0.0061,0,0,0,0.10777
0.367,0.0061,0,0,0,0.126082
0.369,0.0062,0,0,0,0.144478
0.371,0.0062,0,0,0,0.162958
0.373,0.0062,0,0,0,0.181584
0.375,0.0063,0,0,0,0.200296
0.377,0.0063,0,0,0,0.219204
0.379,0.0063,0,0,0,0.2382
0.381,0.0064,0,0,0,0.257416
0.383,0.0064,0,0,0,0.276721
0.385,0.0064,0,0,0,0.296242
0.387,0.0065,0,0,0,0.315854
0.389,0.0065,0,0,0,0.33565
0.391,0.0065,0,0,0,0.355542
0.393,0.0066,0,0,0,0.375561
0.395,0.0066,0,0,0,0.395685
0.397,0.0066,0,0,0,0.415866
0.399,0.0067,0,0,0,0.436162
0.401,0.0067,0,0,0,0.456444
0.403,0.0067,0,0,0,0.476852
0.405,0.0068,0,0,0,0.497185
0.407,0.0068,0,0,0,0.517656
0.409,0.0068,0,0,0,0.538139
0.411,0.0069,0,0,0,0.558618
0.413,0.0069,0,0,0,0.579106
0.415,0.0069,0,0,0,0.59959
0.417,0.0070,0,0,0,0.620094
0.419,0.0070,0,0,0,0.640609
0.421,0.0070,0,0,0,0.661165
0.423,0.0071,0,0,0,0.68176
0.425,0.0071,0,0,0,0.702426
0.427,0.0071,0,0,0,0.723165
0.429,0.0072,0,0,0,0.743992
0.431,0.0072,0,0,0,0.7649
0.433,0.0072,0,0,0,0.785968
0.435,0.0073,0,0,0,0.807105
0.437,0.0073,0,0,0,0.828465
0.439,0.0073,0,0,0,0.849877
0.442,0.0074,0,0,0,0.87156
0.444,0.0074,0,0,0,0.893267
0.446,0.0074,0,0,0,0.915274
0.448,0.0075,0,0,0,0.93727
0.450,0.0075,0,0,0,0.959573
0.452,0.0075,0,0,0,0.981824
0.454,0.0076,0,0,0,1.00437
0.456,0.0076,0,0,0,1.02683
0.458,0.0076,0,0,0,1.04955
0.460,0.0077,0,0,0,1.07215
0.462,0.0077,0,0,0,1.09498
0.464,0.0077,0,0,0,1.11766
0.466,0.0078,0,0,0,1.14053
0.468,0.0078,0,0,0,1.16323
0.470,0.0078,0,0,0,1.18609
0.472,0.0079,0,0,0,1.2088
0.474,0.0079,0,0,0,1.23162
0.476,0.0079,0,0,0,1.25434
0.478,0.0080,0,0,0,1.27711
0.480,0.0080,0,0,0,1.29986
0.482,0.0080,0,0,0,1.3226
0.484,0.0081,0,0,0,1.34544
0.486,0.0081,0,0,0,1.3682
0.488,0.0081,0,0,0,1.39118
0.490,0.0082,0,0,0,1.41422
0.492,0.0082,0,0,0,1.43736
0.494,0.0082,0,0,0,1.46054
0.496,0.0083,0,0,0,1.4839
0.498,0.0083,0,0,0,1.50728
0.500,0.0083,0,0,0,1.5309
0.502,0.0084,0,0,0,1.5545
0.504,0.0084,0,0,0,1.57839
0.506,0.0084,0,0,0,1.60224
0.508,0.0085,0,0,0,1.62639
0.510,0.0085,0,0,0,1.65046
0.512,0.0085,0,0,0,1.67484
0.514,0.0086,0,0,0,1.6991
0.516,0.0086,0,0,0,1.72365
0.518,0.0086,0,0,0,1.74806
0.520,0.0087,0,0,0,1.77271
0.522,0.0087,0,0,0,1.7972
0.524,0.0087,0,0,0,1.8219
0.526,0.0088,0,0,0,1.84643
0.528,0.0088,0,0,0,1.87113
0.530,0.0088,0,0,0,1.89566
0.532,0.0089,0,0,0,1.92034
0.534,0.0089,0,0,0,1.94485
0.536,0.0089,0,0,0,1.96951
0.538,0.0090,0,0,0,1.99403
0.540,0.0090,0,0,0,2.0187
0.542,0.0090,0,0,0,2.04325
0.544,0.0091,0,0,0,2.06798
0.546,0.0091,0,0,0,2.09263
0.548,0.0091,0,0,0,2.1175
0.550,0.0092,0,0,0,2.1423
0.552,0.0092,0,0,0,2.16737
0.554,0.0092,0,0,0,2.1924
0.556,0.0093,0,0,0,2.21774
0.558,0.0093,0,0,0,2.24303
0.560,0.0093,0,0,0,2.2687
0.562,0.0094,0,0,0,2.2943
0.564,0.0094,0,0,0,2.3203
0.566,0.0094,0,0,0,2.34621
0.568,0.0095,0,0,0,2.37254
0.570,0.0095,0,0,0,2.39902
0.572,0.0095,0,0,0,2.42562
0.574,0.0096,0,0,0,2.45233
0.576,0.0096,0,0,0,2.47914
0.578,0.0096,0,0,0,2.50603
0.580,0.0097,0,0,0,2.53298
0.582,0.0097,0,0,0,2.55997
0.584,0.0097,0,0,0,2.58699
0.586,0.0098,0,0,0,2.61402
0.588,0.0098,0,0,0,2.64104
0.590,0.0098,0,0,0,2.66805
0.592,0.0099,0,0,0,2.69504
0.594,0.0099,0,0,0,2.722
0.596,0.0099,0,0,0,2.74894
0.598,0.0100,0,0,0,2.77584
0.600,0.0100,0,0,0,2.80273
0.602,0.0100,0,0,0,2.8296
0.604,0.0101,0,0,0,2.85646
0.606,0.0101,0,0,0,2.88334
0.608,0.0101,0,0,0,2.91023
0.610,0.0102,0,0,0,2.93717
0.612,0.0102,0,0,0,2.96418
0.614,0.0102,0,0,0,2.99123
0.616,0.0103,0,0,0,3.01843
0.618,0.0103,0,0,0,3.04565
0.620,0.0103,0,0,0,3.0731
0.622,0.0104,0,0,0,3.10051
0.624,0.0104,0,0,0,3.12826
0.626,0.0104,0,0,0,3.1559
0.628,0.0105,0,0,0,3.18397
0.630,0.0105,0,0,0,3.21183
0.632,0.0105,0,0,0,3.24023
0.634,0.0106,0,0,0,3.26829
0.636,0.0106,0,0,0,3.29699
0.638,0.0106,0,0,0,3.32522
0.640,0.0107,0,0,0,3.35418
0.642,0.0107,0,0,0,3.38255
0.644,0.0107,0,0,0,3.41171
0.646,0.0108,0,0,0,3.44018
0.648,0.0108,0,0,0,3.46948
0.650,0.0108,0,0,0,3.49881
0.651,0.0109,0,0,0,3.52817
0.653,0.0109,0,0,0,3.55754
0.655,0.0109,0,0,0,3.58691
0.657,0.0110,0,0,0,3.61629
0.659,0.0110,0,0,0,3.64567
0.661,0.0110,0,0,0,3.67505
0.663,0.0111,0,0,0,3.70445
0.665,0.0111,0,0,0,3.73386
0.667,0.0111,0,0,0,3.76331
0.669,0.0112,0,0,0,3.79282
0.671,0.0112,0,0,0,3.82243
0.673,0.0112,0,0,0,3.85207
0.675,0.0113,0,0,0,3.8819
0.677,0.0113,0,0,0,3.91173
0.679,0.0113,0,0,0,3.94185
0.681,0.0114,0,0,0,3.9719
0.683,0.0114,0,0,0,4.00235
0.685,0.0114,0,0,0,4.03265
0.687,0.0115,0,0,0,4.06345
0.689,0.0115,0,0,0,4.09399
0.691,0.0115,0,0,0,4.12514
0.693,0.0116,0,0,0,4.15589
0.695,0.0116,0,0,0,4.18733
0.697,0.0116,0,0,0,4.21826
0.699,0.0117,0,0,0,4.24993
0.701,0.0117,0,0,0,4.28098
0.703,0.0117,0,0,0,4.31279
0.705,0.0118,0,0,0,4.34391
0.707,0.0118,0,0,0,4.37578
0.709,0.0118,0,0,0,4.40692
0.711,0.0119,0,0,0,4.43877
0.713,0.0119,0,0,0,4.46993
0.715,0.0119,0,0,0,4.50171
0.717,0.0120,0,0,0,4.53289
0.719,0.0120,0,0,0,4.56457
0.721,0.0120,0,0,0,4.59581
0.723,0.0121,0,0,0,4.62742
0.725,0.0121,0,0,0,4.65876
0.727,0.0121,0,0,0,4.69033
0.729,0.0121,0,0,0,4.722
0.731,0.0122,0,0,0,4.75382
0.733,0.0122,0,0,0,4.78573
0.735,0.0122,0,0,0,4.81786
0.737,0.0123,0,0,0,4.85009
0.739,0.0123,0,0,0,4.88261
0.741,0.0123,0,0,0,4.91518
0.743,0.0124,0,0,0,4.94813
0.745,0.0124,0,0,0,4.98106
0.747,0.0124,0,0,0,5.01445
0.749,0.0125,0,0,0,5.04772
0.751,0.0125,0,0,0,5.08153
0.753,0.0125,0,0,0,5.11509
0.755,0.0126,0,0,0,5.14925
0.757,0.0126,0,0,0,5.18302
0.759,0.0126,0,0,0,5.21745
0.761,0.0127,0,0,0,5.25137
0.763,0.0127,0,0,0,5.28595
0.765,0.0127,0,0,0,5.31994
0.767,0.0128,0,0,0,5.35457
0.769,0.0128,0,0,0,5.38857
0.771,0.0128,0,0,0,5.42316
0.772,0.0129,0,0,0,5.45714
0.774,0.0129,0,0,0,5.49162
0.776,0.0129,0,0,0,5.52557
0.778,0.0130,0,0,0,5.5599
0.780,0.0130,0,0,0,5.59385
0.782,0.0130,0,0,0,5.62804
0.784,0.0131,0,0,0,5.66203
0.786,0.0131,0,0,0,5.69612
0.788,0.0131,0,0,0,5.73025
0.790,0.0132,0,0,0,5.76442
0.792,0.0132,0,0,0,5.7987
0.794,0.0132,0,0,0,5.83304
0.796,0.0133,0,0,0,5.86752
0.798,0.0133,0,0,0,5.90212
0.800,0.0133,0,0,0,5.93681
0.802,0.0134,0,0,0,5.97174
0.804,0.0134,0,0,0,6.00667
0.806,0.0134,0,0,0,6.04196
0.808,0.0135,0,0,0,6.07736
0.810,0.0135,0,0,0,6.11287
0.812,0.0135,0,0,0,6.14849
0.814,0.0136,0,0,0,6.18421
0.816,0.0136,0,0,0,6.22003
0.818,0.0136,0,0,0,6.25594
0.820,0.0137,0,0,0,6.29192
0.822,0.0137,0,0,0,6.32798
0.824,0.0137,0,0,0,6.36408
0.826,0.0138,0,0,0,6.40022
0.828,0.0138,0,0,0,6.43639
0.830,0.0138,0,0,0,6.47258
0.832,0.0139,0,0,0,6.50878
0.834,0.0139,0,0,0,6.54497
0.836,0.0139,0,0,0,6.58116
0.838,0.0140,0,0,0,6.61734
0.840,0.0140,0,0,0,6.6535
0.842,0.0140,0,0,0,6.68965
0.844,0.0141,0,0,0,6.72579
0.846,0.0141,0,0,0,6.76192
0.847,0.0141,0,0,0,6.79809
0.849,0.0142,0,0,0,6.83433
0.851,0.0142,0,0,0,6.87052
0.853,0.0142,0,0,0,6.9069
0.855,0.0143,0,0,0,6.94314
0.857,0.0143,0,0,0,6.97971
0.859,0.0143,0,0,0,7.01604
0.861,0.0144,0,0,0,7.05284
0.863,0.0144,0,0,0,7.08929
0.865,0.0144,0,0,0,7.12636
0.867,0.0145,0,0,0,7.16294
0.869,0.0145,0,0,0,7.20028
0.871,0.0145,0,0,0,7.23701
0.873,0.0146,0,0,0,7.27463
0.875,0.0146,0,0,0,7.31149
0.877,0.0146,0,0,0,7.34936
0.879,0.0147,0,0,0,7.38635
0.881,0.0147,0,0,0,7.42443
0.883,0.0147,0,0,0,7.46152
0.885,0.0147,0,0,0,7.49975
0.887,0.0148,0,0,0,7.53803
0.889,0.0148,0,0,0,7.57632
0.891,0.0148,0,0,0,7.61463
0.893,0.0149,0,0,0,7.65293
0.895,0.0149,0,0,0,7.69122
0.897,0.0149,0,0,0,7.7295
0.899,0.0150,0,0,0,7.76775
0.901,0.0150,0,0,0,7.80598
0.903,0.0150,0,0,0,7.84418
0.905,0.0151,0,0,0,7.88237
0.907,0.0151,0,0,0,7.92058
0.909,0.0151,0,0,0,7.95888
0.910,0.0152,0,0,0,7.99708
0.912,0.0152,0,0,0,8.03552
0.914,0.0152,0,0,0,8.07373
0.916,0.0153,0,0,0,8.11235
0.918,0.0153,0,0,0,8.1506
0.920,0.0153,0,0,0,8.18944
0.922,0.0154,0,0,0,8.22776
0.924,0.0154,0,0,0,8.26683
0.926,0.0154,0,0,0,8.30524
0.928,0.0155,0,0,0,8.34457
0.930,0.0155,0,0,0,8.38306
0.932,0.0155,0,0,0,8.42264
0.934,0.0156,0,0,0,8.46122
0.936,0.0156,0,0,0,8.50103
0.938,0.0156,0,0,0,8.53967
0.940,0.0157,0,0,0,8.57968
0.942,0.0157,0,0,0,8.61837
0.944,0.0157,0,0,0,8.65854
0.946,0.0158,0,0,0,8.69725
0.948,0.0158,0,0,0,8.73753
0.950,0.0158,0,0,0,8.77627
0.952,0.0159,0,0,0,8.81662
0.954,0.0159,0,0,0,8.85538
0.956,0.0159,0,0,0,8.89578
0.958,0.0160,0,0,0,8.93457
0.960,0.0160,0,0,0,8.975
0.962,0.0160,0,0,0,9.01385
0.964,0.0161,0,0,0,9.05432
0.966,0.0161,0,0,0,9.09487
0.967,0.0161,0,0,0,9.13554
0.969,0.0162,0,0,0,9.1762
0.971,0.0162,0,0,0,9.2171
0.973,0.0162,0,0,0,9.2579
0.975,0.0163,0,0,0,9.29905
0.977,0.0163,0,0,0,9.34001
0.979,0.0163,0,0,0,9.38147
0.981,0.0164,0,0,0,9.42259
0.983,0.0164,0,0,0,9.46438
0.985,0.0164,0,0,0,9.50568
0.987,0.0165,0,0,0,9.54781
0.989,0.0165,0,0,0,9.58928
0.991,0.0165,0,0,0,9.63175
0.993,0.0166,0,0,0,9.67338
0.995,0.0166,0,0,0,9.71617
0.997,0.0166,0,0,0,9.75793
0.999,0.0166,0,0,0,9.801
1.001,0.0167,0,0,0,9.84286
1.003,0.0167,0,0,0,9.88617
1.005,0.0167,0,0,0,9.9281
1.007,0.0168,0,0,0,9.97158
1.009,0.0168,0,0,0,10.0136
1.011,0.0168,0,0,0,10.0572
1.013,0.0169,0,0,0,10.0992
1.015,0.0169,0,0,0,10.1429
1.017,0.0169,0,0,0,10.1849
1.018,0.0170,0,0,0,10.2286
1.020,0.0170,0,0,0,10.2707
1.022,0.0170,0,0,0,10.3144
1.024,0.0171,0,0,0,10.3566
1.026,0.0171,0,0,0,10.4004
1.028,0.0171,0,0,0,10.4426
1.030,0.0172,0,0,0,10.4866
1.032,0.0172,0,0,0,10.5293
1.034,0.0172,0,0,0,10.5762
1.036,0.0173,0,0,0,10.6218
1.038,0.0173,0,0,0,10.6689
1.040,0.0173,0,0,0,10.7147
1.042,0.0174,0,0,0,10.762
1.044,0.0174,0,0,0,10.8094
1.046,0.0174,0,0,0,10.8569
1.048,0.0175,0,0,0,10.9045
1.050,0.0175,0,0,0,10.9522
1.052,0.0175,0,0,0,11
1.054,0.0176,0,0,0,11.0478
1.056,0.0176,0,0,0,11.0957
1.058,0.0176,0,0,0,11.1438
1.060,0.0177,0,0,0,11.1918
1.062,0.0177,0,0,0,11.24
1.064,0.0177,0,0,0,11.2881
1.065,0.0178,0,0,0,11.3364
1.067,0.0178,0,0,0,11.3847
1.069,0.0178,0,0,0,11.433
1.071,0.0179,0,0,0,11.4814
1.073,0.0179,0,0,0,11.5298
1.075,0.0179,0,0,0,11.5783
1.077,0.0180,0,0,0,11.6267
1.079,0.0180,0,0,0,11.6753
1.081,0.0180,0,0,0,11.7238
1.083,0.0181,0,0,0,11.7724
1.085,0.0181,0,0,0,11.8211
1.087,0.0181,0,0,0,11.8697
1.089,0.0181,0,0,0,11.9185
1.091,0.0182,0,0,0,11.9672
1.093,0.0182,0,0,0,12.0161
1.095,0.0182,0,0,0,12.0649
1.097,0.0183,0,0,0,12.1138
1.099,0.0183,0,0,0,12.1626
1.101,0.0183,0,0,0,12.2118
1.103,0.0184,0,0,0,12.2606
1.105,0.0184,0,0,0,12.3098
1.107,0.0184,0,0,0,12.3587
1.108,0.0185,0,0,0,12.4081
1.110,0.0185,0,0,0,12.4569
1.112,0.0185,0,0,0,12.5065
1.114,0.0186,0,0,0,12.5554
1.116,0.0186,0,0,0,12.6052
1.118,0.0186,0,0,0,12.654
1.120,0.0187,0,0,0,12.7041
1.122,0.0187,0,0,0,12.7541
1.124,0.0187,0,0,0,12.8043
1.126,0.0188,0,0,0,12.8544
1.128,0.0188,0,0,0,12.9047
1.130,0.0188,0,0,0,12.955
1.132,0.0189,0,0,0,13.0053
1.134,0.0189,0,0,0,13.0558
1.136,0.0189,0,0,0,13.1063
1.138,0.0190,0,0,0,13.157
1.140,0.0190,0,0,0,13.2077
1.142,0.0190,0,0,0,13.2586
1.144,0.0191,0,0,0,13.3095
1.146,0.0191,0,0,0,13.3606
1.147,0.0191,0,0,0,13.4118
1.149,0.0192,0,0,0,13.463
1.151,0.0192,0,0,0,13.5144
1.153,0.0192,0,0,0,13.5657
1.155,0.0193,0,0,0,13.6173
1.157,0.0193,0,0,0,13.6688
1.159,0.0193,0,0,0,13.7204
1.161,0.0194,0,0,0,13.7719
1.163,0.0194,0,0,0,13.8237
1.165,0.0194,0,0,0,13.8752
1.167,0.0194,0,0,0,13.9271
1.169,0.0195,0,0,0,13.9786
1.171,0.0195,0,0,0,14.0305
1.173,0.0195,0,0,0,14.0819
1.175,0.0196,0,0,0,14.1339
1.177,0.0196,0,0,0,14.1853
1.179,0.0196,0,0,0,14.2373
1.181,0.0197,0,0,0,14.2887
1.183,0.0197,0,0,0,14.3408
1.184,0.0197,0,0,0,14.3922
1.186,0.0198,0,0,0,14.4445
1.188,0.0198,0,0,0,14.4959
1.190,0.0198,0,0,0,14.5484
1.192,0.0199,0,0,0,14.6
1.194,0.0199,0,0,0,14.6527
1.196,0.0199,0,0,0,14.7045
1.198,0.0200,0,0,0,14.7574
1.200,0.0200,0,0,0,14.8104
1.202,0.0200,0,0,0,14.8635
1.204,0.0201,0,0,0,14.9167
1.206,0.0201,0,0,0,14.9701
1.208,0.0201,0,0,0,15.0235
1.210,0.0202,0,0,0,15.077
1.212,0.0202,0,0,0,15.1307
1.214,0.0202,0,0,0,15.1843
1.216,0.0203,0,0,0,15.2381
1.218,0.0203,0,0,0,15.2918
1.219,0.0203,0,0,0,15.3456
1.221,0.0204,0,0,0,15.3993
1.223,0.0204,0,0,0,15.4532
1.225,0.0204,0,0,0,15.5069
1.227,0.0205,0,0,0,15.5607
1.229,0.0205,0,0,0,15.6144
1.231,0.0205,0,0,0,15.6681
1.233,0.0206,0,0,0,15.7218
1.235,0.0206,0,0,0,15.7755
1.237,0.0206,0,0,0,15.8291
1.239,0.0206,0,0,0,15.8828
1.241,0.0207,0,0,0,15.9364
1.243,0.0207,0,0,0,15.9901
1.245,0.0207,0,0,0,16.0438
1.247,0.0208,0,0,0,16.0976
1.249,0.0208,0,0,0,16.1514
1.251,0.0208,0,0,0,16.2053
1.252,0.0209,0,0,0,16.2593
1.254,0.0209,0,0,0,16.3132
1.256,0.0209,0,0,0,16.3675
1.258,0.0210,0,0,0,16.4216
1.260,0.0210,0,0,0,16.476
1.262,0.0210,0,0,0,16.5303
1.264,0.0211,0,0,0,16.585
1.266,0.0211,0,0,0,16.6394
1.268,0.0211,0,0,0,16.6942
1.270,0.0212,0,0,0,16.7487
1.272,0.0212,0,0,0,16.8036
1.274,0.0212,0,0,0,16.8581
1.276,0.0213,0,0,0,16.913
1.278,0.0213,0,0,0,16.9679
1.280,0.0213,0,0,0,17.0228
1.282,0.0214,0,0,0,17.0776
1.284,0.0214,0,0,0,17.1324
1.285,0.0214,0,0,0,17.1872
1.287,0.0215,0,0,0,17.2419
1.289,0.0215,0,0,0,17.2965
1.291,0.0215,0,0,0,17.3511
1.293,0.0216,0,0,0,17.4056
1.295,0.0216,0,0,0,17.4601
1.297,0.0216,0,0,0,17.5146
1.299,0.0217,0,0,0,17.5691
1.301,0.0217,0,0,0,17.6235
1.303,0.0217,0,0,0,17.6781
1.305,0.0217,0,0,0,17.7326
1.307,0.0218,0,0,0,17.7873
1.309,0.0218,0,0,0,17.842
1.311,0.0218,0,0,0,17.8968
1.313,0.0219,0,0,0,17.9517
1.315,0.0219,0,0,0,18.0067
1.316,0.0219,0,0,0,18.0619
1.318,0.0220,0,0,0,18.1171
1.320,0.0220,0,0,0,18.1726
1.322,0.0220,0,0,0,18.2281
1.324,0.0221,0,0,0,18.2838
1.326,0.0221,0,0,0,18.3396
1.328,0.0221,0,0,0,18.3955
1.330,0.0222,0,0,0,18.4515
1.332,0.0222,0,0,0,18.5077
1.334,0.0222,0,0,0,18.5639
1.336,0.0223,0,0,0,18.6202
1.338,0.0223,0,0,0,18.6766
1.340,0.0223,0,0,0,18.733
1.342,0.0224,0,0,0,18.7896
1.344,0.0224,0,0,0,18.846
1.346,0.0224,0,0,0,18.9026
1.347,0.0225,0,0,0,18.9591
1.349,0.0225,0,0,0,19.0158
1.351,0.0225,0,0,0,19.0722
1.353,0.0226,0,0,0,19.1289
1.355,0.0226,0,0,0,19.1856
1.357,0.0226,0,0,0,19.2423
1.359,0.0227,0,0,0,19.299
1.361,0.0227,0,0,0,19.3557
1.363,0.0227,0,0,0,19.4123
1.365,0.0227,0,0,0,19.469
1.367,0.0228,0,0,0,19.5256
1.369,0.0228,0,0,0,19.5823
1.371,0.0228,0,0,0,19.639
1.373,0.0229,0,0,0,19.6958
1.375,0.0229,0,0,0,19.7526
1.376,0.0229,0,0,0,19.8094
1.378,0.0230,0,0,0,19.8664
1.380,0.0230,0,0,0,19.9234
1.382,0.0230,0,0,0,19.9805
1.384,0.0231,0,0,0,20.0377
1.386,0.0231,0,0,0,20.095
1.388,0.0231,0,0,0,20.1524
1.390,0.0232,0,0,0,20.2098
1.392,0.0232,0,0,0,20.2674
1.394,0.0232,0,0,0,20.325
1.396,0.0233,0,0,0,20.3828
1.398,0.0233,0,0,0,20.4405
1.400,0.0233,0,0,0,20.4985
1.402,0.0234,0,0,0,20.5562
1.404,0.0234,0,0,0,20.6143
1.405,0.0234,0,0,0,20.672
1.407,0.0235,0,0,0,20.7303
1.409,0.0235,0,0,0,20.7879
1.411,0.0235,0,0,0,20.8462
1.413,0.0236,0,0,0,20.9038
1.415,0.0236,0,0,0,20.9621
1.417,0.0236,0,0,0,21.0197
1.419,0.0236,0,0,0,21.078
1.421,0.0237,0,0,0,21.1355
1.423,0.0237,0,0,0,21.1937
1.425,0.0237,0,0,0,21.2511
1.427,0.0238,0,0,0,21.3093
1.429,0.0238,0,0,0,21.3667
1.431,0.0238,0,0,0,21.4248
1.432,0.0239,0,0,0,21.4829
1.434,0.0239,0,0,0,21.541
1.436,0.0239,0,0,0,21.5992
1.438,0.0240,0,0,0,21.6574
1.440,0.0240,0,0,0,21.7156
1.442,0.0240,0,0,0,21.7739
1.444,0.0241,0,0,0,21.8322
1.446,0.0241,0,0,0,21.8906
1.448,0.0241,0,0,0,21.949
1.450,0.0242,0,0,0,22.0076
1.452,0.0242,0,0,0,22.0661
1.454,0.0242,0,0,0,22.1248
1.456,0.0243,0,0,0,22.1834
1.458,0.0243,0,0,0,22.2424
1.459,0.0243,0,0,0,22.3011
1.461,0.0244,0,0,0,22.3602
1.463,0.0244,0,0,0,22.419
1.465,0.0244,0,0,0,22.4783
1.467,0.0245,0,0,0,22.5371
1.469,0.0245,0,0,0,22.5966
1.471,0.0245,0,0,0,22.6555
1.473,0.0245,0,0,0,22.7152
1.475,0.0246,0,0,0,22.7742
1.477,0.0246,0,0,0,22.8339
1.479,0.0246,0,0,0,22.8929
1.481,0.0247,0,0,0,22.9528
1.483,0.0247,0,0,0,23.0118
1.485,0.0247,0,0,0,23.0718
1.486,0.0248,0,0,0,23.1308
1.488,0.0248,0,0,0,23.1908
1.490,0.0248,0,0,0,23.2499
1.492,0.0249,0,0,0,23.3099
1.494,0.0249,0,0,0,23.3689
1.496,0.0249,0,0,0,23.429
1.498,0.0250,0,0,0,23.488
1.500,0.0250,0,0,0,23.5481
1.502,0.0250,0,0,0,23.6072
1.504,0.0251,0,0,0,23.6673
1.506,0.0251,0,0,0,23.7264
1.508,0.0251,0,0,0,23.7865
1.510,0.0252,0,0,0,23.8467
1.512,0.0252,0,0,0,23.9069
1.513,0.0252,0,0,0,23.9671
1.515,0.0253,0,0,0,24.0274
1.517,0.0253,0,0,0,24.0877
1.519,0.0253,0,0,0,24.1481
1.521,0.0254,0,0,0,24.2085
1.523,0.0254,0,0,0,24.2689
1.525,0.0254,0,0,0,24.3294
1.527,0.0254,0,0,0,24.39
1.529,0.0255,0,0,0,24.4506
1.531,0.0255,0,0,0,24.5112
1.533,0.0255,0,0,0,24.5719
1.535,0.0256,0,0,0,24.6326
1.537,0.0256,0,0,0,24.6934
1.538,0.0256,0,0,0,24.7541
1.540,0.0257,0,0,0,24.815
1.542,0.0257,0,0,0,24.8758
1.544,0.0257,0,0,0,24.9367
1.546,0.0258,0,0,0,24.9975
1.548,0.0258,0,0,0,25.0584
1.550,0.0258,0,0,0,25.1194
1.552,0.0259,0,0,0,25.1803
1.554,0.0259,0,0,0,25.2413
1.556,0.0259,0,0,0,25.3022
1.558,0.0260,0,0,0,25.3632
1.560,0.0260,0,0,0,25.4242
1.562,0.0260,0,0,0,25.4853
1.564,0.0261,0,0,0,25.5463
1.565,0.0261,0,0,0,25.6074
1.567,0.0261,0,0,0,25.6684
1.569,0.0262,0,0,0,25.7297
1.571,0.0262,0,0,0,25.7908
1.573,0.0262,0,0,0,25.8521
1.575,0.0263,0,0,0,25.9133
1.577,0.0263,0,0,0,25.9748
1.579,0.0263,0,0,0,26.036
1.581,0.0263,0,0,0,26.0977
1.583,0.0264,0,0,0,26.159
1.585,0.0264,0,0,0,26.2209
1.587,0.0264,0,0,0,26.2828
1.589,0.0265,0,0,0,26.3448
1.590,0.0265,0,0,0,26.4068
1.592,0.0265,0,0,0,26.4689
1.594,0.0266,0,0,0,26.531
1.596,0.0266,0,0,0,26.5931
1.598,0.0266,0,0,0,26.6553
1.600,0.0267,0,0,0,26.7175
1.602,0.0267,0,0,0,26.7798
1.604,0.0267,0,0,0,26.8421
1.606,0.0268,0,0,0,26.9045
1.608,0.0268,0,0,0,26.9669
1.610,0.0268,0,0,0,27.0293
1.612,0.0269,0,0,0,27.0918
1.614,0.0269,0,0,0,27.1543
1.615,0.0269,0,0,0,27.2169
1.617,0.0270,0,0,0,27.2795
1.619,0.0270,0,0,0,27.3422
1.621,0.0270,0,0,0,27.4049
1.623,0.0271,0,0,0,27.4677
1.625,0.0271,0,0,0,27.5305
1.627,0.0271,0,0,0,27.5935
1.629,0.0271,0,0,0,27.6563
1.631,0.0272,0,0,0,27.7195
1.633,0.0272,0,0,0,27.7825
1.635,0.0272,0,0,0,27.8459
1.637,0.0273,0,0,0,27.909
1.639,0.0273,0,0,0,27.9726
1.640,0.0273,0,0,0,28.0358
1.642,0.0274,0,0,0,28.0996
1.644,0.0274,0,0,0,28.163
1.646,0.0274,0,0,0,28.2271
1.648,0.0275,0,0,0,28.2906
1.650,0.0275,0,0,0,28.3549
1.652,0.0275,0,0,0,28.4185
1.654,0.0276,0,0,0,28.4831
1.656,0.0276,0,0,0,28.5469
1.658,0.0276,0,0,0,28.6117
1.660,0.0277,0,0,0,28.6756
1.662,0.0277,0,0,0,28.7405
1.664,0.0277,0,0,0,28.8056
1.665,0.0278,0,0,0,28.8707
1.667,0.0278,0,0,0,28.9359
1.669,0.0278,0,0,0,29.0011
1.671,0.0279,0,0,0,29.0664
1.673,0.0279,0,0,0,29.1317
1.675,0.0279,0,0,0,29.1971
1.677,0.0279,0,0,0,29.2625
1.679,0.0280,0,0,0,29.3279
1.681,0.0280,0,0,0,29.3935
1.683,0.0280,0,0,0,29.459
1.685,0.0281,0,0,0,29.5246
1.687,0.0281,0,0,0,29.5901
1.688,0.0281,0,0,0,29.6558
1.690,0.0282,0,0,0,29.7215
1.692,0.0282,0,0,0,29.7873
1.694,0.0282,0,0,0,29.853
1.696,0.0283,0,0,0,29.9189
1.698,0.0283,0,0,0,29.9848
1.700,0.0283,0,0,0,30.0508
1.702,0.0284,0,0,0,30.1168
1.704,0.0284,0,0,0,30.183
1.706,0.0284,0,0,0,30.2491
1.708,0.0285,0,0,0,30.3155
1.710,0.0285,0,0,0,30.3817
1.712,0.0285,0,0,0,30.4483
1.713,0.0286,0,0,0,30.5147
1.715,0.0286,0,0,0,30.5815
1.717,0.0286,0,0,0,30.648
1.719,0.0287,0,0,0,30.715
1.721,0.0287,0,0,0,30.7818
1.723,0.0287,0,0,0,30.849
1.725,0.0287,0,0,0,30.9159
1.727,0.0288,0,0,0,30.9833
1.729,0.0288,0,0,0,31.0504
1.731,0.0288,0,0,0,31.118
1.733,0.0289,0,0,0,31.1852
1.735,0.0289,0,0,0,31.2531
1.736,0.0289,0,0,0,31.3204
1.738,0.0290,0,0,0,31.3884
1.740,0.0290,0,0,0,31.4565
1.742,0.0290,0,0,0,31.5247
1.744,0.0291,0,0,0,31.5929
1.746,0.0291,0,0,0,31.6611
1.748,0.0291,0,0,0,31.7294
1.750,0.0292,0,0,0,31.7978
1.752,0.0292,0,0,0,31.8662
1.754,0.0292,0,0,0,31.9346
1.756,0.0293,0,0,0,32.0031
1.758,0.0293,0,0,0,32.0716
1.759,0.0293,0,0,0,32.1402
1.761,0.0294,0,0,0,32.2089
1.763,0.0294,0,0,0,32.2775
1.765,0.0294,0,0,0,32.3463
1.767,0.0295,0,0,0,32.4151
1.769,0.0295,0,0,0,32.4839
1.771,0.0295,0,0,0,32.5528
1.773,0.0295,0,0,0,32.6218
1.775,0.0296,0,0,0,32.6908
1.777,0.0296,0,0,0,32.7599
1.779,0.0296,0,0,0,32.8291
1.781,0.0297,0,0,0,32.8984
1.782,0.0297,0,0,0,32.9677
1.784,0.0297,0,0,0,33.0371
1.786,0.0298,0,0,0,33.1066
1.788,0.0298,0,0,0,33.1762
1.790,0.0298,0,0,0,33.2459
1.792,0.0299,0,0,0,33.3156
1.794,0.0299,0,0,0,33.3855
1.796,0.0299,0,0,0,33.4554
1.798,0.0300,0,0,0,33.5254
1.800,0.0300,0,0,0,33.5955
1.802,0.0300,0,0,0,33.6657
1.804,0.0301,0,0,0,33.7359
1.805,0.0301,0,0,0,33.8063
1.807,0.0301,0,0,0,33.8767
1.809,0.0302,0,0,0,33.9472
1.811,0.0302,0,0,0,34.0178
1.813,0.0302,0,0,0,34.0884
1.815,0.0302,0,0,0,34.1591
1.817,0.0303,0,0,0,34.2298
1.819,0.0303,0,0,0,34.3006
1.821,0.0303,0,0,0,34.3715
1.823,0.0304,0,0,0,34.4424
1.825,0.0304,0,0,0,34.5134
1.826,0.0304,0,0,0,34.5845
1.828,0.0305,0,0,0,34.6556
1.830,0.0305,0,0,0,34.7268
1.832,0.0305,0,0,0,34.7981
1.834,0.0306,0,0,0,34.8694
1.836,0.0306,0,0,0,34.9407
1.838,0.0306,0,0,0,35.0122
1.840,0.0307,0,0,0,35.0837
1.842,0.0307,0,0,0,35.1552
1.844,0.0307,0,0,0,35.2268
1.846,0.0308,0,0,0,35.2985
1.847,0.0308,0,0,0,35.3702
1.849,0.0308,0,0,0,35.442
1.851,0.0309,0,0,0,35.5139
1.853,0.0309,0,0,0,35.5858
1.855,0.0309,0,0,0,35.6578
1.857,0.0310,0,0,0,35.7298
1.859,0.0310,0,0,0,35.8019
1.861,0.0310,0,0,0,35.874
1.863,0.0310,0,0,0,35.9463
1.865,0.0311,0,0,0,36.0186
1.867,0.0311,0,0,0,36.091
1.868,0.0311,0,0,0,36.1633
1.870,0.0312,0,0,0,36.2358
1.872,0.0312,0,0,0,36.3083
1.874,0.0312,0,0,0,36.381
1.876,0.0313,0,0,0,36.4536
1.878,0.0313,0,0,0,36.5264
1.880,0.0313,0,0,0,36.5991
1.882,0.0314,0,0,0,36.672
1.884,0.0314,0,0,0,36.7448
1.886,0.0314,0,0,0,36.8179
1.888,0.0315,0,0,0,36.8908
1.889,0.0315,0,0,0,36.964
1.891,0.0315,0,0,0,37.037
1.893,0.0316,0,0,0,37.1101
1.895,0.0316,0,0,0,37.1833
1.897,0.0316,0,0,0,37.2566
1.899,0.0317,0,0,0,37.3299
1.901,0.0317,0,0,0,37.4033
1.903,0.0317,0,0,0,37.4768
1.905,0.0317,0,0,0,37.5504
1.907,0.0318,0,0,0,37.624
1.909,0.0318,0,0,0,37.6977
1.910,0.0318,0,0,0,37.7716
1.912,0.0319,0,0,0,37.8454
1.914,0.0319,0,0,0,37.9194
1.916,0.0319,0,0,0,37.9934
1.918,0.0320,0,0,0,38.0676
1.920,0.0320,0,0,0,38.1418
1.922,0.0320,0,0,0,38.216
1.924,0.0321,0,0,0,38.2904
1.926,0.0321,0,0,0,38.3648
1.928,0.0321,0,0,0,38.4393
1.930,0.0322,0,0,0,38.5138
1.931,0.0322,0,0,0,38.5885
1.933,0.0322,0,0,0,38.6631
1.935,0.0323,0,0,0,38.7379
1.937,0.0323,0,0,0,38.8127
1.939,0.0323,0,0,0,38.8877
1.941,0.0323,0,0,0,38.9626
1.943,0.0324,0,0,0,39.0377
1.945,0.0324,0,0,0,39.1127
1.947,0.0324,0,0,0,39.1879
1.949,0.0325,0,0,0,39.2631
1.950,0.0325,0,0,0,39.3385
1.952,0.0325,0,0,0,39.4138
1.954,0.0326,0,0,0,39.4894
1.956,0.0326,0,0,0,39.5648
1.958,0.0326,0,0,0,39.6405
1.960,0.0327,0,0,0,39.7161
1.962,0.0327,0,0,0,39.792
1.964,0.0327,0,0,0,39.8678
1.966,0.0328,0,0,0,39.9438
1.968,0.0328,0,0,0,40.0197
1.969,0.0328,0,0,0,40.0957
1.971,0.0329,0,0,0,40.1718
1.973,0.0329,0,0,0,40.2479
1.975,0.0329,0,0,0,40.3241
1.977,0.0330,0,0,0,40.4004
1.979,0.0330,0,0,0,40.4768
1.981,0.0330,0,0,0,40.5533
1.983,0.0330,0,0,0,40.6298
1.985,0.0331,0,0,0,40.7064
1.987,0.0331,0,0,0,40.7831
1.988,0.0331,0,0,0,40.8598
1.990,0.0332,0,0,0,40.9366
1.992,0.0332,0,0,0,41.0135
1.994,0.0332,0,0,0,41.0905
1.996,0.0333,0,0,0,41.1675
1.998,0.0333,0,0,0,41.2446
2.000,0.0333,0,0,0,41.3218
2.002,0.0334,0,0,0,41.399
2.004,0.0334,0,0,0,41.4763
2.006,0.0334,0,0,0,41.5537
2.008,0.0335,0,0,0,41.6311
2.009,0.0335,0,0,0,41.7086
2.011,0.0335,0,0,0,41.7862
2.013,0.0336,0,0,0,41.8638
2.015,0.0336,0,0,0,41.9415
2.017,0.0336,10.5371,41.1271,433.36,42.0193
2.019,0.0336,10.5347,41.2727,434.796,42.0971
2.021,0.0337,10.532,41.1822,433.732,42.175
2.023,0.0337,10.5298,41.348,435.388,42.2528
2.025,0.0337,10.5272,41.2344,434.083,42.3309
2.026,0.0338,10.5252,41.4162,435.914,42.4088
2.028,0.0338,10.5227,41.2845,434.424,42.4869
2.030,0.0338,10.5208,41.478,436.383,42.565
2.032,0.0339,10.5184,41.4742,436.242,42.6432
2.034,0.0339,10.5167,41.4156,435.556,42.7213
2.036,0.0339,10.5144,41.5345,436.71,42.7997
2.038,0.0340,10.5129,41.4723,435.994,42.8779
2.040,0.0340,10.5106,41.5931,437.171,42.9563
2.042,0.0340,10.5093,41.5306,436.458,43.0346
2.044,0.0341,10.5072,41.5592,436.67,43.1131
2.045,0.0341,10.5051,41.589,436.897,43.1917
2.047,0.0341,10.5032,41.6187,437.127,43.2703
2.049,0.0342,10.5013,41.6493,437.371,43.349
2.051,0.0342,12.8003,41.0842,525.889,43.4277
2.053,0.0342,12.7972,41.1107,526.101,43.5064
2.055,0.0342,12.7941,41.1379,526.325,43.5852
2.057,0.0343,12.7912,41.1662,526.565,43.664
2.059,0.0343,12.7883,41.1954,526.82,43.7429
2.061,0.0343,12.7855,41.2252,527.086,43.8217
2.063,0.0344,12.7828,41.2561,527.368,43.9007
2.064,0.0344,12.7801,41.2745,527.492,43.9797
2.066,0.0344,12.7775,41.3195,527.959,44.0587
2.068,0.0345,12.7749,41.3276,527.957,44.1377
2.070,0.0345,12.7724,41.3845,528.58,44.2169
2.072,0.0345,12.7699,41.3851,528.486,44.296
2.074,0.0346,12.7675,41.4502,529.216,44.3753
2.076,0.0346,12.7651,41.4474,529.082,44.4544
2.078,0.0346,12.7628,41.5156,529.855,44.5338
2.080,0.0347,12.7605,41.5146,529.747,44.613
2.082,0.0347,12.7582,41.5797,530.482,44.6925
2.083,0.0347,12.756,41.5867,530.479,44.7717
2.085,0.0348,12.7537,41.6416,531.086,44.8514
2.087,0.0348,12.7516,41.6635,531.276,44.9305
2.089,0.0348,12.7494,41.7005,531.657,45.0103
2.091,0.0348,12.7474,41.7443,532.129,45.0895
2.093,0.0349,12.7452,41.7557,532.186,45.1694
2.095,0.0349,12.7433,41.8284,533.031,45.2487
2.097,0.0349,12.7412,41.8063,532.664,45.3287
2.099,0.0350,12.7394,41.9146,533.967,45.408
2.100,0.0350,12.7374,41.8518,533.084,45.4881
2.102,0.0350,12.7357,42.0016,534.921,45.5674
2.104,0.0351,12.7339,41.8916,533.443,45.6477
2.106,0.0351,12.7323,42.0878,535.875,45.727
2.108,0.0351,12.7306,41.9254,533.734,45.8074
2.110,0.0352,12.7292,42.1715,536.808,45.8868
2.112,0.0352,12.7276,41.9528,533.958,45.9673
2.114,0.0352,12.7264,42.251,537.702,46.0467
2.116,0.0353,12.7249,41.974,534.115,46.1273
2.117,0.0353,12.7239,42.3248,538.536,46.2068
2.119,0.0353,12.7225,42.3324,538.576,46.2875
2.121,0.0354,12.7213,42.3432,538.66,46.3682
2.123,0.0354,12.7201,42.3411,538.582,46.449
2.125,0.0354,12.719,42.3565,538.733,46.5297
2.127,0.0354,12.7179,42.3442,538.53,46.6106
2.129,0.0355,12.717,42.3669,538.781,46.6914
2.131,0.0355,12.7161,42.3431,538.436,46.7723
2.133,0.0355,12.7153,42.3767,538.834,46.853
2.135,0.0356,12.7145,42.3394,538.323,46.934
2.136,0.0356,12.7139,42.3883,538.921,47.0147
2.138,0.0356,12.7132,42.3351,538.213,47.0957
2.140,0.0357,12.7127,42.4042,539.073,47.1764
2.142,0.0357,13.4358,41.5486,558.237,47.2575
2.144,0.0357,13.4276,41.6397,559.122,47.3381
2.146,0.0358,13.4192,41.552,557.595,47.4192
2.148,0.0358,13.4111,41.6731,558.882,47.4998
2.150,0.0358,13.4027,41.5615,557.036,47.5809
2.152,0.0359,13.3946,41.7154,558.761,47.6615
2.153,0.0359,13.3862,41.5774,556.564,47.7427
2.155,0.0359,13.3782,41.766,558.753,47.8232
2.157,0.0360,13.3698,41.6,556.185,47.9044
2.159,0.0360,13.3618,41.8243,558.849,47.9849
2.161,0.0360,13.3535,41.6297,555.903,48.0662
2.163,0.0360,13.3456,41.8895,559.038,48.1467
2.165,0.0361,13.3373,41.6665,555.72,48.2281
2.167,0.0361,13.3294,41.9607,559.311,48.3086
2.169,0.0361,13.3212,41.7105,555.635,48.3901
2.170,0.0362,13.3134,42.0371,559.655,48.4705
2.172,0.0362,13.3053,41.7611,555.643,48.5521
2.174,0.0362,13.2975,42.1178,560.059,48.6326
2.176,0.0363,13.2894,41.8179,555.736,48.7142
2.178,0.0363,13.2816,42.1713,560.104,48.7948
2.180,0.0363,13.2736,41.8799,555.897,48.8767
2.182,0.0364,13.2658,42.2282,560.193,48.9573
2.184,0.0364,13.2578,41.9456,556.105,49.0393
2.186,0.0364,13.2501,42.2886,560.327,49.1199
2.187,0.0365,13.242,42.0129,556.335,49.2021
2.189,0.0365,13.2343,42.352,560.5,49.2828
2.191,0.0365,13.2262,42.0797,556.556,49.3651
2.193,0.0366,13.2186,42.4176,560.7,49.4459
2.195,0.0366,13.2105,42.4495,560.777,49.5283
2.197,0.0366,13.2024,42.4818,560.861,49.6108
2.199,0.0366,15.9637,42.2338,674.209,49.6933
2.201,0.0367,15.9544,42.2677,674.354,49.7758
2.203,0.0367,15.9451,42.2987,674.456,49.8584
2.204,0.0367,15.9358,42.3295,674.554,49.9409
2.206,0.0368,15.9266,42.3564,674.593,50.0235
2.208,0.0368,15.9174,42.3826,674.621,50.106
2.210,0.0368,15.9083,42.4045,674.582,50.1885
2.212,0.0369,15.8991,42.4252,674.524,50.2711
2.214,0.0369,15.8901,42.4416,674.4,50.3536
2.216,0.0369,15.881,42.4564,674.25,50.4361
2.218,0.0370,15.872,42.4675,674.043,50.5186
2.220,0.0370,15.8629,42.4769,673.808,50.6011
2.221,0.0370,15.8539,42.4835,673.529,50.6836
2.223,0.0371,15.8449,42.4885,673.224,50.766
2.225,0.0371,15.8358,42.4918,672.893,50.8484
2.227,0.0371,15.8268,42.494,672.544,50.9308
2.229,0.0371,15.8177,42.4957,672.186,51.0132
2.231,0.0372,15.8087,42.497,671.821,51.0956
2.233,0.0372,15.7996,42.4987,671.463,51.1779
2.235,0.0372,15.7905,42.496,671.035,51.2602
2.237,0.0373,15.7814,42.5043,670.777,51.3426
2.238,0.0373,15.7723,42.5002,670.324,51.4249
2.240,0.0373,15.763,42.5155,670.175,51.5073
2.242,0.0374,15.754,42.5129,669.747,51.5896
2.244,0.0374,15.7447,42.5344,669.69,51.672
2.246,0.0374,15.7356,42.0813,662.175,51.7543
2.248,0.0375,18.7411,41.9424,786.047,51.8368
2.250,0.0375,18.7289,41.9978,786.57,51.9191
2.252,0.0375,18.7167,41.9694,785.531,52.0017
2.254,0.0376,18.7046,42.0491,786.509,52.084
2.255,0.0376,18.6926,42.0011,785.11,52.1667
2.257,0.0376,18.6805,42.1084,786.607,52.249
2.259,0.0377,18.6687,42.0352,784.743,52.3318
2.261,0.0377,18.6568,42.1723,786.8,52.4141
2.263,0.0377,18.6451,42.069,784.382,52.497
2.265,0.0377,18.6333,42.2371,787.017,52.5794
2.267,0.0378,18.6218,42.1003,783.983,52.6624
2.269,0.0378,18.6101,42.2993,787.193,52.7448
2.270,0.0378,18.5987,42.3128,786.963,52.828
2.272,0.0379,18.5874,42.3239,786.691,52.9112
2.274,0.0379,18.576,42.3347,786.411,52.9944
2.276,0.0379,18.5647,42.3439,786.101,53.0776
2.278,0.0380,18.5534,42.3523,785.777,53.1609
2.280,0.0380,18.542,42.3602,785.443,53.2442
2.282,0.0380,18.5307,42.3671,785.09,53.3274
2.284,0.0381,18.5193,42.3749,784.752,53.4107
2.286,0.0381,18.5079,42.3817,784.394,53.4941
2.287,0.0381,18.4964,42.3908,784.078,53.5774
2.289,0.0382,18.4849,42.399,783.743,53.6607
2.291,0.0382,18.4734,42.4121,783.498,53.7441
2.293,0.0382,18.4619,42.4217,783.184,53.8274
2.295,0.0382,18.4504,42.441,783.052,53.9108
2.297,0.0383,18.4388,42.4517,782.757,53.9942
2.299,0.0383,18.4272,42.153,776.762,54.0775
2.301,0.0383,18.4156,42.1793,776.758,54.1609
2.303,0.0384,18.4041,42.2119,776.873,54.2442
2.304,0.0384,18.3926,42.2365,776.838,54.3276
2.306,0.0384,21.2568,42.3851,900.974,54.4109
2.308,0.0385,21.2432,42.0329,892.913,54.4944
2.310,0.0385,21.2294,42.022,892.103,54.5776
2.312,0.0385,21.2158,42.109,893.376,54.6611
2.314,0.0386,21.2021,42.105,892.715,54.7443
2.316,0.0386,21.1886,42.1792,893.717,54.8278
2.318,0.0386,21.1749,42.1852,893.27,54.911
2.319,0.0387,21.1615,42.2409,893.879,54.9945
2.321,0.0387,21.1479,42.2591,893.69,55.0777
2.323,0.0387,21.1345,42.2924,893.827,55.1613
2.325,0.0388,21.1209,42.3241,893.923,55.2445
2.327,0.0388,21.1076,42.3333,893.554,55.3281
2.329,0.0388,21.094,41.2646,870.437,55.4113
2.331,0.0388,21.0808,40.9911,864.125,55.495
2.333,0.0389,21.0672,41.3127,870.345,55.5782
2.335,0.0389,21.0541,41.0078,863.382,55.662
2.336,0.0389,21.0405,41.3546,870.123,55.7452
2.338,0.0390,21.0274,40.8477,858.922,55.8291
2.340,0.0390,21.0138,41.179,865.329,55.9123
2.342,0.0390,21.0008,40.8693,858.289,55.9962
2.344,0.0391,20.9872,41.2116,864.915,56.0795
2.346,0.0391,20.9742,41.2254,864.671,56.1635
2.348,0.0391,20.9613,41.2524,864.702,56.2475
2.350,0.0392,20.9483,41.2592,864.31,56.3316
2.351,0.0392,20.9353,41.3015,864.659,56.4156
2.353,0.0392,20.9223,41.3006,864.105,56.4997
2.355,0.0393,20.9093,41.3612,864.835,56.5837
2.357,0.0393,20.8963,41.04,857.587,56.6678
2.359,0.0393,20.8833,41.1044,858.397,56.7518
2.361,0.0393,20.8704,41.0958,857.684,56.8358
2.363,0.0394,20.8573,41.1817,858.939,56.9198
2.365,0.0394,20.8444,41.1542,857.835,57.0039
2.367,0.0394,20.8314,41.266,859.629,57.0878
2.368,0.0395,20.8185,41.2132,858,57.1719
2.370,0.0395,23.7951,41.3632,984.242,57.2558
2.372,0.0395,23.7814,41.2642,981.32,57.3399
2.374,0.0396,23.7679,41.4536,985.266,57.4237
2.376,0.0396,23.7542,41.3123,981.34,57.5078
2.378,0.0396,23.7407,41.5419,986.236,57.5916
2.380,0.0397,23.7271,41.3553,981.242,57.6758
2.382,0.0397,23.7136,41.2632,978.501,57.7595
2.383,0.0397,23.7001,41.0303,972.421,57.8437
2.385,0.0398,23.6866,41.344,979.297,57.9275
2.387,0.0398,23.6731,41.0668,972.177,58.0117
2.389,0.0398,23.6596,41.4201,979.983,58.0954
2.391,0.0398,23.6462,41.2758,976.014,58.1798
2.393,0.0399,23.6327,41.5661,982.319,58.2635
2.395,0.0399,23.6193,41.3236,976.036,58.3479
2.397,0.0399,23.6059,41.6346,982.824,58.4316
2.398,0.0400,23.5927,41.3738,976.119,58.5161
2.400,0.0400,23.5793,41.6996,983.246,58.5999
2.402,0.0400,23.5661,41.4268,976.268,58.6844
2.404,0.0401,23.5528,41.7583,983.525,58.7683
2.406,0.0401,23.5397,41.4821,976.478,58.8529
2.408,0.0401,23.5265,41.8152,983.765,58.9368
2.410,0.0402,23.5135,41.5392,976.732,59.0215
2.412,0.0402,23.5004,41.8715,983.995,59.1054
2.414,0.0402,23.4874,41.5973,977.012,59.1902
2.415,0.0403,23.4743,41.9286,984.247,59.2741
2.417,0.0403,23.4614,41.6552,977.292,59.359
2.419,0.0403,23.4484,41.9878,984.549,59.443
2.421,0.0404,23.4356,42.0163,984.677,59.5279
2.423,0.0404,23.4227,42.0465,984.843,59.6128
2.425,0.0404,23.4099,42.0764,985.003,59.6978
2.427,0.0404,23.3971,42.1077,985.198,59.7827
2.429,0.0405,23.3843,42.1386,985.381,59.8676
2.430,0.0405,26.4282,42.0042,1110.1,59.9526
2.432,0.0405,26.4145,41.9882,1109.1,60.0375
2.434,0.0406,26.4008,42.0208,1109.38,60.1224
2.436,0.0406,26.3871,42.0529,1109.65,60.2073
2.438,0.0406,26.3734,42.0856,1109.94,60.2922
2.440,0.0407,26.3597,42.1181,1110.22,60.3771
2.442,0.0407,26.3461,42.1506,1110.5,60.462
2.444,0.0407,26.3324,42.1832,1110.79,60.5469
2.446,0.0408,26.3187,42.2445,1111.82,60.6317
2.447,0.0408,26.3051,42.2742,1112.03,60.7165
2.449,0.0408,26.2914,42.3028,1112.2,60.8014
2.451,0.0409,26.2778,42.3324,1112.4,60.8862
2.453,0.0409,26.2642,42.3608,1112.57,60.9709
2.455,0.0409,26.2506,42.3904,1112.77,61.0557
2.457,0.0409,26.237,42.4186,1112.94,61.1405
2.459,0.0410,26.2234,42.4484,1113.14,61.2253
2.461,0.0410,26.2098,42.4795,1113.38,61.3101
2.462,0.0410,26.1963,42.5067,1113.52,61.3949
2.464,0.0411,26.1827,42.5407,1113.83,61.4797
2.466,0.0411,26.1692,42.5659,1113.92,61.5645
2.468,0.0411,26.1557,42.6023,1114.29,61.6493
2.470,0.0412,26.1423,42.6262,1114.35,61.7342
2.472,0.0412,26.1288,42.6645,1114.77,61.819
2.474,0.0412,26.1154,42.688,1114.81,61.904
2.476,0.0413,26.1019,42.7277,1115.27,61.9889
2.477,0.0413,26.0885,42.7512,1115.31,62.0738
2.479,0.0413,26.075,42.5758,1110.16,62.1588
2.481,0.0414,26.0616,42.6076,1110.42,62.2439
2.483,0.0414,26.0482,42.6438,1110.79,62.3289
2.485,0.0414,26.0348,42.6759,1111.06,62.414
2.487,0.0414,26.0214,42.7136,1111.47,62.4991
2.489,0.0415,28.8172,42.5135,1225.12,62.5843
2.491,0.0415,28.8019,42.5537,1225.63,62.6694
2.493,0.0415,28.7865,42.5819,1225.78,62.7547
2.494,0.0416,28.7711,42.6247,1226.36,62.8398
2.496,0.0416,28.7557,42.6585,1226.67,62.9252
2.498,0.0416,28.7402,42.6931,1227.01,63.0105
2.500,0.0417,28.7247,42.8087,1229.67,63.0959
2.502,0.0417,28.7092,42.8443,1230.03,63.1813
2.504,0.0417,28.6938,42.762,1227,63.2667
2.506,0.0418,28.6783,42.3465,1214.42,63.3521
2.508,0.0418,28.6628,42.3783,1214.68,63.4375
2.509,0.0418,28.6473,42.4097,1214.92,63.5229
2.511,0.0419,28.6318,42.4395,1215.12,63.6083
2.513,0.0419,28.6163,42.4685,1215.29,63.6936
2.515,0.0419,28.6008,42.496,1215.42,63.779
2.517,0.0419,28.5853,42.5291,1215.71,63.8644
2.519,0.0420,28.5699,42.5474,1215.57,63.9498
2.521,0.0420,28.5544,42.5842,1215.97,64.0351
2.523,0.0420,28.5389,42.5938,1215.58,64.1205
2.524,0.0421,28.5234,42.6339,1216.07,64.2058
2.526,0.0421,28.5081,42.4268,1209.51,64.2912
2.528,0.0421,28.4925,42.4752,1210.22,64.3766
2.530,0.0422,28.4772,42.463,1209.22,64.4619
2.532,0.0422,28.4616,42.1983,1201.03,64.5473
2.534,0.0422,28.4462,42.1765,1199.76,64.6327
2.536,0.0423,28.4307,42.2325,1200.7,64.7181
2.538,0.0423,28.4153,41.9136,1190.99,64.8035
2.539,0.0423,28.3997,41.9965,1192.69,64.8889
2.541,0.0424,28.3844,41.9494,1190.71,64.9744
2.543,0.0424,28.3688,42.0405,1192.64,65.0599
2.545,0.0424,28.3534,41.9913,1190.6,65.1454
2.547,0.0425,28.3378,42.0898,1192.74,65.2309
2.549,0.0425,31.0985,41.8464,1301.36,65.3165
2.551,0.0425,31.0813,41.3119,1284.03,65.4021
2.553,0.0425,31.0641,41.25,1281.39,65.4878
2.555,0.0426,31.047,41.3752,1284.57,65.5735
2.556,0.0426,31.0298,41.3174,1282.07,65.6592
2.558,0.0426,31.0127,41.4452,1285.33,65.7449
2.560,0.0427,30.9955,41.3929,1282.99,65.8308
2.562,0.0427,30.9786,41.5212,1286.27,65.9166
2.564,0.0427,30.9615,41.4746,1284.11,66.0025
2.566,0.0428,30.9446,41.6019,1287.36,66.0884
2.568,0.0428,30.9276,41.5601,1285.35,66.1743
2.570,0.0428,30.9108,41.7122,1289.36,66.2603
2.571,0.0429,30.8938,41.7549,1289.97,66.3462
2.573,0.0429,30.8769,41.794,1290.47,66.4323
2.575,0.0429,30.8601,41.8398,1291.18,66.5183
2.577,0.0430,30.8432,41.5991,1283.05,66.6044
2.579,0.0430,30.8265,41.655,1284.08,66.6905
2.581,0.0430,30.8098,41.6736,1283.95,66.7765
2.583,0.0430,30.7932,41.7325,1285.08,66.8627
2.585,0.0431,30.7765,41.7423,1284.68,66.9487
2.586,0.0431,30.76,41.685,1282.23,67.0349
2.588,0.0431,30.7433,41.649,1280.43,67.1209
2.590,0.0432,30.7269,41.7598,1283.15,67.2071
2.592,0.0432,30.7103,41.7088,1280.89,67.2931
2.594,0.0432,30.6939,41.7644,1281.91,67.3792
2.596,0.0433,30.6773,41.7014,1279.29,67.4652
2.598,0.0433,30.6609,41.8267,1282.45,67.5513
2.600,0.0433,30.6444,41.7539,1279.52,67.6373
2.601,0.0434,30.628,41.8848,1282.85,67.7234
2.603,0.0434,30.6115,41.8035,1279.67,67.8094
2.605,0.0434,30.595,41.9404,1283.17,67.8954
2.607,0.0435,33.3048,41.7037,1388.93,67.9814
2.609,0.0435,33.286,41.837,1392.59,68.0675
2.611,0.0435,33.2677,41.7485,1388.87,68.1535
2.613,0.0435,33.2488,41.8892,1392.77,68.2395
2.615,0.0436,33.2305,41.7941,1388.84,68.3256
2.616,0.0436,33.2116,41.9427,1392.98,68.4116
2.618,0.0436,33.1932,41.8415,1388.85,68.4977
2.620,0.0437,33.1743,41.9978,1393.25,68.5838
2.622,0.0437,33.1559,41.8914,1388.95,68.6699
2.624,0.0437,33.137,42.0544,1393.56,68.7561
2.626,0.0438,33.1186,41.9441,1389.13,68.8422
2.628,0.0438,33.0997,42.1122,1393.9,68.9284
2.630,0.0438,33.0813,41.9885,1389.03,69.0147
2.631,0.0439,33.0624,42.1946,1395.05,69.101
2.633,0.0439,33.044,42.0223,1388.59,69.1873
2.635,0.0439,33.0252,42.255,1395.48,69.2737
2.637,0.0440,33.0069,42.0725,1388.68,69.36
2.639,0.0440,32.9882,42.315,1395.89,69.4465
2.641,0.0440,32.9698,42.1688,1390.3,69.5328
2.643,0.0440,32.9512,42.162,1389.29,69.6194
2.645,0.0441,32.933,41.8346,1377.74,69.7057
2.646,0.0441,32.9145,41.8621,1377.87,69.7923
2.648,0.0441,32.896,41.765,1373.9,69.879
2.650,0.0442,32.8775,41.7935,1374.07,69.9655
2.652,0.0442,32.8591,41.8238,1374.29,70.0521
2.654,0.0442,32.8407,41.8542,1374.52,70.1387
2.656,0.0443,32.8223,41.8859,1374.79,70.2252
2.658,0.0443,32.8039,41.9179,1375.07,70.3117
2.660,0.0443,32.7855,41.9506,1375.37,70.3981
2.661,0.0444,32.7672,41.9836,1375.68,70.4845
2.663,0.0444,32.7488,42.0168,1376,70.5709
2.665,0.0444,32.7304,41.8313,1369.16,70.6572
2.667,0.0445,35.4759,41.6913,1479.03,70.7435
2.669,0.0445,35.4551,41.7225,1479.27,70.8298
2.671,0.0445,35.4343,41.753,1479.49,70.916
2.673,0.0445,35.4135,41.7836,1479.7,71.0022
2.675,0.0446,35.3927,41.8132,1479.88,71.0884
2.676,0.0446,35.3719,41.843,1480.07,71.1745
2.678,0.0446,35.3512,41.2898,1459.64,71.2606
2.680,0.0447,35.3304,41.317,1459.75,71.3467
2.682,0.0447,35.3097,41.343,1459.81,71.4328
2.684,0.0447,35.289,41.3704,1459.92,71.5189
2.686,0.0448,35.2684,41.4048,1460.28,71.605
2.688,0.0448,35.2478,41.425,1460.14,71.6911
2.690,0.0448,35.2272,41.4686,1460.82,71.7772
2.691,0.0449,35.2067,41.499,1461.04,71.8634
2.693,0.0449,35.1863,41.5652,1462.53,71.9495
2.695,0.0449,35.1659,41.5558,1461.35,72.0358
2.697,0.0450,35.1456,41.6367,1463.35,72.1219
2.699,0.0450,35.1254,41.5844,1460.67,72.2082
2.701,0.0450,35.1053,41.6734,1462.96,72.2943
2.703,0.0450,35.0852,41.5523,1457.87,72.3807
2.705,0.0451,35.0653,41.6542,1460.62,72.4668
2.706,0.0451,35.0454,41.6139,1458.38,72.5533
2.708,0.0451,35.0256,41.5047,1453.73,72.6394
2.710,0.0452,35.0058,41.4571,1451.24,72.726
2.712,0.0452,34.9863,41.5764,1454.6,72.8121
2.714,0.0452,34.9666,41.5215,1451.86,72.8988
2.716,0.0453,34.9471,41.6463,1455.42,72.9849
2.718,0.0453,34.9275,41.3738,1445.08,73.0717
2.720,0.0453,34.9082,41.2534,1440.08,73.1578
2.721,0.0454,34.8887,41.1051,1434.1,73.2446
2.723,0.0454,34.8691,41.1377,1434.44,73.3314
2.725,0.0454,34.8497,41.17,1434.76,73.4181
2.727,0.0455,37.6645,41.0839,1547.4,73.5049
2.729,0.0455,37.6421,41.1138,1547.61,73.5916
2.731,0.0455,37.6197,41.1429,1547.78,73.6784
2.733,0.0455,37.5973,41.1717,1547.94,73.765
2.735,0.0456,37.5749,41.2003,1548.1,73.8517
2.736,0.0456,37.5526,41.2285,1548.24,73.9383
2.738,0.0456,37.5302,41.2572,1548.39,74.0249
2.740,0.0457,37.5079,41.2856,1548.54,74.1115
2.742,0.0457,37.4855,41.3191,1548.87,74.198
2.744,0.0457,37.4632,41.3444,1548.9,74.2846
2.746,0.0458,37.4409,41.3826,1549.41,74.371
2.748,0.0458,37.4187,41.4062,1549.37,74.4576
2.749,0.0458,37.3965,41.3996,1548.2,74.544
2.751,0.0459,37.3743,41.43,1548.42,74.6305
2.753,0.0459,37.3522,41.4667,1548.87,74.7168
2.755,0.0459,37.3301,41.4579,1547.63,74.8034
2.757,0.0459,37.3081,41.492,1547.99,74.8897
2.759,0.0460,37.2862,41.4775,1546.54,74.9763
2.761,0.0460,37.2643,41.4938,1546.24,75.0625
2.763,0.0460,37.2425,41.5561,1547.65,75.1491
2.764,0.0461,37.2208,41.5648,1547.07,75.2354
2.766,0.0461,37.1991,41.6362,1548.83,75.3221
2.768,0.0461,37.1776,41.6354,1547.9,75.4083
2.770,0.0462,37.156,41.5266,1542.96,75.4951
2.772,0.0462,37.1347,41.3513,1535.57,75.5814
2.774,0.0462,37.1132,41.4538,1538.48,75.6683
2.776,0.0463,37.0921,41.4183,1536.29,75.7546
2.778,0.0463,37.0707,41.5343,1539.71,75.8416
2.779,0.0463,37.0498,41.4838,1536.97,75.928
2.781,0.0464,37.0286,41.6145,1540.92,76.0151
2.783,0.0464,37.0078,41.5481,1537.6,76.1016
2.785,0.0464,36.9867,41.6941,1542.13,76.1887
2.787,0.0464,36.9661,41.6114,1538.21,76.2753
2.789,0.0465,39.8266,41.6315,1658.04,76.3626
2.791,0.0465,39.8031,41.5419,1653.5,76.4492
2.793,0.0465,39.7793,41.7101,1659.2,76.5367
2.794,0.0466,39.7558,41.6052,1654.05,76.6233
2.796,0.0466,39.732,41.6446,1654.62,76.7109
2.798,0.0466,39.7082,41.6775,1654.94,76.7984
2.800,0.0467,39.6844,41.7245,1655.81,76.886
2.802,0.0467,39.6606,41.7509,1655.86,76.9735
2.804,0.0467,39.6368,41.8058,1657.05,77.0612
2.806,0.0468,39.613,41.8253,1656.83,77.1488
2.807,0.0468,39.5894,42.0644,1665.3,77.2364
2.809,0.0468,39.5656,41.8656,1656.44,77.324
2.811,0.0469,39.542,41.9972,1660.65,77.4116
2.813,0.0469,39.5183,41.9392,1657.37,77.4991
2.815,0.0469,39.4948,42.073,1661.67,77.5868
2.817,0.0469,39.4712,42.0041,1657.95,77.6743
2.819,0.0470,39.4478,42.1069,1661.02,77.7619
2.821,0.0470,39.4244,42.0098,1656.21,77.8494
2.822,0.0470,39.401,42.1988,1662.68,77.937
2.824,0.0471,39.3777,41.925,1650.91,78.0244
2.826,0.0471,39.3545,42.0544,1655.03,78.112
2.828,0.0471,39.3314,41.8218,1644.91,78.1994
2.830,0.0472,39.3083,41.9996,1650.94,78.287
2.832,0.0472,39.2854,41.8886,1645.61,78.3744
2.834,0.0472,39.2625,41.9416,1646.73,78.4621
2.836,0.0473,39.2398,41.8267,1641.27,78.5494
2.837,0.0473,39.2169,42.0151,1647.7,78.6371
2.839,0.0473,39.1944,41.8886,1641.8,78.7245
2.841,0.0474,39.1717,42.0861,1648.58,78.8123
2.843,0.0474,39.1494,41.9467,1642.19,78.8997
2.845,0.0474,39.1268,41.7972,1635.39,78.9876
2.847,0.0474,39.1047,41.6794,1629.86,79.075
2.849,0.0475,42.0369,41.7019,1753.02,79.163
2.850,0.0475,42.0121,41.582,1746.95,79.2506
2.852,0.0475,41.987,41.7652,1753.6,79.3386
2.854,0.0476,41.9623,41.6192,1746.44,79.4262
2.856,0.0476,41.9373,41.8264,1754.09,79.5145
2.858,0.0476,41.9127,41.6542,1745.84,79.6022
2.860,0.0477,41.8878,41.8857,1754.5,79.6905
2.862,0.0477,41.8633,41.6656,1744.26,79.7783
2.864,0.0477,41.8384,41.9045,1753.22,79.8668
2.865,0.0478,41.814,41.7015,1743.7,79.9547
2.867,0.0478,41.7891,41.9608,1753.5,80.0432
2.869,0.0478,41.7648,41.741,1743.3,80.1312
2.871,0.0478,41.74,41.7688,1743.43,80.2198
2.873,0.0479,41.7152,41.7995,1743.67,80.3084
2.875,0.0479,41.6904,41.6528,1736.52,80.3971
2.877,0.0479,41.6657,41.6902,1737.05,80.4858
2.878,0.0480,41.6409,41.9205,1745.61,80.5745
2.880,0.0480,41.6162,41.963,1746.34,80.6632
2.882,0.0480,41.5916,41.9148,1743.3,80.7519
2.884,0.0481,41.567,41.9553,1743.95,80.8406
2.886,0.0481,41.5424,41.9974,1744.67,80.9293
2.888,0.0481,41.5179,41.9953,1743.56,81.018
2.890,0.0482,41.4934,41.9356,1740.05,81.1067
2.892,0.0482,41.4689,41.9772,1740.75,81.1954
2.893,0.0482,41.4446,42.0202,1741.51,81.2841
2.895,0.0483,41.4203,42.0638,1742.29,81.3728
2.897,0.0483,41.396,42.0552,1740.92,81.4615
2.899,0.0483,41.3719,42.1007,1741.79,81.5503
2.901,0.0483,41.3478,42.1469,1742.68,81.639
2.903,0.0484,41.3238,41.9695,1734.34,81.7278
2.905,0.0484,41.2999,42.0149,1735.21,81.8166
2.906,0.0484,41.2761,42.0583,1736,81.9055
2.908,0.0485,41.2524,42.1012,1736.77,81.9943
2.910,0.0485,44.2384,41.9692,1856.65,82.0833
2.912,0.0485,44.2121,42.017,1857.66,82.1723
2.914,0.0486,44.186,42.0365,1857.42,82.2613
2.916,0.0486,44.1599,42.0876,1858.58,82.3505
2.918,0.0486,44.1339,42.0965,1857.88,82.4396
2.919,0.0487,44.108,42.1485,1859.08,82.529
2.921,0.0487,44.0821,42.2019,1860.35,82.6182
2.923,0.0487,44.0564,42.1818,1858.38,82.7077
2.925,0.0488,44.0307,42.2011,1858.14,82.7971
2.927,0.0488,44.0051,42.2254,1858.13,82.8867
2.929,0.0488,43.9796,42.2481,1858.06,82.9761
2.931,0.0488,43.9541,42.193,1854.55,83.0658
2.933,0.0489,43.9288,42.2157,1854.49,83.1554
2.934,0.0489,43.9034,42.2244,1853.79,83.2452
2.936,0.0489,43.8782,42.1713,1850.4,83.3348
2.938,0.0490,43.8529,42.1719,1849.36,83.4246
2.940,0.0490,43.8278,42.2178,1850.31,83.5143
2.942,0.0490,43.8026,42.204,1848.64,83.6041
2.944,0.0491,43.7777,42.2679,1850.39,83.6938
2.946,0.0491,43.7525,42.2856,1850.1,83.7836
2.947,0.0491,43.7273,42.3056,1849.91,83.8734
2.949,0.0492,43.7022,42.3264,1849.76,83.9632
2.951,0.0492,43.6772,42.349,1849.68,84.053
2.953,0.0492,43.6522,42.3732,1849.68,84.1428
2.955,0.0492,43.6272,42.3982,1849.71,84.2326
2.957,0.0493,43.6023,42.3654,1847.23,84.3224
2.959,0.0493,43.5775,42.392,1847.33,84.4122
2.960,0.0493,43.5527,42.4208,1847.54,84.502
2.962,0.0494,43.5279,42.4481,1847.68,84.5918
2.964,0.0494,43.5032,42.4093,1844.94,84.6816
2.966,0.0494,43.4785,42.4283,1844.72,84.7714
2.968,0.0495,43.4539,42.2787,1837.17,84.8613
2.970,0.0495,43.4293,42.2883,1836.55,84.9511
2.972,0.0495,46.4512,42.1725,1958.96,85.041
2.973,0.0496,46.4239,42.0102,1950.27,85.1309
2.975,0.0496,46.3966,42.0518,1951.06,85.2209
2.977,0.0496,46.3694,42.0062,1947.8,85.3108
2.979,0.0497,46.3421,42.0444,1948.43,85.4009
2.981,0.0497,46.3149,42.0237,1946.33,85.4909
2.983,0.0497,46.2877,42.1103,1949.19,85.5811
2.985,0.0497,46.2605,41.9515,1940.69,85.6712
2.987,0.0498,46.2333,42.0383,1943.57,85.7615
2.988,0.0498,46.2061,42.0012,1940.71,85.8517
2.990,0.0498,46.1788,42.0655,1942.53,85.9421
2.992,0.0499,46.1516,42.0387,1940.15,86.0324
2.994,0.0499,46.1244,41.9765,1936.14,86.1229
2.996,0.0499,46.0972,41.9621,1934.34,86.2134
2.998,0.0500,46.07,42.0144,1935.6,86.304
3.000,0.0500,46.0428,42.0041,1933.99,86.3945
3.001,0.0500,46.0156,42.0524,1935.06,86.4853
3.003,0.0501,45.9884,42.0461,1933.63,86.5759
3.005,0.0501,45.9612,42.091,1934.55,86.6667
3.007,0.0501,45.9342,42.0877,1933.26,86.7575
3.009,0.0501,45.907,42.1306,1934.09,86.8484
3.011,0.0502,45.88,42.0778,1930.53,86.9393
3.013,0.0502,45.8529,41.9785,1924.83,87.0302
3.014,0.0502,45.826,41.9031,1920.25,87.1212
3.016,0.0503,45.799,42.0049,1923.78,87.2122
3.018,0.0503,45.7722,41.9313,1919.29,87.3032
3.020,0.0503,45.7453,41.9491,1918.98,87.3943
3.022,0.0504,45.7184,41.9645,1918.55,87.4854
3.024,0.0504,45.6916,41.9838,1918.31,87.5766
3.026,0.0504,45.665,41.9978,1917.83,87.6678
3.027,0.0505,45.6383,42.0186,1917.66,87.7591
3.029,0.0505,45.6118,41.9191,1912.01,87.8503
3.031,0.0505,45.5854,41.9448,1912.07,87.9417
3.033,0.0506,48.6636,41.6399,2026.35,88.033
3.035,0.0506,48.6348,41.6627,2026.26,88.1244
3.037,0.0506,48.6062,41.6379,2023.86,88.2158
3.039,0.0506,48.5775,41.6678,2024.12,88.3073
3.041,0.0507,48.5489,41.6921,2024.11,88.3988
3.042,0.0507,48.5204,41.7244,2024.49,88.4904
3.044,0.0507,48.4919,41.54,2014.35,88.582
3.046,0.0508,48.4634,41.5754,2014.89,88.6736
3.048,0.0508,48.4351,41.6068,2015.23,88.7653
3.050,0.0508,48.4067,41.6449,2015.89,88.857
3.052,0.0509,48.3784,41.6749,2016.17,88.9487
3.054,0.0509,48.35,41.715,2016.92,89.0405
3.055,0.0509,48.3218,41.6594,2013.05,89.1324
3.057,0.0510,48.2934,41.7019,2013.93,89.2242
3.059,0.0510,48.2653,41.702,2012.76,89.3162
3.061,0.0510,48.2369,41.7487,2013.83,89.4081
3.063,0.0510,48.2088,41.7644,2013.41,89.5002
3.065,0.0511,48.1805,41.8101,2014.43,89.5922
3.067,0.0511,48.1525,41.8216,2013.81,89.6843
3.068,0.0511,48.1242,41.8652,2014.73,89.7764
3.070,0.0512,48.0961,41.8732,2013.94,89.8687
3.072,0.0512,48.0679,41.9134,2014.69,89.9608
3.074,0.0512,48.0399,41.9193,2013.8,90.0531
3.076,0.0513,48.0116,41.955,2014.33,90.1454
3.078,0.0513,47.9837,41.9638,2013.58,90.2378
3.080,0.0513,47.9555,41.921,2010.35,90.3302
3.081,0.0514,47.9276,41.9385,2010.01,90.4226
3.083,0.0514,47.8995,41.9522,2009.49,90.5151
3.085,0.0514,47.8717,41.9738,2009.36,90.6075
3.087,0.0515,47.8436,41.98,2008.47,90.7001
3.089,0.0515,47.8159,41.8905,2003.03,90.7926
3.091,0.0515,47.7879,41.8922,2001.94,90.8853
3.093,0.0515,47.7602,41.9251,2002.35,90.9778
3.094,0.0516,47.7323,41.7372,1992.21,91.0705
3.096,0.0516,50.8199,41.6506,2116.68,91.1633
3.098,0.0516,50.7898,41.4945,2107.5,91.2561
3.100,0.0517,50.7597,41.5,2106.53,91.3489
3.102,0.0517,50.7297,41.5168,2106.13,91.4417
3.104,0.0517,50.6996,41.5336,2105.74,91.5346
3.106,0.0518,50.6696,41.5682,2106.24,91.6274
3.107,0.0518,50.6397,41.5843,2105.82,91.7203
3.109,0.0518,50.6097,41.602,2105.47,91.8133
3.111,0.0519,50.5798,41.6188,2105.07,91.9062
3.113,0.0519,50.5499,41.637,2104.75,91.9992
3.115,0.0519,50.52,41.5717,2100.2,92.0922
3.117,0.0519,50.4902,41.5911,2099.94,92.1853
3.119,0.0520,50.4603,41.6092,2099.61,92.2784
3.120,0.0520,50.4305,41.6289,2099.37,92.3716
3.122,0.0520,50.4007,41.6472,2099.05,92.4648
3.124,0.0521,50.3709,41.6671,2098.81,92.558
3.126,0.0521,50.3412,41.6857,2098.51,92.6514
3.128,0.0521,50.3114,41.7056,2098.27,92.7448
3.130,0.0522,50.2817,41.7246,2097.98,92.8382
3.132,0.0522,50.252,41.6063,2090.8,92.9317
3.133,0.0522,50.2223,41.6236,2090.43,93.0253
3.135,0.0523,50.1927,41.5031,2083.15,93.1189
3.137,0.0523,50.163,41.521,2082.82,93.2126
3.139,0.0523,50.1334,41.5416,2082.62,93.3064
3.141,0.0523,50.1038,41.5609,2082.36,93.4001
3.143,0.0524,50.0743,41.5123,2078.7,93.494
3.145,0.0524,50.0447,41.5375,2078.73,93.5879
3.146,0.0524,50.0152,41.5492,2078.09,93.6818
3.148,0.0525,49.9857,41.5778,2078.3,93.7758
3.150,0.0525,49.9563,41.5874,2077.55,93.8698
3.152,0.0525,49.9268,41.6196,2077.93,93.9637
3.154,0.0526,49.8974,41.6264,2077.05,94.0578
3.156,0.0526,49.868,41.4932,2069.18,94.1518
3.158,0.0526,49.8387,41.4152,2064.08,94.2459
3.159,0.0527,52.98,41.3355,2189.96,94.3399
3.161,0.0527,52.9486,41.3221,2187.95,94.434
3.163,0.0527,52.9172,41.3621,2188.77,94.5281
3.165,0.0528,52.8858,41.2472,2181.39,94.6222
3.167,0.0528,52.8544,41.1457,2174.74,94.7163
3.169,0.0528,52.8231,41.1662,2174.52,94.8104
3.171,0.0528,52.7917,41.1867,2174.32,94.9046
3.172,0.0529,52.7604,41.2069,2174.09,94.9989
3.174,0.0529,52.729,41.1833,2171.56,95.0931
3.176,0.0529,52.6977,41.1239,2167.13,95.1874
3.178,0.0530,52.6664,41.1445,2166.93,95.2817
3.180,0.0530,52.6351,41.1644,2166.69,95.3761
3.182,0.0530,52.6038,41.1847,2166.47,95.4705
3.184,0.0531,52.5724,41.1881,2165.36,95.565
3.185,0.0531,52.5411,41.2086,2165.15,95.6595
3.187,0.0531,52.5098,41.2282,2164.88,95.7541
3.189,0.0532,52.4785,41.249,2164.69,95.8487
3.191,0.0532,52.4472,41.2682,2164.4,95.9434
3.193,0.0532,52.4159,41.2894,2164.22,96.0382
3.195,0.0532,52.3846,41.049,2150.34,96.133
3.197,0.0533,52.3534,41.0723,2150.27,96.2279
3.198,0.0533,52.3221,41.0854,2149.67,96.3228
3.200,0.0533,52.2908,40.9679,2142.25,96.4178
3.202,0.0534,52.2596,40.9288,2138.92,96.5128
3.204,0.0534,52.2284,40.8646,2134.29,96.6078
3.206,0.0534,52.1972,40.8117,2130.25,96.703
3.208,0.0535,52.166,40.7374,2125.11,96.7981
3.210,0.0535,52.1348,40.7784,2125.97,96.8933
3.211,0.0535,52.1037,40.8241,2127.09,96.9884
3.213,0.0536,52.0726,40.8567,2127.52,97.0837
3.215,0.0536,52.0415,40.8272,2124.71,97.1788
3.217,0.0536,52.0105,40.905,2127.49,97.2744
3.219,0.0536,51.9795,40.7508,2118.2,97.3703
3.221,0.0537,51.9485,40.8461,2121.89,97.4664
3.223,0.0537,51.9175,40.7962,2118.04,97.5624
3.224,0.0537,55.0638,40.7666,2244.76,97.6585
3.226,0.0538,55.0306,40.7148,2240.56,97.7545
3.228,0.0538,54.9976,40.8172,2244.85,97.8508
3.230,0.0538,54.9645,40.7627,2240.5,97.9468
3.232,0.0539,54.9315,40.8664,2244.85,98.0432
3.234,0.0539,54.8985,40.8107,2240.45,98.1393
3.236,0.0539,54.8655,40.9137,2244.75,98.2357
3.237,0.0540,54.8325,40.8585,2240.37,98.3319
3.239,0.0540,54.7996,40.8836,2240.41,98.4284
3.241,0.0540,54.7666,40.8326,2236.27,98.5247
3.243,0.0540,54.7338,40.8555,2236.17,98.6213
3.245,0.0541,54.7009,40.8735,2235.82,98.7179
3.247,0.0541,54.6681,40.901,2235.98,98.8146
3.248,0.0541,54.6353,40.9144,2235.37,98.9113
3.250,0.0542,54.6025,40.9471,2235.81,99.0081
3.252,0.0542,54.5697,40.8872,2231.2,99.1049
3.254,0.0542,54.537,40.9298,2232.19,99.2018
3.256,0.0543,54.5043,40.7697,2222.12,99.2986
3.258,0.0543,54.4717,40.8175,2223.4,99.3956
3.260,0.0543,54.439,40.8151,2221.93,99.4926
3.261,0.0544,54.4065,40.8697,2223.57,99.5896
3.263,0.0544,54.3739,40.7431,2215.36,99.6866
3.265,0.0544,54.3414,40.794,2216.8,99.7837
3.267,0.0545,54.3089,40.7531,2213.25,99.8807
3.269,0.0545,54.2764,40.7321,2210.79,99.9779
3.271,0.0545,54.244,40.7448,2210.16,100.075
3.273,0.0545,54.2117,40.789,2211.24,100.172
3.274,0.0546,54.1793,40.7869,2209.81,100.269
3.276,0.0546,54.147,40.7836,2208.31,100.366
3.278,0.0546,54.1148,40.6908,2201.98,100.463
3.280,0.0547,54.0825,40.7348,2203.04,100.561
3.282,0.0547,54.0503,40.7565,2202.9,100.658
3.284,0.0547,54.0182,40.7188,2199.56,100.755
3.286,0.0548,53.9861,40.75,2199.93,100.852
3.287,0.0548,53.9539,40.7866,2200.6,100.95
3.289,0.0548,57.1453,40.6863,2325.03,101.047
3.291,0.0549,57.1112,40.7225,2325.71,101.144
3.293,0.0549,57.0772,40.755,2326.18,101.241
3.295,0.0549,57.0432,40.7897,2326.78,101.339
3.297,0.0549,57.0091,40.8218,2327.22,101.436
3.299,0.0550,56.9751,40.8548,2327.71,101.534
3.300,0.0550,56.9411,40.8028,2323.36,101.631
3.302,0.0550,56.9072,40.7365,2318.2,101.729
3.304,0.0551,56.8732,40.7581,2318.04,101.826
3.306,0.0551,56.8393,40.7973,2318.89,101.924
3.308,0.0551,56.8053,40.8146,2318.49,102.021
3.310,0.0552,56.7715,40.8541,2319.35,102.119
3.312,0.0552,56.7375,40.8136,2315.66,102.217
3.313,0.0552,56.7037,40.8132,2314.26,102.315
3.315,0.0553,56.6698,40.8616,2315.62,102.412
3.317,0.0553,56.636,40.8836,2315.48,102.51
3.319,0.0553,56.6022,40.7855,2308.55,102.608
3.321,0.0553,56.5684,40.8077,2308.42,102.706
3.323,0.0554,56.5346,40.8292,2308.26,102.804
3.324,0.0554,56.5008,40.8099,2305.79,102.902
3.326,0.0554,56.467,40.8299,2305.55,103
3.328,0.0555,56.4333,40.9101,2308.69,103.098
3.330,0.0555,56.3995,40.9291,2308.38,103.197
3.332,0.0555,56.3657,40.9032,2305.54,103.295
3.334,0.0556,56.332,40.9003,2303.99,103.393
3.336,0.0556,56.2982,40.9207,2303.76,103.491
3.337,0.0556,56.2644,40.885,2300.37,103.589
3.339,0.0557,56.2307,40.9053,2300.13,103.687
3.341,0.0557,56.1969,40.8377,2294.95,103.786
3.343,0.0557,56.1632,40.8229,2292.74,103.884
3.345,0.0557,56.1294,40.6921,2284.02,103.982
3.347,0.0558,56.0957,40.7122,2283.78,104.081
3.349,0.0558,56.062,40.7328,2283.56,104.179
3.350,0.0558,56.0283,40.7082,2280.81,104.277
3.352,0.0559,55.9946,40.7291,2280.61,104.376
3.354,0.0559,55.9609,40.7498,2280.39,104.474
3.356,0.0559,59.1405,40.6331,2403.06,104.572
3.358,0.0560,59.105,40.6584,2403.11,104.671
3.360,0.0560,59.0695,40.6748,2402.64,104.769
3.362,0.0560,59.034,40.7035,2402.89,104.868
3.363,0.0561,58.9986,40.7198,2402.41,104.967
3.365,0.0561,58.9632,40.7506,2402.78,105.065
3.367,0.0561,58.9278,40.6864,2397.56,105.164
3.369,0.0561,58.8924,40.7192,2398.05,105.263
3.371,0.0562,58.8571,40.5639,2387.47,105.361
3.373,0.0562,58.8218,40.6008,2388.21,105.46
3.375,0.0562,58.7864,40.6215,2387.99,105.559
3.376,0.0563,58.7512,40.6556,2388.57,105.658
3.378,0.0563,58.7159,40.5791,2382.64,105.757
3.380,0.0563,58.6807,40.6008,2382.48,105.855
3.382,0.0564,58.6454,40.5481,2377.96,105.954
3.384,0.0564,58.6102,40.5484,2376.55,106.053
3.386,0.0564,58.575,40.6174,2379.17,106.152
3.387,0.0565,58.5399,40.6091,2377.25,106.251
3.389,0.0565,58.5047,40.6891,2380.5,106.35
3.391,0.0565,58.4695,40.688,2379.01,106.449
3.393,0.0566,58.4344,40.6286,2374.11,106.548
3.395,0.0566,58.3993,40.6709,2375.15,106.647
3.397,0.0566,58.3642,40.6631,2373.27,106.746
3.399,0.0566,58.3291,40.6332,2370.1,106.845
3.400,0.0567,58.2941,40.6629,2370.41,106.945
3.402,0.0567,58.259,40.5969,2365.14,107.044
3.404,0.0567,58.224,40.4889,2357.43,107.143
3.406,0.0568,58.189,40.4547,2354.02,107.242
3.408,0.0568,58.154,40.4807,2354.12,107.341
3.410,0.0568,58.1191,40.5058,2354.16,107.44
3.412,0.0569,58.0842,40.5271,2353.98,107.54
3.413,0.0569,58.0493,40.5567,2354.29,107.639
3.415,0.0569,58.0144,40.5737,2353.86,107.738
3.417,0.0570,57.9796,40.6073,2354.4,107.837
3.419,0.0570,57.9448,40.6211,2353.78,107.937
3.421,0.0570,57.91,40.6577,2354.49,108.036
3.423,0.0570,57.8752,40.6696,2353.76,108.135
3.425,0.0571,57.8405,40.7078,2354.56,108.235
3.426,0.0571,61.0518,40.5237,2474.05,108.334
3.428,0.0571,61.0153,40.5599,2474.77,108.434
3.430,0.0572,60.9788,40.575,2474.22,108.533
3.432,0.0572,60.9424,40.6091,2474.82,108.632
3.434,0.0572,60.9059,40.3246,2456.01,108.732
3.436,0.0573,60.8695,40.3438,2455.71,108.831
3.437,0.0573,60.8331,40.3268,2453.21,108.931
3.439,0.0573,60.7967,40.3925,2455.73,109.031
3.441,0.0574,60.7603,40.2803,2447.45,109.13
3.443,0.0574,60.7239,40.3462,2449.98,109.23
3.445,0.0574,60.6876,40.3267,2447.33,109.33
3.447,0.0574,60.6512,40.2906,2443.68,109.429
3.449,0.0575,60.6149,40.1704,2434.93,109.529
3.450,0.0575,60.5785,40.1931,2434.84,109.629
3.452,0.0575,60.5422,40.2163,2434.78,109.729
3.454,0.0576,60.5058,40.2096,2432.92,109.829
3.456,0.0576,60.4696,40.2377,2433.15,109.928
3.458,0.0576,60.4332,40.1865,2428.6,110.028
3.460,0.0577,60.397,40.2057,2428.3,110.128
3.462,0.0577,60.3607,40.2034,2426.71,110.228
3.463,0.0577,60.3245,40.2198,2426.24,110.328
3.465,0.0578,60.2882,40.1855,2422.71,110.428
3.467,0.0578,60.252,40.1702,2420.34,110.528
3.469,0.0578,60.2158,40.0999,2414.65,110.628
3.471,0.0578,60.1797,40.1252,2414.72,110.728
3.473,0.0579,60.1436,40.1479,2414.64,110.828
3.475,0.0579,60.1075,40.1754,2414.85,110.928
3.476,0.0579,60.0716,40.1747,2413.36,111.028
3.478,0.0580,60.0356,40.2019,2413.55,111.128
3.480,0.0580,59.9998,40.2317,2413.89,111.228
3.482,0.0580,59.964,40.2588,2414.08,111.328
3.484,0.0581,59.9282,40.2925,2414.66,111.428
3.486,0.0581,59.8926,40.3185,2414.78,111.529
3.488,0.0581,59.8569,40.3565,2415.62,111.629
3.489,0.0582,59.8214,40.3805,2415.62,111.729
3.491,0.0582,59.7859,40.4227,2416.71,111.829
3.493,0.0582,59.7504,40.3298,2409.72,111.929
3.495,0.0582,59.715,40.3836,2411.51,112.029
3.497,0.0583,62.913,40.2573,2532.71,112.13
3.499,0.0583,62.8758,40.3148,2534.83,112.23
3.500,0.0583,62.8387,40.2435,2528.85,112.33
3.502,0.0584,62.8016,40.0983,2518.24,112.43
3.504,0.0584,62.7646,40.0933,2516.44,112.531
3.506,0.0584,62.7275,40.1687,2519.68,112.631
3.508,0.0585,62.6906,40.0745,2512.29,112.731
3.510,0.0585,62.6536,40.1426,2515.08,112.832
3.512,0.0585,62.6168,40.1366,2513.23,112.932
3.513,0.0586,62.5799,40.1693,2513.79,113.032
3.515,0.0586,62.5431,40.097,2507.79,113.133
3.517,0.0586,62.5063,40.1818,2511.61,113.233
3.519,0.0586,62.4695,40.1416,2507.63,113.334
3.521,0.0587,62.4327,40.2398,2512.28,113.434
3.523,0.0587,62.396,40.2014,2508.41,113.534
3.525,0.0587,62.3593,40.2964,2512.86,113.635
3.526,0.0588,62.3226,40.2604,2509.13,113.735
3.528,0.0588,62.2859,40.3523,2513.38,113.836
3.530,0.0588,62.2493,40.2784,2507.3,113.936
3.532,0.0589,62.2126,40.2899,2506.54,114.037
3.534,0.0589,62.176,40.1936,2499.08,114.137
3.536,0.0589,62.1394,40.2863,2503.37,114.238
3.537,0.0590,62.1028,40.2503,2499.66,114.339
3.539,0.0590,62.0662,40.2794,2499.99,114.439
3.541,0.0590,62.0296,40.2194,2494.79,114.54
3.543,0.0591,61.993,40.1654,2489.98,114.641
3.545,0.0591,61.9565,40.1935,2490.25,114.741
3.547,0.0591,61.9199,40.222,2490.54,114.842
3.549,0.0591,61.8834,40.2503,2490.83,114.943
3.550,0.0592,61.8469,40.2378,2488.58,115.044
3.552,0.0592,61.8104,40.2518,2487.98,115.145
3.554,0.0592,61.7739,40.2407,2485.83,115.245
3.556,0.0593,61.7375,40.2706,2486.2,115.346
3.558,0.0593,61.701,40.3011,2486.62,115.447
3.560,0.0593,61.6646,40.0824,2471.67,115.548
3.562,0.0594,61.6282,40.1109,2471.96,115.649
3.563,0.0594,61.5918,40.1398,2472.28,115.75
3.565,0.0594,61.5554,40.1087,2468.91,115.851
3.567,0.0595,61.519,40.0397,2463.21,115.952
3.569,0.0595,64.7427,39.9361,2585.57,116.053
3.571,0.0595,64.7046,39.8921,2581.2,116.154
3.573,0.0595,64.6666,39.9232,2581.69,116.255
3.575,0.0596,64.6285,39.9548,2582.22,116.356
3.576,0.0596,64.5905,39.9862,2582.73,116.457
3.578,0.0596,64.5525,40.0061,2582.49,116.558
3.580,0.0597,64.5146,40.0062,2580.98,116.659
3.582,0.0597,64.4766,40.0447,2581.95,116.76
3.584,0.0597,64.4388,40.0675,2581.9,116.862
3.586,0.0598,64.4009,39.9937,2575.63,116.963
3.587,0.0598,64.3631,40.007,2574.97,117.064
3.589,0.0598,64.3253,40.0529,2576.42,117.165
3.591,0.0599,64.2875,40.0623,2575.51,117.266
3.593,0.0599,64.2498,40.1073,2576.89,117.368
3.595,0.0599,64.2121,40.0662,2572.73,117.469
3.597,0.0599,64.1745,40.1071,2573.85,117.57
3.599,0.0600,64.1368,39.9808,2564.25,117.671
3.600,0.0600,64.0992,39.9647,2561.71,117.772
3.602,0.0600,64.0617,39.9399,2558.62,117.874
3.604,0.0601,64.0241,39.9841,2559.95,117.975
3.606,0.0601,63.9866,39.9825,2558.34,118.076
3.608,0.0601,63.9491,40.0253,2559.58,118.177
3.610,0.0602,63.9116,40.0244,2558.03,118.279
3.612,0.0602,63.8742,40.0677,2559.29,118.38
3.613,0.0602,63.8367,39.995,2553.15,118.481
3.615,0.0603,63.7993,40.018,2553.12,118.583
3.617,0.0603,63.7618,40.0417,2553.13,118.684
3.619,0.0603,63.7245,39.9585,2546.33,118.785
3.621,0.0603,63.6871,39.9847,2546.51,118.887
3.623,0.0604,63.6497,40.0119,2546.75,118.988
3.625,0.0604,63.6124,40.0409,2547.09,119.089
3.626,0.0604,63.5751,40.0704,2547.48,119.191
3.628,0.0605,63.5377,40.0468,2544.48,119.292
3.630,0.0605,63.5005,40.0777,2544.95,119.394
3.632,0.0605,63.4632,40.1104,2545.53,119.495
3.634,0.0606,63.4259,40.1481,2546.43,119.596
3.636,0.0606,63.3887,40.113,2542.71,119.698
3.637,0.0606,63.3515,40.1582,2544.08,119.799
3.639,0.0607,63.3143,40.1516,2542.17,119.901
3.641,0.0607,63.2771,40.1448,2540.24,120.002
3.643,0.0607,63.2399,40.1571,2539.53,120.104
3.645,0.0607,66.4443,39.9488,2654.37,120.205
3.647,0.0608,66.4055,39.9624,2653.72,120.307
3.649,0.0608,66.3667,40.0144,2655.62,120.408
3.650,0.0608,66.3279,40.0248,2654.76,120.51
3.652,0.0609,66.2891,40.0771,2656.68,120.612
3.654,0.0609,66.2503,40.0633,2654.21,120.713
3.656,0.0609,66.2116,40.1145,2656.04,120.815
3.658,0.0610,66.1728,40.1217,2654.96,120.916
3.660,0.0610,66.134,40.171,2656.67,121.018
3.662,0.0610,66.0953,40.1781,2655.58,121.12
3.663,0.0611,66.0566,40.2253,2657.14,121.221
3.665,0.0611,66.0178,40.1761,2652.33,121.323
3.667,0.0611,65.9791,40.2205,2653.71,121.425
3.669,0.0611,65.9403,40.2057,2651.17,121.527
3.671,0.0612,65.9016,40.1812,2648.01,121.629
3.673,0.0612,65.8629,40.1897,2647.01,121.73
3.674,0.0612,65.8242,40.2323,2648.26,121.832
3.676,0.0613,65.7854,40.2235,2646.12,121.934
3.678,0.0613,65.7468,40.1866,2642.14,122.036
3.680,0.0613,65.7081,40.1997,2641.44,122.138
3.682,0.0614,65.6694,40.1595,2637.25,122.24
3.684,0.0614,65.6307,40.1532,2635.28,122.342
3.686,0.0614,65.5921,39.9156,2618.15,122.443
3.687,0.0615,65.5535,39.9383,2618.09,122.545
3.689,0.0615,65.5149,39.959,2617.91,122.647
3.691,0.0615,65.4763,39.9832,2617.95,122.749
3.693,0.0615,65.4378,39.9397,2613.56,122.851
3.695,0.0616,65.3993,39.9646,2613.66,122.953
3.697,0.0616,65.3608,39.9029,2608.09,123.055
3.699,0.0616,65.3224,39.825,2601.47,123.157
3.700,0.0617,65.284,39.8,2598.3,123.259
3.702,0.0617,65.2457,39.8118,2597.55,123.361
3.704,0.0617,65.2074,39.8092,2595.85,123.463
3.706,0.0618,65.1691,39.8195,2595,123.565
3.708,0.0618,65.1309,39.8472,2595.29,123.667
3.710,0.0618,65.0927,39.8564,2594.37,123.769
3.711,0.0619,65.0546,39.8697,2593.71,123.871
3.713,0.0619,65.0165,39.8374,2590.09,123.973
3.715,0.0619,64.9784,39.7808,2584.9,124.075
3.717,0.0619,64.9404,39.8252,2586.27,124.177
3.719,0.0620,64.9024,39.7813,2581.9,124.279
3.721,0.0620,64.8644,39.7928,2581.14,124.381
3.723,0.0620,68.0828,39.6969,2702.67,124.483
3.724,0.0621,68.0432,39.661,2698.66,124.585
3.726,0.0621,68.0037,39.6825,2698.56,124.687
3.728,0.0621,67.9642,39.699,2698.11,124.789
3.730,0.0622,67.9247,39.721,2698.03,124.891
3.732,0.0622,67.8852,39.7381,2697.63,124.993
3.734,0.0622,67.8458,39.7608,2697.61,125.095
3.735,0.0623,67.8063,39.7235,2693.5,125.197
3.737,0.0623,67.7669,39.7469,2693.52,125.3
3.739,0.0623,67.7275,39.7645,2693.15,125.402
3.741,0.0624,67.6881,39.7067,2687.67,125.504
3.743,0.0624,67.6487,39.7242,2687.29,125.606
3.745,0.0624,67.6093,39.6668,2681.84,125.708
3.747,0.0624,67.5699,39.6824,2681.34,125.811
3.748,0.0625,67.5306,39.7134,2681.87,125.913
3.750,0.0625,67.4913,39.6468,2675.81,126.015
3.752,0.0625,67.452,39.6778,2676.34,126.117
3.754,0.0626,67.4126,39.6103,2670.24,126.22
3.756,0.0626,67.3733,39.6469,2671.14,126.322
3.758,0.0626,67.3341,39.6557,2670.18,126.425
3.760,0.0627,67.2948,39.6584,2668.8,126.527
3.761,0.0627,67.2555,39.5998,2663.3,126.629
3.763,0.0627,67.2163,39.4921,2654.51,126.732
3.765,0.0628,67.177,39.5143,2654.45,126.834
3.767,0.0628,67.1378,39.4737,2650.18,126.936
3.769,0.0628,67.0986,39.476,2648.78,127.039
3.771,0.0628,67.0594,39.4945,2648.48,127.141
3.772,0.0629,67.0203,39.5175,2648.47,127.244
3.774,0.0629,66.9811,39.523,2647.3,127.346
3.776,0.0629,66.942,39.5448,2647.21,127.449
3.778,0.0630,66.9028,39.5666,2647.11,127.551
3.780,0.0630,66.8637,39.5876,2646.97,127.654
3.782,0.0630,66.8247,39.5695,2644.22,127.756
3.784,0.0631,66.7856,39.5899,2644.04,127.859
3.785,0.0631,66.7465,39.6103,2643.85,127.961
3.787,0.0631,66.7075,39.6299,2643.61,128.064
3.789,0.0632,66.6685,39.6495,2643.37,128.166
3.791,0.0632,66.6296,39.5004,2631.89,128.269
3.793,0.0632,66.5906,39.5203,2631.68,128.371
3.795,0.0632,66.5517,39.5399,2631.44,128.474
3.796,0.0633,66.5128,39.5594,2631.21,128.577
3.798,0.0633,66.4739,39.5786,2630.95,128.679
3.800,0.0633,66.4351,39.5994,2630.79,128.782
3.802,0.0634,66.3963,39.617,2630.42,128.885
3.804,0.0634,69.5999,39.4561,2746.14,128.987
3.806,0.0634,69.5596,39.4718,2745.64,129.09
3.808,0.0635,69.5193,39.3233,2733.73,129.193
3.809,0.0635,69.479,39.282,2729.28,129.296
3.811,0.0635,69.4388,39.3113,2729.73,129.398
3.813,0.0636,69.3986,39.2957,2727.07,129.501
3.815,0.0636,69.3584,39.3264,2727.62,129.604
3.817,0.0636,69.3183,39.2797,2722.8,129.707
3.819,0.0636,69.2782,39.3116,2723.44,129.81
3.820,0.0637,69.2381,39.3221,2722.59,129.912
3.822,0.0637,69.1981,39.3547,2723.27,130.015
3.824,0.0637,69.1581,39.3148,2718.94,130.118
3.826,0.0638,69.1181,39.351,2719.86,130.221
3.828,0.0638,69.0781,39.3841,2720.58,130.324
3.830,0.0638,69.0381,39.4109,2720.86,130.426
3.832,0.0639,68.9982,39.1899,2704.03,130.529
3.833,0.0639,68.9582,39.236,2705.64,130.632
3.835,0.0639,68.9183,39.2501,2705.05,130.735
3.837,0.0640,68.8784,39.2487,2703.39,130.838
3.839,0.0640,68.8385,39.2705,2703.32,130.94
3.841,0.0640,68.7986,39.3161,2704.9,131.043
3.843,0.0640,68.7587,39.338,2704.83,131.146
3.844,0.0641,68.7189,39.2758,2698.99,131.249
3.846,0.0641,68.6791,39.2975,2698.92,131.352
3.848,0.0641,68.6393,39.3194,2698.85,131.455
3.850,0.0642,68.5995,39.3153,2697.01,131.558
3.852,0.0642,68.5597,39.2312,2689.68,131.66
3.854,0.0642,68.5199,39.2167,2687.13,131.763
3.856,0.0643,68.4802,39.2418,2687.28,131.866
3.857,0.0643,68.4405,39.2619,2687.11,131.969
3.859,0.0643,68.4008,39.2904,2687.49,132.072
3.861,0.0644,68.3612,39.3084,2687.17,132.175
3.863,0.0644,68.3215,39.3749,2690.15,132.279
3.865,0.0644,68.2819,39.3971,2690.11,132.382
3.867,0.0644,68.2423,39.4277,2690.64,132.485
3.868,0.0645,68.2028,39.4482,2690.48,132.588
3.870,0.0645,68.1633,39.3538,2682.48,132.691
3.872,0.0645,68.1238,39.2824,2676.07,132.795
3.874,0.0646,68.0843,39.2509,2672.37,132.898
3.876,0.0646,68.0449,39.2549,2671.1,133.001
3.878,0.0646,68.0054,39.2628,2670.08,133.105
3.879,0.0647,67.966,39.2603,2668.36,133.208
3.881,0.0647,67.9266,39.323,2671.08,133.312
3.883,0.0647,67.8872,39.3142,2668.93,133.415
3.885,0.0648,67.8479,39.3825,2672.02,133.518
3.887,0.0648,67.8085,39.3678,2669.47,133.622
3.889,0.0648,71.015,39.2951,2790.54,133.726
3.891,0.0648,70.9742,39.3171,2790.5,133.829
3.892,0.0649,70.9333,39.3063,2788.13,133.933
3.894,0.0649,70.8925,39.3009,2786.14,134.036
3.896,0.0649,70.8517,39.3595,2788.69,134.14
3.898,0.0650,70.8109,39.33,2785,134.243
3.900,0.0650,70.7702,39.2712,2779.23,134.347
3.902,0.0650,70.7294,39.2734,2777.78,134.451
3.903,0.0651,70.6887,39.3158,2779.18,134.554
3.905,0.0651,70.6479,39.2915,2775.86,134.658
3.907,0.0651,70.6072,39.2909,2774.22,134.761
3.909,0.0652,70.5665,39.1343,2761.57,134.865
3.911,0.0652,70.5258,39.1564,2761.54,134.968
3.913,0.0652,70.4851,39.1786,2761.51,135.072
3.915,0.0652,70.4444,39.2007,2761.47,135.176
3.916,0.0653,70.4037,39.2151,2760.89,135.279
3.918,0.0653,70.3631,39.2379,2760.9,135.383
3.920,0.0653,70.3224,39.1769,2755.02,135.486
3.922,0.0654,70.2818,39.2067,2755.52,135.59
3.924,0.0654,70.2413,39.2171,2754.66,135.693
3.926,0.0654,70.2007,39.2512,2755.46,135.797
3.927,0.0655,70.1602,39.2161,2751.41,135.901
3.929,0.0655,70.1196,39.2555,2752.58,136.004
3.931,0.0655,70.0791,39.2581,2751.18,136.108
3.933,0.0655,70.0387,39.2324,2747.78,136.211
3.935,0.0656,69.9982,39.2304,2746.06,136.315
3.937,0.0656,69.9578,39.2325,2744.62,136.419
3.938,0.0656,69.9175,39.2349,2743.21,136.522
3.940,0.0657,69.8771,39.1299,2734.29,136.626
3.942,0.0657,69.8368,39.1353,2733.08,136.73
3.944,0.0657,69.7965,39.1794,2734.59,136.834
3.946,0.0658,69.7562,39.1269,2729.35,136.938
3.948,0.0658,69.716,39.1725,2730.95,137.041
3.950,0.0658,69.6758,39.0799,2722.92,137.145
3.951,0.0659,69.6357,39.1222,2724.3,137.249
3.953,0.0659,69.5955,39.0448,2717.35,137.353
3.955,0.0659,69.5554,39.0851,2718.58,137.457
3.957,0.0659,69.5153,39.0925,2717.53,137.561
3.959,0.0660,69.4753,39.1307,2718.62,137.665
3.961,0.0660,69.4353,39.1389,2717.62,137.769
3.962,0.0660,69.3953,39.1748,2718.55,137.873
3.964,0.0661,69.3553,39.1837,2717.6,137.977
3.966,0.0661,69.3154,39.22,2718.55,138.081
3.968,0.0661,69.2755,39.2188,2716.9,138.186
3.970,0.0662,69.2356,39.2481,2717.36,138.29
3.972,0.0662,69.1958,39.0993,2705.51,138.394
3.973,0.0662,69.156,39.1051,2704.35,138.498
3.975,0.0663,69.1163,39.1447,2705.54,138.602
3.977,0.0663,72.3164,38.9964,2820.08,138.707
3.979,0.0663,72.2751,39.0371,2821.41,138.811
3.981,0.0663,72.2339,39.0411,2820.09,138.915
3.983,0.0664,72.1927,39.0632,2820.08,139.02
3.985,0.0664,72.1516,39.0571,2818.03,139.124
3.986,0.0664,72.1104,39.0807,2818.13,139.228
3.988,0.0665,72.0693,39.1053,2818.29,139.333
3.990,0.0665,72.0282,39.1027,2816.5,139.437
3.992,0.0665,71.9872,39.1251,2816.51,139.542
3.994,0.0666,71.9461,39.1481,2816.56,139.646
3.996,0.0666,71.9051,39.0943,2811.08,139.75
3.997,0.0666,71.8641,39.1179,2811.17,139.855
3.999,0.0667,71.8231,39.1415,2811.26,139.959
4.001,0.0667,71.7821,39.0987,2806.59,140.064
4.003,0.0667,71.7412,39.1226,2806.7,140.169
4.005,0.0667,71.7003,38.8866,2788.18,140.273
4.007,0.0668,71.6594,38.8282,2782.4,140.378
4.008,0.0668,71.6185,38.8511,2782.46,140.482
4.010,0.0668,71.5777,38.8741,2782.52,140.587
4.012,0.0669,71.5368,38.803,2775.85,140.692
4.014,0.0669,71.4961,38.8256,2775.88,140.796
4.016,0.0669,71.4553,38.848,2775.9,140.901
4.018,0.0670,71.4146,38.8704,2775.91,141.006
4.020,0.0670,71.3739,38.8924,2775.9,141.111
4.021,0.0670,71.3333,38.9139,2775.86,141.216
4.023,0.0671,71.2927,38.9355,2775.82,141.32
4.025,0.0671,71.2521,38.956,2775.7,141.425
4.027,0.0671,71.2116,38.9346,2772.6,141.53
4.029,0.0671,71.1711,38.9537,2772.38,141.635
4.031,0.0672,71.1307,38.9597,2771.23,141.74
4.032,0.0672,71.0903,38.9763,2770.84,141.845
4.034,0.0672,71.05,38.9713,2768.91,141.95
4.036,0.0673,71.0096,38.9875,2768.49,142.055
4.038,0.0673,70.9694,38.8766,2759.04,142.16
4.040,0.0673,70.9291,38.893,2758.64,142.265
4.042,0.0674,70.8889,38.975,2762.9,142.37
4.043,0.0674,70.8488,39.0096,2763.78,142.475
4.045,0.0674,70.8086,39.0018,2761.67,142.58
4.047,0.0675,70.7685,38.9785,2758.45,142.685
4.049,0.0675,70.7285,38.9476,2754.71,142.79
4.051,0.0675,70.6884,38.9654,2754.4,142.895
4.053,0.0675,70.6484,38.9419,2751.18,143
4.055,0.0676,70.6085,38.9295,2748.75,143.105
4.056,0.0676,70.5685,38.939,2747.87,143.21
4.058,0.0676,70.5286,38.9483,2746.97,143.316
4.060,0.0677,70.4887,38.9581,2746.1,143.421
4.062,0.0677,70.4489,38.8898,2739.75,143.526
4.064,0.0677,70.4091,38.814,2732.86,143.631
4.066,0.0678,70.3693,38.7536,2727.07,143.736
4.067,0.0678,70.3295,38.5858,2713.72,143.841
4.069,0.0678,70.2898,38.598,2713.04,143.947
4.071,0.0679,73.4812,38.4945,2828.62,144.052
4.073,0.0679,73.4399,38.5086,2828.07,144.157
4.075,0.0679,73.3986,38.5284,2827.93,144.262
4.077,0.0679,73.3573,38.5501,2827.93,144.368
4.078,0.0680,73.3161,38.563,2827.29,144.473
4.080,0.0680,73.2749,38.5912,2827.77,144.578
4.082,0.0680,73.2337,38.4836,2818.29,144.684
4.084,0.0681,73.1926,38.5192,2819.32,144.789
4.086,0.0681,73.1515,38.5218,2817.93,144.895
4.088,0.0681,73.1104,38.5145,2815.81,145.001
4.090,0.0682,73.0694,38.5132,2814.14,145.106
4.091,0.0682,73.0284,38.5578,2815.81,145.212
4.093,0.0682,72.9875,38.5518,2813.8,145.318
4.095,0.0683,72.9465,38.5194,2809.85,145.423
4.097,0.0683,72.9056,38.5274,2808.87,145.529
4.099,0.0683,72.8647,38.561,2809.74,145.635
4.101,0.0683,72.8239,38.5662,2808.54,145.741
4.102,0.0684,72.7831,38.602,2809.57,145.847
4.104,0.0684,72.7423,38.6088,2808.49,145.953
4.106,0.0684,72.7015,38.589,2805.48,146.059
4.108,0.0685,72.6608,38.5912,2804.06,146.165
4.110,0.0685,72.62,38.5986,2803.03,146.271
4.112,0.0685,72.5793,38.6104,2802.31,146.377
4.113,0.0686,72.5385,38.6414,2802.99,146.483
4.115,0.0686,72.4979,38.6528,2802.25,146.589
4.117,0.0686,72.4571,38.6613,2801.29,146.695
4.119,0.0686,72.4165,38.6003,2795.29,146.802
4.121,0.0687,72.3758,38.5663,2791.26,146.908
4.123,0.0687,72.3351,38.5825,2790.87,147.014
4.124,0.0687,72.2945,38.6186,2791.91,147.12
4.126,0.0688,72.2538,38.5545,2785.71,147.226
4.128,0.0688,72.2132,38.5728,2785.46,147.332
4.130,0.0688,72.1725,38.4316,2773.7,147.439
4.132,0.0689,72.1319,38.4443,2773.06,147.545
4.134,0.0689,72.0914,38.4712,2773.44,147.651
4.136,0.0689,72.0508,38.396,2766.46,147.757
4.137,0.0690,72.0103,38.3989,2765.12,147.863
4.139,0.0690,71.9698,38.372,2761.62,147.97
4.141,0.0690,71.9293,38.4003,2762.11,148.076
4.143,0.0690,71.8888,38.4291,2762.62,148.182
4.145,0.0691,71.8485,38.4577,2763.12,148.288
4.147,0.0691,71.8081,38.4849,2763.53,148.395
4.148,0.0691,71.7678,38.5136,2764.04,148.501
4.150,0.0692,71.7275,38.5386,2764.28,148.607
4.152,0.0692,71.6873,38.5672,2764.78,148.714
4.154,0.0692,71.6471,38.5368,2761.05,148.82
4.156,0.0693,71.607,38.4958,2756.57,148.927
4.158,0.0693,71.5669,38.5134,2756.28,149.033
4.159,0.0693,71.5269,38.5432,2756.87,149.14
4.161,0.0694,71.4869,38.5575,2756.36,149.246
4.163,0.0694,71.447,38.375,2741.78,149.353
4.165,0.0694,71.4071,38.3698,2739.88,149.459
4.167,0.0694,71.3673,38.3788,2738.99,149.566
4.169,0.0695,71.3275,38.3716,2736.95,149.673
4.170,0.0695,74.5112,38.3058,2854.21,149.78
4.172,0.0695,74.4702,38.2975,2852.02,149.886
4.174,0.0696,74.4291,38.3445,2853.94,149.993
4.176,0.0696,74.3881,38.3696,2854.24,150.1
4.178,0.0696,74.347,38.2891,2846.68,150.207
4.180,0.0697,74.3061,38.2886,2845.08,150.314
4.182,0.0697,74.2652,38.3114,2845.2,150.421
4.183,0.0697,74.2243,38.3292,2844.96,150.528
4.185,0.0698,74.1834,38.3501,2844.94,150.635
4.187,0.0698,74.1426,38.3249,2841.51,150.741
4.189,0.0698,74.1018,38.3485,2841.69,150.849
4.191,0.0698,74.061,38.3665,2841.46,150.955
4.193,0.0699,74.0202,38.3735,2840.42,151.063
4.194,0.0699,73.9795,38.3947,2840.42,151.17
4.196,0.0699,73.9388,38.3459,2835.25,151.277
4.198,0.0700,73.8981,38.3877,2836.78,151.384
4.200,0.0700,73.8575,38.2842,2827.57,151.491
4.202,0.0700,73.8168,38.3246,2829,151.598
4.204,0.0701,73.7762,38.3468,2829.08,151.705
4.205,0.0701,73.7355,38.2923,2823.51,151.813
4.207,0.0701,73.6949,38.2929,2821.99,151.92
4.209,0.0702,73.6543,38.3165,2822.18,152.027
4.211,0.0702,73.6137,38.3398,2822.33,152.135
4.213,0.0702,73.5731,38.3638,2822.54,152.242
4.215,0.0702,73.5325,38.3873,2822.71,152.35
4.216,0.0703,73.492,38.3729,2820.1,152.457
4.218,0.0703,73.4514,38.3425,2816.31,152.565
4.220,0.0703,73.4109,38.3673,2816.57,152.672
4.222,0.0704,73.3704,38.3915,2816.8,152.78
4.224,0.0704,73.3299,38.3377,2811.3,152.887
4.226,0.0704,73.2894,38.362,2811.53,152.995
4.227,0.0705,73.249,38.2806,2804.01,153.103
4.229,0.0705,73.2085,38.2476,2800.05,153.21
4.231,0.0705,73.1682,38.199,2794.95,153.318
4.233,0.0706,73.1278,38.2232,2795.18,153.426
4.235,0.0706,73.0875,38.247,2795.38,153.533
4.237,0.0706,73.0472,38.2712,2795.61,153.641
4.239,0.0706,73.007,38.24,2791.79,153.749
4.240,0.0707,72.9668,38.264,2792,153.857
4.242,0.0707,72.9266,38.2876,2792.19,153.964
4.244,0.0707,72.8865,38.3114,2792.39,154.072
4.246,0.0708,72.8465,38.3233,2791.72,154.18
4.248,0.0708,72.8064,38.3471,2791.91,154.288
4.250,0.0708,72.7665,38.3707,2792.1,154.396
4.251,0.0709,72.7265,38.3475,2788.88,154.504
4.253,0.0709,72.6867,38.3715,2789.1,154.612
4.255,0.0709,72.6468,38.2946,2781.98,154.72
4.257,0.0709,72.607,38.326,2782.74,154.827
4.259,0.0710,72.5673,38.2613,2776.52,154.935
4.261,0.0710,72.5276,38.2919,2777.22,155.043
4.262,0.0710,72.4879,38.2788,2774.75,155.151
4.264,0.0711,72.4482,38.3172,2776.01,155.259
4.266,0.0711,72.4086,38.2504,2769.66,155.367
4.268,0.0711,72.3691,38.2959,2771.44,155.475
4.270,0.0712,72.3295,38.2904,2769.53,155.583
4.272,0.0712,72.29,38.3045,2769.03,155.691
4.273,0.0712,72.2505,38.2308,2762.2,155.8
4.275,0.0713,72.2111,38.2814,2764.34,155.908
4.277,0.0713,75.3905,38.1812,2878.5,156.016
4.279,0.0713,75.3495,38.1205,2872.36,156.124
4.281,0.0713,75.3085,38.0718,2867.13,156.232
4.283,0.0714,75.2676,38.0899,2866.93,156.341
4.284,0.0714,75.2267,38.1074,2866.69,156.449
4.286,0.0714,75.1858,38.1244,2866.41,156.557
4.288,0.0715,75.1449,38.0695,2860.73,156.665
4.290,0.0715,75.1041,38.059,2858.39,156.774
4.292,0.0715,75.0633,38.0743,2857.98,156.882
4.294,0.0716,75.0225,38.0892,2857.54,156.991
4.295,0.0716,74.9817,38.1037,2857.08,157.099
4.297,0.0716,74.9409,38.1194,2856.7,157.208
4.299,0.0717,74.9002,38.1318,2856.08,157.316
4.301,0.0717,74.8594,38.1489,2855.81,157.425
4.303,0.0717,74.8187,38.1484,2854.21,157.533
4.305,0.0717,74.7781,38.1714,2854.38,157.642
4.307,0.0718,74.7374,38.1756,2853.14,157.75
4.308,0.0718,74.6967,38.2031,2853.65,157.859
4.310,0.0718,74.6561,38.1277,2846.46,157.968
4.312,0.0719,74.6155,38.1614,2847.43,158.076
4.314,0.0719,74.5749,38.1568,2845.54,158.185
4.316,0.0719,74.5343,38.1975,2847.02,158.294
4.318,0.0720,74.4937,38.1229,2839.92,158.403
4.319,0.0720,74.4532,38.1508,2840.45,158.512
4.321,0.0720,74.4127,38.134,2837.66,158.621
4.323,0.0721,74.3722,38.1902,2840.28,158.729
4.325,0.0721,74.3317,37.87,2814.94,158.838
4.327,0.0721,74.2912,37.9458,2819.04,158.947
4.329,0.0721,74.2507,37.915,2815.22,159.056
4.330,0.0722,74.2103,37.9877,2819.08,159.165
4.332,0.0722,74.1698,37.8602,2808.08,159.274
4.334,0.0722,74.1294,37.8791,2807.96,159.383
4.336,0.0723,74.089,37.7542,2797.17,159.492
4.338,0.0723,74.0486,37.8403,2802.02,159.601
4.340,0.0723,74.0082,37.7878,2796.6,159.711
4.341,0.0724,73.9679,37.8426,2799.14,159.82
4.343,0.0724,73.9275,37.7826,2793.17,159.929
4.345,0.0724,73.8872,37.8807,2798.9,160.038
4.347,0.0724,73.8468,37.8132,2792.38,160.147
4.349,0.0725,73.8065,37.9164,2798.48,160.256
4.351,0.0725,73.7661,37.8334,2790.82,160.366
4.352,0.0725,73.7258,37.8475,2790.34,160.475
4.354,0.0726,73.6855,37.7885,2784.46,160.584
4.356,0.0726,73.6452,37.8038,2784.06,160.694
4.358,0.0726,73.6049,37.7954,2781.92,160.803
4.360,0.0727,73.5646,37.776,2778.98,160.912
4.362,0.0727,73.5243,37.7827,2777.95,161.022
4.363,0.0727,73.4841,37.8011,2777.78,161.131
4.365,0.0728,73.4438,37.7766,2774.46,161.241
4.367,0.0728,73.4036,37.8434,2777.84,161.35
4.369,0.0728,73.3634,37.8557,2777.22,161.459
4.371,0.0728,73.3233,37.7716,2769.54,161.569
4.373,0.0729,73.2831,37.7854,2769.04,161.678
4.374,0.0729,73.2431,37.638,2756.73,161.787
4.376,0.0729,73.203,37.5591,2749.44,161.897
4.378,0.0730,73.163,37.5802,2749.48,162.006
4.380,0.0730,73.123,37.5866,2748.44,162.116
4.382,0.0730,73.083,37.6131,2748.88,162.225
4.384,0.0731,73.0431,37.5698,2744.22,162.335
4.385,0.0731,73.0033,37.597,2744.71,162.444
4.387,0.0731,72.9634,37.6069,2743.93,162.554
4.389,0.0732,72.9236,37.6371,2744.63,162.663
4.391,0.0732,72.8838,37.5691,2738.18,162.773
4.393,0.0732,72.8441,37.6041,2739.24,162.883
4.395,0.0732,76.0273,37.4762,2849.21,162.992
4.397,0.0733,75.9864,37.5059,2849.94,163.102
4.398,0.0733,75.9455,37.4949,2847.57,163.212
4.400,0.0733,75.9046,37.4376,2841.69,163.321
4.402,0.0734,75.8638,37.4226,2839.02,163.431
4.404,0.0734,75.823,37.425,2837.68,163.541
4.406,0.0734,75.7822,37.3803,2832.76,163.651
4.408,0.0735,75.7415,37.4195,2834.21,163.761
4.409,0.0735,75.7008,37.332,2826.06,163.871
4.411,0.0735,75.6601,37.3757,2827.85,163.98
4.413,0.0736,75.6194,37.3523,2824.56,164.09
4.415,0.0736,75.5788,37.3978,2826.48,164.2
4.417,0.0736,75.5381,37.3718,2822.99,164.31
4.419,0.0736,75.4976,37.4201,2825.13,164.42
4.420,0.0737,75.4569,37.3217,2816.18,164.53
4.422,0.0737,75.4164,37.3653,2817.96,164.64
4.424,0.0737,75.3758,37.3757,2817.22,164.75
4.426,0.0738,75.3351,37.3152,2811.15,164.86
4.428,0.0738,75.2945,37.3281,2810.6,164.971
4.430,0.0738,75.2539,37.3774,2812.79,165.081
4.431,0.0739,75.2133,37.3909,2812.29,165.191
4.433,0.0739,75.1727,37.3327,2806.39,165.301
4.435,0.0739,75.1321,37.3126,2803.37,165.412
4.437,0.0739,75.0915,37.2494,2797.11,165.522
4.439,0.0740,75.0509,37.2225,2793.58,165.632
4.441,0.0740,75.0103,37.2369,2793.15,165.743
4.442,0.0740,74.9697,37.252,2792.77,165.853
4.444,0.0741,74.9291,37.2667,2792.36,165.963
4.446,0.0741,74.8885,37.282,2791.99,166.074
4.448,0.0741,74.8479,37.2967,2791.58,166.184
4.450,0.0742,74.8073,37.2875,2789.38,166.295
4.452,0.0742,74.7667,37.302,2788.95,166.405
4.453,0.0742,74.7261,37.2876,2786.35,166.515
4.455,0.0743,74.6855,37.2469,2781.8,166.626
4.457,0.0743,74.6449,37.2611,2781.35,166.736
4.459,0.0743,74.6043,37.2747,2780.86,166.847
4.461,0.0743,74.5638,37.2883,2780.35,166.957
4.463,0.0744,74.5232,37.2217,2773.88,167.067
4.464,0.0744,74.4826,37.1485,2766.92,167.178
4.466,0.0744,74.4421,37.1512,2765.61,167.288
4.468,0.0745,74.4014,37.1751,2765.88,167.399
4.470,0.0745,74.3609,37.1442,2762.08,167.509
4.472,0.0745,74.3203,37.1261,2759.22,167.619
4.474,0.0746,74.2799,37.0269,2750.36,167.73
4.475,0.0746,74.2393,36.988,2745.96,167.84
4.477,0.0746,74.1989,36.9782,2743.74,167.95
4.479,0.0747,74.1583,37.0053,2744.25,168.061
4.481,0.0747,74.118,37.0044,2742.69,168.171
4.483,0.0747,74.0775,37.0311,2743.17,168.282
4.485,0.0747,74.0372,36.9634,2736.66,168.392
4.486,0.0748,73.9967,36.9887,2737.05,168.502
4.488,0.0748,73.9565,36.9942,2735.96,168.613
4.490,0.0748,73.9161,37.017,2736.15,168.723
4.492,0.0749,73.876,37.0108,2734.21,168.834
4.494,0.0749,73.8357,36.8644,2721.9,168.944
4.496,0.0749,73.7955,36.8931,2722.54,169.055
4.497,0.0750,73.7553,36.9069,2722.08,169.165
4.499,0.0750,73.7151,36.921,2721.63,169.276
4.501,0.0750,73.675,36.9375,2721.37,169.387
4.503,0.0750,73.6349,36.9512,2720.9,169.497
4.505,0.0751,73.5948,36.9313,2717.95,169.608
4.507,0.0751,73.5547,36.9451,2717.48,169.719
4.508,0.0751,73.5146,36.9321,2715.05,169.83
4.510,0.0752,73.4746,36.9428,2714.36,169.94
4.512,0.0752,73.4346,36.885,2708.64,170.051
4.514,0.0752,73.3946,36.8974,2708.07,170.162
4.516,0.0753,73.3547,36.8415,2702.49,170.273
4.518,0.0753,73.3148,36.8528,2701.85,170.383
4.519,0.0753,73.2748,36.8213,2698.07,170.494
4.521,0.0754,73.235,36.8319,2697.38,170.605
4.523,0.0754,73.1951,36.8454,2696.9,170.716
4.525,0.0754,76.4094,36.7238,2806.05,170.826
4.527,0.0754,76.3684,36.7386,2805.67,170.937
4.529,0.0755,76.3275,36.7492,2804.98,171.048
4.530,0.0755,76.2865,36.7627,2804.5,171.159
4.532,0.0755,76.2458,36.7761,2804.02,171.269
4.534,0.0756,76.2048,36.7317,2799.13,171.38
4.536,0.0756,76.1641,36.7484,2798.91,171.491
4.538,0.0756,76.1232,36.7567,2798.04,171.602
4.540,0.0757,76.0827,36.7787,2798.22,171.713
4.541,0.0757,76.0418,36.7824,2797,171.823
4.543,0.0757,76.0013,36.7585,2793.7,171.934
4.545,0.0758,75.9606,36.733,2790.26,172.045
4.547,0.0758,75.9202,36.7709,2791.66,172.156
4.549,0.0758,75.8795,36.76,2789.33,172.267
4.551,0.0758,75.8392,36.6968,2783.05,172.378
4.552,0.0759,75.7986,36.4535,2763.13,172.489
4.554,0.0759,75.7583,36.498,2765.03,172.6
4.556,0.0759,75.7178,36.5921,2770.67,172.711
4.558,0.0760,75.6775,36.6698,2775.08,172.822
4.560,0.0760,75.637,36.5383,2763.64,172.933
4.562,0.0760,75.5967,36.5753,2764.97,173.044
4.563,0.0761,75.5562,36.4768,2756.05,173.155
4.565,0.0761,75.516,36.462,2753.47,173.266
4.567,0.0761,75.4755,36.3271,2741.81,173.378
4.569,0.0761,75.4353,36.4009,2745.91,173.489
4.571,0.0762,75.3948,36.3102,2737.6,173.6
4.573,0.0762,75.3542,36.3263,2737.34,173.711
4.574,0.0762,75.3136,36.3422,2737.07,173.823
4.576,0.0763,75.2731,36.3589,2736.85,173.934
4.578,0.0763,75.2324,36.3743,2736.53,174.046
4.580,0.0763,75.1919,36.3912,2736.33,174.157
4.582,0.0764,75.1511,36.4057,2735.93,174.268
4.584,0.0764,75.1106,36.423,2735.76,174.38
4.585,0.0764,75.0698,36.4362,2735.26,174.491
4.587,0.0765,75.0293,36.4542,2735.13,174.602
4.589,0.0765,74.9885,36.4657,2734.51,174.714
4.591,0.0765,74.9481,36.4847,2734.46,174.825
4.593,0.0765,74.9073,36.4944,2733.7,174.936
4.595,0.0766,74.8669,36.3409,2720.73,175.047
4.596,0.0766,74.8262,36.34,2719.19,175.159
4.598,0.0766,74.786,36.3704,2720,175.27
4.600,0.0767,74.7454,36.3676,2718.31,175.381
4.602,0.0767,74.7053,36.3296,2714.01,175.492
4.604,0.0767,74.6649,36.2145,2703.95,175.604
4.606,0.0768,74.6249,36.2555,2705.56,175.715
4.607,0.0768,74.5847,36.2414,2703.05,175.826
4.609,0.0768,74.5448,36.285,2704.86,175.937
4.611,0.0769,74.5048,36.2689,2702.21,176.049
4.613,0.0769,74.4651,36.3152,2704.21,176.16
4.615,0.0769,74.4253,36.2974,2701.45,176.271
4.617,0.0769,74.3858,36.2784,2698.6,176.383
4.618,0.0770,74.3461,36.24,2694.3,176.494
4.620,0.0770,74.3067,36.2909,2696.66,176.605
4.622,0.0770,74.2672,36.2517,2692.31,176.717
4.624,0.0771,74.228,36.232,2689.43,176.828
4.626,0.0771,74.1885,36.1535,2682.17,176.94
4.627,0.0771,74.1494,36.2006,2684.26,177.052
4.629,0.0772,74.11,36.163,2680.04,177.163
4.631,0.0772,74.071,36.1513,2677.76,177.275
4.633,0.0772,74.0316,36.1284,2674.64,177.387
4.635,0.0772,73.9926,36.189,2677.72,177.498
4.637,0.0773,73.9533,36.1586,2674.05,177.61
4.638,0.0773,73.9144,36.2256,2677.59,177.722
4.640,0.0773,73.8749,36.188,2673.39,177.834
4.642,0.0774,73.836,36.2605,2677.33,177.946
4.644,0.0774,73.7966,36.2746,2676.94,178.058
4.646,0.0774,73.7571,36.2878,2676.48,178.17
4.648,0.0775,73.7177,36.3008,2676.01,178.282
4.649,0.0775,73.6782,36.1952,2666.8,178.394
4.651,0.0775,73.6388,36.207,2666.24,178.506
4.653,0.0776,73.5993,36.2036,2664.56,178.618
4.655,0.0776,73.5599,36.109,2656.18,178.73
4.657,0.0776,73.5205,36.1204,2655.59,178.842
4.659,0.0776,73.4811,36.1315,2654.98,178.954
4.660,0.0777,73.4418,36.0519,2647.72,179.066
4.662,0.0777,73.4024,36.0398,2645.41,179.178
4.664,0.0777,73.3631,35.9971,2640.86,179.289
4.666,0.0778,73.3238,35.8707,2630.17,179.401
4.668,0.0778,73.2846,35.8836,2629.72,179.513
4.670,0.0778,73.2454,35.8942,2629.08,179.625
4.671,0.0779,73.2062,35.883,2626.86,179.737
4.673,0.0779,73.167,35.8263,2621.31,179.848
4.675,0.0779,76.4419,35.7245,2730.85,179.96
4.677,0.0779,76.4016,35.7399,2730.59,180.072
4.679,0.0780,76.3613,35.7563,2730.4,180.184
4.681,0.0780,76.321,35.7732,2730.25,180.296
4.682,0.0780,76.2807,35.7912,2730.18,180.407
4.684,0.0781,76.2404,35.7367,2724.58,180.519
4.686,0.0781,76.2001,35.754,2724.46,180.631
4.688,0.0781,76.1597,35.8399,2729.55,180.743
4.690,0.0782,76.1195,35.8541,2729.2,180.855
4.692,0.0782,76.079,35.8073,2724.19,180.967
4.693,0.0782,76.0389,35.7464,2718.12,181.079
4.695,0.0783,75.9984,35.7736,2718.73,181.191
4.697,0.0783,75.9583,35.6927,2711.16,181.302
4.699,0.0783,75.9178,35.7253,2712.19,181.415
4.701,0.0783,75.8778,35.733,2711.34,181.527
4.703,0.0784,75.8374,35.8034,2715.24,181.639
4.704,0.0784,75.7973,35.7828,2712.24,181.751
4.706,0.0784,75.7571,35.7959,2711.79,181.863
4.708,0.0785,75.7171,35.801,2710.75,181.975
4.710,0.0785,75.6769,35.8359,2711.95,182.087
4.712,0.0785,75.637,35.7791,2706.23,182.2
4.714,0.0786,75.597,35.8172,2707.67,182.312
4.715,0.0786,75.5572,35.815,2706.08,182.424
4.717,0.0786,75.5173,35.8828,2709.77,182.536
4.719,0.0787,75.4775,35.8932,2709.13,182.649
4.721,0.0787,75.4377,35.9107,2709.02,182.761
4.723,0.0787,75.398,35.9277,2708.88,182.874
4.725,0.0787,75.3583,35.9448,2708.74,182.986
4.726,0.0788,75.3186,35.9615,2708.57,183.098
4.728,0.0788,75.279,35.8894,2701.72,183.211
4.730,0.0788,75.2394,35.9058,2701.53,183.323
4.732,0.0789,75.1999,35.8799,2698.16,183.435
4.734,0.0789,75.1604,35.8101,2691.5,183.547
4.736,0.0789,75.1209,35.7998,2689.32,183.659
4.737,0.0790,75.0815,35.8178,2689.26,183.772
4.739,0.0790,75.0421,35.7729,2684.47,183.884
4.741,0.0790,75.0027,35.7913,2684.45,183.996
4.743,0.0790,74.9633,35.7918,2683.07,184.108
4.745,0.0791,74.9241,35.8115,2683.15,184.22
4.747,0.0791,74.8846,35.8252,2682.75,184.332
4.748,0.0791,74.8456,35.8458,2682.9,184.445
4.750,0.0792,74.8062,35.8468,2681.56,184.557
4.752,0.0792,74.7672,35.8664,2681.63,184.669
4.754,0.0792,74.728,35.8963,2682.46,184.781
4.756,0.0793,74.6892,36.007,2689.33,184.893
4.757,0.0793,74.65,35.9543,2683.99,185.006
4.759,0.0793,74.6113,35.9933,2685.51,185.118
4.761,0.0794,74.5723,35.9206,2678.68,185.23
4.763,0.0794,74.5337,35.9598,2680.22,185.343
4.765,0.0794,74.4948,35.9315,2676.71,185.455
4.767,0.0794,74.4563,35.934,2675.51,185.567
4.768,0.0795,74.4176,35.9175,2672.9,185.68
4.770,0.0795,74.3791,35.9663,2675.14,185.792
4.772,0.0795,74.3406,35.9463,2672.27,185.905
4.774,0.0796,74.3022,35.8961,2667.16,186.018
4.776,0.0796,74.2637,35.8953,2665.72,186.13
4.778,0.0796,74.2253,35.9281,2666.77,186.243
4.779,0.0797,74.187,35.8295,2658.08,186.356
4.781,0.0797,74.1485,35.7574,2651.36,186.468
4.783,0.0797,74.1103,35.6987,2645.64,186.581
4.785,0.0797,74.0718,35.731,2646.66,186.693
4.787,0.0798,74.0336,35.7288,2645.13,186.806
4.789,0.0798,73.9951,35.7767,2647.3,186.919
4.790,0.0798,73.9569,35.723,2641.96,187.032
4.792,0.0799,73.9186,35.7393,2641.8,187.144
4.794,0.0799,73.8802,35.7543,2641.53,187.257
4.796,0.0799,73.8419,35.7066,2636.65,187.37
4.798,0.0800,73.8034,35.7217,2636.39,187.483
4.800,0.0800,73.7651,35.6856,2632.35,187.595
4.801,0.0800,73.7265,35.7004,2632.07,187.708
4.803,0.0801,73.6881,35.7201,2632.14,187.821
4.805,0.0801,73.6494,35.7175,2630.57,187.933
4.807,0.0801,73.611,35.7349,2630.48,188.046
4.809,0.0801,73.5723,35.7327,2628.94,188.159
4.811,0.0802,73.5339,35.7518,2628.97,188.271
4.812,0.0802,73.4953,35.7363,2626.45,188.384
4.814,0.0802,73.4569,35.6682,2620.08,188.496
4.816,0.0803,73.4184,35.6652,2618.48,188.609
4.818,0.0803,73.3801,35.7053,2620.06,188.721
4.820,0.0803,73.3417,35.6832,2617.06,188.834
4.822,0.0804,73.3035,35.6793,2615.42,188.947
4.823,0.0804,73.2653,35.6705,2613.41,189.059
4.825,0.0804,73.2272,35.7176,2615.5,189.172
4.827,0.0805,73.1893,35.707,2613.37,189.285
4.829,0.0805,73.1514,35.7563,2615.62,189.397
4.831,0.0805,73.1137,35.7439,2613.37,189.51
4.833,0.0805,73.0759,35.72,2610.27,189.623
4.834,0.0806,73.0385,35.6694,2605.24,189.736
4.836,0.0806,73.0009,35.7152,2607.24,189.849
4.838,0.0806,72.9637,35.7081,2605.39,189.962
4.840,0.0807,76.2426,35.6409,2717.35,190.074
4.842,0.0807,76.2044,35.6368,2715.68,190.187
4.843,0.0807,76.1661,35.6814,2717.71,190.3
4.845,0.0808,76.128,35.6764,2715.97,190.413
4.847,0.0808,76.0898,35.6392,2711.78,190.526
4.849,0.0808,76.0518,35.6276,2709.54,190.64
4.851,0.0808,76.0137,35.6617,2710.78,190.753
4.853,0.0809,75.9758,35.6358,2707.46,190.866
4.854,0.0809,75.9378,35.6596,2707.91,190.979
4.856,0.0809,75.8999,35.6723,2707.52,191.092
4.858,0.0810,75.8619,35.5713,2698.51,191.205
4.860,0.0810,75.824,35.5415,2694.9,191.319
4.862,0.0810,75.7861,35.5981,2697.84,191.432
4.864,0.0811,75.7482,35.6159,2697.84,191.545
4.865,0.0811,75.7103,35.6331,2697.79,191.658
4.867,0.0811,75.6724,35.5782,2692.29,191.771
4.869,0.0812,75.6345,35.5945,2692.17,191.885
4.871,0.0812,75.5966,35.5442,2687.02,191.998
4.873,0.0812,75.5587,35.5153,2683.49,192.111
4.875,0.0812,75.5209,35.5305,2683.29,192.224
4.876,0.0813,75.483,35.5039,2679.94,192.338
4.878,0.0813,75.4452,35.5191,2679.74,192.451
4.880,0.0813,75.4073,35.5301,2679.23,192.564
4.882,0.0814,75.3695,35.527,2677.65,192.677
4.884,0.0814,75.3317,35.4702,2672.04,192.79
4.886,0.0814,75.294,35.435,2668.04,192.904
4.887,0.0815,75.2562,35.4261,2666.03,193.017
4.889,0.0815,75.2185,35.4418,2665.88,193.13
4.891,0.0815,75.1808,35.2494,2650.08,193.243
4.893,0.0815,75.1432,35.2856,2651.47,193.356
4.895,0.0816,75.1056,35.2347,2646.32,193.469
4.897,0.0816,75.068,35.249,2646.07,193.583
4.898,0.0816,75.0304,35.2639,2645.86,193.696
4.900,0.0817,74.9928,35.2789,2645.66,193.809
4.902,0.0817,74.9553,35.2729,2643.89,193.923
4.904,0.0817,74.9177,35.2747,2642.7,194.036
4.906,0.0818,74.8802,35.2961,2642.98,194.149
4.907,0.0818,74.8426,35.2805,2640.49,194.263
4.909,0.0818,74.8052,35.3085,2641.26,194.376
4.911,0.0819,74.7676,35.2928,2638.76,194.489
4.913,0.0819,74.7302,35.2698,2635.72,194.603
4.915,0.0819,74.6926,35.2706,2634.45,194.716
4.917,0.0819,74.6553,35.3042,2635.64,194.83
4.918,0.0820,74.6178,35.3021,2634.16,194.943
4.920,0.0820,74.5805,35.3381,2635.54,195.057
4.922,0.0820,74.543,35.3334,2633.86,195.17
4.924,0.0821,74.5058,35.369,2635.2,195.284
4.926,0.0821,74.4684,35.3365,2631.45,195.397
4.928,0.0821,74.4313,35.321,2628.98,195.511
4.929,0.0822,74.394,35.3347,2628.69,195.625
4.931,0.0822,74.3569,35.322,2626.43,195.738
4.933,0.0822,74.3198,35.3133,2624.48,195.852
4.935,0.0822,74.2828,35.3536,2626.16,195.965
4.937,0.0823,74.2459,35.3678,2625.92,196.079
4.939,0.0823,74.2089,35.3824,2625.69,196.192
4.940,0.0823,74.1721,35.3971,2625.47,196.306
4.942,0.0824,74.1352,35.412,2625.28,196.42
4.944,0.0824,74.0984,35.4272,2625.1,196.533
4.946,0.0824,74.0617,35.2765,2612.63,196.647
4.948,0.0825,74.0249,35.1657,2603.13,196.761
4.950,0.0825,73.9882,35.1811,2602.99,196.874
4.951,0.0825,73.9515,35.197,2602.87,196.988
4.953,0.0826,73.9149,35.2132,2602.78,197.101
4.955,0.0826,73.8783,35.2229,2602.2,197.215
4.957,0.0826,73.8417,35.1727,2597.21,197.329
4.959,0.0826,73.8051,35.1878,2597.04,197.442
4.960,0.0827,73.7686,35.2072,2597.19,197.556
4.962,0.0827,73.7321,35.2165,2596.59,197.67
4.964,0.0827,73.6956,35.2385,2596.92,197.783
4.966,0.0828,73.6591,35.2476,2596.31,197.897
4.968,0.0828,73.6228,35.2713,2596.77,198.011
4.970,0.0828,73.5863,35.2776,2595.95,198.125
4.971,0.0829,73.5501,35.303,2596.54,198.238
4.973,0.0829,73.5137,35.3061,2595.48,198.352
4.975,0.0829,73.4775,35.3107,2594.54,198.466
4.977,0.0829,73.4413,35.2333,2587.58,198.58
4.979,0.0830,73.4052,35.267,2588.78,198.694
4.981,0.0830,73.3691,35.2575,2586.81,198.808
4.982,0.0830,73.3331,35.2945,2588.25,198.922
4.984,0.0831,73.2971,35.28,2585.92,199.036
4.986,0.0831,73.2612,35.3334,2588.56,199.149
4.988,0.0831,73.2253,35.359,2589.17,199.263
4.990,0.0832,73.1894,35.359,2587.91,199.377
4.992,0.0832,73.1537,35.3823,2588.35,199.491
4.993,0.0832,73.1179,35.351,2584.79,199.605
4.995,0.0833,73.0823,35.2594,2576.84,199.719
4.997,0.0833,73.0465,35.1595,2568.28,199.833
4.999,0.0833,73.011,35.1647,2567.41,199.947
5.001,0.0833,72.9753,35.1182,2562.76,200.061
5.003,0.0834,72.9399,35.113,2561.14,200.175
5.004,0.0834,72.9041,35.1486,2562.48,200.289
5.006,0.0834,72.8688,35.0858,2556.66,200.403
5.008,0.0835,73.1926,35.0397,2564.65,200.517
5.010,0.0835,73.156,35.0532,2564.35,200.632
5.012,0.0835,73.1195,35.0694,2564.25,200.746
5.013,0.0836,73.0829,35.0814,2563.85,200.86
5.015,0.0836,73.0464,35.0999,2563.92,200.974
5.017,0.0836,73.0099,35.0515,2559.1,201.088
5.019,0.0836,72.9734,35.0641,2558.74,201.203
5.021,0.0837,75.6802,34.8588,2638.13,201.317
5.023,0.0837,75.6431,34.8307,2634.7,201.431
5.024,0.0837,75.606,34.8682,2636.25,201.545
5.026,0.0838,75.5688,34.8562,2634.04,201.66
5.028,0.0838,75.5318,34.8998,2636.04,201.774
5.030,0.0838,75.4946,34.8806,2633.3,201.888
5.032,0.0839,75.4576,34.9303,2635.76,202.003
5.034,0.0839,75.4204,34.8108,2625.45,202.117
5.035,0.0839,75.3834,34.8659,2628.31,202.231
5.037,0.0840,75.3463,34.8329,2624.53,202.346
5.039,0.0840,75.3093,34.938,2631.16,202.46
5.041,0.0840,75.2722,34.9117,2627.88,202.575
5.043,0.0840,75.2354,34.9634,2630.48,202.689
5.045,0.0841,75.1984,34.9156,2625.6,202.804
5.046,0.0841,75.1616,34.9371,2625.93,202.918
5.048,0.0841,75.1246,34.9087,2622.5,203.033
5.050,0.0842,75.088,34.9581,2624.93,203.147
5.052,0.0842,75.0511,34.8952,2618.92,203.262
5.054,0.0842,75.0145,34.9412,2621.1,203.376
5.055,0.0843,74.9777,34.8363,2611.95,203.491
5.057,0.0843,74.9413,34.9295,2617.66,203.605
5.059,0.0843,74.9046,34.8777,2612.5,203.72
5.061,0.0843,74.8683,34.9533,2616.89,203.834
5.063,0.0844,74.8317,34.9016,2611.74,203.949
5.065,0.0844,74.7955,34.9768,2616.11,204.063
5.066,0.0844,74.759,34.9231,2610.82,204.178
5.068,0.0845,74.7229,34.896,2607.53,204.292
5.070,0.0845,74.6865,34.8509,2602.89,204.407
5.072,0.0845,74.6505,34.8964,2605.03,204.522
5.074,0.0846,74.6142,34.8401,2599.56,204.636
5.076,0.0846,74.5783,34.8523,2599.23,204.751
5.077,0.0846,74.5421,34.7433,2589.84,204.865
5.079,0.0847,74.5063,34.8254,2594.71,204.98
5.081,0.0847,74.4701,34.7239,2585.89,205.095
5.083,0.0847,74.4343,34.7371,2585.63,205.209
5.085,0.0847,74.3986,34.7498,2585.33,205.324
5.087,0.0848,74.3628,34.7621,2585,205.439
5.088,0.0848,74.3271,34.7738,2584.63,205.554
5.090,0.0848,74.2914,34.6978,2577.75,205.669
5.092,0.0849,74.2557,34.6494,2572.92,205.784
5.094,0.0849,74.22,34.6586,2572.36,205.898
5.096,0.0849,74.1844,34.6674,2571.78,206.013
5.097,0.0850,74.1487,34.6752,2571.12,206.128
5.099,0.0850,74.113,34.6829,2570.45,206.243
5.101,0.0850,74.0773,34.6896,2569.71,206.358
5.103,0.0850,74.0416,34.6963,2568.97,206.473
5.105,0.0851,74.0059,34.6781,2566.39,206.589
5.107,0.0851,73.9702,34.6824,2565.47,206.704
5.108,0.0851,73.9345,34.5943,2557.71,206.819
5.110,0.0852,73.8988,34.5983,2556.77,206.934
5.112,0.0852,73.8631,34.602,2555.81,207.049
5.114,0.0852,73.8274,34.5294,2549.22,207.164
5.116,0.0853,73.7917,34.4595,2542.82,207.279
5.118,0.0853,73.756,34.4637,2541.9,207.395
5.119,0.0853,73.7203,34.4683,2541.01,207.51
5.121,0.0854,73.6845,34.4764,2540.38,207.625
5.123,0.0854,73.6488,34.4788,2539.32,207.74
5.125,0.0854,73.6131,34.4908,2538.97,207.855
5.127,0.0854,73.5774,34.4585,2535.37,207.97
5.128,0.0855,73.5417,34.4735,2535.24,208.086
5.130,0.0855,73.506,34.4297,2530.79,208.201
5.132,0.0855,73.4702,34.4472,2530.84,208.316
5.134,0.0856,73.4345,34.4463,2529.55,208.431
5.136,0.0856,73.3988,34.4199,2526.38,208.546
5.138,0.0856,73.3632,34.4201,2525.17,208.661
5.139,0.0857,73.3275,34.4539,2526.42,208.777
5.141,0.0857,73.2918,34.4124,2522.15,208.892
5.143,0.0857,73.2562,34.312,2513.56,209.007
5.145,0.0857,73.2206,34.2562,2508.26,209.122
5.147,0.0858,73.1849,34.285,2509.15,209.237
5.149,0.0858,73.1493,34.264,2506.39,209.353
5.150,0.0858,73.1137,34.2649,2505.23,209.468
5.152,0.0859,73.0782,34.2889,2505.77,209.583
5.154,0.0859,73.0426,34.2885,2504.52,209.699
5.156,0.0859,73.0071,34.3007,2504.19,209.814
5.158,0.0860,72.9717,34.3127,2503.86,209.93
5.160,0.0860,72.9363,34.3246,2503.51,210.045
5.161,0.0860,72.9009,34.3363,2503.15,210.161
5.163,0.0861,72.8655,34.3476,2502.76,210.276
5.165,0.0861,72.8302,34.359,2502.37,210.392
5.167,0.0861,72.7949,34.3697,2501.94,210.507
5.169,0.0861,72.7596,34.3806,2501.52,210.623
5.170,0.0862,72.7244,34.3909,2501.06,210.738
5.172,0.0862,72.6892,34.4015,2500.62,210.854
5.174,0.0862,72.6541,34.4035,2499.56,210.97
5.176,0.0863,72.619,34.4138,2499.1,211.085
5.178,0.0863,72.584,34.3639,2494.27,211.201
5.180,0.0863,72.549,34.2204,2482.66,211.317
5.181,0.0864,72.514,34.1075,2473.27,211.433
5.183,0.0864,72.4791,34.1187,2472.89,211.548
5.185,0.0864,72.4443,34.1256,2472.2,211.664
5.187,0.0864,72.4095,34.1055,2469.56,211.78
5.189,0.0865,72.3747,34.1023,2468.15,211.896
5.191,0.0865,72.34,33.9707,2457.44,212.012
5.192,0.0865,72.3054,33.9698,2456.2,212.127
5.194,0.0866,72.2708,33.9579,2454.17,212.243
5.196,0.0866,72.2362,33.9551,2452.79,212.359
5.198,0.0866,72.2017,33.9506,2451.29,212.475
5.200,0.0867,72.1672,33.9358,2449.05,212.591
5.201,0.0867,72.1327,33.9716,2450.46,212.707
5.203,0.0867,72.0983,33.9167,2445.34,212.823
5.205,0.0868,72.0639,33.9292,2445.07,212.939
5.207,0.0868,72.0296,33.8202,2436.05,213.054
5.209,0.0868,71.9952,33.8594,2437.72,213.171
5.211,0.0868,71.9609,33.8298,2434.42,213.286
5.212,0.0869,72.372,33.8198,2447.61,213.403
5.214,0.0869,72.3374,33.7878,2444.12,213.519
5.216,0.0869,74.8556,33.7657,2527.55,213.635
5.218,0.0870,74.8206,33.7323,2523.87,213.751
5.220,0.0870,74.7856,33.7864,2526.74,213.867
5.222,0.0870,74.7506,33.7504,2522.86,213.983
5.223,0.0871,74.7157,33.8066,2525.88,214.099
5.225,0.0871,74.6806,33.7678,2521.8,214.216
5.227,0.0871,74.6457,33.8265,2525,214.332
5.229,0.0871,74.6107,33.8351,2524.46,214.448
5.231,0.0872,74.5756,33.8453,2524.03,214.564
5.232,0.0872,74.5407,33.8396,2522.43,214.681
5.234,0.0872,74.5057,33.794,2517.84,214.797
5.236,0.0873,74.4707,33.756,2513.83,214.913
5.238,0.0873,74.4357,33.7414,2511.56,215.03
5.240,0.0873,74.4008,33.7502,2511.05,215.146
5.242,0.0874,74.3658,33.6321,2501.08,215.263
5.243,0.0874,74.331,33.6383,2500.36,215.379
5.245,0.0874,74.2961,33.6305,2498.61,215.495
5.247,0.0875,74.2612,33.6034,2495.43,215.612
5.249,0.0875,74.2264,33.6144,2495.08,215.728
5.251,0.0875,74.1916,33.6239,2494.61,215.844
5.253,0.0875,74.1568,33.6434,2494.88,215.961
5.254,0.0876,74.1221,33.655,2494.58,216.077
5.256,0.0876,74.0874,33.674,2494.82,216.194
5.258,0.0876,74.0527,33.6836,2494.36,216.31
5.260,0.0877,74.018,33.706,2494.85,216.427
5.262,0.0877,73.9834,33.6191,2487.26,216.543
5.263,0.0877,73.9488,33.5895,2483.9,216.66
5.265,0.0878,73.9142,33.5848,2482.39,216.776
5.267,0.0878,73.8796,33.6214,2483.94,216.893
5.269,0.0878,73.8451,33.6125,2482.11,217.009
5.271,0.0878,73.8106,33.573,2478.04,217.126
5.273,0.0879,73.776,33.5625,2476.11,217.243
5.274,0.0879,73.7416,33.5993,2477.67,217.359
5.276,0.0879,73.7071,33.585,2475.45,217.476
5.278,0.0880,73.6727,33.6248,2477.23,217.593
5.280,0.0880,73.6383,33.6105,2475.02,217.71
5.282,0.0880,73.6039,33.6121,2473.99,217.827
5.284,0.0881,73.5695,33.5939,2471.48,217.943
5.285,0.0881,73.5353,33.6316,2473.11,218.06
5.287,0.0881,73.501,33.6075,2470.19,218.177
5.289,0.0881,73.4668,33.65,2472.15,218.294
5.291,0.0882,73.4325,33.5637,2464.66,218.411
5.293,0.0882,73.3984,33.6086,2466.82,218.528
5.294,0.0882,73.3643,33.5761,2463.29,218.645
5.296,0.0883,73.3302,33.6279,2465.94,218.762
5.298,0.0883,73.2962,33.5893,2461.97,218.879
5.300,0.0883,73.2623,33.6488,2465.19,218.996
5.302,0.0884,73.2283,33.6562,2464.59,219.114
5.304,0.0884,73.1944,33.6093,2460.01,219.231
5.305,0.0884,73.1606,33.5911,2457.54,219.348
5.307,0.0885,73.1268,33.6001,2457.07,219.465
5.309,0.0885,73.093,33.5938,2455.47,219.582
5.311,0.0885,73.0593,33.5194,2448.9,219.7
5.313,0.0885,73.0255,33.4665,2443.91,219.817
5.314,0.0886,72.9919,33.4179,2439.24,219.934
5.316,0.0886,72.9582,33.4299,2438.98,220.051
5.318,0.0886,72.9245,33.4412,2438.68,220.169
5.320,0.0887,72.8909,33.4534,2438.45,220.286
5.322,0.0887,72.8572,33.4646,2438.14,220.403
5.324,0.0887,72.8236,33.4032,2432.54,220.52
5.325,0.0888,72.7899,33.4138,2432.19,220.638
5.327,0.0888,72.7563,33.4216,2431.63,220.755
5.329,0.0888,72.7226,33.4311,2431.2,220.872
5.331,0.0888,72.689,33.4678,2432.74,220.99
5.333,0.0889,72.6553,33.4758,2432.2,221.107
5.335,0.0889,72.6216,33.4837,2431.64,221.225
5.336,0.0889,72.588,33.4914,2431.07,221.342
5.338,0.0890,72.5543,33.4674,2428.21,221.459
5.340,0.0890,72.5207,33.472,2427.41,221.577
5.342,0.0890,72.487,33.4822,2427.03,221.694
5.344,0.0891,72.4534,33.4839,2426.02,221.812
5.345,0.0891,72.4198,33.4258,2420.69,221.929
5.347,0.0891,72.3862,33.4265,2419.62,222.047
5.349,0.0892,72.3526,33.3564,2413.42,222.164
5.351,0.0892,72.319,33.3595,2412.53,222.282
5.353,0.0892,72.2855,33.3547,2411.06,222.399
5.355,0.0892,72.252,33.3087,2406.62,222.517
5.356,0.0893,72.2185,33.3188,2406.23,222.635
5.358,0.0893,72.185,33.3273,2405.74,222.752
5.360,0.0893,72.1516,33.305,2403.01,222.87
5.362,0.0894,72.1182,33.3166,2402.73,222.988
5.364,0.0894,72.0848,33.3168,2401.64,223.105
5.365,0.0894,72.0515,33.3288,2401.39,223.223
5.367,0.0895,72.0182,33.3373,2400.9,223.341
5.369,0.0895,71.985,33.3459,2400.41,223.459
5.371,0.0895,71.9517,33.2942,2395.57,223.577
5.373,0.0895,71.9186,33.3121,2395.76,223.694
5.375,0.0896,71.8854,33.3126,2394.69,223.812
5.376,0.0896,71.8522,33.3218,2394.24,223.93
5.378,0.0896,71.819,33.3309,2393.79,224.048
5.380,0.0897,71.7859,33.3397,2393.32,224.166
5.382,0.0897,71.7528,33.2818,2388.06,224.284
5.384,0.0897,71.7197,33.2436,2384.22,224.402
5.386,0.0898,71.6866,33.2433,2383.1,224.52
5.387,0.0898,71.6536,33.2063,2379.35,224.637
5.389,0.0898,71.6206,33.2153,2378.9,224.755
5.391,0.0898,71.5876,33.2245,2378.46,224.873
5.393,0.0899,71.5546,33.234,2378.04,224.992
5.395,0.0899,71.5217,33.2418,2377.51,225.11
5.396,0.0899,71.4887,33.1691,2371.22,225.228
5.398,0.0900,71.4558,33.1782,2370.78,225.346
5.400,0.0900,71.4229,33.1874,2370.34,225.464
5.402,0.0900,73.9604,33.1343,2450.63,225.582
5.404,0.0901,73.9269,33.148,2450.53,225.7
5.406,0.0901,73.8935,33.1563,2450.04,225.818
5.407,0.0901,73.86,33.1716,2450.05,225.937
5.409,0.0902,73.8266,33.078,2442.03,226.055
5.411,0.0902,73.7931,33.0412,2438.22,226.173
5.413,0.0902,73.7597,33.0765,2439.71,226.291
5.415,0.0902,73.7262,33.0628,2437.6,226.41
5.416,0.0903,73.6928,33.069,2436.95,226.528
5.418,0.0903,73.6593,33.0534,2434.69,226.646
5.420,0.0903,73.626,33.0925,2436.47,226.765
5.422,0.0904,73.5926,33.0893,2435.13,226.883
5.424,0.0904,73.5593,33.0983,2434.69,227.002
5.426,0.0904,73.5259,33.0825,2432.42,227.12
5.427,0.0905,73.4927,33.1189,2434,227.239
5.429,0.0905,73.4593,33.0627,2428.76,227.357
5.431,0.0905,73.4261,33.107,2430.92,227.476
5.433,0.0905,73.3928,33.0794,2427.79,227.594
5.435,0.0906,73.3598,33.1234,2429.92,227.713
5.436,0.0906,73.3265,32.9087,2413.08,227.831
5.438,0.0906,73.2935,32.9533,2415.26,227.95
5.440,0.0907,73.2604,32.817,2404.19,228.068
5.442,0.0907,73.2275,32.9024,2409.36,228.187
5.444,0.0907,73.1944,32.8293,2402.92,228.306
5.446,0.0908,73.1616,32.9189,2408.4,228.424
5.447,0.0908,73.1286,32.9253,2407.78,228.543
5.449,0.0908,73.0957,32.9377,2407.6,228.661
5.451,0.0909,73.0628,32.9392,2406.63,228.78
5.453,0.0909,73.0299,32.9577,2406.9,228.899
5.455,0.0909,72.9971,32.9547,2405.59,229.017
5.456,0.0909,72.9643,32.8909,2399.86,229.136
5.458,0.0910,72.9315,32.8026,2392.34,229.255
5.460,0.0910,72.8989,32.831,2393.34,229.373
5.462,0.0910,72.8662,32.8232,2391.7,229.492
5.464,0.0911,72.8336,32.8563,2393.04,229.611
5.466,0.0911,72.801,32.8291,2389.99,229.73
5.467,0.0911,72.7685,32.8881,2393.22,229.848
5.469,0.0912,72.7359,32.8821,2391.71,229.967
5.471,0.0912,72.7035,32.8818,2390.62,230.086
5.473,0.0912,72.671,32.8702,2388.71,230.205
5.475,0.0912,72.6387,32.9083,2390.42,230.324
5.476,0.0913,72.6063,32.8938,2388.29,230.442
5.478,0.0913,72.574,32.8975,2387.5,230.561
5.480,0.0913,72.5417,32.8313,2381.64,230.68
5.482,0.0914,72.5095,32.8681,2383.25,230.799
5.484,0.0914,72.4772,32.7694,2375.04,230.918
5.486,0.0914,72.4451,32.8046,2376.53,231.037
5.487,0.0915,72.4129,32.7905,2374.45,231.156
5.489,0.0915,72.3808,32.8274,2376.08,231.275
5.491,0.0915,72.3487,32.8163,2374.21,231.395
5.493,0.0915,72.3166,32.7464,2368.11,231.514
5.495,0.0916,72.2845,32.7544,2367.64,231.633
5.496,0.0916,72.2526,32.704,2362.95,231.752
5.498,0.0916,72.2205,32.7148,2362.68,231.871
5.500,0.0917,72.1886,32.7244,2362.33,231.99
5.502,0.0917,72.1565,32.7356,2362.09,232.11
5.504,0.0917,72.1247,32.6814,2357.13,232.229
5.506,0.0918,72.0927,32.6958,2357.13,232.348
5.507,0.0918,72.0608,32.7071,2356.9,232.467
5.509,0.0918,72.0288,32.7185,2356.68,232.587
5.511,0.0919,71.997,32.7332,2356.69,232.706
5.513,0.0919,71.9651,32.7421,2356.29,232.825
5.515,0.0919,71.9333,32.7596,2356.5,232.945
5.516,0.0919,71.9013,32.7293,2353.28,233.064
5.518,0.0920,71.8696,32.7508,2353.79,233.183
5.520,0.0920,71.8377,32.7543,2352.99,233.303
5.522,0.0920,71.8058,32.7241,2349.78,233.422
5.524,0.0921,71.7739,32.6762,2345.3,233.542
5.526,0.0921,71.742,32.6881,2345.11,233.661
5.527,0.0921,71.7102,32.6998,2344.91,233.781
5.529,0.0922,71.6784,32.7113,2344.69,233.9
5.531,0.0922,71.6466,32.7225,2344.46,234.02
5.533,0.0922,71.6149,32.7337,2344.22,234.139
5.535,0.0922,71.5832,32.6808,2339.4,234.259
5.536,0.0923,71.5515,32.6918,2339.15,234.378
5.538,0.0923,71.5199,32.6669,2336.33,234.498
5.540,0.0923,71.4883,32.6849,2336.59,234.618
5.542,0.0924,71.4568,32.6954,2336.31,234.737
5.544,0.0924,71.4253,32.5786,2326.94,234.857
5.546,0.0924,71.3938,32.5714,2325.4,234.977
5.547,0.0925,71.3624,32.583,2325.2,235.096
5.549,0.0925,71.331,32.5405,2321.15,235.216
5.551,0.0925,71.2997,32.4756,2315.5,235.336
5.553,0.0925,71.2684,32.488,2315.37,235.455
5.555,0.0926,71.2372,32.5007,2315.26,235.575
5.556,0.0926,71.206,32.5134,2315.15,235.695
5.558,0.0926,71.1749,32.5268,2315.09,235.814
5.560,0.0927,71.1438,32.5397,2315,235.934
5.562,0.0927,71.1127,32.5653,2315.81,236.054
5.564,0.0927,71.0817,32.5766,2315.6,236.173
5.566,0.0928,71.0507,32.5921,2315.69,236.293
5.567,0.0928,71.0197,32.6031,2315.46,236.413
5.569,0.0928,70.9888,32.5601,2311.4,236.532
5.571,0.0929,70.9579,32.5718,2311.23,236.652
5.573,0.0929,70.9271,32.5525,2308.85,236.772
5.575,0.0929,70.8962,32.5665,2308.84,236.892
5.576,0.0929,70.8654,32.5754,2308.47,237.011
5.578,0.0930,70.8346,32.5921,2308.65,237.131
5.580,0.0930,70.8039,32.5972,2308.01,237.251
5.582,0.0930,70.7731,32.6108,2307.97,237.371
5.584,0.0931,70.7425,32.563,2303.59,237.491
5.586,0.0931,70.7118,32.5892,2304.44,237.61
5.587,0.0931,70.6812,32.5823,2302.96,237.73
5.589,0.0932,70.6505,32.6136,2304.17,237.85
5.591,0.0932,70.62,32.6064,2302.66,237.97
5.593,0.0932,70.5893,32.6174,2302.44,238.09
5.595,0.0932,70.5587,32.6283,2302.21,238.21
5.596,0.0933,70.5281,32.5585,2296.29,238.33
5.598,0.0933,70.4976,32.5692,2296.05,238.45
5.600,0.0933,70.467,32.5799,2295.81,238.57
5.602,0.0934,70.4365,32.5447,2292.33,238.69
5.604,0.0934,70.406,32.5154,2289.28,238.81
5.606,0.0934,70.3755,32.5258,2289.02,238.931
5.607,0.0935,70.345,32.5482,2289.6,239.051
5.609,0.0935,70.3146,32.5582,2289.32,239.171
5.611,0.0935,70.2842,32.5144,2285.25,239.291
5.613,0.0935,70.2538,32.5236,2284.91,239.411
5.615,0.0936,70.2234,32.5316,2284.48,239.532
5.616,0.0936,70.1931,32.5446,2284.41,239.652
5.618,0.0936,70.1627,32.5506,2283.84,239.772
5.620,0.0937,70.1325,32.5649,2283.85,239.892
5.622,0.0937,70.1022,32.5772,2283.73,240.013
5.624,0.0937,70.072,32.5922,2283.8,240.133
5.625,0.0938,70.0417,32.5949,2283,240.253
5.627,0.0938,70.0116,32.3652,2265.94,240.374
5.629,0.0938,69.9814,32.3769,2265.78,240.494
5.631,0.0938,69.9513,32.383,2265.23,240.614
5.633,0.0939,69.9212,32.3957,2265.15,240.735
5.635,0.0939,69.8912,32.4007,2264.52,240.855
5.636,0.0939,69.8611,32.415,2264.55,240.975
5.638,0.0940,69.8312,32.4187,2263.84,241.096
5.640,0.0940,69.8013,32.4347,2263.98,241.216
5.642,0.0940,69.7714,32.4076,2261.12,241.337
5.644,0.0941,69.7415,32.4294,2261.67,241.457
5.645,0.0941,69.7118,32.3823,2257.43,241.578
5.647,0.0941,69.6819,32.4035,2257.94,241.698
5.649,0.0942,69.6522,32.4003,2256.75,241.819
5.651,0.0942,69.6224,32.408,2256.33,241.939
5.653,0.0942,69.5928,32.3964,2254.56,242.06
5.655,0.0942,69.5631,32.4037,2254.1,242.18
5.656,0.0943,69.5334,32.385,2251.84,242.301
5.658,0.0943,69.5038,32.3702,2249.85,242.421
5.660,0.0943,69.4742,32.3381,2246.66,242.542
5.662,0.0944,69.4446,32.3807,2248.66,242.662
5.664,0.0944,69.415,32.3576,2246.11,242.783
5.665,0.0944,69.3854,32.3685,2245.91,242.904
5.667,0.0945,69.3559,32.3803,2245.76,243.024
5.669,0.0945,69.3263,32.3894,2245.44,243.145
5.671,0.0945,69.2968,32.4017,2245.33,243.265
5.673,0.0945,69.2672,32.4089,2244.88,243.386
5.675,0.0946,74.3109,32.3413,2403.32,243.507
5.676,0.0946,74.28,32.2902,2398.52,243.627
5.678,0.0946,74.249,32.3025,2398.43,243.748
5.680,0.0947,74.2181,32.2913,2396.6,243.868
5.682,0.0947,74.1872,32.3018,2396.38,243.989
5.684,0.0947,74.1563,32.2431,2391.03,244.109
5.685,0.0948,74.1254,32.2149,2387.94,244.23
5.687,0.0948,74.0946,32.168,2383.48,244.35
5.689,0.0948,74.0638,32.155,2381.52,244.471
5.691,0.0948,74.033,32.1066,2376.95,244.592
5.693,0.0949,74.0023,32.1215,2377.07,244.712
5.694,0.0949,73.9715,32.1149,2375.59,244.833
5.696,0.0949,73.9409,32.1254,2375.38,244.953
5.698,0.0950,73.9102,32.1204,2374.03,245.074
5.700,0.0950,73.8796,32.1362,2374.21,245.195
5.702,0.0950,73.8491,32.1042,2370.86,245.315
5.704,0.0951,73.8185,32.0813,2368.19,245.436
5.705,0.0951,73.788,32.1054,2368.99,245.557
5.707,0.0951,73.7576,32.0913,2366.97,245.678
5.709,0.0951,73.7272,32.0719,2364.57,245.798
5.711,0.0952,73.6968,32.0461,2361.69,245.919
5.713,0.0952,73.6665,32.0888,2363.86,246.04
5.714,0.0952,73.6361,32.0576,2360.6,246.161
5.716,0.0953,73.6059,32.1058,2363.18,246.282
5.718,0.0953,73.5756,32.0695,2359.54,246.403
5.720,0.0953,73.5455,32.0741,2358.91,246.524
5.722,0.0954,73.5153,32.0391,2355.36,246.645
5.724,0.0954,73.4851,32.0905,2358.17,246.766
5.725,0.0954,73.455,32.0511,2354.31,246.887
5.727,0.0955,73.4249,32.1067,2357.43,247.008
5.729,0.0955,73.3948,32.0483,2352.18,247.129
5.731,0.0955,73.3648,32.1121,2355.9,247.25
5.733,0.0955,73.3347,32.033,2349.13,247.371
5.734,0.0956,73.3047,32.0867,2352.11,247.492
5.736,0.0956,73.2746,31.9722,2342.75,247.614
5.738,0.0956,73.2447,31.9803,2342.38,247.735
5.740,0.0957,73.2147,31.9884,2342.02,247.856
5.742,0.0957,73.1847,31.9966,2341.66,247.977
5.743,0.0957,73.1547,31.9323,2336,248.098
5.745,0.0958,73.1247,31.9409,2335.67,248.219
5.747,0.0958,73.0948,31.9497,2335.35,248.34
5.749,0.0958,73.0648,31.9586,2335.05,248.461
5.751,0.0958,73.0348,31.9677,2334.75,248.583
5.753,0.0959,73.0048,31.9769,2334.47,248.704
5.754,0.0959,72.9748,31.9166,2329.1,248.825
5.756,0.0959,72.9448,31.9258,2328.82,248.946
5.758,0.0960,72.9148,31.9352,2328.55,249.067
5.760,0.0960,72.8848,31.9448,2328.29,249.188
5.762,0.0960,72.8547,31.9122,2324.96,249.309
5.763,0.0961,72.8247,31.9223,2324.73,249.43
5.765,0.0961,72.7947,31.8548,2318.86,249.551
5.767,0.0961,72.7648,31.8665,2318.76,249.673
5.769,0.0961,72.7348,31.8771,2318.57,249.794
5.771,0.0962,72.7048,31.8879,2318.41,249.915
5.772,0.0962,72.6749,31.8988,2318.24,250.036
5.774,0.0962,72.6449,31.9099,2318.1,250.157
5.776,0.0963,72.6151,31.921,2317.94,250.278
5.778,0.0963,72.5852,31.9204,2316.95,250.399
5.780,0.0963,72.5554,31.7613,2304.45,250.521
5.782,0.0964,72.5256,31.6896,2298.3,250.642
5.783,0.0964,72.4958,31.7003,2298.14,250.763
5.785,0.0964,72.4661,31.7102,2297.92,250.884
5.787,0.0965,72.4363,31.7201,2297.69,251.005
5.789,0.0965,72.4067,31.711,2296.09,251.126
5.791,0.0965,72.377,31.72,2295.8,251.248
5.792,0.0965,72.3475,31.6704,2291.27,251.369
5.794,0.0966,72.3179,31.6811,2291.11,251.49
5.796,0.0966,72.2884,31.6901,2290.83,251.611
5.798,0.0966,72.2588,31.698,2290.46,251.732
5.800,0.0967,72.2293,31.7098,2290.38,251.853
5.802,0.0967,72.1999,31.7116,2289.57,251.975
5.803,0.0967,72.1704,31.7248,2289.59,252.096
5.805,0.0968,72.141,31.6544,2283.58,252.217
5.807,0.0968,72.1116,31.671,2283.84,252.338
5.809,0.0968,72.0822,31.6701,2282.85,252.46
5.811,0.0968,72.0528,31.6801,2282.64,252.581
5.812,0.0969,72.0234,31.6659,2280.69,252.702
5.814,0.0969,71.9941,31.6758,2280.47,252.823
5.816,0.0969,71.9647,31.6857,2280.26,252.945
5.818,0.0970,71.9354,31.6758,2278.61,253.066
5.820,0.0970,71.9061,31.6859,2278.41,253.187
5.821,0.0970,71.8768,31.6961,2278.21,253.309
5.823,0.0971,71.8475,31.7064,2278.03,253.43
5.825,0.0971,71.8182,31.7169,2277.85,253.552
5.827,0.0971,71.7889,31.6842,2274.57,253.673
5.829,0.0971,71.7596,31.6951,2274.43,253.795
5.831,0.0972,71.7303,31.6948,2273.48,253.916
5.832,0.0972,71.7011,31.6349,2268.26,254.038
5.834,0.0972,71.6719,31.6466,2268.17,254.159
5.836,0.0973,71.6427,31.674,2269.21,254.281
5.838,0.0973,71.6135,31.6845,2269.04,254.402
5.840,0.0973,71.5843,31.6986,2269.12,254.524
5.841,0.0974,71.5552,31.7079,2268.87,254.646
5.843,0.0974,71.5261,31.7235,2269.06,254.767
5.845,0.0974,71.4971,31.7854,2272.56,254.889
5.847,0.0974,71.4681,31.7542,2269.41,255.01
5.849,0.0975,71.4391,31.7676,2269.45,255.132
5.850,0.0975,71.4101,31.7765,2269.17,255.254
5.852,0.0975,71.3812,31.7876,2269.03,255.375
5.854,0.0976,71.3524,31.7894,2268.25,255.497
5.856,0.0976,71.3235,31.7353,2263.47,255.619
5.858,0.0976,71.2948,31.7198,2261.46,255.74
5.860,0.0977,71.266,31.733,2261.48,255.862
5.861,0.0977,71.2373,31.7412,2261.16,255.984
5.863,0.0977,71.2087,31.7531,2261.09,256.105
5.865,0.0977,71.1801,31.7621,2260.83,256.227
5.867,0.0978,71.1515,31.7798,2261.18,256.348
5.869,0.0978,71.123,31.7231,2256.24,256.47
5.870,0.0978,71.0945,31.7273,2255.64,256.592
5.872,0.0979,71.066,31.7436,2255.9,256.713
5.874,0.0979,71.0376,31.7482,2255.31,256.835
5.876,0.0979,71.0093,31.7636,2255.51,256.956
5.878,0.0980,70.9809,31.7689,2254.99,257.078
5.879,0.0980,70.9526,31.7832,2255.1,257.2
5.881,0.0980,70.9243,31.7368,2250.91,257.321
5.883,0.0981,70.8961,31.7447,2250.57,257.443
5.885,0.0981,70.8679,31.7561,2250.49,257.564
5.887,0.0981,70.8397,31.764,2250.16,257.686
5.889,0.0981,70.8116,31.7774,2250.21,257.808
5.890,0.0982,70.7834,31.7553,2247.75,257.929
5.892,0.0982,70.7553,31.7677,2247.73,258.051
5.894,0.0982,70.7273,31.777,2247.5,258.172
5.896,0.0983,70.6992,31.7898,2247.51,258.294
5.898,0.0983,70.6712,31.795,2246.99,258.415
5.899,0.0983,70.6431,31.7397,2242.19,258.537
5.901,0.0984,70.6151,31.7458,2241.73,258.659
5.903,0.0984,70.5872,31.7629,2242.05,258.78
5.905,0.0984,70.5592,31.7177,2237.98,258.902
5.907,0.0984,70.5313,31.7298,2237.94,259.024
5.909,0.0985,70.5034,31.743,2237.99,259.145
5.910,0.0985,70.4755,31.7533,2237.83,259.267
5.912,0.0985,70.4477,31.7716,2238.24,259.388
5.914,0.0986,70.4198,31.742,2235.26,259.51
5.916,0.0986,70.392,31.7612,2235.74,259.632
5.918,0.0986,70.3643,31.698,2230.4,259.753
5.919,0.0987,70.3365,31.6957,2229.37,259.875
5.921,0.0987,70.3088,31.688,2227.95,259.997
5.923,0.0987,70.2811,31.6332,2223.22,260.118
5.925,0.0987,70.2534,31.5559,2216.91,260.24
5.927,0.0988,70.2258,31.5938,2218.7,260.362
5.928,0.0988,70.1981,31.5753,2216.53,260.484
5.930,0.0988,70.1705,31.6149,2218.44,260.605
5.932,0.0989,70.143,31.5941,2216.1,260.727
5.934,0.0989,70.1154,31.6041,2215.93,260.849
5.936,0.0989,70.0879,31.5859,2213.79,260.971
5.938,0.0990,70.0604,31.5439,2209.98,261.092
5.939,0.0990,70.0329,31.5124,2206.91,261.214
5.941,0.0990,70.0056,31.5657,2209.77,261.336
5.943,0.0990,69.9781,31.5314,2206.51,261.458
5.945,0.0991,69.9508,31.5875,2209.57,261.58
5.947,0.0991,69.9234,31.5099,2203.28,261.702
5.948,0.0991,69.8961,31.5889,2207.94,261.824
5.950,0.0992,69.8688,31.5291,2202.9,261.946
5.952,0.0992,69.8416,31.6126,2207.88,262.068
5.954,0.0992,69.8142,31.5487,2202.55,262.19
5.956,0.0993,69.7871,31.5609,2202.54,262.312
5.957,0.0993,69.76,31.5734,2202.56,262.434
5.959,0.0993,69.7329,31.5858,2202.57,262.556
5.961,0.0994,73.0164,31.5589,2304.32,262.677
5.963,0.0994,72.9888,31.5716,2304.37,262.799
5.965,0.0994,72.9612,31.5306,2300.51,262.921
5.967,0.0994,72.9336,31.5578,2301.62,263.043
5.968,0.0995,72.9061,31.5701,2301.65,263.165
5.970,0.0995,72.8786,31.5824,2301.68,263.287
5.972,0.0995,72.8511,31.5947,2301.7,263.409
5.974,0.0996,72.8236,31.6112,2302.04,263.531
5.976,0.0996,72.7961,31.6232,2302.05,263.653
5.977,0.0996,72.7686,31.614,2300.51,263.775
5.979,0.0997,72.7412,31.6259,2300.51,263.897
5.981,0.0997,72.7138,31.6377,2300.5,264.019
5.983,0.0997,72.6864,31.6493,2300.47,264.14
5.985,0.0997,72.6591,31.6608,2300.44,264.262
5.986,0.0998,72.6317,31.6337,2297.61,264.384
5.988,0.0998,72.6044,31.6448,2297.55,264.506
5.990,0.0998,72.5772,31.6279,2295.46,264.628
5.992,0.0999,72.5499,31.6385,2295.37,264.749
5.994,0.0999,72.5227,31.6478,2295.18,264.871
5.996,0.0999,72.4954,31.6589,2295.13,264.993
5.997,0.1000,72.4682,31.6999,2297.24,265.115
5.999,0.1000,72.4411,31.7137,2297.37,265.237
6.001,0.1000,72.4139,31.7159,2296.67,265.358
6.003,0.1000,72.3867,31.5408,2283.14,265.48
6.005,0.1001,72.3596,31.5387,2282.13,265.602
6.006,0.1001,72.3325,31.5477,2281.92,265.724
6.008,0.1001,72.3054,31.5519,2281.37,265.846
6.010,0.1002,72.2783,31.5156,2277.89,265.967
6.012,0.1002,72.2512,31.4618,2273.15,266.089
6.014,0.1002,72.2241,31.4876,2274.16,266.211
6.015,0.1003,72.1969,31.4719,2272.18,266.333
6.017,0.1003,72.1699,31.5013,2273.45,266.455
6.019,0.1003,72.1427,31.481,2271.13,266.577
6.021,0.1003,72.1156,31.5141,2272.66,266.699
6.023,0.1004,72.0885,31.4893,2270.02,266.821
6.025,0.1004,72.0614,31.4809,2268.56,266.942
6.026,0.1004,72.0342,31.3477,2258.1,267.064
6.028,0.1005,72.0071,31.3277,2255.82,267.186
6.030,0.1005,71.9799,31.3335,2255.38,267.308
6.032,0.1005,71.9528,31.3394,2254.96,267.43
6.034,0.1006,71.9256,31.3452,2254.53,267.552
6.035,0.1006,71.8984,31.3512,2254.11,267.674
6.037,0.1006,71.8713,31.3573,2253.69,267.796
6.039,0.1007,71.844,31.3108,2249.49,267.918
6.041,0.1007,71.8168,31.3159,2249.01,268.04
6.043,0.1007,71.7896,31.3214,2248.55,268.162
6.044,0.1007,71.7624,31.3269,2248.09,268.284
6.046,0.1008,71.7352,31.3327,2247.66,268.406
6.048,0.1008,71.708,31.218,2238.58,268.528
6.050,0.1008,71.6808,31.2237,2238.14,268.65
6.052,0.1009,71.6536,31.228,2237.6,268.773
6.054,0.1009,71.6264,31.2345,2237.22,268.895
6.055,0.1009,71.5993,31.2385,2236.65,269.017
6.057,0.1010,71.5721,31.2461,2236.35,269.139
6.059,0.1010,71.5451,31.2096,2232.9,269.261
6.061,0.1010,71.518,31.1063,2224.66,269.383
6.063,0.1010,71.491,31.0535,2220.04,269.505
6.064,0.1011,71.464,31.0323,2217.69,269.627
6.066,0.1011,71.437,30.9868,2213.6,269.75
6.068,0.1011,71.4101,31.0056,2214.12,269.872
6.070,0.1012,71.3833,30.9986,2212.79,269.994
6.072,0.1012,71.3565,31.0203,2213.5,270.116
6.073,0.1012,71.3297,30.9606,2208.41,270.238
6.075,0.1013,71.303,30.982,2209.11,270.36
6.077,0.1013,71.2764,30.9727,2207.62,270.483
6.079,0.1013,71.2498,31.0234,2210.41,270.605
6.081,0.1013,71.2232,31.0886,2214.23,270.727
6.082,0.1014,71.1967,31.1115,2215.04,270.849
6.084,0.1014,71.1702,31.0353,2208.79,270.971
6.086,0.1014,71.1438,31.0594,2209.68,271.093
6.088,0.1015,71.1173,31.0239,2206.34,271.216
6.090,0.1015,71.0909,31.0271,2205.75,271.338
6.092,0.1015,71.0645,31.034,2205.42,271.46
6.093,0.1016,71.0382,31.0336,2204.57,271.582
6.095,0.1016,71.0118,31.0444,2204.52,271.704
6.097,0.1016,70.9856,31.0394,2203.35,271.826
6.099,0.1016,70.9592,31.0551,2203.65,271.948
6.101,0.1017,70.933,31.0578,2203.03,272.07
6.102,0.1017,70.9068,31.0458,2201.36,272.192
6.104,0.1017,70.8806,31.0462,2200.58,272.314
6.106,0.1018,70.8544,31.0555,2200.42,272.436
6.108,0.1018,70.8282,31.0538,2199.49,272.558
6.110,0.1018,70.802,31.0659,2199.53,272.68
6.111,0.1019,70.7758,31.0626,2198.48,272.802
6.113,0.1019,70.7496,31.0328,2195.56,272.924
6.115,0.1019,70.7234,31.0324,2194.71,273.046
6.117,0.1019,70.6972,31.0435,2194.69,273.168
6.119,0.1020,70.6709,31.0429,2193.83,273.289
6.121,0.1020,70.6447,31.055,2193.87,273.412
6.122,0.1020,70.6185,31.0581,2193.28,273.533
6.124,0.1021,70.5923,31.073,2193.52,273.656
6.126,0.1021,70.5661,31.0703,2192.51,273.777
6.128,0.1021,70.5399,31.0861,2192.81,273.9
6.130,0.1022,70.5138,31.0663,2190.6,274.022
6.131,0.1022,70.4876,31.0243,2186.83,274.144
6.133,0.1022,70.4615,31.0211,2185.79,274.266
6.135,0.1023,70.4353,31.0395,2186.27,274.388
6.137,0.1023,70.4093,31.0238,2184.36,274.51
6.139,0.1023,70.3831,31.0399,2184.69,274.632
6.140,0.1023,70.3571,31.0382,2183.76,274.754
6.142,0.1024,70.3311,31.0571,2184.28,274.877
6.144,0.1024,70.3051,31.0696,2184.35,274.999
6.146,0.1024,70.2791,31.0071,2179.15,275.121
6.148,0.1025,70.2533,31.0081,2178.42,275.243
6.149,0.1025,70.2273,31.0262,2178.88,275.366
6.151,0.1025,70.2015,31.0243,2177.95,275.488
6.153,0.1026,70.3523,30.9818,2179.64,275.61
6.155,0.1026,70.327,30.9825,2178.9,275.732
6.157,0.1026,70.3016,31.0027,2179.54,275.855
6.159,0.1026,70.2763,30.8948,2171.17,275.977
6.160,0.1027,70.2509,30.9507,2174.31,276.099
6.162,0.1027,70.2257,30.844,2166.04,276.221
6.164,0.1027,70.2003,30.9095,2169.86,276.344
6.166,0.1028,70.1752,30.8935,2167.95,276.466
6.168,0.1028,70.1498,30.908,2168.19,276.588
6.169,0.1028,70.1247,30.8218,2161.37,276.71
6.171,0.1029,70.0993,30.8531,2162.78,276.833
6.173,0.1029,70.0742,30.8624,2162.66,276.955
6.175,0.1029,70.0491,30.8714,2162.52,277.077
6.177,0.1029,70.0241,30.8978,2163.59,277.199
6.178,0.1030,69.999,30.906,2163.39,277.322
6.180,0.1030,69.9739,30.9141,2163.18,277.444
6.182,0.1030,69.9489,30.9221,2162.96,277.566
6.184,0.1031,69.9238,30.9301,2162.75,277.688
6.186,0.1031,69.8988,30.9378,2162.52,277.811
6.188,0.1031,69.8738,30.9076,2159.63,277.933
6.189,0.1032,69.8488,30.9148,2159.36,278.055
6.191,0.1032,69.8238,30.9221,2159.1,278.177
6.193,0.1032,69.7988,30.9292,2158.82,278.3
6.195,0.1032,69.7738,30.8988,2155.93,278.422
6.197,0.1033,69.7488,30.9055,2155.62,278.544
6.198,0.1033,69.7238,30.9122,2155.31,278.666
6.200,0.1033,69.6988,30.8525,2150.38,278.789
6.202,0.1034,69.6738,30.8585,2150.03,278.911
6.204,0.1034,69.6489,30.8643,2149.66,279.033
6.206,0.1034,69.6239,30.8698,2149.28,279.155
6.207,0.1035,69.5989,30.8696,2148.49,279.277
6.209,0.1035,69.574,30.8744,2148.06,279.4
6.211,0.1035,69.549,30.7735,2140.27,279.522
6.213,0.1035,69.5241,30.772,2139.4,279.644
6.215,0.1036,69.4991,30.7778,2139.03,279.766
6.216,0.1036,69.4742,30.7817,2138.54,279.889
6.218,0.1036,69.4493,30.7877,2138.19,280.011
6.220,0.1037,69.4244,30.7903,2137.6,280.133
6.222,0.1037,69.3995,30.7972,2137.31,280.255
6.224,0.1037,69.3747,30.7739,2134.93,280.377
6.226,0.1038,69.3498,30.763,2133.4,280.5
6.227,0.1038,69.325,30.7802,2133.83,280.622
6.229,0.1038,69.3001,30.7885,2133.64,280.744
6.231,0.1038,69.2753,30.788,2132.85,280.866
6.233,0.1039,73.1582,30.59,2237.91,280.989
6.235,0.1039,73.1325,30.5324,2232.91,281.111
6.236,0.1039,73.1067,30.5598,2234.13,281.233
6.238,0.1040,73.081,30.5419,2232.03,281.356
6.240,0.1040,73.0553,30.5762,2233.75,281.478
6.242,0.1040,73.0296,30.5527,2231.25,281.601
6.244,0.1041,73.0038,30.5944,2233.51,281.723
6.245,0.1041,72.9781,30.5562,2229.94,281.845
6.247,0.1041,72.9524,30.563,2229.65,281.968
6.249,0.1042,72.9267,30.5698,2229.36,282.09
6.251,0.1042,72.901,30.5774,2229.12,282.213
6.253,0.1042,72.8753,30.5849,2228.89,282.335
6.254,0.1042,72.8496,30.5932,2228.7,282.458
6.256,0.1043,72.8239,30.6014,2228.51,282.58
6.258,0.1043,72.7982,30.6101,2228.36,282.703
6.260,0.1043,72.7725,30.6431,2229.98,282.826
6.262,0.1044,72.7468,30.6529,2229.9,282.948
6.264,0.1044,72.7211,30.6626,2229.82,283.071
6.265,0.1044,72.6954,30.6716,2229.68,283.193
6.267,0.1045,72.6697,30.6683,2228.66,283.316
6.269,0.1045,72.644,30.6776,2228.54,283.439
6.271,0.1045,72.6184,30.6884,2228.54,283.561
6.273,0.1045,72.5927,30.6979,2228.45,283.684
6.274,0.1046,72.5671,30.7084,2228.42,283.806
6.276,0.1046,72.5415,30.7081,2227.61,283.929
6.278,0.1046,72.5159,30.6629,2223.55,284.052
6.280,0.1047,72.4903,30.6697,2223.25,284.174
6.282,0.1047,72.4648,30.683,2223.44,284.297
6.283,0.1047,72.4392,30.6588,2220.9,284.42
6.285,0.1048,72.4137,30.6699,2220.93,284.542
6.287,0.1048,72.3882,30.6812,2220.96,284.665
6.289,0.1048,72.3627,30.6896,2220.78,284.787
6.291,0.1048,72.3373,30.6658,2218.28,284.91
6.292,0.1049,72.3118,30.6726,2217.99,285.033
6.294,0.1049,72.2864,30.6347,2214.47,285.155
6.296,0.1049,72.261,30.6333,2213.59,285.278
6.298,0.1050,72.2356,30.6584,2214.62,285.401
6.300,0.1050,72.2102,30.6519,2213.38,285.523
6.302,0.1050,72.1849,30.6345,2211.35,285.646
6.303,0.1051,72.1595,30.6235,2209.78,285.769
6.305,0.1051,72.1342,30.6623,2211.8,285.891
6.307,0.1051,72.1089,30.6403,2209.44,286.014
6.309,0.1051,72.0835,30.6152,2206.85,286.137
6.311,0.1052,72.0582,30.6048,2205.33,286.259
6.312,0.1052,72.0329,30.6474,2207.62,286.382
6.314,0.1052,72.0077,30.6196,2204.85,286.505
6.316,0.1053,71.9824,30.6654,2207.37,286.628
6.318,0.1053,71.9572,30.6722,2207.09,286.75
6.320,0.1053,71.932,30.6532,2204.94,286.873
6.321,0.1054,71.9068,30.6619,2204.8,286.996
6.323,0.1054,71.8816,30.5116,2193.23,287.118
6.325,0.1054,71.8565,30.5255,2193.46,287.241
6.327,0.1054,71.8314,30.5266,2192.76,287.364
6.329,0.1055,71.8063,30.5321,2192.4,287.486
6.330,0.1055,71.7812,30.5338,2191.75,287.609
6.332,0.1055,71.7561,30.5387,2191.34,287.732
6.334,0.1056,71.7311,30.5423,2190.83,287.855
6.336,0.1056,71.7061,30.5381,2189.77,287.977
6.338,0.1056,71.681,30.5451,2189.5,288.1
6.339,0.1057,71.6561,30.5466,2188.85,288.223
6.341,0.1057,71.6311,30.4975,2184.57,288.346
6.343,0.1057,71.6063,30.4542,2180.71,288.468
6.345,0.1057,71.5813,30.4069,2176.56,288.591
6.347,0.1058,71.5565,30.4061,2175.76,288.714
6.349,0.1058,71.5317,30.4015,2174.67,288.837
6.350,0.1058,71.5069,30.3611,2171.03,288.96
6.352,0.1059,71.4821,30.3943,2172.65,289.083
6.354,0.1059,71.4574,30.3854,2171.26,289.206
6.356,0.1059,71.4327,30.4165,2172.73,289.329
6.358,0.1060,71.4081,30.3543,2167.54,289.452
6.359,0.1060,71.3834,30.3921,2169.49,289.575
6.361,0.1060,71.3589,30.3741,2167.46,289.698
6.363,0.1060,71.3343,30.4173,2169.8,289.821
6.365,0.1061,71.3098,30.395,2167.46,289.944
6.367,0.1061,71.2852,30.5328,2176.54,290.067
6.368,0.1061,71.2608,30.518,2174.74,290.19
6.370,0.1062,71.2363,30.5569,2176.76,290.313
6.372,0.1062,71.2119,30.5396,2174.78,290.436
6.374,0.1062,71.1875,30.4777,2169.64,290.56
6.376,0.1063,71.1632,30.4453,2166.58,290.683
6.377,0.1063,71.1388,30.4337,2165.02,290.806
6.379,0.1063,71.1145,30.3931,2161.39,290.929
6.381,0.1064,71.0902,30.4518,2164.83,291.052
6.383,0.1064,71.0659,30.4088,2161.03,291.176
6.385,0.1064,71.0416,30.4691,2164.57,291.299
6.386,0.1064,71.0174,30.3865,2157.97,291.422
6.388,0.1065,70.9932,30.4562,2162.18,291.545
6.390,0.1065,70.969,30.4521,2161.15,291.668
6.392,0.1065,70.9448,30.4584,2160.86,291.791
6.394,0.1066,70.9206,30.4208,2157.46,291.914
6.396,0.1066,70.8964,30.4272,2157.18,292.038
6.397,0.1066,70.8723,30.4341,2156.93,292.161
6.399,0.1067,70.8481,30.4407,2156.67,292.284
6.401,0.1067,70.8239,30.4036,2153.3,292.407
6.403,0.1067,70.7998,30.4525,2156.03,292.53
6.405,0.1067,70.7756,30.46,2155.82,292.653
6.406,0.1068,70.7514,30.467,2155.58,292.776
6.408,0.1068,70.7273,30.4747,2155.39,292.899
6.410,0.1068,70.7031,30.4818,2155.16,293.022
6.412,0.1069,70.679,30.4894,2154.96,293.146
6.414,0.1069,70.6548,30.4594,2152.1,293.269
6.415,0.1069,70.6307,30.4668,2151.89,293.392
6.417,0.1070,70.6065,30.4737,2151.64,293.515
6.419,0.1070,70.5824,30.4341,2148.11,293.639
6.421,0.1070,70.5583,30.4535,2148.74,293.762
6.423,0.1070,70.5341,30.4589,2148.39,293.885
6.424,0.1071,70.51,30.4227,2145.11,294.009
6.426,0.1071,70.4859,30.4271,2144.68,294.132
6.428,0.1071,70.4618,30.4286,2144.05,294.255
6.430,0.1072,70.4377,30.4354,2143.8,294.379
6.432,0.1072,70.4136,30.441,2143.46,294.502
6.433,0.1072,70.3896,30.4476,2143.2,294.626
6.435,0.1073,70.3655,30.3309,2134.25,294.749
6.437,0.1073,70.3415,30.3309,2133.52,294.873
6.439,0.1073,70.3175,30.3296,2132.7,294.996
6.441,0.1073,70.2935,30.3376,2132.54,295.12
6.443,0.1074,70.2694,30.3386,2131.87,295.244
6.444,0.1074,70.2455,30.345,2131.6,295.367
6.446,0.1074,70.2215,30.3069,2128.2,295.491
6.448,0.1075,70.1975,30.3049,2127.33,295.614
6.450,0.1075,70.1735,30.3875,2132.4,295.738
6.452,0.1075,70.1496,30.353,2129.25,295.861
6.453,0.1076,70.1256,30.384,2130.7,295.985
6.455,0.1076,70.1018,30.3258,2125.89,296.109
6.457,0.1076,70.0778,30.3612,2127.65,296.233
6.459,0.1076,70.054,30.3197,2124.02,296.356
6.461,0.1077,70.03,30.2972,2121.72,296.48
6.462,0.1077,70.0062,30.3066,2121.65,296.604
6.464,0.1077,69.9824,30.3137,2121.42,296.727
6.466,0.1078,69.9586,30.3207,2121.19,296.851
6.468,0.1078,69.9348,30.3162,2120.16,296.975
6.470,0.1078,69.9111,30.3235,2119.95,297.098
6.471,0.1079,69.8873,30.3311,2119.76,297.222
6.473,0.1079,69.8636,30.3384,2119.55,297.346
6.475,0.1079,69.84,30.3461,2119.37,297.47
6.477,0.1079,69.8163,30.3533,2119.16,297.593
6.479,0.1080,69.7927,30.3608,2118.96,297.717
6.480,0.1080,69.7691,30.3679,2118.74,297.841
6.482,0.1080,69.7455,30.3759,2118.58,297.965
6.484,0.1081,69.722,30.3132,2113.5,298.089
6.486,0.1081,69.6985,30.3228,2113.45,298.213
6.488,0.1081,69.675,30.3379,2113.8,298.337
6.489,0.1082,69.6516,30.3486,2113.83,298.461
6.491,0.1082,69.6281,30.3033,2109.96,298.585
6.493,0.1082,69.6048,30.3173,2110.23,298.709
6.495,0.1082,69.5814,30.3287,2110.31,298.833
6.497,0.1083,69.5581,30.348,2110.95,298.957
6.499,0.1083,69.5348,30.385,2112.82,299.081
6.500,0.1083,69.5115,30.3643,2110.67,299.205
6.502,0.1084,69.4882,30.3583,2109.54,299.329
6.504,0.1084,69.465,30.3795,2110.31,299.453
6.506,0.1084,69.4417,30.3696,2108.92,299.577
6.508,0.1085,69.4185,30.3411,2106.23,299.701
6.509,0.1085,73.095,30.2949,2214.41,299.825
6.511,0.1085,73.0709,30.3245,2215.84,299.949
6.513,0.1085,73.0467,30.2833,2212.09,300.073
6.515,0.1086,73.0226,30.3219,2214.19,300.197
6.517,0.1086,72.9983,30.2946,2211.46,300.321
6.518,0.1086,72.9742,30.3382,2213.91,300.445
6.520,0.1087,72.95,30.3242,2212.15,300.569
6.522,0.1087,72.9258,30.3622,2214.19,300.693
6.524,0.1087,72.9015,30.336,2211.54,300.817
6.526,0.1088,72.8773,30.3772,2213.81,300.942
6.527,0.1088,72.853,30.3481,2210.95,301.066
6.529,0.1088,72.8288,30.3923,2213.44,301.19
6.531,0.1089,72.8045,30.3603,2210.37,301.314
6.533,0.1089,72.7802,30.352,2209.02,301.438
6.535,0.1089,72.7558,30.3572,2208.67,301.562
6.536,0.1089,72.7314,30.3649,2208.49,301.686
6.538,0.1090,72.7071,30.3677,2207.95,301.81
6.540,0.1090,72.6827,30.3331,2204.69,301.935
6.542,0.1090,72.6583,30.3334,2203.98,302.059
6.544,0.1091,72.6339,30.3156,2201.94,302.183
6.545,0.1091,72.6095,30.2887,2199.25,302.307
6.547,0.1091,72.5851,30.2461,2195.42,302.431
6.549,0.1092,72.5608,30.2439,2194.52,302.555
6.551,0.1092,72.5364,30.2593,2194.9,302.68
6.553,0.1092,72.5121,30.1804,2188.44,302.804
6.555,0.1092,72.4878,30.1407,2184.83,302.928
6.556,0.1093,72.4636,30.0692,2178.92,303.053
6.558,0.1093,72.4393,30.0575,2177.34,303.177
6.560,0.1093,72.4151,30.0389,2175.27,303.301
6.562,0.1094,72.391,30.0667,2176.56,303.426
6.564,0.1094,72.3668,30.0451,2174.27,303.55
6.565,0.1094,72.3428,30.0754,2175.74,303.674
6.567,0.1095,72.3187,30.0508,2173.24,303.799
6.569,0.1095,72.2947,30.0839,2174.91,303.923
6.571,0.1095,72.2708,30.0564,2172.2,304.048
6.573,0.1095,72.2468,30.0927,2174.1,304.172
6.574,0.1096,72.223,30.0642,2171.33,304.296
6.576,0.1096,72.1991,30.1004,2173.22,304.421
6.578,0.1096,72.1753,30.0717,2170.43,304.545
6.580,0.1097,72.1515,30.1117,2172.6,304.67
6.582,0.1097,72.1278,30.0739,2169.17,304.795
6.583,0.1097,72.1041,30.1099,2171.04,304.919
6.585,0.1098,72.0804,30.0846,2168.51,305.044
6.587,0.1098,72.0567,30.1245,2170.67,305.168
6.589,0.1098,72.0331,30.0969,2167.97,305.293
6.591,0.1098,72.0095,30.1414,2170.47,305.418
6.592,0.1099,71.9859,30.1107,2167.54,305.542
6.594,0.1099,71.9623,30.1899,2172.53,305.667
6.596,0.1099,71.9387,30.161,2169.75,305.792
6.598,0.1100,71.9151,30.2098,2172.54,305.917
6.600,0.1100,71.8915,30.1785,2169.58,306.041
6.601,0.1100,71.8679,30.2302,2172.58,306.166
6.603,0.1101,71.8443,30.1967,2169.46,306.291
6.605,0.1101,71.8208,30.0529,2158.42,306.416
6.607,0.1101,71.7972,30.0622,2158.38,306.54
6.609,0.1101,71.7736,30.0495,2156.76,306.665
6.610,0.1102,71.75,30.0621,2156.96,306.79
6.612,0.1102,71.7264,30.0701,2156.82,306.914
6.614,0.1102,71.7028,30.0515,2154.78,307.039
6.616,0.1103,71.6793,30.0586,2154.58,307.164
6.618,0.1103,71.6557,30.0821,2155.55,307.288
6.620,0.1103,71.6321,30.0698,2153.96,307.413
6.621,0.1104,71.6085,30.0156,2149.37,307.538
6.623,0.1104,71.5849,30.0219,2149.11,307.662
6.625,0.1104,71.5613,30.0174,2148.08,307.787
6.627,0.1104,71.5377,30.0232,2147.79,307.912
6.629,0.1105,71.5141,30.0285,2147.46,308.037
6.630,0.1105,71.4905,30.0121,2145.58,308.161
6.632,0.1105,71.467,30.0173,2145.25,308.286
6.634,0.1106,71.4434,29.983,2142.09,308.411
6.636,0.1106,71.4199,29.9452,2138.68,308.536
6.638,0.1106,71.3964,29.9512,2138.41,308.661
6.639,0.1107,71.3729,29.9729,2139.25,308.786
6.641,0.1107,71.3494,29.9789,2138.98,308.911
6.643,0.1107,71.326,29.9851,2138.72,309.036
6.645,0.1107,71.3026,29.9599,2136.22,309.16
6.647,0.1108,71.2792,29.9669,2136.02,309.285
6.648,0.1108,71.2559,29.9728,2135.74,309.41
6.650,0.1108,71.2326,29.9808,2135.61,309.535
6.652,0.1109,71.2093,29.9443,2132.31,309.66
6.654,0.1109,71.1861,29.9494,2131.98,309.785
6.656,0.1109,71.1629,29.9582,2131.91,309.911
6.657,0.1110,71.1397,29.9637,2131.61,310.036
6.659,0.1110,71.1166,29.9724,2131.53,310.161
6.661,0.1110,71.0935,29.9486,2129.15,310.286
6.663,0.1110,71.0704,29.9579,2129.12,310.411
6.665,0.1111,71.0474,29.9587,2128.49,310.536
6.666,0.1111,71.0243,29.9665,2128.35,310.661
6.668,0.1111,71.0013,29.9749,2128.26,310.786
6.670,0.1112,70.9783,29.9816,2128.04,310.912
6.672,0.1112,70.9553,29.9913,2128.04,311.037
6.674,0.1112,70.9323,29.9967,2127.74,311.162
6.675,0.1113,70.9094,30.0079,2127.84,311.287
6.677,0.1113,70.8864,29.9864,2125.63,311.413
6.679,0.1113,70.8634,29.9969,2125.68,311.538
6.681,0.1113,70.8404,29.9524,2121.84,311.663
6.683,0.1114,70.8174,29.9078,2118,311.788
6.684,0.1114,70.7945,29.8712,2114.71,311.913
6.686,0.1114,70.7715,29.88,2114.65,312.038
6.688,0.1115,70.7486,29.889,2114.6,312.164
6.690,0.1115,70.7256,29.8983,2114.58,312.289
6.692,0.1115,70.7026,29.8569,2110.96,312.414
6.694,0.1116,70.6797,29.8672,2111,312.539
6.695,0.1116,70.6567,29.803,2105.79,312.665
6.697,0.1116,70.6338,29.8125,2105.77,312.79
6.699,0.1116,70.6108,29.6933,2096.67,312.915
6.701,0.1117,70.5879,29.715,2097.52,313.041
6.703,0.1117,70.5649,29.7253,2097.57,313.166
6.704,0.1117,70.542,29.7246,2096.83,313.291
6.706,0.1118,70.519,29.7354,2096.91,313.417
6.708,0.1118,70.4961,29.6854,2092.7,313.542
6.710,0.1118,70.4732,29.719,2094.39,313.668
6.712,0.1119,70.4503,29.7723,2097.47,313.793
6.713,0.1119,70.4274,29.7846,2097.65,313.919
6.715,0.1119,70.4045,29.7886,2097.25,314.044
6.717,0.1119,70.3817,29.801,2097.45,314.169
6.719,0.1120,70.3588,29.8039,2096.97,314.295
6.721,0.1120,70.3361,29.8164,2097.17,314.42
6.722,0.1120,70.3133,29.818,2096.6,314.546
6.724,0.1121,70.2905,29.8308,2096.82,314.671
6.726,0.1121,70.2678,29.7111,2087.73,314.797
6.728,0.1121,70.2451,29.7197,2087.66,314.922
6.730,0.1122,70.2224,29.7237,2087.27,315.047
6.731,0.1122,70.1998,29.7342,2087.33,315.173
6.733,0.1122,70.1772,29.7356,2086.76,315.298
6.735,0.1123,70.1547,29.7401,2086.41,315.424
6.737,0.1123,70.1322,29.7079,2083.48,315.549
6.739,0.1123,70.1098,29.7186,2083.57,315.675
6.740,0.1123,70.0873,29.7204,2083.02,315.8
6.742,0.1124,70.065,29.7352,2083.4,315.926
6.744,0.1124,70.0426,29.7341,2082.65,316.051
6.746,0.1124,70.0203,29.7535,2083.35,316.177
6.748,0.1125,69.998,29.7495,2082.4,316.302
6.749,0.1125,69.9758,29.7737,2083.44,316.428
6.751,0.1125,69.9536,29.7824,2083.38,316.553
6.753,0.1126,70.0379,29.7792,2085.68,316.679
6.755,0.1126,70.0154,29.7528,2083.15,316.804
6.757,0.1126,69.9929,29.7606,2083.03,316.93
6.758,0.1126,69.9704,29.7733,2083.25,317.055
6.760,0.1127,69.948,29.7808,2083.1,317.18
6.762,0.1127,69.9255,29.8154,2084.86,317.306
6.764,0.1127,69.9031,29.8254,2084.89,317.432
6.766,0.1128,69.8807,29.8369,2085.03,317.557
6.768,0.1128,69.8583,29.8458,2084.98,317.683
6.769,0.1128,69.8359,29.8586,2085.2,317.808
6.771,0.1129,69.8135,29.8674,2085.15,317.934
6.773,0.1129,69.7912,29.8549,2083.61,318.059
6.775,0.1129,69.7689,29.8641,2083.59,318.185
6.777,0.1129,69.7465,29.8442,2081.53,318.311
6.778,0.1130,69.7243,29.8029,2077.99,318.436
6.780,0.1130,69.702,29.8123,2077.98,318.562
6.782,0.1130,69.6797,29.7742,2074.66,318.688
6.784,0.1131,73.068,29.7539,2174.05,318.813
6.786,0.1131,73.0451,29.7685,2174.44,318.939
6.787,0.1131,73.0221,29.7574,2172.95,319.065
6.789,0.1132,72.9993,29.7865,2174.39,319.191
6.791,0.1132,72.9763,29.7713,2172.6,319.316
6.793,0.1132,72.9535,29.8046,2174.35,319.442
6.795,0.1132,72.9306,29.7854,2172.27,319.568
6.796,0.1133,72.9079,29.8067,2173.15,319.694
6.798,0.1133,72.885,29.9003,2179.28,319.819
6.800,0.1133,72.8623,29.9353,2181.15,319.945
6.802,0.1134,72.8395,29.8983,2177.78,320.071
6.804,0.1134,72.8168,29.9453,2180.52,320.197
6.805,0.1134,72.794,29.9216,2178.11,320.323
6.807,0.1135,72.7714,29.9684,2180.85,320.449
6.809,0.1135,72.7487,29.9402,2178.11,320.575
6.811,0.1135,72.7261,29.9927,2181.25,320.701
6.813,0.1135,72.7034,29.9603,2178.22,320.826
6.814,0.1136,72.6809,29.9913,2179.8,320.952
6.816,0.1136,72.6583,29.9339,2174.95,321.078
6.818,0.1136,72.6358,30.0058,2179.49,321.204
6.820,0.1137,72.6132,29.9556,2175.17,321.33
6.822,0.1137,72.5908,30.0073,2178.25,321.456
6.823,0.1137,72.5682,29.9456,2173.1,321.582
6.825,0.1138,72.5457,29.9563,2173.2,321.708
6.827,0.1138,72.5232,29.9669,2173.29,321.834
6.829,0.1138,72.5007,29.9773,2173.37,321.96
6.831,0.1138,72.4782,29.9873,2173.42,322.085
6.832,0.1139,72.4558,29.9971,2173.47,322.211
6.834,0.1139,72.4333,29.9717,2170.95,322.337
6.836,0.1139,72.4109,29.981,2170.95,322.463
6.838,0.1140,72.3885,30.0236,2173.36,322.589
6.840,0.1140,72.3661,29.9911,2170.34,322.715
6.841,0.1140,72.3437,29.9989,2170.23,322.841
6.843,0.1141,72.3213,30.0068,2170.13,322.967
6.845,0.1141,72.299,29.9494,2165.31,323.093
6.847,0.1141,72.2767,29.9235,2162.77,323.219
6.849,0.1141,72.2543,29.8152,2154.28,323.344
6.851,0.1142,72.232,29.8233,2154.2,323.47
6.852,0.1142,72.2097,29.8315,2154.13,323.596
6.854,0.1142,72.1875,29.8399,2154.07,323.722
6.856,0.1143,72.1652,29.8486,2154.03,323.848
6.858,0.1143,72.143,29.8209,2151.37,323.974
6.860,0.1143,72.1207,29.8322,2151.52,324.1
6.861,0.1144,72.0986,29.7273,2143.29,324.226
6.863,0.1144,72.0764,29.7424,2143.72,324.352
6.865,0.1144,72.0542,29.7493,2143.56,324.477
6.867,0.1144,72.0321,29.7656,2144.08,324.603
6.869,0.1145,72.01,29.7111,2139.5,324.729
6.870,0.1145,71.988,29.7296,2140.17,324.855
6.872,0.1145,71.9659,29.7342,2139.85,324.981
6.874,0.1146,71.9439,29.754,2140.62,325.107
6.876,0.1146,71.9219,29.7583,2140.27,325.233
6.878,0.1146,71.9,29.7785,2141.07,325.359
6.879,0.1147,71.878,29.7831,2140.75,325.485
6.881,0.1147,71.8561,29.8028,2141.51,325.611
6.883,0.1147,71.8342,29.8083,2141.25,325.737
6.885,0.1147,71.8123,29.8281,2142.02,325.863
6.887,0.1148,71.7904,29.808,2139.93,325.99
6.888,0.1148,71.7686,29.8346,2141.18,326.116
6.890,0.1148,71.7468,29.7831,2136.84,326.242
6.892,0.1149,71.7249,29.8007,2137.45,326.368
6.894,0.1149,71.7032,29.7974,2136.57,326.494
6.896,0.1149,71.6814,29.7743,2134.27,326.62
6.897,0.1150,71.6596,29.7848,2134.37,326.747
6.899,0.1150,71.6378,29.7364,2130.25,326.873
6.901,0.1150,71.6161,29.7591,2131.23,326.999
6.903,0.1150,71.5944,29.7697,2131.34,327.125
6.905,0.1151,71.5728,29.78,2131.44,327.251
6.906,0.1151,71.5512,29.7905,2131.54,327.377
6.908,0.1151,71.5296,29.8009,2131.64,327.504
6.910,0.1152,71.508,29.7656,2128.48,327.63
6.912,0.1152,71.4865,29.7762,2128.6,327.756
6.914,0.1152,71.4651,29.7672,2127.31,327.882
6.915,0.1153,71.4436,29.7756,2127.28,328.009
6.917,0.1153,71.4222,29.7888,2127.59,328.135
6.919,0.1153,71.4009,29.8914,2134.28,328.261
6.921,0.1153,71.3795,29.8549,2131.03,328.387
6.923,0.1154,71.3582,29.8637,2131.02,328.513
6.924,0.1154,71.337,29.8771,2131.34,328.64
6.926,0.1154,71.3157,29.8856,2131.31,328.766
6.928,0.1155,71.2945,29.8999,2131.7,328.892
6.930,0.1155,71.2733,29.9082,2131.66,329.018
6.932,0.1155,71.2521,29.9234,2132.11,329.145
6.934,0.1156,71.231,29.9315,2132.05,329.271
6.935,0.1156,71.2099,29.9473,2132.55,329.397
6.937,0.1156,71.1888,29.9552,2132.47,329.524
6.939,0.1156,71.1677,29.9542,2131.77,329.65
6.941,0.1157,71.1467,29.9625,2131.73,329.776
6.943,0.1157,71.1256,29.978,2132.2,329.902
6.944,0.1157,71.1046,29.9858,2132.13,330.029
6.946,0.1158,71.0835,30.0014,2132.6,330.155
6.948,0.1158,71.0625,30.0085,2132.48,330.281
6.950,0.1158,71.0414,29.9861,2130.26,330.407
6.952,0.1159,71.0205,29.9963,2130.36,330.534
6.953,0.1159,70.9995,30.007,2130.48,330.66
6.955,0.1159,71.3528,29.9503,2137.04,330.786
6.957,0.1159,71.3313,29.9526,2136.56,330.913
6.959,0.1160,71.3099,29.9693,2137.11,331.039
6.961,0.1160,71.2885,29.9709,2136.58,331.165
6.962,0.1160,71.2672,29.909,2131.53,331.292
6.964,0.1161,71.2458,29.909,2130.89,331.418
6.966,0.1161,71.2245,29.9239,2131.31,331.544
6.968,0.1161,71.2032,29.9166,2130.16,331.671
6.970,0.1162,71.1818,29.9231,2129.98,331.797
6.971,0.1162,71.1605,29.931,2129.9,331.923
6.973,0.1162,71.1392,29.9361,2129.63,332.049
6.975,0.1162,71.118,29.9483,2129.87,332.176
6.977,0.1163,71.0967,29.9542,2129.64,332.302
6.979,0.1163,71.0755,29.9622,2129.58,332.428
6.980,0.1163,71.0543,29.9674,2129.31,332.554
6.982,0.1164,71.0331,29.9736,2129.12,332.681
6.984,0.1164,71.0119,29.9785,2128.83,332.807
6.986,0.1164,70.9908,29.9839,2128.58,332.933
6.988,0.1165,70.9697,29.998,2128.95,333.059
6.989,0.1165,70.9487,29.9997,2128.44,333.186
6.991,0.1165,70.9276,30.0075,2128.36,333.312
6.993,0.1166,70.9066,30.0077,2127.74,333.438
6.995,0.1166,70.8856,30.0166,2127.75,333.565
6.997,0.1166,70.8646,30.0154,2127.03,333.691
6.998,0.1166,70.8436,29.9811,2123.97,333.817
7.000,0.1167,70.8227,29.9377,2120.27,333.944
7.002,0.1167,70.8018,29.949,2120.44,334.07
7.004,0.1167,70.7809,29.9394,2119.13,334.197
7.006,0.1168,70.76,29.9439,2118.83,334.323
7.007,0.1168,70.7391,29.9403,2117.95,334.45
7.009,0.1168,70.7183,29.9543,2118.32,334.576
7.011,0.1169,70.6975,29.9501,2117.39,334.703
7.013,0.1169,70.6767,29.9279,2115.2,334.829
7.015,0.1169,70.6558,29.9235,2114.27,334.956
7.016,0.1169,70.6351,29.941,2114.89,335.082
7.018,0.1170,70.6142,29.8648,2108.88,335.209
7.020,0.1170,70.5935,29.8808,2109.39,335.335
7.022,0.1170,70.5726,29.834,2105.47,335.462
7.024,0.1171,70.5519,29.8015,2102.55,335.588
7.025,0.1171,70.531,29.7672,2099.51,335.715
7.027,0.1171,70.5103,29.7459,2097.39,335.841
7.029,0.1172,70.4894,29.7453,2096.73,335.968
7.031,0.1172,70.4687,29.7539,2096.71,336.094
7.033,0.1172,70.4478,29.7518,2095.95,336.221
7.035,0.1172,70.4271,29.7611,2095.99,336.348
7.036,0.1173,70.4062,29.7574,2095.1,336.474
7.038,0.1173,70.3854,29.7678,2095.22,336.601
7.040,0.1173,70.3645,29.7712,2094.83,336.727
7.042,0.1174,70.3436,29.773,2094.34,336.854
7.044,0.1174,70.3227,29.7749,2093.85,336.98
7.045,0.1174,70.3017,29.7766,2093.34,337.107
7.047,0.1175,70.2808,29.757,2091.34,337.233
7.049,0.1175,70.2598,29.7581,2090.8,337.36
7.051,0.1175,70.2389,29.7595,2090.27,337.486
7.053,0.1175,70.2179,29.7606,2089.73,337.613
7.054,0.1176,73.7972,29.6826,2190.49,337.739
7.056,0.1176,73.7755,29.6839,2189.95,337.866
7.058,0.1176,73.7539,29.4659,2173.22,337.992
7.060,0.1177,73.7323,29.4664,2172.62,338.119
7.062,0.1177,73.7106,29.4352,2169.69,338.245
7.063,0.1177,73.689,29.436,2169.11,338.372
7.065,0.1178,73.6673,29.4374,2168.57,338.499
7.067,0.1178,73.6457,29.4385,2168.02,338.625
7.069,0.1178,73.624,29.4402,2167.5,338.752
7.071,0.1178,73.6024,29.4116,2164.76,338.878
7.072,0.1179,73.5807,29.4137,2164.28,339.005
7.074,0.1179,73.5591,29.4156,2163.78,339.131
7.076,0.1179,73.5374,29.3059,2155.08,339.258
7.078,0.1180,73.5158,29.3093,2154.69,339.385
7.080,0.1180,73.4942,29.3035,2153.64,339.511
7.081,0.1180,73.4726,29.3108,2153.54,339.638
7.083,0.1181,73.451,29.3042,2152.42,339.764
7.085,0.1181,73.4295,29.3154,2152.61,339.891
7.087,0.1181,73.4079,29.3046,2151.19,340.017
7.089,0.1181,73.3864,29.4,2157.56,340.144
7.090,0.1182,73.3649,29.4087,2157.56,340.271
7.092,0.1182,73.3434,29.3932,2155.8,340.397
7.094,0.1182,73.3219,29.3321,2150.69,340.524
7.096,0.1183,73.3005,29.325,2149.54,340.65
7.098,0.1183,73.2791,29.239,2142.6,340.777
7.099,0.1183,73.2577,29.2654,2143.92,340.903
7.101,0.1184,73.2363,29.2389,2141.35,341.03
7.103,0.1184,73.215,29.2955,2144.87,341.157
7.105,0.1184,73.1937,29.2634,2141.9,341.283
7.107,0.1184,73.1724,29.3008,2144.01,341.41
7.108,0.1185,73.1511,29.2627,2140.6,341.537
7.110,0.1185,73.1299,29.3063,2143.17,341.663
7.112,0.1185,73.1087,29.3061,2142.53,341.79
7.114,0.1186,73.0875,29.3059,2141.9,341.917
7.116,0.1186,73.0663,29.3059,2141.27,342.044
7.117,0.1186,73.0452,29.3059,2140.65,342.17
7.119,0.1187,73.0241,29.2925,2139.06,342.297
7.121,0.1187,73.0029,29.2677,2136.63,342.424
7.123,0.1187,72.9818,29.2688,2136.09,342.551
7.125,0.1187,72.9608,29.2699,2135.56,342.678
7.126,0.1188,72.9397,29.2714,2135.05,342.804
7.128,0.1188,72.9186,29.235,2131.77,342.931
7.130,0.1188,72.8976,29.2369,2131.3,343.058
7.132,0.1189,72.8765,29.2415,2131.02,343.185
7.134,0.1189,72.8554,29.2414,2130.39,343.312
7.135,0.1189,72.8343,29.2491,2130.34,343.439
7.137,0.1190,72.8132,29.2337,2128.6,343.565
7.139,0.1190,72.7922,29.2454,2128.84,343.692
7.141,0.1190,72.771,29.2401,2127.83,343.819
7.143,0.1190,72.7499,29.2559,2128.36,343.946
7.144,0.1191,72.7288,29.2476,2127.14,344.073
7.146,0.1191,72.7076,29.2788,2128.79,344.199
7.148,0.1191,72.6864,29.2674,2127.34,344.326
7.150,0.1192,72.6652,29.2538,2125.73,344.453
7.152,0.1192,72.644,29.2383,2123.98,344.58
7.154,0.1192,72.6227,29.2688,2125.58,344.707
7.155,0.1193,72.6015,29.2492,2123.53,344.833
7.157,0.1193,72.5802,29.2572,2123.49,344.96
7.159,0.1193,72.5589,29.2321,2121.05,345.087
7.161,0.1193,72.5376,29.2743,2123.48,345.214
7.163,0.1194,72.5162,29.2449,2120.73,345.341
7.164,0.1194,72.4949,29.2922,2123.54,345.468
7.166,0.1194,72.4735,29.2589,2120.5,345.594
7.168,0.1195,72.4522,29.3144,2123.89,345.721
7.170,0.1195,72.4309,29.2761,2120.49,345.848
7.172,0.1195,72.4095,29.2809,2120.22,345.975
7.173,0.1196,72.3882,29.2158,2114.88,346.102
7.175,0.1196,72.3669,29.2866,2119.38,346.229
7.177,0.1196,72.3455,29.3256,2121.58,346.355
7.179,0.1196,72.3242,29.3908,2125.67,346.482
7.181,0.1197,72.303,29.3422,2121.53,346.609
7.182,0.1197,72.2817,29.3923,2124.52,346.736
7.184,0.1197,72.2605,29.3798,2123,346.863
7.186,0.1198,72.2393,29.3662,2121.39,346.99
7.188,0.1198,72.2181,29.3723,2121.21,347.117
7.190,0.1198,72.197,29.3347,2117.88,347.244
7.191,0.1199,72.1759,29.3391,2117.57,347.37
7.193,0.1199,72.1548,29.3378,2116.87,347.497
7.195,0.1199,72.1338,29.3431,2116.63,347.624
7.197,0.1199,72.1128,29.3544,2116.83,347.751
7.199,0.1200,72.0918,29.3577,2116.45,347.878
7.200,0.1200,72.0709,29.3703,2116.74,348.005
7.202,0.1200,72.05,29.3302,2113.24,348.132
7.204,0.1201,72.0291,29.2647,2107.91,348.259
7.206,0.1201,72.0082,29.2593,2106.91,348.386
7.208,0.1201,71.9875,29.2788,2107.71,348.512
7.209,0.1202,71.9667,29.2285,2103.48,348.639
7.211,0.1202,71.9459,29.2504,2104.44,348.766
7.213,0.1202,71.9251,29.2389,2103.01,348.893
7.215,0.1202,71.9045,29.2634,2104.17,349.02
7.217,0.1203,71.8837,29.249,2102.53,349.147
7.218,0.1203,71.8631,29.2759,2103.86,349.274
7.220,0.1203,71.8423,29.259,2102.03,349.401
7.222,0.1204,71.8217,29.2532,2101.01,349.528
7.224,0.1204,71.801,29.2359,2099.16,349.655
7.226,0.1204,71.7803,29.23,2098.14,349.782
7.227,0.1205,71.7596,29.2069,2095.87,349.909
7.229,0.1205,71.739,29.241,2097.72,350.036
7.231,0.1205,71.7183,29.2166,2095.36,350.163
7.233,0.1205,71.6976,29.2323,2095.89,350.291
7.235,0.1206,71.6769,29.1837,2091.8,350.418
7.236,0.1206,71.6562,29.2175,2093.62,350.545
7.238,0.1206,71.6355,29.1931,2091.26,350.672
7.240,0.1207,71.6148,29.2294,2093.26,350.799
7.242,0.1207,71.5941,29.2026,2090.73,350.926
7.244,0.1207,71.5734,29.2407,2092.85,351.053
7.245,0.1208,71.5527,29.2113,2090.14,351.18
7.247,0.1208,71.532,29.2515,2092.42,351.308
7.249,0.1208,71.5113,29.2201,2089.57,351.435
7.251,0.1208,71.4905,29.2503,2091.12,351.562
7.253,0.1209,71.4698,29.1683,2084.66,351.689
7.254,0.1209,71.449,29.1974,2086.12,351.816
7.256,0.1209,71.4283,29.201,2085.78,351.943
7.258,0.1210,71.4076,29.2046,2085.43,352.07
7.260,0.1210,71.3869,29.2006,2084.54,352.197
7.262,0.1210,71.3661,29.205,2084.25,352.324
7.263,0.1211,71.3454,29.1971,2083.08,352.451
7.265,0.1211,71.3246,29.2022,2082.84,352.579
7.267,0.1211,71.3039,29.2078,2082.63,352.706
7.269,0.1211,71.2831,29.2132,2082.41,352.833
7.271,0.1212,71.2623,29.22,2082.29,352.96
7.272,0.1212,71.2415,29.2261,2082.11,353.087
7.274,0.1212,71.2207,29.2327,2081.98,353.214
7.276,0.1213,71.1999,29.2391,2081.82,353.341
7.278,0.1213,71.1791,29.246,2081.71,353.468
7.280,0.1213,71.1583,29.2527,2081.57,353.595
7.281,0.1214,71.1374,29.2312,2079.43,353.722
7.283,0.1214,71.1166,29.1842,2075.48,353.849
7.285,0.1214,71.0957,29.0501,2065.34,353.976
7.287,0.1214,71.0749,29.0196,2062.57,354.103
7.289,0.1215,71.054,28.9614,2057.82,354.23
7.290,0.1215,71.0331,28.9693,2057.78,354.358
7.292,0.1215,71.0123,28.9776,2057.77,354.485
7.294,0.1216,70.9914,28.9856,2057.73,354.612
7.296,0.1216,70.9705,28.9939,2057.71,354.739
7.298,0.1216,70.9496,29.0021,2057.69,354.866
7.299,0.1217,70.9287,29.0101,2057.65,354.993
7.301,0.1217,70.9079,29.0284,2058.34,355.121
7.303,0.1217,70.887,29.0329,2058.05,355.248
7.305,0.1217,70.8661,29.0455,2058.35,355.375
7.307,0.1218,70.8453,29.0482,2057.93,355.502
7.308,0.1218,70.8244,29.0631,2058.38,355.63
7.310,0.1218,70.8036,29.0481,2056.71,355.757
7.312,0.1219,70.7828,29.0627,2057.14,355.884
7.314,0.1219,70.762,29.0205,2053.55,356.011
7.316,0.1219,70.7413,29.0375,2054.15,356.138
7.318,0.1220,70.7205,29.0401,2053.73,356.266
7.319,0.1220,70.6998,29.0705,2055.28,356.393
7.321,0.1220,70.6791,29.0555,2053.62,356.52
7.323,0.1220,70.6585,29.0899,2055.45,356.647
7.325,0.1221,70.6378,29.0793,2054.09,356.775
7.327,0.1221,70.6172,29.1148,2056.01,356.902
7.328,0.1221,73.8661,29.1062,2149.96,357.029
7.330,0.1222,73.8449,29.1139,2149.91,357.156
7.332,0.1222,73.8238,29.1216,2149.86,357.284
7.334,0.1222,73.8026,29.0892,2146.86,357.411
7.336,0.1223,73.7815,29.0967,2146.8,357.538
7.337,0.1223,73.7604,29.1041,2146.73,357.666
7.339,0.1223,73.7393,29.1812,2151.8,357.793
7.341,0.1223,73.7183,29.178,2150.95,357.92
7.343,0.1224,73.6972,29.3258,2161.23,358.048
7.345,0.1224,73.6762,29.3326,2161.11,358.175
7.346,0.1224,73.6552,29.3393,2160.99,358.303
7.348,0.1225,73.6342,29.3489,2161.08,358.43
7.350,0.1225,73.6132,29.3373,2159.61,358.558
7.352,0.1225,73.5922,29.3501,2159.94,358.685
7.354,0.1226,73.5712,29.35,2159.31,358.812
7.355,0.1226,73.5503,29.2986,2154.92,358.94
7.357,0.1226,73.5293,29.2974,2154.22,359.067
7.359,0.1226,73.5084,29.3153,2154.92,359.195
7.361,0.1227,73.4875,29.3111,2154,359.322
7.363,0.1227,73.4665,29.3325,2154.96,359.45
7.364,0.1227,73.4456,29.3252,2153.8,359.577
7.366,0.1228,73.4247,29.2882,2150.48,359.704
7.368,0.1228,73.4038,29.2595,2147.76,359.832
7.370,0.1228,73.3829,29.2507,2146.5,359.959
7.372,0.1229,73.362,29.2279,2144.22,360.086
7.373,0.1229,73.3411,29.2634,2146.21,360.214
7.375,0.1229,73.3202,29.2426,2144.07,360.341
7.377,0.1229,73.2994,29.2257,2142.22,360.468
7.379,0.1230,73.2785,29.207,2140.25,360.596
7.381,0.1230,73.2577,29.1869,2138.16,360.723
7.382,0.1230,73.2368,29.1691,2136.25,360.85
7.384,0.1231,73.216,29.2084,2138.52,360.977
7.386,0.1231,73.1951,29.1046,2130.32,361.105
7.388,0.1231,73.1743,29.1043,2129.69,361.232
7.390,0.1232,73.1535,29.077,2127.08,361.359
7.391,0.1232,73.1327,29.1279,2130.2,361.486
7.393,0.1232,73.1119,29.0968,2127.33,361.614
7.395,0.1232,73.0912,29.1519,2130.75,361.741
7.397,0.1233,73.0705,29.1172,2127.6,361.868
7.399,0.1233,73.0498,29.1275,2127.76,361.996
7.400,0.1233,73.0291,29.0995,2125.11,362.123
7.402,0.1234,73.0084,29.1099,2125.27,362.25
7.404,0.1234,72.9877,29.1197,2125.38,362.378
7.406,0.1234,72.9671,29.1305,2125.57,362.505
7.408,0.1235,72.9465,29.1394,2125.62,362.632
7.409,0.1235,72.9259,29.151,2125.87,362.76
7.411,0.1235,72.9054,29.1232,2123.24,362.887
7.413,0.1235,72.8848,29.1347,2123.48,363.015
7.415,0.1236,72.8644,29.1416,2123.38,363.142
7.417,0.1236,72.8439,29.1552,2123.78,363.269
7.418,0.1236,72.8235,29.1695,2124.23,363.397
7.420,0.1237,72.803,29.0247,2113.09,363.524
7.422,0.1237,72.7827,29.0244,2112.48,363.652
7.424,0.1237,72.7623,29.035,2112.65,363.779
7.426,0.1238,72.742,29.0286,2111.59,363.907
7.427,0.1238,72.7216,29.0557,2112.98,364.034
7.429,0.1238,72.7013,29.0443,2111.56,364.162
7.431,0.1238,72.681,29.0766,2113.32,364.289
7.433,0.1239,72.6608,29.0599,2111.52,364.417
7.435,0.1239,72.6405,29.0842,2112.69,364.544
7.436,0.1239,72.6203,29.0479,2109.46,364.672
7.438,0.1240,72.6001,29.0931,2112.16,364.8
7.440,0.1240,72.5799,29.0743,2110.21,364.927
7.442,0.1240,72.5597,29.1287,2113.57,365.055
7.444,0.1241,72.5395,29.091,2110.25,365.182
7.445,0.1241,72.5194,29.151,2114.02,365.31
7.447,0.1241,72.4993,29.108,2110.31,365.437
7.449,0.1241,72.4792,29.1728,2114.42,365.565
7.451,0.1242,72.4591,29.084,2107.4,365.692
7.453,0.1242,72.4391,29.132,2110.3,365.82
7.454,0.1242,72.4191,29.0853,2106.33,365.948
7.456,0.1243,72.3991,29.1005,2106.85,366.075
7.458,0.1243,72.3791,29.0318,2101.3,366.203
7.460,0.1243,72.3592,29.0489,2101.95,366.33
7.462,0.1244,72.3393,28.9883,2096.99,366.458
7.463,0.1244,72.3194,29.0372,2099.95,366.586
7.465,0.1244,72.2995,29.001,2096.75,366.713
7.467,0.1244,72.2797,29.0342,2098.59,366.841
7.469,0.1245,72.2598,28.9924,2094.99,366.968
7.471,0.1245,72.2401,29.0484,2098.46,367.096
7.472,0.1245,72.2203,29.0537,2098.27,367.224
7.474,0.1246,72.2005,29.0589,2098.07,367.351
7.476,0.1246,72.1807,29.0642,2097.87,367.479
7.478,0.1246,72.1609,29.0745,2098.04,367.606
7.480,0.1247,72.1411,29.0798,2097.85,367.734
7.481,0.1247,72.1213,29.0848,2097.64,367.861
7.483,0.1247,72.1015,29.0902,2097.45,367.989
7.485,0.1247,72.0817,29.0953,2097.24,368.116
7.487,0.1248,72.0619,29.0636,2094.38,368.243
7.489,0.1248,72.0421,29.069,2094.19,368.371
7.490,0.1248,72.0223,29.0771,2094.2,368.498
7.492,0.1249,72.0024,29.0823,2094,368.626
7.494,0.1249,71.9826,29.0322,2089.81,368.753
7.496,0.1249,71.9627,29.0382,2089.67,368.881
7.498,0.1250,71.9429,29.0442,2089.52,369.008
7.499,0.1250,71.923,29.0498,2089.35,369.136
7.501,0.1250,71.9031,29.0558,2089.2,369.263
7.503,0.1250,71.8833,29.0389,2087.41,369.391
7.505,0.1251,71.8634,29.0418,2087.05,369.518
7.507,0.1251,71.8435,29.0479,2086.9,369.646
7.508,0.1251,71.8237,29.0542,2086.78,369.773
7.510,0.1252,71.8039,29.0376,2085.02,369.901
7.512,0.1252,71.784,29.0456,2085.01,370.029
7.514,0.1252,71.7642,29.0471,2084.55,370.156
7.516,0.1253,71.7445,29.0591,2084.83,370.284
7.517,0.1253,71.7247,29.0604,2084.35,370.412
7.519,0.1253,71.705,29.0686,2084.36,370.54
7.521,0.1253,71.6853,29.0701,2083.9,370.667
7.523,0.1254,71.6656,29.0788,2083.95,370.795
7.525,0.1254,71.646,29.0809,2083.53,370.923
7.526,0.1254,71.8766,29.0712,2089.54,371.051
7.528,0.1255,71.8569,29.0762,2089.33,371.179
7.530,0.1255,71.8372,29.0823,2089.19,371.307
7.532,0.1255,71.8176,29.0899,2089.17,371.435
7.534,0.1256,71.798,29.0815,2087.99,371.562
7.535,0.1256,71.7784,29.086,2087.74,371.69
7.537,0.1256,71.7588,29.0836,2087,371.818
7.539,0.1256,71.7393,29.0242,2082.17,371.946
7.541,0.1257,71.7197,29.0207,2081.36,372.074
7.543,0.1257,71.7003,29.041,2082.25,372.202
7.544,0.1257,71.6808,29.0539,2082.6,372.33
7.546,0.1258,71.6613,29.0095,2078.86,372.457
7.548,0.1258,71.6419,29.018,2078.91,372.585
7.550,0.1258,71.6225,29.027,2078.99,372.713
7.552,0.1259,71.6032,29.0358,2079.05,372.841
7.553,0.1259,71.5839,28.9936,2075.48,372.969
7.555,0.1259,71.5645,29.0025,2075.55,373.097
7.557,0.1259,71.5453,29.0131,2075.75,373.224
7.559,0.1260,71.526,29.022,2075.83,373.352
7.561,0.1260,71.5068,29.0309,2075.91,373.48
7.562,0.1260,71.4875,29.0394,2075.95,373.608
7.564,0.1261,71.4683,28.9958,2072.28,373.736
7.566,0.1261,71.4491,29.0055,2072.42,373.864
7.568,0.1261,71.4299,29.0086,2072.08,373.992
7.570,0.1262,71.4108,29.0192,2072.29,374.12
7.571,0.1262,71.3916,29.0299,2072.49,374.248
7.573,0.1262,71.3724,29.0043,2070.11,374.375
7.575,0.1262,71.3533,29.0007,2069.29,374.503
7.577,0.1263,71.3341,29.0145,2069.73,374.631
7.579,0.1263,71.315,29.0089,2068.77,374.759
7.580,0.1263,71.2958,28.9549,2064.36,374.887
7.582,0.1264,71.2767,28.9552,2063.83,375.015
7.584,0.1264,71.2575,28.9584,2063.51,375.143
7.586,0.1264,71.2384,28.9416,2061.75,375.271
7.587,0.1265,71.2192,29.0756,2070.74,375.399
7.589,0.1265,71.2001,29.016,2065.94,375.527
7.591,0.1265,71.1809,29.0312,2066.47,375.655
7.593,0.1265,71.1617,29.0176,2064.94,375.783
7.595,0.1266,71.1425,29.0072,2063.64,375.911
7.596,0.1266,71.1234,28.9975,2062.4,376.039
7.598,0.1266,71.1042,29.0042,2062.32,376.166
7.600,0.1267,74.1757,28.9799,2149.6,376.294
7.602,0.1267,74.1558,28.9844,2149.36,376.422
7.604,0.1267,74.1359,28.9825,2148.64,376.55
7.605,0.1268,74.1161,28.9861,2148.34,376.678
7.607,0.1268,74.0962,28.9938,2148.33,376.806
7.609,0.1268,74.0764,29,2148.22,376.934
7.611,0.1268,74.0566,29.0003,2147.66,377.062
7.613,0.1269,74.0369,29.0072,2147.6,377.19
7.614,0.1269,74.0171,29.0089,2147.16,377.318
7.616,0.1269,73.9975,29.0138,2146.95,377.446
7.618,0.1270,73.9778,29.0196,2146.81,377.574
7.620,0.1270,73.9581,29.0259,2146.7,377.702
7.622,0.1270,73.9385,29.084,2150.43,377.83
7.623,0.1271,73.9189,29.089,2150.22,377.958
7.625,0.1271,73.8993,29.0995,2150.43,378.086
7.627,0.1271,73.8797,29.1043,2150.21,378.214
7.629,0.1271,73.8602,28.9518,2138.38,378.342
7.631,0.1272,73.8406,28.9266,2135.95,378.47
7.632,0.1272,73.8211,28.9426,2136.57,378.598
7.634,0.1272,73.8016,28.9019,2133.01,378.726
7.636,0.1273,73.7822,28.9215,2133.89,378.855
7.638,0.1273,73.7627,28.9177,2133.05,378.983
7.640,0.1273,73.7433,28.9464,2134.61,379.111
7.641,0.1274,73.7239,28.9088,2131.27,379.239
7.643,0.1274,73.7046,28.9294,2132.23,379.368
7.645,0.1274,73.6852,28.9278,2131.55,379.496
7.647,0.1274,73.6659,28.909,2129.6,379.624
7.649,0.1275,73.6465,28.8849,2127.27,379.753
7.650,0.1275,73.6273,28.9149,2128.93,379.881
7.652,0.1275,73.608,28.9151,2128.38,380.009
7.654,0.1276,73.5887,28.9367,2129.41,380.138
7.656,0.1276,73.5694,28.9243,2127.95,380.266
7.658,0.1276,73.5502,28.9422,2128.7,380.394
7.659,0.1277,73.5309,28.9109,2125.85,380.523
7.661,0.1277,73.5117,28.9411,2127.51,380.651
7.663,0.1277,73.4925,28.918,2125.25,380.779
7.665,0.1277,73.4732,28.9148,2124.46,380.908
7.667,0.1278,73.454,28.9161,2124,381.036
7.668,0.1278,73.4347,28.9432,2125.44,381.165
7.670,0.1278,73.4155,28.9222,2123.34,381.293
7.672,0.1279,73.3962,28.9534,2125.07,381.422
7.674,0.1279,73.3769,28.9283,2122.67,381.55
7.676,0.1279,73.3576,28.9184,2121.39,381.678
7.677,0.1280,73.3382,28.8845,2118.34,381.807
7.679,0.1280,73.3189,28.9299,2121.11,381.935
7.681,0.1280,73.2995,28.8822,2117.05,382.064
7.683,0.1280,73.2801,28.9349,2120.35,382.193
7.685,0.1281,73.2607,28.8819,2115.91,382.321
7.686,0.1281,73.2413,28.9371,2119.39,382.45
7.688,0.1281,73.2219,28.9416,2119.16,382.578
7.690,0.1282,73.2024,28.9461,2118.93,382.707
7.692,0.1282,73.183,28.9506,2118.69,382.835
7.694,0.1282,73.1635,28.9551,2118.46,382.964
7.695,0.1283,73.144,28.9596,2118.22,383.092
7.697,0.1283,73.1245,28.964,2117.98,383.221
7.699,0.1283,73.105,28.9685,2117.74,383.349
7.701,0.1283,73.0854,28.9728,2117.49,383.478
7.702,0.1284,73.0659,28.9427,2114.72,383.606
7.704,0.1284,73.0464,28.947,2114.47,383.735
7.706,0.1284,73.0268,28.886,2109.45,383.864
7.708,0.1285,73.0072,28.8903,2109.2,383.992
7.710,0.1285,72.9877,28.8232,2103.74,384.121
7.711,0.1285,72.9681,28.8272,2103.47,384.249
7.713,0.1286,72.9485,28.7913,2100.28,384.378
7.715,0.1286,72.9289,28.7952,2100,384.506
7.717,0.1286,72.9093,28.7995,2099.76,384.635
7.719,0.1286,72.8898,28.7615,2096.42,384.763
7.720,0.1287,72.8702,28.7361,2094.01,384.892
7.722,0.1287,72.8506,28.7206,2092.31,385.021
7.724,0.1287,72.8311,28.7252,2092.08,385.149
7.726,0.1288,72.8115,28.7349,2092.23,385.278
7.728,0.1288,72.7919,28.7342,2091.62,385.407
7.729,0.1288,72.7724,28.7496,2092.18,385.535
7.731,0.1289,72.7528,28.7438,2091.19,385.664
7.733,0.1289,72.7333,28.7649,2092.17,385.793
7.735,0.1289,72.7137,28.7541,2090.82,385.921
7.737,0.1289,72.6942,28.7541,2090.26,386.05
7.738,0.1290,72.6747,28.7395,2088.63,386.179
7.740,0.1290,72.6552,28.7751,2090.66,386.308
7.742,0.1290,72.6357,28.7518,2088.4,386.436
7.744,0.1291,72.6163,28.7484,2087.6,386.565
7.746,0.1291,72.5968,28.7183,2084.85,386.694
7.747,0.1291,72.5774,28.7681,2087.92,386.823
7.749,0.1292,72.5579,28.7334,2084.83,386.952
7.751,0.1292,72.5386,28.7891,2088.32,387.081
7.753,0.1292,72.5192,28.7499,2084.92,387.209
7.755,0.1292,72.4999,28.8111,2088.8,387.338
7.756,0.1293,72.4806,28.7331,2082.59,387.467
7.758,0.1293,72.4613,28.828,2088.92,387.596
7.760,0.1293,72.442,28.8388,2089.14,387.725
7.762,0.1294,72.4228,28.8499,2089.39,387.854
7.764,0.1294,72.4036,28.8608,2089.62,387.983
7.765,0.1294,72.3844,28.872,2089.88,388.112
7.767,0.1295,72.3653,28.8615,2088.57,388.241
7.769,0.1295,72.3462,28.8731,2088.86,388.37
7.771,0.1295,72.3271,28.8509,2086.7,388.499
7.773,0.1295,72.308,28.8388,2085.28,388.628
7.774,0.1296,72.289,28.8487,2085.44,388.757
7.776,0.1296,72.27,28.8586,2085.61,388.886
7.778,0.1296,72.251,28.8679,2085.74,389.015
7.780,0.1297,72.2321,28.8815,2086.17,389.144
7.782,0.1297,72.2132,28.7836,2078.55,389.273
7.783,0.1297,72.1943,28.7429,2075.07,389.402
7.785,0.1298,72.1754,28.7463,2074.78,389.531
7.787,0.1298,72.1565,28.7636,2075.48,389.66
7.789,0.1298,72.1377,28.7852,2076.5,389.789
7.790,0.1298,72.1188,28.7812,2075.67,389.919
7.792,0.1299,72.1,28.774,2074.61,390.048
7.794,0.1299,72.0812,28.7971,2075.73,390.177
7.796,0.1299,72.0624,28.7853,2074.33,390.306
7.798,0.1300,72.0436,28.8104,2075.61,390.435
7.799,0.1300,72.0248,28.794,2073.88,390.564
7.801,0.1300,72.006,28.8214,2075.31,390.694
7.803,0.1301,71.9872,28.8003,2073.25,390.823
7.805,0.1301,71.9684,28.8302,2074.87,390.952
7.807,0.1301,71.9496,28.8047,2072.48,391.081
7.808,0.1301,71.9308,28.8374,2074.3,391.211
7.810,0.1302,71.912,28.8074,2071.6,391.34
7.812,0.1302,72.024,28.8255,2076.12,391.469
7.814,0.1302,72.0053,28.7984,2073.64,391.599
7.816,0.1303,71.9867,28.8573,2077.34,391.728
7.817,0.1303,71.968,28.8102,2073.41,391.857
7.819,0.1303,71.9494,28.8636,2076.72,391.986
7.821,0.1303,71.9307,28.8243,2073.35,392.116
7.823,0.1304,71.9121,28.8875,2077.36,392.245
7.825,0.1304,71.8933,28.8308,2072.74,392.374
7.826,0.1304,71.8747,28.8946,2076.79,392.503
7.828,0.1305,71.856,28.8176,2070.72,392.633
7.830,0.1305,71.8374,28.8658,2073.64,392.762
7.832,0.1305,71.8187,28.863,2072.9,392.891
7.834,0.1306,71.7999,28.8695,2072.83,393.02
7.835,0.1306,71.7812,28.8688,2072.24,393.15
7.837,0.1306,71.7626,28.8794,2072.46,393.279
7.839,0.1306,71.7439,28.8268,2068.15,393.408
7.841,0.1307,71.7253,28.7967,2065.45,393.537
7.843,0.1307,71.7067,28.7934,2064.68,393.667
7.844,0.1307,71.6881,28.8096,2065.31,393.796
7.846,0.1308,71.6696,28.8067,2064.56,393.925
7.848,0.1308,71.651,28.8289,2065.62,394.054
7.850,0.1308,71.6326,28.7903,2062.33,394.184
7.852,0.1309,71.6141,28.812,2063.35,394.313
7.853,0.1309,71.5957,28.8313,2064.19,394.442
7.855,0.1309,71.5773,28.8522,2065.16,394.572
7.857,0.1309,71.559,28.8292,2062.99,394.701
7.859,0.1310,71.5407,28.8561,2064.38,394.831
7.860,0.1310,71.5225,28.8425,2062.89,394.96
7.862,0.1310,71.5042,28.8788,2064.96,395.09
7.864,0.1311,71.486,28.8648,2063.43,395.219
7.866,0.1311,71.4678,28.8953,2065.09,395.349
7.868,0.1311,71.4497,28.8786,2063.37,395.478
7.869,0.1312,71.4316,28.9116,2065.2,395.608
7.871,0.1312,71.4135,28.8919,2063.27,395.737
7.873,0.1312,74.2425,28.9139,2146.64,395.867
7.875,0.1312,74.224,28.8917,2144.46,395.997
7.877,0.1313,74.2056,28.8688,2142.23,396.126
7.878,0.1313,74.1871,28.8339,2139.1,396.256
7.880,0.1313,74.1687,28.8816,2142.11,396.386
7.882,0.1314,74.1502,28.8425,2138.68,396.515
7.884,0.1314,74.1317,28.8926,2141.86,396.645
7.886,0.1314,74.1132,28.8494,2138.12,396.775
7.887,0.1315,74.0947,28.9006,2141.38,396.905
7.889,0.1315,74.0761,28.8545,2137.43,397.034
7.891,0.1315,74.0576,28.9069,2140.77,397.164
7.893,0.1315,74.039,28.8396,2135.26,397.294
7.895,0.1316,74.0204,28.8842,2138.02,397.424
7.896,0.1316,74.0017,28.7913,2130.6,397.554
7.898,0.1316,73.983,28.8465,2134.15,397.684
7.900,0.1317,73.9644,28.7924,2129.61,397.813
7.902,0.1317,73.9456,28.8718,2134.94,397.943
7.904,0.1317,73.9269,28.8733,2134.51,398.073
7.905,0.1318,73.9081,28.8746,2134.07,398.203
7.907,0.1318,73.8893,28.8762,2133.64,398.333
7.909,0.1318,73.8705,28.8846,2133.72,398.463
7.911,0.1318,73.8516,28.8863,2133.3,398.593
7.913,0.1319,73.8328,28.8878,2132.86,398.723
7.914,0.1319,73.8139,28.8091,2126.51,398.853
7.916,0.1319,73.795,28.8106,2126.07,398.982
7.918,0.1320,73.7761,28.8093,2125.44,399.112
7.920,0.1320,73.7571,28.7752,2122.38,399.242
7.921,0.1320,73.7382,28.7781,2122.04,399.372
7.923,0.1321,73.7193,28.7805,2121.68,399.502
7.925,0.1321,73.7003,28.7838,2121.37,399.632
7.927,0.1321,73.6814,28.7425,2117.79,399.762
7.929,0.1321,73.6625,28.7637,2118.8,399.892
7.930,0.1322,73.6436,28.7675,2118.54,400.021
7.932,0.1322,73.6247,28.7377,2115.8,400.151
7.934,0.1322,73.6058,28.7416,2115.55,400.281
7.936,0.1323,73.5869,28.6523,2108.43,400.411
7.938,0.1323,73.5681,28.6564,2108.2,400.541
7.939,0.1323,73.5493,28.6609,2107.99,400.671
7.941,0.1324,73.5305,28.6619,2107.52,400.8
7.943,0.1324,73.5116,28.6701,2107.58,400.93
7.945,0.1324,73.4929,28.6714,2107.15,401.06
7.947,0.1324,73.4741,28.6836,2107.5,401.19
7.948,0.1325,73.4554,28.6783,2106.58,401.32
7.950,0.1325,73.4366,28.6904,2106.92,401.449
7.952,0.1325,73.4179,28.6837,2105.9,401.579
7.954,0.1326,73.3992,28.7015,2106.67,401.709
7.956,0.1326,73.3806,28.6866,2105.04,401.839
7.957,0.1326,73.3619,28.669,2103.21,401.969
7.959,0.1327,73.3433,28.4812,2088.9,402.099
7.961,0.1327,73.3246,28.4984,2089.63,402.229
7.963,0.1327,73.3061,28.4866,2088.24,402.359
7.965,0.1327,73.2875,28.5115,2089.53,402.489
7.966,0.1328,73.269,28.5026,2088.36,402.619
7.968,0.1328,73.2504,28.5286,2089.73,402.749
7.970,0.1328,73.232,28.4987,2087.02,402.879
7.972,0.1329,73.2135,28.6085,2094.52,403.009
7.974,0.1329,73.1951,28.616,2094.55,403.139
7.975,0.1329,73.1766,28.6243,2094.63,403.269
7.977,0.1330,73.1581,28.6074,2092.87,403.399
7.979,0.1330,73.1397,28.616,2092.96,403.529
7.981,0.1330,73.1213,28.6249,2093.09,403.66
7.982,0.1330,73.1029,28.6336,2093.2,403.79
7.984,0.1331,73.0845,28.6426,2093.33,403.92
7.986,0.1331,73.0661,28.6429,2092.82,404.05
7.988,0.1331,73.0478,28.6517,2092.94,404.18
7.990,0.1332,73.0295,28.6828,2094.69,404.311
7.991,0.1332,73.0111,28.6427,2091.24,404.441
7.993,0.1332,72.9928,28.6508,2091.3,404.571
7.995,0.1333,72.9745,28.6613,2091.54,404.702
7.997,0.1333,72.9563,28.6283,2088.61,404.832
7.999,0.1333,72.938,28.6478,2089.51,404.962
8.000,0.1333,72.9197,28.6589,2089.8,405.092
8.002,0.1334,72.9015,28.6594,2089.32,405.223
8.004,0.1334,72.8832,28.6718,2089.7,405.353
8.006,0.1334,72.865,28.6201,2085.4,405.483
8.008,0.1335,72.8467,28.6327,2085.8,405.614
8.009,0.1335,72.8285,28.6301,2085.09,405.744
8.011,0.1335,72.8103,28.4668,2072.68,405.874
8.013,0.1335,72.792,28.4356,2069.88,406.005
8.015,0.1336,72.7738,28.4281,2068.82,406.135
8.017,0.1336,72.7556,28.4244,2068.03,406.266
8.018,0.1336,72.7373,28.4166,2066.95,406.396
8.020,0.1337,72.7191,28.4131,2066.18,406.526
8.022,0.1337,72.7008,28.4215,2066.27,406.657
8.024,0.1337,72.6826,28.4177,2065.47,406.787
8.026,0.1338,72.6644,28.4254,2065.51,406.918
8.027,0.1338,72.6461,28.4212,2064.69,407.048
8.029,0.1338,72.6279,28.4285,2064.7,407.178
8.031,0.1338,72.6096,28.4237,2063.83,407.309
8.033,0.1339,72.5914,28.4309,2063.84,407.439
8.035,0.1339,72.5731,28.4255,2062.92,407.57
8.036,0.1339,72.5549,28.4331,2062.96,407.7
8.038,0.1340,72.5367,28.4268,2061.98,407.83
8.040,0.1340,72.5184,28.4355,2062.1,407.961
8.042,0.1340,72.5002,28.428,2061.04,408.091
8.044,0.1341,72.4821,28.3709,2056.38,408.222
8.045,0.1341,72.4639,28.3775,2056.34,408.352
8.047,0.1341,72.4457,28.3819,2056.15,408.482
8.049,0.1341,72.4276,28.3828,2055.7,408.613
8.051,0.1342,72.4095,28.3456,2052.49,408.743
8.052,0.1342,72.3914,28.3218,2050.25,408.873
8.054,0.1342,72.3733,28.3288,2050.25,409.004
8.056,0.1343,72.3553,28.3276,2049.66,409.134
8.058,0.1343,72.3373,28.3369,2049.82,409.264
8.060,0.1343,72.3194,28.2691,2044.4,409.395
8.061,0.1344,72.3014,28.2871,2045.2,409.525
8.063,0.1344,72.2835,28.251,2042.08,409.656
8.065,0.1344,72.2656,28.3236,2046.82,409.786
8.067,0.1344,72.2478,28.3152,2045.71,409.917
8.069,0.1345,72.23,28.3357,2046.69,410.047
8.070,0.1345,72.2123,28.3336,2046.03,410.177
8.072,0.1345,72.1945,28.3574,2047.25,410.308
8.074,0.1346,72.1769,28.3479,2046.06,410.438
8.076,0.1346,72.1591,28.3661,2046.88,410.569
8.078,0.1346,72.1416,28.355,2045.57,410.699
8.079,0.1347,72.1239,28.3572,2045.23,410.83
8.081,0.1347,72.1064,28.3434,2043.74,410.961
8.083,0.1347,72.0888,28.3681,2045.02,411.091
8.085,0.1347,72.0713,28.3076,2040.17,411.222
8.087,0.1348,72.0537,28.3405,2042.04,411.352
8.088,0.1348,72.0362,28.325,2040.42,411.483
8.090,0.1348,72.0187,28.3195,2039.53,411.614
8.092,0.1349,72.0012,28.3008,2037.69,411.745
8.094,0.1349,71.9836,28.3386,2039.92,411.875
8.096,0.1349,71.9661,28.3176,2037.91,412.006
8.097,0.1350,72.3349,28.3435,2050.22,412.137
8.099,0.1350,72.3178,28.3259,2048.47,412.267
8.101,0.1350,72.3005,28.3608,2050.5,412.398
8.103,0.1350,72.2834,28.3401,2048.52,412.529
8.104,0.1351,72.2661,28.3768,2050.68,412.66
8.106,0.1351,72.249,28.3533,2048.5,412.79
8.108,0.1351,72.2316,28.3916,2050.77,412.921
8.110,0.1352,72.2146,28.366,2048.44,413.052
8.112,0.1352,72.1971,28.4053,2050.78,413.183
8.113,0.1352,72.18,28.3783,2048.35,413.313
8.115,0.1353,72.1625,28.418,2050.72,413.444
8.117,0.1353,72.1454,28.3561,2045.76,413.575
8.119,0.1353,72.1279,28.362,2045.69,413.706
8.121,0.1353,72.1103,28.3681,2045.63,413.837
8.122,0.1354,72.0927,28.3352,2042.76,413.967
8.124,0.1354,72.0751,28.3428,2042.81,414.098
8.126,0.1354,72.0574,28.3488,2042.74,414.229
8.128,0.1355,72.0398,28.3547,2042.67,414.36
8.130,0.1355,72.0221,28.3807,2044.04,414.491
8.131,0.1355,72.0044,28.3609,2042.11,414.622
8.133,0.1356,71.9866,28.3673,2042.07,414.752
8.135,0.1356,71.9689,28.3817,2042.6,414.883
8.137,0.1356,71.9511,28.3875,2042.51,415.014
8.139,0.1356,71.9333,28.3929,2042.39,415.145
8.140,0.1357,71.9154,28.3983,2042.28,415.276
8.142,0.1357,71.8976,28.4032,2042.12,415.407
8.144,0.1357,71.8798,28.408,2041.96,415.538
8.146,0.1358,71.8619,28.4123,2041.76,415.668
8.148,0.1358,71.844,28.4165,2041.55,415.799
8.149,0.1358,71.8262,28.3832,2038.65,415.93
8.151,0.1359,71.8083,28.3864,2038.38,416.061
8.153,0.1359,74.5323,28.365,2114.11,416.192
8.155,0.1359,74.5141,28.3895,2115.42,416.323
8.157,0.1359,74.4959,28.3699,2113.44,416.454
8.158,0.1360,74.4777,28.3729,2113.15,416.584
8.160,0.1360,74.4596,28.3766,2112.91,416.715
8.162,0.1360,74.4413,28.3799,2112.64,416.846
8.164,0.1361,74.4232,28.38,2112.13,416.977
8.165,0.1361,74.405,28.3837,2111.89,417.108
8.167,0.1361,74.3869,28.3839,2111.39,417.239
8.169,0.1362,74.3687,28.398,2111.93,417.37
8.171,0.1362,74.3507,28.3993,2111.51,417.5
8.173,0.1362,74.3326,28.4636,2115.77,417.631
8.174,0.1362,74.3147,28.4197,2112,417.762
8.176,0.1363,74.2966,28.4234,2111.76,417.893
8.178,0.1363,74.2787,28.3889,2108.69,418.024
8.180,0.1363,74.2607,28.3946,2108.6,418.155
8.182,0.1364,74.2429,28.4007,2108.55,418.286
8.183,0.1364,74.225,28.3848,2106.86,418.417
8.185,0.1364,74.2073,28.3907,2106.8,418.548
8.187,0.1365,74.1895,28.3996,2106.95,418.679
8.189,0.1365,74.1718,28.4066,2106.97,418.81
8.191,0.1365,74.1541,28.5565,2117.58,418.941
8.192,0.1365,74.1364,28.56,2117.34,419.072
8.194,0.1366,74.1187,28.5361,2115.06,419.203
8.196,0.1366,74.101,28.5452,2115.23,419.334
8.198,0.1366,74.0834,28.554,2115.38,419.465
8.200,0.1367,74.0658,28.5634,2115.57,419.597
8.201,0.1367,74.0482,28.5724,2115.73,419.728
8.203,0.1367,74.0307,28.5818,2115.93,419.859
8.205,0.1367,74.0132,28.5907,2116.09,419.99
8.207,0.1368,73.9957,28.5999,2116.27,420.121
8.209,0.1368,73.9783,28.6086,2116.41,420.252
8.210,0.1368,73.9608,28.6183,2116.64,420.383
8.212,0.1369,73.9434,28.4716,2105.29,420.514
8.214,0.1369,73.926,28.4826,2105.6,420.645
8.216,0.1369,73.9085,28.4868,2105.42,420.777
8.218,0.1370,73.8911,28.4992,2105.84,420.908
8.219,0.1370,73.8737,28.4722,2103.35,421.039
8.221,0.1370,73.8563,28.4858,2103.86,421.17
8.223,0.1370,73.8388,28.491,2103.74,421.301
8.225,0.1371,73.8214,28.4485,2100.11,421.432
8.226,0.1371,73.804,28.3903,2095.32,421.563
8.228,0.1371,73.7866,28.3658,2093.01,421.695
8.230,0.1372,73.7691,28.3588,2092,421.826
8.232,0.1372,73.7517,28.3762,2092.8,421.957
8.234,0.1372,73.7342,28.3678,2091.68,422.088
8.235,0.1373,73.7168,28.39,2092.82,422.219
8.237,0.1373,73.6993,28.3422,2088.8,422.35
8.239,0.1373,73.6819,28.3655,2090.02,422.482
8.241,0.1373,73.6643,28.3524,2088.56,422.613
8.243,0.1374,73.6469,28.3461,2087.6,422.744
8.244,0.1374,73.6294,28.3321,2086.08,422.875
8.246,0.1374,73.612,28.36,2087.63,423.007
8.248,0.1375,73.5944,28.3429,2085.88,423.138
8.250,0.1375,73.577,28.3729,2087.6,423.269
8.252,0.1375,73.5595,28.3532,2085.65,423.4
8.253,0.1376,73.542,28.3669,2086.16,423.532
8.255,0.1376,73.5245,28.355,2084.78,423.663
8.257,0.1376,73.5071,28.3773,2085.94,423.794
8.259,0.1376,73.4896,28.3643,2084.48,423.925
8.261,0.1377,73.4723,28.3862,2085.59,424.057
8.262,0.1377,73.4548,28.4125,2087.03,424.188
8.264,0.1377,73.4373,28.4147,2086.7,424.319
8.266,0.1378,73.4198,28.2614,2074.95,424.45
8.268,0.1378,73.4024,28.2611,2074.43,424.582
8.270,0.1378,73.385,28.2363,2072.12,424.713
8.271,0.1379,73.3676,28.2185,2070.32,424.844
8.273,0.1379,73.3502,28.2229,2070.15,424.976
8.275,0.1379,73.3329,28.2201,2069.47,425.107
8.277,0.1379,73.3156,28.2244,2069.28,425.238
8.279,0.1380,73.2984,28.2211,2068.56,425.37
8.280,0.1380,73.2811,28.2447,2069.8,425.501
8.282,0.1380,73.2639,28.2417,2069.1,425.632
8.284,0.1381,73.2467,28.2448,2068.84,425.764
8.286,0.1381,73.2297,28.2423,2068.17,425.895
8.287,0.1381,73.2125,28.3575,2076.12,426.027
8.289,0.1382,73.1955,28.3303,2073.65,426.158
8.291,0.1382,73.1784,28.3333,2073.39,426.289
8.293,0.1382,73.1616,28.3325,2072.85,426.421
8.295,0.1382,73.1445,28.3185,2071.34,426.552
8.296,0.1383,73.1277,28.3206,2071.02,426.684
8.298,0.1383,73.1108,28.2928,2068.51,426.815
8.300,0.1383,73.094,28.29,2067.83,426.947
8.302,0.1384,73.0771,28.2969,2067.85,427.078
8.304,0.1384,73.0603,28.294,2067.17,427.21
8.305,0.1384,73.0434,28.302,2067.28,427.341
8.307,0.1385,73.0267,28.299,2066.58,427.473
8.309,0.1385,73.0099,28.3083,2066.79,427.604
8.311,0.1385,72.9931,28.305,2066.07,427.736
8.313,0.1385,72.9762,28.3159,2066.38,427.867
8.314,0.1386,72.9595,28.3256,2066.62,427.999
8.316,0.1386,72.9426,28.314,2065.3,428.13
8.318,0.1386,72.9258,28.2864,2062.81,428.262
8.320,0.1387,72.9088,28.2871,2062.38,428.393
8.322,0.1387,72.8919,28.2974,2062.65,428.524
8.323,0.1387,72.8749,28.2425,2058.17,428.656
8.325,0.1388,72.8579,28.2589,2058.88,428.787
8.327,0.1388,72.8408,28.2529,2057.97,428.919
8.329,0.1388,72.8238,28.2714,2058.83,429.05
8.331,0.1388,72.8066,28.2638,2057.79,429.182
8.332,0.1389,72.7895,28.2841,2058.78,429.313
8.334,0.1389,72.7722,28.2572,2056.34,429.445
8.336,0.1389,72.7548,28.2467,2055.08,429.576
8.338,0.1390,72.7374,28.2519,2054.97,429.708
8.339,0.1390,72.72,28.2571,2054.86,429.839
8.341,0.1390,72.7026,28.262,2054.72,429.971
8.343,0.1391,72.6851,28.2859,2055.96,430.103
8.345,0.1391,72.6675,28.2902,2055.78,430.234
8.347,0.1391,72.65,28.2951,2055.64,430.366
8.348,0.1391,72.6324,28.2986,2055.39,430.498
8.350,0.1392,72.6148,28.3019,2055.13,430.629
8.352,0.1392,72.5971,28.297,2054.28,430.761
8.354,0.1392,72.5795,28.2995,2053.96,430.893
8.356,0.1393,72.5618,28.3187,2054.85,431.024
8.357,0.1393,72.5441,28.3212,2054.54,431.156
8.359,0.1393,72.5265,28.2935,2052.03,431.288
8.361,0.1393,72.5088,28.2955,2051.68,431.419
8.363,0.1394,72.4911,28.2894,2050.73,431.551
8.365,0.1394,72.4734,28.2907,2050.32,431.683
8.366,0.1394,72.4558,28.2918,2049.9,431.815
8.368,0.1395,72.4381,28.2927,2049.47,431.946
8.370,0.1395,72.4205,28.2935,2049.03,432.078
8.372,0.1395,72.4029,28.2965,2048.75,432.21
8.374,0.1396,72.3853,28.2816,2047.17,432.342
8.375,0.1396,72.3677,28.2865,2047.03,432.474
8.377,0.1396,72.3501,28.2829,2046.27,432.605
8.379,0.1396,72.3326,28.2902,2046.3,432.737
8.381,0.1397,72.5279,28.2752,2050.74,432.869
8.383,0.1397,72.5104,28.2852,2050.97,433.001
8.384,0.1397,72.4929,28.2695,2049.34,433.133
8.386,0.1398,72.4754,28.281,2049.68,433.264
8.388,0.1398,72.458,28.2596,2047.63,433.396
8.390,0.1398,72.4405,28.2706,2047.94,433.528
8.391,0.1399,72.4231,28.2023,2042.5,433.66
8.393,0.1399,72.4057,28.2143,2042.88,433.792
8.395,0.1399,72.3884,28.1739,2039.46,433.924
8.397,0.1399,72.371,28.1767,2039.18,434.055
8.399,0.1400,72.3537,28.1701,2038.21,434.187
8.400,0.1400,72.3364,28.1866,2038.91,434.319
8.402,0.1400,72.3191,28.1437,2035.32,434.451
8.404,0.1401,72.3019,28.1288,2033.76,434.583
8.406,0.1401,72.2846,28.1336,2033.63,434.715
8.408,0.1401,72.2674,28.1519,2034.46,434.847
8.409,0.1402,72.2502,28.1579,2034.41,434.979
8.411,0.1402,72.233,28.1648,2034.43,435.111
8.413,0.1402,72.2159,28.172,2034.47,435.243
8.415,0.1402,72.1987,28.1802,2034.57,435.375
8.417,0.1403,72.1816,28.1887,2034.7,435.507
8.418,0.1403,72.1645,28.1981,2034.9,435.638
8.420,0.1403,72.1474,28.2079,2035.12,435.77
8.422,0.1404,72.1303,28.1715,2032.02,435.902
8.424,0.1404,72.1133,28.1831,2032.38,436.034
8.426,0.1404,72.0962,28.1946,2032.73,436.166
8.427,0.1405,72.0792,28.2083,2033.23,436.298
8.429,0.1405,72.0621,28.2201,2033.6,436.43
8.431,0.1405,72.0451,28.2357,2034.24,436.562
8.433,0.1405,72.0281,28.2476,2034.62,436.694
8.434,0.1406,72.011,28.0283,2018.34,436.826
8.436,0.1406,71.994,28.0426,2018.9,436.958
8.438,0.1406,74.652,28.0401,2093.25,437.09
8.440,0.1407,74.6348,28.0566,2094,437.222
8.442,0.1407,74.6175,28.0688,2094.43,437.354
8.443,0.1407,74.6003,28.0867,2095.28,437.486
8.445,0.1408,74.583,28.0863,2094.76,437.618
8.447,0.1408,74.5658,28.107,2095.82,437.75
8.449,0.1408,74.5485,28.1149,2095.93,437.882
8.451,0.1408,74.5313,28.1269,2096.33,438.014
8.452,0.1409,74.5139,28.0954,2093.5,438.146
8.454,0.1409,74.4967,28.1228,2095.06,438.278
8.456,0.1409,74.4794,28.1187,2094.27,438.41
8.458,0.1410,74.4622,28.1671,2097.39,438.543
8.460,0.1410,74.4449,28.1551,2096.01,438.675
8.461,0.1410,74.4278,28.1952,2098.51,438.807
8.463,0.1411,74.4105,28.135,2093.54,438.939
8.465,0.1411,74.3934,28.1808,2096.47,439.071
8.467,0.1411,74.3762,28.1543,2094.01,439.204
8.469,0.1411,74.3592,28.2045,2097.26,439.336
8.470,0.1412,74.342,28.1715,2094.33,439.468
8.472,0.1412,74.3251,28.226,2097.9,439.6
8.474,0.1412,74.3081,28.1869,2094.51,439.733
8.476,0.1413,74.2912,28.2454,2098.39,439.865
8.478,0.1413,74.2743,28.1802,2093.07,439.997
8.479,0.1413,74.2575,28.1894,2093.27,440.129
8.481,0.1414,74.2407,28.1918,2092.98,440.262
8.483,0.1414,74.224,28.1652,2090.54,440.394
8.485,0.1414,74.2073,28.1627,2089.87,440.526
8.486,0.1414,74.1907,28.1745,2090.29,440.659
8.488,0.1415,74.1742,28.1677,2089.32,440.791
8.490,0.1415,74.1578,28.1856,2090.18,440.923
8.492,0.1415,74.1414,28.1936,2090.31,441.056
8.494,0.1416,74.1251,28.2072,2090.86,441.188
8.495,0.1416,74.1088,28.2236,2091.62,441.32
8.497,0.1416,74.0927,28.2348,2091.99,441.453
8.499,0.1417,74.0765,28.264,2093.7,441.585
8.501,0.1417,74.0606,28.2424,2091.65,441.718
8.503,0.1417,74.0445,28.2434,2091.27,441.85
8.504,0.1417,74.0286,28.2519,2091.45,441.983
8.506,0.1418,74.0126,28.2541,2091.16,442.115
8.508,0.1418,73.9969,28.2611,2091.23,442.247
8.510,0.1418,73.9809,28.2648,2091.06,442.38
8.512,0.1419,73.9653,28.2699,2090.99,442.512
8.513,0.1419,73.9494,28.0539,2074.56,442.645
8.515,0.1419,73.9337,28.064,2074.88,442.777
8.517,0.1419,73.9179,28.0621,2074.29,442.91
8.519,0.1420,73.9023,28.0683,2074.31,443.042
8.521,0.1420,73.8864,28.0545,2072.85,443.175
8.522,0.1420,73.8708,28.0746,2073.89,443.307
8.524,0.1421,73.8549,28.1435,2078.54,443.44
8.526,0.1421,73.8392,28.1583,2079.18,443.572
8.528,0.1421,73.8233,28.1531,2078.36,443.705
8.529,0.1422,73.8076,28.175,2079.53,443.837
8.531,0.1422,73.7916,28.1764,2079.18,443.97
8.533,0.1422,73.7758,28.185,2079.37,444.102
8.535,0.1422,73.7598,28.183,2078.77,444.235
8.537,0.1423,73.7438,28.1905,2078.88,444.367
8.538,0.1423,73.7278,28.1898,2078.37,444.5
8.540,0.1423,73.7117,28.1304,2073.54,444.632
8.542,0.1424,73.6956,28.1201,2072.33,444.764
8.544,0.1424,73.6794,28.1136,2071.4,444.897
8.546,0.1424,73.6631,28.1292,2072.09,445.029
8.547,0.1425,73.6469,28.1217,2071.07,445.162
8.549,0.1425,73.6305,28.1002,2069.03,445.294
8.551,0.1425,73.6142,28.0795,2067.05,445.427
8.553,0.1425,73.5977,28.1029,2068.31,445.56
8.555,0.1426,73.5813,28.0588,2064.6,445.692
8.556,0.1426,73.5647,28.0647,2064.57,445.825
8.558,0.1426,73.5482,28.0711,2064.58,445.958
8.560,0.1427,73.5316,28.078,2064.62,446.09
8.562,0.1427,73.515,28.0851,2064.68,446.223
8.564,0.1427,73.4984,28.0926,2064.76,446.356
8.565,0.1428,73.4817,28.1001,2064.84,446.488
8.567,0.1428,73.465,28.108,2064.96,446.621
8.569,0.1428,73.4484,28.0825,2062.61,446.754
8.571,0.1428,73.4317,28.0347,2058.64,446.887
8.572,0.1429,73.415,28.024,2057.38,447.02
8.574,0.1429,73.3983,28.0316,2057.48,447.152
8.576,0.1429,73.3817,28.0236,2056.42,447.285
8.578,0.1430,73.3651,28.0307,2056.47,447.418
8.580,0.1430,73.3485,28.0371,2056.47,447.551
8.581,0.1430,73.3319,28.0221,2054.91,447.684
8.583,0.1431,73.3153,28.0273,2054.83,447.816
8.585,0.1431,73.2988,27.9838,2051.18,447.949
8.587,0.1431,73.2823,27.9881,2051.03,448.082
8.589,0.1431,73.2658,27.9906,2050.76,448.215
8.590,0.1432,73.2494,28.1636,2062.96,448.348
8.592,0.1432,73.233,28.168,2062.83,448.481
8.594,0.1432,73.2167,28.1646,2062.12,448.614
8.596,0.1433,73.2003,28.1683,2061.93,448.747
8.598,0.1433,73.184,28.1648,2061.21,448.879
8.599,0.1433,73.1677,28.1684,2061.02,449.012
8.601,0.1434,73.1515,28.1602,2059.96,449.145
8.603,0.1434,73.1352,28.163,2059.71,449.278
8.605,0.1434,73.1191,28.1294,2056.8,449.411
8.606,0.1434,73.1029,28.1173,2055.45,449.544
8.608,0.1435,73.0868,28.1069,2054.25,449.677
8.610,0.1435,73.0706,28.109,2053.94,449.81
8.612,0.1435,73.0546,28.0991,2052.77,449.943
8.614,0.1436,73.0384,28.0752,2050.57,450.076
8.615,0.1436,73.0224,28.0941,2051.5,450.209
8.617,0.1436,73.0062,28.0668,2049.05,450.342
8.619,0.1437,72.9903,28.082,2049.72,450.475
8.621,0.1437,72.9741,28.0787,2049.01,450.608
8.623,0.1437,72.9579,28.0765,2048.4,450.741
8.624,0.1437,72.9417,28.0747,2047.82,450.874
8.626,0.1438,72.9256,28.074,2047.31,451.007
8.628,0.1438,72.9094,28.0221,2043.07,451.14
8.630,0.1438,72.8932,28.0384,2043.8,451.273
8.632,0.1439,72.877,28.04,2043.47,451.406
8.633,0.1439,72.8608,28.0424,2043.19,451.539
8.635,0.1439,72.8446,28.0463,2043.02,451.672
8.637,0.1439,72.8284,28.0508,2042.89,451.805
8.639,0.1440,72.8122,28.0569,2042.88,451.938
8.640,0.1440,72.7961,28.066,2043.1,452.071
8.642,0.1440,72.7799,28.0923,2044.56,452.204
8.644,0.1441,72.7637,28.1056,2045.07,452.337
8.646,0.1441,72.7476,28.1109,2045,452.47
8.648,0.1441,72.7315,28.1366,2046.42,452.603
8.649,0.1442,72.7154,28.1278,2045.33,452.737
8.651,0.1442,72.6992,28.1497,2046.46,452.87
8.653,0.1442,72.6832,28.1356,2044.98,453.003
8.655,0.1442,72.6671,28.1255,2043.8,453.136
8.657,0.1443,72.6511,28.1215,2043.06,453.269
8.658,0.1443,72.635,28.1546,2045.01,453.402
8.660,0.1443,72.619,28.1331,2043,453.535
8.662,0.1444,72.603,28.1728,2045.43,453.668
8.664,0.1444,72.5871,28.121,2041.22,453.801
8.666,0.1444,72.5711,28.1667,2044.09,453.935
8.667,0.1445,72.5552,28.1439,2041.99,454.068
8.669,0.1445,72.5393,28.2099,2046.32,454.201
8.671,0.1445,72.5234,28.1804,2043.74,454.334
8.673,0.1445,72.5075,28.2106,2045.48,454.468
8.674,0.1446,72.4917,28.1751,2042.46,454.601
8.676,0.1446,72.4758,28.2404,2046.75,454.734
8.678,0.1446,72.46,28.2066,2043.85,454.867
8.680,0.1447,72.4442,28.2637,2047.54,455.001
8.682,0.1447,72.4284,28.2264,2044.39,455.134
8.683,0.1447,72.4127,28.2875,2048.37,455.267
8.685,0.1448,72.3969,28.2239,2043.32,455.401
8.687,0.1448,72.3812,28.2877,2047.49,455.534
8.689,0.1448,72.3654,28.215,2041.79,455.668
8.691,0.1448,72.3498,28.2681,2045.19,455.801
8.692,0.1449,72.334,28.2764,2045.34,455.934
8.694,0.1449,72.3183,28.2849,2045.52,456.068
8.696,0.1449,72.3025,28.2908,2045.49,456.201
8.698,0.1450,72.2868,28.2998,2045.7,456.335
8.700,0.1450,72.2711,28.3031,2045.49,456.468
8.701,0.1450,72.2555,28.3129,2045.76,456.601
8.703,0.1451,72.2399,28.1738,2035.27,456.735
8.705,0.1451,72.2244,28.1864,2035.75,456.868
8.707,0.1451,72.2088,28.1824,2035.02,457.002
8.708,0.1451,72.1933,28.2075,2036.39,457.135
8.710,0.1452,72.1778,28.1998,2035.4,457.269
8.712,0.1452,72.1625,28.2153,2036.09,457.402
8.714,0.1452,72.147,28.177,2032.89,457.536
8.716,0.1453,72.1318,28.1935,2033.65,457.669
8.717,0.1453,72.1165,28.1791,2032.17,457.803
8.719,0.1453,72.1014,28.1977,2033.09,457.936
8.721,0.1454,74.7856,28.1246,2103.32,458.07
8.723,0.1454,74.7707,28.1449,2104.41,458.203
8.725,0.1454,74.7556,28.0993,2100.58,458.337
8.726,0.1454,74.7408,28.1276,2102.28,458.47
8.728,0.1455,74.7258,28.1093,2100.49,458.604
8.730,0.1455,74.7111,28.1275,2101.43,458.738
8.732,0.1455,74.6961,28.1054,2099.37,458.871
8.734,0.1456,74.6815,28.1263,2100.52,459.005
8.735,0.1456,74.6667,28.1007,2098.19,459.138
8.737,0.1456,74.6521,28.1245,2099.55,459.272
8.739,0.1456,74.6373,28.0431,2093.06,459.406
8.741,0.1457,74.6227,28.0501,2093.17,459.539
8.742,0.1457,74.6079,28.0229,2090.73,459.673
8.744,0.1457,74.5933,28.0482,2092.21,459.806
8.746,0.1458,74.5785,28.019,2089.62,459.94
8.748,0.1458,74.5639,28.0066,2088.28,460.074
8.750,0.1458,74.5491,27.986,2086.33,460.207
8.751,0.1459,74.5343,28.0088,2087.62,460.341
8.753,0.1459,74.5194,27.9861,2085.51,460.475
8.755,0.1459,74.5046,27.9774,2084.44,460.608
8.757,0.1459,74.4896,27.9207,2079.8,460.742
8.759,0.1460,74.4747,27.9294,2080.03,460.876
8.760,0.1460,74.4596,27.926,2079.36,461.009
8.762,0.1460,74.4445,27.9352,2079.62,461.143
8.764,0.1461,74.4293,27.9359,2079.25,461.277
8.766,0.1461,74.4141,27.9411,2079.21,461.411
8.768,0.1461,74.3987,27.9462,2079.16,461.544
8.769,0.1462,74.3833,27.9525,2079.2,461.678
8.771,0.1462,74.3678,27.9586,2079.22,461.812
8.773,0.1462,74.3523,27.9656,2079.31,461.946
8.775,0.1462,74.3367,27.9334,2076.47,462.08
8.776,0.1463,74.321,27.9566,2077.76,462.214
8.778,0.1463,74.3053,27.9643,2077.89,462.348
8.780,0.1463,74.2895,27.9723,2078.05,462.482
8.782,0.1464,74.2736,27.9804,2078.2,462.616
8.784,0.1464,74.2578,27.8796,2070.28,462.749
8.785,0.1464,74.2418,27.8881,2070.47,462.883
8.787,0.1465,74.2259,27.8615,2068.04,463.017
8.789,0.1465,74.2099,27.87,2068.23,463.151
8.791,0.1465,74.1939,27.8781,2068.39,463.285
8.793,0.1465,74.1779,28.0427,2080.15,463.419
8.794,0.1466,74.1618,28.0497,2080.22,463.553
8.796,0.1466,74.1458,28.0565,2080.27,463.687
8.798,0.1466,74.1297,28.1476,2086.58,463.821
8.800,0.1467,74.1137,28.1313,2084.91,463.955
8.802,0.1467,74.0976,28.1321,2084.52,464.089
8.803,0.1467,74.0816,28.1396,2084.63,464.223
8.805,0.1468,74.0656,28.1356,2083.88,464.357
8.807,0.1468,74.0495,28.1279,2082.86,464.491
8.809,0.1468,74.0335,28.1181,2081.68,464.625
8.810,0.1468,74.0175,28.1311,2082.19,464.758
8.812,0.1469,74.0016,28.1162,2080.64,464.892
8.814,0.1469,73.9856,28.1469,2082.46,465.026
8.816,0.1469,73.9698,28.0909,2077.88,465.16
8.818,0.1470,73.9538,28.1077,2078.67,465.294
8.819,0.1470,73.9381,28.0914,2077.02,465.428
8.821,0.1470,73.9222,28.0985,2077.1,465.562
8.823,0.1470,73.9065,28.0791,2075.22,465.696
8.825,0.1471,73.8907,28.0919,2075.73,465.83
8.827,0.1471,73.8751,28.0697,2073.65,465.964
8.828,0.1471,73.8593,28.0848,2074.32,466.098
8.830,0.1472,73.8438,28.0602,2072.07,466.232
8.832,0.1472,73.8281,27.9085,2060.43,466.366
8.834,0.1472,73.8126,27.9221,2061,466.5
8.836,0.1473,73.797,27.9189,2060.33,466.634
8.837,0.1473,73.7814,27.9158,2059.66,466.768
8.839,0.1473,73.7658,27.9134,2059.05,466.902
8.841,0.1473,73.7503,27.9339,2060.13,467.036
8.843,0.1474,73.7347,27.9393,2060.1,467.17
8.844,0.1474,73.7192,27.9383,2059.59,467.304
8.846,0.1474,73.7037,27.9381,2059.15,467.438
8.848,0.1475,73.6882,27.9384,2058.73,467.572
8.850,0.1475,73.6728,27.9397,2058.39,467.706
8.852,0.1475,73.6573,27.9413,2058.08,467.84
8.853,0.1476,73.6419,27.9441,2057.86,467.974
8.855,0.1476,73.6265,27.9463,2057.59,468.108
8.857,0.1476,73.611,27.9517,2057.55,468.242
8.859,0.1476,73.5956,27.9544,2057.32,468.376
8.861,0.1477,73.5802,27.9622,2057.47,468.51
8.862,0.1477,73.5648,27.9516,2056.25,468.645
8.864,0.1477,73.5493,27.9259,2053.93,468.779
8.866,0.1478,73.5339,27.8907,2050.91,468.913
8.868,0.1478,73.5184,27.9065,2051.64,469.047
8.869,0.1478,73.503,27.908,2051.32,469.181
8.871,0.1479,73.4875,27.9264,2052.24,469.315
8.873,0.1479,73.4721,27.9075,2050.43,469.449
8.875,0.1479,73.4566,27.928,2051.49,469.583
8.877,0.1479,73.4411,27.9278,2051.05,469.718
8.878,0.1480,73.4256,27.941,2051.59,469.852
8.880,0.1480,73.4101,27.9397,2051.06,469.986
8.882,0.1480,73.3945,27.9625,2052.29,470.12
8.884,0.1481,73.379,27.9602,2051.69,470.254
8.886,0.1481,73.3634,27.9839,2052.99,470.389
8.887,0.1481,73.3479,27.9917,2053.13,470.523
8.889,0.1482,73.3322,27.9942,2052.88,470.657
8.891,0.1482,73.3167,27.9689,2050.59,470.792
8.893,0.1482,73.301,27.9889,2051.61,470.926
8.895,0.1482,73.2854,27.9777,2050.36,471.06
8.896,0.1483,73.2697,27.997,2051.33,471.195
8.898,0.1483,73.2541,27.8545,2040.45,471.329
8.900,0.1483,73.2384,27.7996,2035.99,471.463
8.902,0.1484,73.2228,27.8211,2037.14,471.598
8.903,0.1484,73.2071,27.8132,2036.13,471.732
8.905,0.1484,73.1915,27.8374,2037.46,471.866
8.907,0.1485,73.1758,27.8434,2037.46,472.001
8.909,0.1485,73.1601,27.8509,2037.57,472.135
8.911,0.1485,73.1444,27.8232,2035.11,472.269
8.912,0.1485,73.1287,27.8315,2035.28,472.404
8.914,0.1486,73.1131,27.8435,2035.73,472.538
8.916,0.1486,73.0975,27.8503,2035.79,472.672
8.918,0.1486,73.082,27.8511,2035.41,472.807
8.920,0.1487,73.0665,27.8574,2035.44,472.941
8.921,0.1487,73.051,27.8569,2034.98,473.075
8.923,0.1487,73.0356,27.8503,2034.07,473.209
8.925,0.1487,73.0202,27.8474,2033.42,473.344
8.927,0.1488,73.0049,27.8535,2033.44,473.478
8.928,0.1488,72.9896,27.8503,2032.78,473.612
8.930,0.1488,72.9744,27.8553,2032.72,473.746
8.932,0.1489,72.9592,27.8523,2032.08,473.881
8.934,0.1489,72.9442,27.856,2031.93,474.015
8.936,0.1489,72.9291,27.8575,2031.62,474.149
8.937,0.1490,72.9142,27.8625,2031.57,474.284
8.939,0.1490,72.8992,27.8284,2028.67,474.418
8.941,0.1490,72.8844,27.7418,2021.95,474.552
8.943,0.1490,72.8695,27.7522,2022.29,474.686
8.945,0.1491,72.8548,27.7593,2022.4,474.821
8.946,0.1491,72.8401,27.7553,2021.69,474.955
8.948,0.1491,72.8254,27.7619,2021.77,475.089
8.950,0.1492,72.8108,27.7595,2021.19,475.224
8.952,0.1492,72.7962,27.7662,2021.27,475.358
8.954,0.1492,72.7816,27.7654,2020.81,475.493
8.955,0.1493,72.7671,27.7724,2020.92,475.627
8.957,0.1493,72.7525,27.7352,2017.81,475.761
8.959,0.1493,72.738,27.7541,2018.78,475.896
8.961,0.1493,72.7235,27.5975,2006.98,476.03
8.962,0.1494,72.709,27.6262,2008.68,476.165
8.964,0.1494,72.6944,27.6088,2007,476.299
8.966,0.1494,72.6799,27.6405,2008.91,476.433
8.968,0.1495,72.6653,27.6378,2008.31,476.568
8.970,0.1495,72.6507,27.6227,2006.81,476.702
8.971,0.1495,72.636,27.5937,2004.3,476.837
8.973,0.1496,72.6214,27.6217,2005.93,476.971
8.975,0.1496,72.6066,27.6321,2006.27,477.106
8.977,0.1496,72.5919,27.6377,2006.28,477.24
8.979,0.1496,72.577,27.6467,2006.51,477.375
8.980,0.1497,72.5622,27.6554,2006.73,477.509
8.982,0.1497,72.5472,27.6638,2006.94,477.644
8.984,0.1497,72.5323,27.6942,2008.72,477.778
8.986,0.1498,72.5172,27.7025,2008.91,477.913
8.987,0.1498,72.5022,27.7108,2009.09,478.047
8.989,0.1498,72.487,27.7486,2011.41,478.182
8.991,0.1499,72.4719,27.757,2011.6,478.316
8.993,0.1499,72.4567,27.7644,2011.72,478.451
8.995,0.1499,72.4414,27.7805,2012.46,478.585
8.996,0.1499,72.4262,27.7876,2012.55,478.72
8.998,0.1500,72.4109,27.7717,2010.97,478.854
9.000,0.1500,72.3956,27.7788,2011.06,478.989
9.002,0.1500,72.3802,27.7851,2011.09,479.123
9.004,0.1501,72.3649,27.7908,2011.08,479.258
9.005,0.1501,72.3495,27.7972,2011.11,479.392
9.007,0.1501,72.3342,27.7928,2010.37,479.527
9.009,0.1501,72.3188,27.7993,2010.41,479.661
9.011,0.1502,72.3035,27.8056,2010.44,479.796
9.012,0.1502,74.853,27.7731,2078.9,479.93
9.014,0.1502,74.837,27.7796,2078.94,480.065
9.016,0.1503,74.8211,27.7882,2079.14,480.199
9.018,0.1503,74.8052,27.7921,2079,480.333
9.020,0.1503,74.7894,27.8026,2079.34,480.468
9.021,0.1504,74.7735,27.804,2079,480.602
9.023,0.1504,74.7578,27.8157,2079.44,480.736
9.025,0.1504,74.7419,27.8146,2078.92,480.87
9.027,0.1504,74.7263,27.8266,2079.38,481.005
9.029,0.1505,74.7105,27.8496,2080.66,481.139
9.030,0.1505,74.695,27.7952,2076.16,481.273
9.032,0.1505,74.6793,27.7931,2075.57,481.407
9.034,0.1506,74.6639,27.8005,2075.69,481.542
9.036,0.1506,74.6482,27.7868,2074.23,481.676
9.038,0.1506,74.6329,27.7756,2072.97,481.81
9.039,0.1507,74.6173,27.791,2073.69,481.944
9.041,0.1507,74.602,27.754,2070.5,482.079
9.043,0.1507,74.5865,27.7586,2070.42,482.213
9.045,0.1507,74.5712,27.8453,2076.46,482.348
9.046,0.1508,74.5558,27.8045,2072.99,482.482
9.048,0.1508,74.5406,27.7876,2071.31,482.617
9.050,0.1508,74.5251,27.7885,2070.94,482.751
9.052,0.1509,74.5097,27.7898,2070.61,482.885
9.054,0.1509,74.4943,27.7917,2070.32,483.02
9.055,0.1509,74.4789,27.8092,2071.2,483.154
9.057,0.1510,74.4634,27.8132,2071.07,483.288
9.059,0.1510,74.448,27.8125,2070.59,483.423
9.061,0.1510,74.4326,27.8179,2070.56,483.557
9.063,0.1510,74.4172,27.8236,2070.55,483.692
9.064,0.1511,74.4018,27.7654,2065.79,483.826
9.066,0.1511,74.3863,27.7729,2065.93,483.961
9.068,0.1511,74.3709,27.7819,2066.16,484.095
9.070,0.1512,74.3555,27.7898,2066.33,484.23
9.071,0.1512,74.34,27.8012,2066.74,484.364
9.073,0.1512,74.3246,27.8091,2066.9,484.499
9.075,0.1513,74.3091,27.771,2063.64,484.633
9.077,0.1513,74.2937,27.7778,2063.72,484.768
9.079,0.1513,74.2783,27.7943,2064.52,484.902
9.080,0.1513,74.2628,27.7995,2064.47,485.037
9.082,0.1514,74.2474,27.7796,2062.56,485.172
9.084,0.1514,74.232,27.7812,2062.25,485.306
9.086,0.1514,74.2165,27.8027,2063.42,485.441
9.088,0.1515,74.2011,27.801,2062.87,485.576
9.089,0.1515,74.1857,27.7886,2061.51,485.71
9.091,0.1515,74.1703,27.7828,2060.66,485.845
9.093,0.1515,74.1549,27.8079,2062.09,485.98
9.095,0.1516,74.1396,27.7983,2060.95,486.115
9.096,0.1516,74.1242,27.8249,2062.5,486.249
9.098,0.1516,74.109,27.7661,2057.72,486.384
9.100,0.1517,74.0936,27.7334,2054.87,486.519
9.102,0.1517,74.0784,27.7136,2052.98,486.654
9.104,0.1517,74.0631,27.7465,2054.99,486.789
9.105,0.1518,74.048,27.7141,2052.17,486.924
9.107,0.1518,74.0327,27.7535,2054.67,487.058
9.109,0.1518,74.0176,27.7304,2052.54,487.193
9.111,0.1518,74.0024,27.7706,2055.09,487.328
9.112,0.1519,73.9874,27.7405,2052.44,487.463
9.114,0.1519,73.9722,27.7816,2055.06,487.598
9.116,0.1519,73.9573,27.7516,2052.43,487.733
9.118,0.1520,73.9421,27.775,2053.74,487.868
9.120,0.1520,73.9273,27.8694,2060.31,488.003
9.121,0.1520,73.9122,27.8744,2060.26,488.138
9.123,0.1521,73.8971,27.9151,2062.85,488.272
9.125,0.1521,73.8821,27.9181,2062.65,488.407
9.127,0.1521,73.8671,27.9377,2063.68,488.542
9.129,0.1521,73.8521,27.9399,2063.42,488.677
9.130,0.1522,73.8372,27.9476,2063.57,488.812
9.132,0.1522,73.8223,27.9486,2063.23,488.946
9.134,0.1522,73.8075,27.9557,2063.34,489.081
9.136,0.1523,73.7926,27.9558,2062.93,489.215
9.137,0.1523,73.7779,27.9706,2063.61,489.35
9.139,0.1523,73.7632,27.98,2063.89,489.485
9.141,0.1524,73.7485,27.9807,2063.53,489.619
9.143,0.1524,73.7338,27.9839,2063.36,489.754
9.145,0.1524,73.7193,27.8269,2051.38,489.889
9.146,0.1524,73.7046,27.8049,2049.35,490.023
9.148,0.1525,73.6901,27.8081,2049.18,490.158
9.150,0.1525,73.6755,27.8022,2048.34,490.292
9.152,0.1525,73.6611,27.8055,2048.18,490.427
9.154,0.1526,73.6465,27.7981,2047.23,490.561
9.155,0.1526,73.6322,27.8027,2047.17,490.696
9.157,0.1526,73.6176,27.805,2046.94,490.831
9.159,0.1526,73.6033,27.8267,2048.14,490.965
9.161,0.1527,73.5888,27.8124,2046.68,491.1
9.162,0.1527,73.5745,27.8284,2047.46,491.235
9.164,0.1527,73.56,27.8135,2045.96,491.37
9.166,0.1528,73.5457,27.8055,2044.98,491.504
9.168,0.1528,73.5312,27.7914,2043.53,491.639
9.170,0.1528,73.5169,27.8316,2046.1,491.774
9.171,0.1529,73.5024,27.8162,2044.56,491.909
9.173,0.1529,73.4881,27.8209,2044.51,492.044
9.175,0.1529,73.4736,27.8126,2043.49,492.179
9.177,0.1529,73.4592,27.8354,2044.76,492.314
9.179,0.1530,73.4447,27.828,2043.82,492.449
9.180,0.1530,73.4303,27.8526,2045.22,492.584
9.182,0.1530,73.4158,27.8457,2044.32,492.719
9.184,0.1531,73.4013,27.8717,2045.82,492.854
9.186,0.1531,73.3867,27.8649,2044.91,492.989
9.187,0.1531,73.3722,27.8468,2043.18,493.124
9.189,0.1532,73.3576,27.8013,2039.44,493.259
9.191,0.1532,73.3431,27.8334,2041.39,493.394
9.193,0.1532,73.3284,27.8421,2041.61,493.529
9.195,0.1532,73.3137,27.8503,2041.81,493.665
9.196,0.1533,73.299,27.8581,2041.97,493.8
9.198,0.1533,73.2844,27.8655,2042.11,493.935
9.200,0.1533,73.2697,27.8334,2039.35,494.071
9.202,0.1534,73.255,27.8395,2039.38,494.206
9.204,0.1534,73.2403,27.8446,2039.35,494.342
9.205,0.1534,73.2257,27.8496,2039.3,494.477
9.207,0.1535,73.211,27.8536,2039.19,494.612
9.209,0.1535,73.1963,27.8576,2039.08,494.748
9.211,0.1535,73.1817,27.8607,2038.89,494.883
9.212,0.1535,73.1671,27.864,2038.72,495.019
9.214,0.1536,73.1525,27.8763,2039.22,495.154
9.216,0.1536,73.1379,27.8789,2039,495.289
9.218,0.1536,73.1234,27.869,2037.87,495.425
9.220,0.1537,73.1089,27.9045,2040.07,495.56
9.221,0.1537,73.0944,27.9065,2039.81,495.695
9.223,0.1537,73.0799,27.9085,2039.55,495.83
9.225,0.1537,73.0654,27.8284,2033.3,495.966
9.227,0.1538,73.051,27.8366,2033.49,496.101
9.228,0.1538,73.0366,27.6594,2020.15,496.236
9.230,0.1538,73.0223,27.622,2017.02,496.371
9.232,0.1539,73.0079,27.6236,2016.74,496.506
9.234,0.1539,72.9936,27.6232,2016.32,496.641
9.236,0.1539,72.9793,27.5916,2013.62,496.776
9.237,0.1540,72.965,27.5922,2013.26,496.912
9.239,0.1540,72.9507,27.5916,2012.82,497.046
9.241,0.1540,72.9364,27.5933,2012.56,497.182
9.243,0.1540,72.9221,27.591,2011.99,497.317
9.245,0.1541,72.9078,27.5863,2011.26,497.452
9.246,0.1541,72.8935,27.5846,2010.74,497.587
9.248,0.1541,72.8791,27.5434,2007.34,497.722
9.250,0.1542,72.8648,27.539,2006.62,497.857
9.252,0.1542,72.8504,27.5462,2006.75,497.992
9.253,0.1542,72.836,27.5376,2005.73,498.127
9.255,0.1543,72.8215,27.506,2003.02,498.262
9.257,0.1543,72.807,27.4607,1999.33,498.397
9.259,0.1543,72.7924,27.4768,2000.11,498.533
9.261,0.1543,72.7778,27.4613,1998.57,498.668
9.262,0.1544,72.7631,27.4702,1998.82,498.803
9.264,0.1544,72.7484,27.4715,1998.51,498.938
9.266,0.1544,72.7337,27.4742,1998.3,499.074
9.268,0.1545,72.7189,27.4771,1998.1,499.209
9.270,0.1545,72.704,27.5065,1999.83,499.344
9.271,0.1545,72.6892,27.5117,1999.8,499.479
9.273,0.1546,72.6743,27.4612,1995.72,499.615
9.275,0.1546,72.6593,27.4229,1992.53,499.75
9.277,0.1546,72.6444,27.4322,1992.79,499.885
9.278,0.1546,72.6294,27.4415,1993.06,500.021
9.280,0.1547,72.6144,27.4723,1994.88,500.156
9.282,0.1547,72.5994,27.6119,2004.61,500.292
9.284,0.1547,72.5844,27.6093,2004.01,500.427
9.286,0.1548,72.5694,27.6218,2004.49,500.562
9.287,0.1548,72.5544,27.6294,2004.64,500.698
9.289,0.1548,72.5393,27.6434,2005.23,500.833
9.291,0.1548,72.5243,27.6497,2005.28,500.969
9.293,0.1549,72.5093,27.6647,2005.95,501.104
9.294,0.1549,72.4943,27.6701,2005.93,501.24
9.296,0.1549,72.4793,27.6854,2006.62,501.376
9.298,0.1550,72.4645,27.6986,2007.17,501.511
9.300,0.1550,74.8284,27.7096,2073.47,501.647
9.302,0.1550,74.8129,27.7289,2074.48,501.782
9.303,0.1551,74.7977,27.7171,2073.18,501.918
9.305,0.1551,74.7822,27.7432,2074.7,502.054
9.307,0.1551,74.767,27.7505,2074.82,502.189
9.309,0.1551,74.7517,27.7625,2075.29,502.325
9.311,0.1552,74.7366,27.7664,2075.16,502.461
9.312,0.1552,74.7213,27.7757,2075.44,502.596
9.314,0.1552,74.7063,27.7792,2075.28,502.732
9.316,0.1553,74.6912,27.7928,2075.88,502.868
9.318,0.1553,74.6763,27.8099,2076.74,503.003
9.319,0.1553,74.6614,27.8419,2078.72,503.139
9.321,0.1554,74.6466,27.8453,2078.56,503.275
9.323,0.1554,74.6319,27.8236,2076.53,503.411
9.325,0.1554,74.6173,27.825,2076.22,503.546
9.327,0.1554,74.6027,27.8359,2076.63,503.682
9.328,0.1555,74.5883,27.796,2073.25,503.818
9.330,0.1555,74.5739,27.8125,2074.08,503.953
9.332,0.1555,74.5596,27.8034,2073.01,504.089
9.334,0.1556,74.5455,27.8222,2074.02,504.225
9.335,0.1556,74.5312,27.8254,2073.86,504.361
9.337,0.1556,74.5171,27.8278,2073.65,504.497
9.339,0.1557,74.5029,27.831,2073.49,504.632
9.341,0.1557,74.4889,27.8328,2073.23,504.768
9.343,0.1557,74.4749,27.8552,2074.51,504.904
9.344,0.1557,74.461,27.8567,2074.24,505.039
9.346,0.1558,74.447,27.8588,2074.01,505.175
9.348,0.1558,74.4333,27.8608,2073.77,505.311
9.350,0.1558,74.4192,27.8431,2072.06,505.446
9.352,0.1559,74.4056,27.7976,2068.3,505.582
9.353,0.1559,74.3916,27.7603,2065.14,505.717
9.355,0.1559,74.378,27.7655,2065.14,505.853
9.357,0.1559,74.364,27.7661,2064.8,505.989
9.359,0.1560,74.3504,27.7732,2064.95,506.124
9.360,0.1560,74.3363,27.7734,2064.57,506.26
9.362,0.1560,74.3227,27.7782,2064.55,506.395
9.364,0.1561,74.3086,27.7759,2063.99,506.531
9.366,0.1561,74.295,27.7897,2064.63,506.667
9.368,0.1561,74.2809,27.7868,2064.03,506.802
9.369,0.1562,74.2671,27.8024,2064.81,506.938
9.371,0.1562,74.2529,27.7992,2064.17,507.073
9.373,0.1562,74.2391,27.8109,2064.66,507.209
9.375,0.1562,74.2249,27.8049,2063.82,507.344
9.376,0.1563,74.211,27.8249,2064.92,507.48
9.378,0.1563,74.1967,27.6989,2055.17,507.615
9.380,0.1563,74.1827,27.6628,2052.1,507.751
9.382,0.1564,74.1684,27.6694,2052.19,507.887
9.384,0.1564,74.1542,27.6727,2052.05,508.022
9.385,0.1564,74.14,27.6812,2052.28,508.158
9.387,0.1565,74.1257,27.6803,2051.82,508.294
9.389,0.1565,74.1115,27.681,2051.48,508.43
9.391,0.1565,74.0971,27.6702,2050.28,508.565
9.392,0.1565,74.0829,27.6496,2048.36,508.701
9.394,0.1566,74.0684,27.6243,2046.09,508.837
9.396,0.1566,74.0542,27.5984,2043.78,508.973
9.398,0.1566,74.0398,27.5647,2040.88,509.108
9.400,0.1567,74.0255,27.6001,2043.12,509.244
9.401,0.1567,74.0111,27.5566,2039.49,509.38
9.403,0.1567,73.9969,27.5992,2042.26,509.516
9.405,0.1567,73.9824,27.5469,2037.98,509.652
9.407,0.1568,73.9682,27.5579,2038.41,509.788
9.409,0.1568,73.9541,27.5134,2034.73,509.924
9.410,0.1568,73.9399,27.5117,2034.21,510.06
9.412,0.1569,73.9258,27.5131,2033.93,510.196
9.414,0.1569,73.9117,27.5272,2034.58,510.332
9.416,0.1569,73.8975,27.4847,2031.05,510.468
9.417,0.1570,73.8834,27.4835,2030.57,510.604
9.419,0.1570,73.8693,27.4471,2027.5,510.74
9.421,0.1570,73.8551,27.4466,2027.07,510.876
9.423,0.1570,73.841,27.5811,2036.62,511.012
9.425,0.1571,73.8269,27.582,2036.29,511.148
9.426,0.1571,73.8127,27.5822,2035.92,511.284
9.428,0.1571,73.7986,27.5842,2035.67,511.42
9.430,0.1572,73.7844,27.5855,2035.38,511.556
9.432,0.1572,73.7703,27.5884,2035.21,511.692
9.433,0.1572,73.7561,27.5683,2033.33,511.828
9.435,0.1573,73.742,27.572,2033.22,511.964
9.437,0.1573,73.7278,27.5031,2027.75,512.099
9.439,0.1573,73.7137,27.5069,2027.63,512.235
9.441,0.1573,73.6995,27.5101,2027.48,512.371
9.442,0.1574,73.6853,27.5139,2027.37,512.507
9.444,0.1574,73.6712,27.5131,2026.92,512.642
9.446,0.1574,73.6569,27.521,2027.11,512.778
9.448,0.1575,73.6428,27.5161,2026.36,512.914
9.450,0.1575,73.6285,27.4803,2023.33,513.049
9.451,0.1575,73.6143,27.4707,2022.24,513.185
9.453,0.1576,73.6,27.4866,2023.01,513.32
9.455,0.1576,73.5858,27.4733,2021.64,513.456
9.457,0.1576,73.5714,27.4926,2022.67,513.591
9.458,0.1576,73.5571,27.4931,2022.32,513.727
9.460,0.1577,73.5427,27.5197,2023.87,513.863
9.462,0.1577,73.5284,27.4929,2021.51,513.998
9.464,0.1577,73.5139,27.5231,2023.33,514.134
9.466,0.1578,73.4996,27.5011,2021.32,514.269
9.467,0.1578,73.4851,27.529,2022.97,514.405
9.469,0.1578,73.4707,27.5213,2022.01,514.54
9.471,0.1578,73.4561,27.5542,2024.03,514.676
9.473,0.1579,73.4417,27.4896,2018.88,514.812
9.474,0.1579,73.427,27.5383,2022.05,514.947
9.476,0.1579,73.4125,27.5141,2019.88,515.083
9.478,0.1580,73.3977,27.4912,2017.79,515.219
9.480,0.1580,73.3829,27.4957,2017.71,515.354
9.482,0.1580,73.3681,27.5001,2017.63,515.49
9.483,0.1581,73.3532,27.5049,2017.57,515.625
9.485,0.1581,73.3383,27.5097,2017.52,515.761
9.487,0.1581,73.3233,27.5148,2017.47,515.897
9.489,0.1581,73.3083,27.5199,2017.44,516.032
9.491,0.1582,73.2933,27.6062,2023.35,516.168
9.492,0.1582,73.2783,27.6352,2025.06,516.304
9.494,0.1582,73.2633,27.6356,2024.67,516.44
9.496,0.1583,73.2482,27.6225,2023.3,516.575
9.498,0.1583,73.2332,27.6414,2024.27,516.711
9.499,0.1583,73.2182,27.5734,2018.87,516.847
9.501,0.1584,73.2032,27.5818,2019.08,516.983
9.503,0.1584,73.1883,27.5846,2018.87,517.118
9.505,0.1584,73.1733,27.6327,2021.98,517.254
9.507,0.1584,73.1584,27.6474,2022.64,517.39
9.508,0.1585,73.1436,27.6538,2022.7,517.526
9.510,0.1585,73.1288,27.6453,2021.67,517.662
9.512,0.1585,73.114,27.6506,2021.65,517.797
9.514,0.1586,73.0994,27.6607,2021.98,517.933
9.515,0.1586,73.0847,27.6655,2021.92,518.069
9.517,0.1586,73.0703,27.6773,2022.39,518.205
9.519,0.1587,73.0558,27.6814,2022.29,518.341
9.521,0.1587,73.0414,27.6957,2022.93,518.476
9.523,0.1587,73.0271,27.6987,2022.76,518.612
9.524,0.1587,73.0129,27.7158,2023.61,518.748
9.526,0.1588,72.9988,27.6884,2021.22,518.884
9.528,0.1588,72.9848,27.7111,2022.49,519.02
9.530,0.1588,72.9708,27.6658,2018.8,519.155
9.532,0.1589,72.9569,27.6912,2020.27,519.291
9.533,0.1589,72.9431,27.686,2019.51,519.427
9.535,0.1589,72.9294,27.7152,2021.25,519.563
9.537,0.1589,72.9157,27.6765,2018.05,519.698
9.539,0.1590,72.9021,27.7055,2019.79,519.834
9.540,0.1590,72.8886,27.6961,2018.73,519.97
9.542,0.1590,72.875,27.8508,2029.62,520.106
9.544,0.1591,72.8615,27.8079,2026.13,520.241
9.546,0.1591,72.848,27.8401,2028.09,520.377
9.548,0.1591,72.8346,27.8248,2026.61,520.513
9.549,0.1592,72.8211,27.8056,2024.83,520.648
9.551,0.1592,72.8075,27.8131,2025,520.784
9.553,0.1592,72.7939,27.7829,2022.43,520.92
9.555,0.1592,72.7804,27.7893,2022.51,521.056
9.556,0.1593,72.7667,27.7962,2022.64,521.191
9.558,0.1593,72.7531,27.8011,2022.62,521.327
9.560,0.1593,72.7394,27.8068,2022.65,521.463
9.562,0.1594,72.7258,27.8104,2022.53,521.599
9.564,0.1594,72.7119,27.8147,2022.46,521.734
9.565,0.1594,72.6982,27.8172,2022.26,521.87
9.567,0.1595,72.6843,27.8281,2022.66,522.006
9.569,0.1595,72.6706,27.7865,2019.26,522.141
9.571,0.1595,72.6565,27.7906,2019.17,522.277
9.573,0.1595,72.6427,27.7579,2016.41,522.413
9.574,0.1596,72.6286,27.7641,2016.47,522.548
9.576,0.1596,72.6147,27.7589,2015.71,522.684
9.578,0.1596,72.6005,27.7654,2015.78,522.819
9.580,0.1597,72.5866,27.7586,2014.9,522.955
9.581,0.1597,72.5724,27.781,2016.13,523.09
9.583,0.1597,72.5584,27.783,2015.89,523.226
9.585,0.1598,72.5442,27.7644,2014.15,523.361
9.587,0.1598,72.5302,27.7587,2013.34,523.497
9.589,0.1598,72.516,27.7628,2013.25,523.632
9.590,0.1598,72.502,27.7542,2012.23,523.768
9.592,0.1599,74.9623,27.7497,2080.18,523.903
9.594,0.1599,74.9495,27.7419,2079.25,524.038
9.596,0.1599,74.9365,27.7466,2079.23,524.174
9.597,0.1600,74.9238,27.7351,2078.02,524.309
9.599,0.1600,74.9109,27.7418,2078.16,524.445
9.601,0.1600,74.898,27.73,2076.92,524.58
9.603,0.1600,74.8852,27.7359,2077.01,524.715
9.605,0.1601,74.8722,27.707,2074.48,524.851
9.606,0.1601,74.8594,27.6856,2072.53,524.986
9.608,0.1601,74.8463,27.6632,2070.49,525.122
9.610,0.1602,74.8335,27.6774,2071.2,525.257
9.612,0.1602,74.8202,27.6524,2068.96,525.392
9.614,0.1602,74.8073,27.6688,2069.82,525.528
9.615,0.1603,74.7938,27.659,2068.72,525.663
9.617,0.1603,74.7807,27.6735,2069.44,525.799
9.619,0.1603,74.7669,27.6504,2067.34,525.934
9.621,0.1603,74.7537,27.6458,2066.63,526.07
9.622,0.1604,74.7404,27.6425,2066.01,526.205
9.624,0.1604,74.7269,27.5932,2061.95,526.341
9.626,0.1604,74.7132,27.5916,2061.46,526.477
9.628,0.1605,74.6994,27.591,2061.03,526.612
9.630,0.1605,74.6854,27.5463,2057.3,526.748
9.631,0.1605,74.6712,27.5309,2055.76,526.883
9.633,0.1606,74.6569,27.535,2055.67,527.019
9.635,0.1606,74.6424,27.5515,2056.51,527.154
9.637,0.1606,74.6277,27.5367,2055,527.29
9.639,0.1606,74.6129,27.5437,2055.12,527.426
9.640,0.1607,74.5979,27.5223,2053.11,527.561
9.642,0.1607,74.5828,27.5315,2053.38,527.697
9.644,0.1607,74.5676,27.5405,2053.63,527.832
9.646,0.1608,74.5523,27.551,2053.99,527.968
9.647,0.1608,74.5369,27.5609,2054.3,528.103
9.649,0.1608,74.5214,27.572,2054.7,528.239
9.651,0.1609,74.5058,27.5822,2055.04,528.374
9.653,0.1609,74.4902,27.5997,2055.91,528.51
9.655,0.1609,74.4746,27.6173,2056.79,528.645
9.656,0.1609,74.459,27.6236,2056.83,528.781
9.658,0.1610,74.4433,27.632,2057.02,528.916
9.660,0.1610,74.4276,27.4524,2043.21,529.052
9.662,0.1610,74.412,27.4579,2043.2,529.187
9.664,0.1611,74.3963,27.468,2043.52,529.323
9.665,0.1611,74.3809,27.4711,2043.32,529.458
9.667,0.1611,74.3653,27.4807,2043.61,529.593
9.669,0.1611,74.3501,27.4931,2044.11,529.729
9.671,0.1612,74.3346,27.4977,2044.03,529.864
9.672,0.1612,74.3197,27.5469,2047.28,530
9.674,0.1612,74.3045,27.5493,2047.04,530.135
9.676,0.1613,74.2899,27.5512,2046.78,530.27
9.678,0.1613,74.2749,27.5526,2046.47,530.406
9.680,0.1613,74.2606,27.5535,2046.14,530.541
9.681,0.1614,74.2459,27.5953,2048.84,530.676
9.683,0.1614,74.2319,27.5534,2045.34,530.812
9.685,0.1614,74.2175,27.5668,2045.94,530.947
9.687,0.1614,74.2038,27.5533,2044.56,531.082
9.688,0.1615,74.1898,27.5684,2045.29,531.218
9.690,0.1615,74.1763,27.5534,2043.81,531.353
9.692,0.1615,74.1625,27.5542,2043.49,531.488
9.694,0.1616,74.1489,27.538,2041.91,531.623
9.696,0.1616,74.1353,27.5498,2042.42,531.759
9.697,0.1616,74.1218,27.5183,2039.7,531.894
9.699,0.1617,74.1084,27.5188,2039.37,532.029
9.701,0.1617,74.095,27.522,2039.24,532.164
9.703,0.1617,74.0816,27.5258,2039.15,532.3
9.705,0.1617,74.0683,27.5297,2039.08,532.435
9.706,0.1618,74.0549,27.5343,2039.05,532.57
9.708,0.1618,74.0416,27.5389,2039.03,532.705
9.710,0.1618,74.0283,27.5443,2039.06,532.84
9.712,0.1619,74.015,27.632,2045.18,532.976
9.713,0.1619,74.0016,27.5952,2042.09,533.111
9.715,0.1619,73.9882,27.5551,2038.75,533.246
9.717,0.1620,73.9749,27.5222,2035.95,533.381
9.719,0.1620,73.9614,27.5262,2035.87,533.516
9.721,0.1620,73.948,27.5378,2036.36,533.652
9.722,0.1620,73.9343,27.3605,2022.88,533.787
9.724,0.1621,73.9208,27.3537,2022.01,533.922
9.726,0.1621,73.907,27.3488,2021.27,534.057
9.728,0.1621,73.8934,27.3751,2022.84,534.193
9.730,0.1622,73.8795,27.3211,2018.46,534.328
9.731,0.1622,73.8657,27.3238,2018.29,534.463
9.733,0.1622,73.8517,27.2729,2014.15,534.598
9.735,0.1622,73.8378,27.3064,2016.24,534.733
9.737,0.1623,73.8236,27.2569,2012.2,534.869
9.738,0.1623,73.8097,27.2989,2014.92,535.004
9.740,0.1623,73.7954,27.2801,2013.14,535.139
9.742,0.1624,73.7813,27.3366,2016.93,535.274
9.744,0.1624,73.767,27.3145,2014.91,535.409
9.746,0.1624,73.7529,27.3607,2017.93,535.545
9.747,0.1625,73.7386,27.362,2017.63,535.68
9.749,0.1625,73.7243,27.4083,2020.66,535.815
9.751,0.1625,73.7101,27.3848,2018.54,535.95
9.753,0.1625,73.6958,27.3508,2015.64,536.086
9.755,0.1626,73.6816,27.2875,2010.58,536.221
9.756,0.1626,73.6673,27.3213,2012.68,536.356
9.758,0.1626,73.6532,27.3084,2011.35,536.491
9.760,0.1627,73.6389,27.3579,2014.61,536.627
9.762,0.1627,73.6249,27.3519,2013.78,536.762
9.763,0.1627,73.6106,27.3584,2013.87,536.897
9.765,0.1628,73.5964,27.3635,2013.85,537.033
9.767,0.1628,73.5821,27.3684,2013.83,537.168
9.769,0.1628,73.568,27.3722,2013.72,537.303
9.771,0.1628,73.5539,27.3757,2013.59,537.439
9.772,0.1629,73.54,27.3782,2013.39,537.574
9.774,0.1629,73.5259,27.3804,2013.17,537.71
9.776,0.1629,73.5122,27.3818,2012.9,537.845
9.778,0.1630,73.4982,27.3964,2013.58,537.981
9.779,0.1630,73.4846,27.4064,2013.95,538.116
9.781,0.1630,73.4708,27.4298,2015.29,538.252
9.783,0.1631,73.4574,27.4334,2015.19,538.387
9.785,0.1631,73.4437,27.452,2016.18,538.523
9.787,0.1631,73.4305,27.3689,2009.71,538.658
9.788,0.1631,73.417,27.3892,2010.83,538.794
9.790,0.1632,73.4039,27.3719,2009.21,538.929
9.792,0.1632,73.3905,27.3917,2010.29,539.064
9.794,0.1632,73.3776,27.374,2008.64,539.2
9.796,0.1633,73.3644,27.4185,2011.54,539.335
9.797,0.1633,73.3516,27.4894,2016.39,539.471
9.799,0.1633,73.3385,27.4883,2015.95,539.606
9.801,0.1633,73.3258,27.4684,2014.14,539.741
9.803,0.1634,73.3129,27.5145,2017.17,539.877
9.804,0.1634,73.3002,27.4841,2014.59,540.012
9.806,0.1634,73.2874,27.5163,2016.6,540.147
9.808,0.1635,73.2748,27.4831,2013.82,540.282
9.810,0.1635,73.2621,27.5176,2016,540.418
9.812,0.1635,73.2495,27.4814,2013,540.553
9.813,0.1636,73.2369,27.5183,2015.35,540.688
9.815,0.1636,73.2242,27.4789,2012.12,540.823
9.817,0.1636,73.2118,27.5184,2014.67,540.958
9.819,0.1636,73.199,27.4515,2009.42,541.094
9.821,0.1637,73.1866,27.4957,2012.31,541.229
9.822,0.1637,73.1737,27.4445,2008.22,541.364
9.824,0.1637,73.1613,27.4998,2011.92,541.499
9.826,0.1638,73.1483,27.3967,2004.02,541.634
9.828,0.1638,73.1358,27.4512,2007.67,541.769
9.829,0.1638,73.1228,27.361,2000.71,541.904
9.831,0.1639,73.1102,27.4127,2004.15,542.04
9.833,0.1639,73.097,27.4814,2008.81,542.175
9.835,0.1639,73.0842,27.4764,2008.09,542.31
9.837,0.1639,73.0714,27.4776,2007.83,542.445
9.838,0.1640,73.0586,27.4139,2002.82,542.58
9.840,0.1640,73.0457,27.4165,2002.66,542.715
9.842,0.1640,73.0326,27.4194,2002.51,542.851
9.844,0.1641,73.0195,27.4232,2002.43,542.986
9.846,0.1641,73.0063,27.4273,2002.37,543.121
9.847,0.1641,72.9931,27.4322,2002.36,543.256
9.849,0.1642,72.9797,27.4779,2005.33,543.392
9.851,0.1642,72.9662,27.4844,2005.43,543.527
9.853,0.1642,72.9527,27.4914,2005.57,543.662
9.854,0.1642,72.9391,27.4987,2005.73,543.798
9.856,0.1643,72.9254,27.5066,2005.93,543.933
9.858,0.1643,72.9116,27.5144,2006.12,544.068
9.860,0.1643,72.8978,27.5229,2006.36,544.204
9.862,0.1644,72.8839,27.5311,2006.57,544.339
9.863,0.1644,72.87,27.54,2006.84,544.475
9.865,0.1644,72.8561,27.5483,2007.06,544.61
9.867,0.1644,72.8421,27.5573,2007.33,544.746
9.869,0.1645,72.8281,27.5655,2007.54,544.881
9.870,0.1645,72.8141,27.5744,2007.8,545.017
9.872,0.1645,72.8001,27.5811,2007.91,545.153
9.874,0.1646,72.7862,27.554,2005.55,545.288
9.876,0.1646,72.7722,27.5589,2005.53,545.424
9.878,0.1646,72.7583,27.5689,2005.87,545.56
9.879,0.1647,74.819,27.5694,2062.72,545.695
9.881,0.1647,74.804,27.5159,2058.3,545.831
9.883,0.1647,74.7894,27.5278,2058.79,545.967
9.885,0.1647,74.7747,27.5021,2056.46,546.103
9.887,0.1648,74.7605,27.5031,2056.15,546.239
9.888,0.1648,74.746,27.4674,2053.08,546.375
9.890,0.1648,74.7322,27.4628,2052.35,546.511
9.892,0.1649,74.7181,27.4709,2052.57,546.647
9.894,0.1649,74.7046,27.4394,2049.85,546.782
9.895,0.1649,74.6908,27.446,2049.96,546.918
9.897,0.1650,74.6777,27.4377,2048.98,547.054
9.899,0.1650,74.6643,27.4446,2049.13,547.19
9.901,0.1650,74.6515,27.4349,2048.06,547.326
9.903,0.1650,74.6384,27.3948,2044.7,547.462
9.904,0.1651,74.6259,27.3842,2043.57,547.598
9.906,0.1651,74.6129,27.3808,2042.96,547.733
9.908,0.1651,74.6001,27.3788,2042.46,547.869
9.910,0.1652,74.5874,27.3772,2041.99,548.005
9.912,0.1652,74.5747,27.3759,2041.55,548.141
9.913,0.1652,74.562,27.3343,2038.1,548.277
9.915,0.1653,74.5494,27.319,2036.62,548.413
9.917,0.1653,74.5367,27.2836,2033.63,548.548
9.919,0.1653,74.524,27.2767,2032.77,548.684
9.920,0.1653,74.5113,27.2804,2032.7,548.82
9.922,0.1654,74.4986,27.2845,2032.66,548.955
9.924,0.1654,74.4857,27.2901,2032.72,549.091
9.926,0.1654,74.4728,27.2949,2032.73,549.227
9.928,0.1655,74.4599,27.3034,2033.01,549.362
9.929,0.1655,74.4468,27.309,2033.07,549.498
9.931,0.1655,74.4336,27.3207,2033.58,549.634
9.933,0.1655,74.4202,27.3266,2033.65,549.769
9.935,0.1656,74.4069,27.2894,2030.52,549.905
9.937,0.1656,74.3932,27.3014,2031.04,550.04
9.938,0.1656,74.3796,27.3368,2033.3,550.176
9.940,0.1657,74.3656,27.3493,2033.84,550.312
9.942,0.1657,74.3517,27.3618,2034.4,550.448
9.944,0.1657,74.3374,27.3745,2034.95,550.583
9.945,0.1658,74.3233,27.3884,2035.59,550.719
9.947,0.1658,74.3087,27.4114,2036.9,550.855
9.949,0.1658,74.2944,27.4249,2037.51,550.991
9.951,0.1658,74.2796,27.4369,2038,551.126
9.953,0.1659,74.2651,27.4647,2039.67,551.262
9.954,0.1659,74.2501,27.4748,2040.01,551.398
9.956,0.1659,74.2354,27.4886,2040.63,551.534
9.958,0.1660,74.2204,27.4985,2040.95,551.669
9.960,0.1660,74.2056,27.406,2033.68,551.805
9.961,0.1660,74.1906,27.4377,2035.62,551.941
9.963,0.1661,74.1758,27.4226,2034.1,552.077
9.965,0.1661,74.1608,27.4574,2036.26,552.213
9.967,0.1661,74.1461,27.4363,2034.29,552.349
9.969,0.1661,74.1312,27.4743,2036.7,552.484
9.970,0.1662,74.1166,27.4465,2034.24,552.62
9.972,0.1662,74.1019,27.4368,2033.12,552.756
9.974,0.1662,74.0875,27.395,2029.63,552.892
9.976,0.1663,74.0731,27.4451,2032.94,553.028
9.978,0.1663,74.0588,27.4451,2032.55,553.164
9.979,0.1663,74.0446,27.4175,2030.12,553.3
9.981,0.1664,74.0306,27.4127,2029.38,553.436
9.983,0.1664,74.0168,27.4153,2029.19,553.572
9.985,0.1664,74.0029,27.2558,2017.01,553.708
9.986,0.1664,73.9895,27.2624,2017.13,553.845
9.988,0.1665,73.9759,27.2483,2015.71,553.981
9.990,0.1665,73.9628,27.2235,2013.53,554.117
9.992,0.1665,73.9495,27.1998,2011.41,554.254
9.994,0.1666,73.9367,27.2201,2012.56,554.39
9.995,0.1666,73.9237,27.27,2015.9,554.526
9.997,0.1666,73.9113,27.307,2018.3,554.662
9.999,0.1666,73.8984,27.2823,2016.12,554.799
10.001,0.1667,73.8863,27.3199,2018.57,554.935
10.003,0.1667,73.8737,27.2394,2012.27,555.072
10.004,0.1667,73.8618,27.2717,2014.34,555.208
10.006,0.1668,73.8494,27.2381,2011.52,555.344
10.008,0.1668,73.8377,27.2759,2013.99,555.481
10.010,0.1668,73.8255,27.2389,2010.92,555.617
10.011,0.1669,73.8139,27.4686,2027.57,555.753
10.013,0.1669,73.8018,27.4313,2024.48,555.89
10.015,0.1669,73.7902,27.4752,2027.4,556.026
10.017,0.1669,73.7782,27.4033,2021.77,556.162
10.019,0.1670,73.7665,27.4088,2021.85,556.298
10.020,0.1670,73.7546,27.3704,2018.69,556.434
10.022,0.1670,73.7428,27.4149,2021.65,556.571
10.024,0.1671,73.7309,27.3948,2019.84,556.707
10.026,0.1671,73.7188,27.4402,2022.86,556.843
10.027,0.1671,73.7068,27.4031,2019.8,556.979
10.029,0.1672,73.6946,27.4446,2022.52,557.115
10.031,0.1672,73.6824,27.411,2019.71,557.251
10.033,0.1672,73.6698,27.4101,2019.3,557.387
10.035,0.1672,73.6575,27.3854,2017.14,557.524
10.036,0.1673,73.6446,27.4095,2018.56,557.66
10.038,0.1673,73.632,27.3911,2016.86,557.796
10.040,0.1673,73.6188,27.4181,2018.48,557.932
10.042,0.1674,73.6059,27.5299,2026.36,558.068
10.043,0.1674,73.5923,27.5328,2026.21,558.204
10.045,0.1674,73.5792,27.5352,2026.02,558.34
10.047,0.1675,73.5652,27.5311,2025.33,558.476
10.049,0.1675,73.5518,27.533,2025.1,558.612
10.051,0.1675,73.5382,27.5348,2024.86,558.748
10.052,0.1675,73.5245,27.4985,2021.82,558.885
10.054,0.1676,73.5106,27.5004,2021.57,559.021
10.056,0.1676,73.4966,27.4718,2019.09,559.157
10.058,0.1676,73.4825,27.4745,2018.9,559.293
10.060,0.1677,73.4683,27.478,2018.76,559.429
10.061,0.1677,73.454,27.4813,2018.61,559.565
10.063,0.1677,73.4395,27.4675,2017.2,559.701
10.065,0.1677,73.425,27.4714,2017.09,559.837
10.067,0.1678,73.4105,27.4296,2013.62,559.973
10.068,0.1678,73.3959,27.3937,2010.59,560.109
10.070,0.1678,73.3813,27.401,2010.72,560.246
10.072,0.1679,73.3666,27.4079,2010.83,560.382
10.074,0.1679,73.352,27.416,2011.01,560.518
10.076,0.1679,73.3374,27.4236,2011.17,560.654
10.077,0.1680,73.3228,27.4473,2012.51,560.79
10.079,0.1680,73.3082,27.4555,2012.71,560.927
10.081,0.1680,73.2937,27.4484,2011.8,561.063
10.083,0.1680,73.2793,27.4413,2010.88,561.199
10.084,0.1681,73.2649,27.4499,2011.11,561.335
10.086,0.1681,73.2507,27.4553,2011.12,561.472
10.088,0.1681,73.2365,27.4647,2011.42,561.608
10.090,0.1682,73.2224,27.4369,2008.99,561.744
10.092,0.1682,73.2084,27.4596,2010.28,561.881
10.093,0.1682,73.1946,27.4687,2010.56,562.017
10.095,0.1683,73.1808,27.4712,2010.36,562.154
10.097,0.1683,73.1671,27.4817,2010.76,562.29
10.099,0.1683,73.1535,27.4808,2010.32,562.427
10.101,0.1683,73.1401,27.4727,2009.35,562.563
10.102,0.1684,73.1267,27.4672,2008.58,562.7
10.104,0.1684,73.1134,27.2815,1994.64,562.836
10.106,0.1684,73.1002,27.2676,1993.27,562.973
10.108,0.1685,73.0871,27.2873,1994.35,563.11
10.109,0.1685,73.074,27.2681,1992.59,563.246
10.111,0.1685,73.0611,27.2909,1993.91,563.383
10.113,0.1686,73.0481,27.2186,1988.27,563.519
10.115,0.1686,73.0353,27.248,1990.07,563.656
10.117,0.1686,73.0224,27.2427,1989.33,563.793
10.118,0.1686,73.0097,27.2692,1990.92,563.929
10.120,0.1687,72.9968,27.2661,1990.34,564.066
10.122,0.1687,72.984,27.2617,1989.67,564.202
10.124,0.1687,72.9712,27.2601,1989.2,564.339
10.125,0.1688,72.9583,27.2678,1989.41,564.475
10.127,0.1688,72.9455,27.2664,1988.96,564.612
10.129,0.1688,72.9326,27.2647,1988.48,564.749
10.131,0.1688,72.9197,27.2671,1988.31,564.885
10.133,0.1689,72.9068,27.2658,1987.86,565.022
10.134,0.1689,72.8938,27.2655,1987.49,565.158
10.136,0.1689,72.8808,27.2651,1987.1,565.295
10.138,0.1690,72.8678,27.2704,1987.13,565.431
10.140,0.1690,72.8547,27.2725,1986.93,565.568
10.142,0.1690,72.8415,27.274,1986.68,565.705
10.143,0.1691,72.8283,27.2786,1986.66,565.841
10.145,0.1691,72.815,27.2806,1986.43,565.978
10.147,0.1691,72.8017,27.2948,1987.11,566.114
10.149,0.1691,72.7882,27.2976,1986.95,566.251
10.150,0.1692,72.7748,27.3084,1987.36,566.387
10.152,0.1692,72.7612,27.3116,1987.23,566.524
10.154,0.1692,72.7476,27.3259,1987.89,566.66
10.156,0.1693,72.7339,27.3294,1987.78,566.797
10.158,0.1693,72.7201,27.2751,1983.45,566.933
10.159,0.1693,72.7064,27.2759,1983.13,567.07
10.161,0.1694,72.6925,27.2996,1984.48,567.206
10.163,0.1694,72.6787,27.2999,1984.12,567.343
10.165,0.1694,72.6647,27.3273,1985.73,567.479
10.166,0.1694,72.6508,27.3207,1984.87,567.616
10.168,0.1695,74.9721,27.3633,2051.48,567.752
10.170,0.1695,74.9579,27.3892,2053.03,567.888
10.172,0.1695,74.9435,27.3983,2053.33,568.025
10.174,0.1696,74.9293,27.4042,2053.37,568.161
10.175,0.1696,74.9149,27.4319,2055.06,568.297
10.177,0.1696,74.9006,27.4377,2055.1,568.433
10.179,0.1696,74.8862,27.4648,2056.73,568.57
10.181,0.1697,74.8719,27.4368,2054.25,568.706
10.183,0.1697,74.8575,27.4619,2055.73,568.842
10.184,0.1697,74.8433,27.4663,2055.67,568.978
10.186,0.1698,74.8289,27.4708,2055.61,569.115
10.188,0.1698,74.8148,27.4968,2057.17,569.251
10.190,0.1698,74.8004,27.4968,2056.77,569.387
10.191,0.1699,74.7864,27.5109,2057.44,569.523
10.193,0.1699,74.7725,27.5214,2057.84,569.66
10.195,0.1699,74.7586,27.536,2058.55,569.796
10.197,0.1699,74.7448,27.5428,2058.68,569.932
10.199,0.1700,74.7311,27.4999,2055.1,570.069
10.200,0.1700,74.7175,27.4615,2051.85,570.205
10.202,0.1700,74.704,27.4804,2052.89,570.341
10.204,0.1701,74.6905,27.4668,2051.51,570.478
10.206,0.1701,74.6771,27.3664,2043.64,570.614
10.207,0.1701,74.6639,27.3516,2042.17,570.751
10.209,0.1702,74.6507,27.3268,2039.97,570.887
10.211,0.1702,74.6377,27.3101,2038.36,571.024
10.213,0.1702,74.6247,27.3456,2040.66,571.16
10.215,0.1702,74.6119,27.3439,2040.18,571.297
10.216,0.1703,74.5992,27.3642,2041.34,571.433
10.218,0.1703,74.5865,27.3418,2039.33,571.57
10.220,0.1703,74.574,27.3614,2040.45,571.706
10.222,0.1704,74.5615,27.3367,2038.26,571.843
10.223,0.1704,74.5491,27.3557,2039.34,571.979
10.225,0.1704,74.5369,27.3291,2037.03,572.116
10.227,0.1705,74.5247,27.3615,2039.11,572.253
10.229,0.1705,74.5126,27.3219,2035.83,572.389
10.231,0.1705,74.5005,27.3425,2037.03,572.526
10.232,0.1705,74.4885,27.3124,2034.46,572.662
10.234,0.1706,74.4765,27.3329,2035.66,572.799
10.236,0.1706,74.4646,27.3015,2033,572.935
10.238,0.1706,74.4527,27.3242,2034.36,573.072
10.240,0.1707,74.4409,27.298,2032.09,573.209
10.241,0.1707,74.4291,27.2929,2031.38,573.345
10.243,0.1707,74.4173,27.2646,2028.96,573.482
10.245,0.1707,74.4055,27.2821,2029.94,573.618
10.247,0.1708,74.3936,27.2527,2027.43,573.755
10.248,0.1708,74.3818,27.2711,2028.48,573.892
10.250,0.1708,74.3699,27.1957,2022.54,574.028
10.252,0.1709,74.358,27.2152,2023.67,574.165
10.254,0.1709,74.3461,27.1584,2019.12,574.301
10.256,0.1709,74.3341,27.1872,2020.94,574.438
10.257,0.1710,74.322,27.1481,2017.7,574.575
10.259,0.1710,74.3099,27.1859,2020.18,574.711
10.261,0.1710,74.2977,27.1585,2017.81,574.848
10.263,0.1710,74.2855,27.1557,2017.28,574.984
10.264,0.1711,74.2732,27.1541,2016.82,575.121
10.266,0.1711,74.2607,27.1734,2017.91,575.257
10.268,0.1711,74.2482,27.1729,2017.54,575.393
10.270,0.1712,74.2356,27.1419,2014.9,575.53
10.272,0.1712,74.2229,27.1055,2011.85,575.666
10.273,0.1712,74.21,27.1084,2011.71,575.803
10.275,0.1713,74.1971,27.1121,2011.64,575.939
10.277,0.1713,74.184,27.1175,2011.69,576.075
10.279,0.1713,74.1709,27.1237,2011.79,576.212
10.281,0.1713,74.1576,27.1318,2012.03,576.348
10.282,0.1714,74.1442,27.1274,2011.34,576.484
10.284,0.1714,74.1308,27.1377,2011.74,576.62
10.286,0.1714,74.1172,27.1485,2012.17,576.756
10.288,0.1715,74.1035,27.1816,2014.25,576.893
10.289,0.1715,74.0898,27.1942,2014.81,577.029
10.291,0.1715,74.0759,27.2085,2015.49,577.165
10.293,0.1716,74.062,27.2337,2016.98,577.301
10.295,0.1716,74.0481,27.2504,2017.84,577.438
10.297,0.1716,74.034,27.2666,2018.66,577.574
10.298,0.1716,74.0199,27.2844,2019.59,577.71
10.300,0.1717,74.0058,27.2963,2020.09,577.846
10.302,0.1717,73.9916,27.3196,2021.42,577.983
10.304,0.1717,73.9774,27.299,2019.51,578.119
10.305,0.1718,73.9632,27.3264,2021.15,578.255
10.307,0.1718,73.949,27.3145,2019.88,578.391
10.309,0.1718,73.9348,27.3485,2022,578.528
10.311,0.1718,73.9206,27.3442,2021.3,578.664
10.313,0.1719,73.9064,27.6057,2040.23,578.8
10.314,0.1719,73.8923,27.6014,2039.53,578.937
10.316,0.1719,73.8782,27.636,2041.69,579.073
10.318,0.1720,73.8642,27.627,2040.65,579.209
10.320,0.1720,73.8502,27.6619,2042.84,579.346
10.322,0.1720,73.8364,27.6786,2043.69,579.482
10.323,0.1721,73.8226,27.6824,2043.59,579.618
10.325,0.1721,73.809,27.6607,2041.61,579.755
10.327,0.1721,73.7953,27.6888,2043.31,579.891
10.329,0.1721,73.7819,27.7914,2050.5,580.027
10.330,0.1722,73.7685,27.8059,2051.2,580.164
10.332,0.1722,73.7553,27.7998,2050.38,580.3
10.334,0.1722,73.7422,27.7555,2046.75,580.436
10.336,0.1723,73.7292,27.73,2044.51,580.572
10.338,0.1723,73.7163,27.73,2044.16,580.708
10.339,0.1723,73.7035,27.7284,2043.68,580.845
10.341,0.1724,73.6908,27.7368,2043.95,580.981
10.343,0.1724,73.6782,27.7356,2043.51,581.118
10.345,0.1724,73.6657,27.7398,2043.47,581.254
10.346,0.1724,73.6533,27.7405,2043.18,581.39
10.348,0.1725,73.6411,27.7393,2042.75,581.527
10.350,0.1725,73.6289,27.7367,2042.22,581.663
10.352,0.1725,73.6168,27.7355,2041.8,581.8
10.354,0.1726,73.6048,27.7313,2041.16,581.936
10.355,0.1726,73.5929,27.7321,2040.89,582.072
10.357,0.1726,73.5811,27.7263,2040.13,582.209
10.359,0.1726,73.5693,27.7292,2040.02,582.345
10.361,0.1727,73.5575,27.7026,2037.73,582.482
10.363,0.1727,73.5459,27.707,2037.73,582.617
10.364,0.1727,73.5342,27.5237,2023.94,582.753
10.366,0.1728,73.5226,27.5034,2022.12,582.89
10.368,0.1728,73.5109,27.4461,2017.58,583.026
10.370,0.1728,73.4992,27.4478,2017.39,583.162
10.371,0.1729,73.4875,27.4369,2016.27,583.299
10.373,0.1729,73.4758,27.4409,2016.24,583.435
10.375,0.1729,73.464,27.4317,2015.24,583.571
10.377,0.1729,73.4522,27.4386,2015.43,583.707
10.379,0.1730,73.4402,27.4257,2014.15,583.843
10.380,0.1730,73.4284,27.4332,2014.37,583.978
10.382,0.1730,73.4163,27.4229,2013.29,584.114
10.384,0.1731,73.4042,27.432,2013.63,584.249
10.386,0.1731,73.392,27.4139,2011.96,584.385
10.387,0.1731,73.3795,27.427,2012.58,584.521
10.389,0.1732,73.367,27.405,2010.62,584.656
10.391,0.1732,73.3544,27.4223,2011.55,584.792
10.393,0.1732,73.3416,27.3967,2009.32,584.928
10.395,0.1732,73.3287,27.3719,2007.15,585.064
10.396,0.1733,73.3157,27.2769,1999.83,585.2
10.398,0.1733,73.3026,27.2981,2001.02,585.336
10.400,0.1733,73.2893,27.2722,1998.76,585.471
10.402,0.1734,73.2759,27.2835,1999.22,585.607
10.403,0.1734,73.2624,27.2551,1996.77,585.743
10.405,0.1734,73.2489,27.2561,1996.48,585.878
10.407,0.1735,73.2352,27.2586,1996.29,586.014
10.409,0.1735,73.2215,27.2813,1997.58,586.149
10.411,0.1735,73.2076,27.2844,1997.42,586.285
10.412,0.1735,73.1938,27.2924,1997.63,586.42
10.414,0.1736,73.1799,27.2959,1997.51,586.556
10.416,0.1736,73.1659,27.3072,1997.96,586.691
10.418,0.1736,73.152,27.2883,1996.19,586.827
10.420,0.1737,73.138,27.1909,1988.68,586.963
10.421,0.1737,73.1241,27.2074,1989.51,587.098
10.423,0.1737,73.1102,27.2128,1989.54,587.234
10.425,0.1737,73.0963,27.2304,1990.44,587.37
10.427,0.1738,73.0826,27.2375,1990.59,587.506
10.428,0.1738,73.0689,27.2701,1992.6,587.641
10.430,0.1738,73.0558,27.2787,1992.86,587.773
10.432,0.1739,73.0423,27.2965,1993.8,587.909
10.434,0.1739,73.0295,27.3064,1994.17,588.039
10.435,0.1739,73.0163,27.3232,1995.04,588.175
10.437,0.1740,73.0036,27.3131,1993.95,588.306
10.439,0.1740,72.9906,27.332,1994.98,588.442
10.441,0.1740,72.9779,27.3397,1995.19,588.577
10.443,0.1740,72.9652,27.3567,1996.09,588.713
10.444,0.1741,72.9526,27.3643,1996.3,588.849
10.446,0.1741,72.9402,27.3509,1994.98,588.984
10.448,0.1741,72.9279,27.3535,1994.83,589.12
10.450,0.1742,72.9157,27.3724,1995.88,589.256
10.451,0.1742,72.9036,27.3921,1996.98,589.392
10.453,0.1742,72.8916,27.4032,1997.46,589.527
10.455,0.1742,72.8799,27.4063,1997.37,589.66
10.457,0.1743,74.8772,27.4285,2053.77,589.796
10.458,0.1743,74.8642,27.4253,2053.17,589.928
10.460,0.1743,74.8508,27.3089,2044.09,590.064
10.462,0.1744,74.8379,27.2724,2041,590.196
10.464,0.1744,74.8247,27.2858,2041.65,590.332
10.466,0.1744,74.8115,27.2736,2040.38,590.467
10.467,0.1745,74.7986,27.2858,2040.94,590.603
10.469,0.1745,74.7854,27.2721,2039.55,590.739
10.471,0.1745,74.7729,27.2812,2039.89,590.875
10.473,0.1745,74.7599,27.264,2038.25,591.01
10.474,0.1746,74.7477,27.2742,2038.68,591.146
10.476,0.1746,74.7349,27.2377,2035.61,591.282
10.478,0.1746,74.7224,27.2322,2034.86,591.418
10.480,0.1747,74.71,27.227,2034.13,591.553
10.482,0.1747,74.6978,27.2199,2033.27,591.689
10.483,0.1747,74.6858,27.2134,2032.45,591.825
10.485,0.1748,74.674,27.2052,2031.52,591.96
10.487,0.1748,74.6624,27.1972,2030.61,592.096
10.489,0.1748,74.6509,27.1882,2029.62,592.232
10.490,0.1748,74.6396,27.2753,2035.82,592.367
10.492,0.1749,74.6284,27.2669,2034.88,592.503
10.494,0.1749,74.6173,27.2163,2030.8,592.638
10.496,0.1749,74.6063,27.2093,2029.99,592.774
10.498,0.1750,74.5954,27.1634,2026.27,592.909
10.499,0.1750,74.5846,27.1594,2025.67,593.045
10.501,0.1750,74.5737,27.1795,2026.88,593.18
10.503,0.1750,74.5629,26.9489,2009.39,593.315
10.505,0.1751,74.552,26.9881,2012.02,593.451
10.507,0.1751,74.5411,26.9918,2012,593.586
10.508,0.1751,74.5301,26.9987,2012.21,593.721
10.510,0.1752,74.519,27.0065,2012.5,593.856
10.512,0.1752,74.5078,26.982,2010.37,593.992
10.514,0.1752,74.4965,26.9949,2011.03,594.127
10.515,0.1753,74.485,26.9959,2010.79,594.262
10.517,0.1753,74.4733,27.0317,2013.14,594.397
10.519,0.1753,74.4616,27.048,2014.03,594.533
10.521,0.1753,74.4495,27.0251,2012,594.668
10.523,0.1754,74.4374,27.0437,2013.06,594.803
10.524,0.1754,74.4249,27.067,2014.45,594.938
10.526,0.1754,74.4124,27.086,2015.53,595.074
10.528,0.1755,74.3994,27.1096,2016.94,595.209
10.530,0.1755,74.3866,27.1282,2017.98,595.344
10.531,0.1755,74.3732,27.151,2019.3,595.479
10.533,0.1756,74.3599,27.1681,2020.22,595.614
10.535,0.1756,74.3461,27.142,2017.9,595.75
10.537,0.1756,74.3326,27.1485,2018.01,595.885
10.539,0.1756,74.3185,27.1746,2019.57,596.02
10.540,0.1757,74.3046,27.1771,2019.38,596.155
10.542,0.1757,74.2903,27.2015,2020.8,596.29
10.544,0.1757,74.2763,27.162,2017.5,596.426
10.546,0.1758,74.2618,27.2183,2021.28,596.561
10.548,0.1758,74.2477,27.2244,2021.35,596.696
10.549,0.1758,74.2335,27.2272,2021.17,596.831
10.551,0.1759,74.2194,27.2301,2021,596.967
10.553,0.1759,74.2053,27.2299,2020.6,597.102
10.555,0.1759,74.1913,27.1825,2016.7,597.237
10.556,0.1759,74.1774,27.1786,2016.04,597.373
10.558,0.1760,74.1636,27.1749,2015.39,597.508
10.560,0.1760,74.1499,27.1691,2014.58,597.643
10.562,0.1760,74.1364,27.1797,2015.01,597.779
10.564,0.1761,74.1231,27.1732,2014.16,597.914
10.565,0.1761,74.1099,27.1831,2014.54,598.049
10.567,0.1761,74.0969,27.1494,2011.68,598.185
10.569,0.1761,74.084,27.1339,2010.19,598.32
10.571,0.1762,74.0713,27.1391,2010.23,598.455
10.572,0.1762,74.0587,27.116,2008.17,598.591
10.574,0.1762,74.0464,27.1267,2008.63,598.726
10.576,0.1763,74.0341,27.0971,2006.11,598.862
10.578,0.1763,74.0221,27.1127,2006.94,598.997
10.580,0.1763,74.01,27.078,2004.04,599.132
10.581,0.1764,73.9984,27.0976,2005.18,599.268
10.583,0.1764,73.9865,27.0592,2002.01,599.403
10.585,0.1764,73.9751,27.1038,2005.01,599.538
10.587,0.1764,73.9633,26.9976,1996.83,599.674
10.588,0.1765,73.9521,27.0115,1997.56,599.809
10.590,0.1765,73.9405,27.0095,1997.1,599.944
10.592,0.1765,73.9293,27.0333,1998.55,600.079
10.594,0.1766,73.9179,27.1446,2006.47,600.212
10.596,0.1766,73.9068,27.1554,2006.97,600.347
10.597,0.1766,73.8951,27.1292,2004.71,600.482
10.599,0.1767,73.8839,27.1422,2005.38,600.617
10.601,0.1767,73.8722,27.1157,2003.09,600.753
10.603,0.1767,73.8609,27.1317,2003.97,600.888
10.604,0.1767,73.849,27.1009,2001.38,601.023
10.606,0.1768,73.8375,27.0997,2000.98,601.158
10.608,0.1768,73.8255,27.0821,1999.35,601.293
10.610,0.1768,73.8138,27.0966,2000.11,601.428
10.612,0.1769,73.8017,27.0817,1998.67,601.563
10.613,0.1769,73.7898,27.0962,1999.42,601.698
10.615,0.1769,73.7776,27.0865,1998.37,601.832
10.617,0.1769,73.7654,27.1034,1999.29,601.967
10.619,0.1770,73.753,27.1176,2000.01,602.102
10.621,0.1770,73.7405,27.1317,2000.71,602.237
10.622,0.1770,73.728,27.0994,1997.98,602.373
10.624,0.1771,73.7154,27.1205,1999.2,602.508
10.626,0.1771,73.7027,27.125,1999.19,602.643
10.628,0.1771,73.69,27.1519,2000.82,602.778
10.629,0.1772,73.6773,27.1563,2000.8,602.913
10.631,0.1772,73.6644,27.1871,2002.72,603.048
10.633,0.1772,73.6517,27.1598,2000.36,603.184
10.635,0.1772,73.6388,27.1918,2002.37,603.319
10.637,0.1773,73.6261,27.198,2002.49,603.454
10.638,0.1773,73.6132,27.2321,2004.64,603.589
10.640,0.1773,73.6009,27.2623,2006.53,603.721
10.642,0.1774,73.588,27.2741,2007.05,603.857
10.644,0.1774,73.5757,27.28,2007.15,603.99
10.645,0.1774,73.563,27.293,2007.75,604.125
10.647,0.1775,73.5506,27.3173,2009.2,604.26
10.649,0.1775,73.5381,27.3231,2009.29,604.395
10.651,0.1775,73.5258,27.3346,2009.8,604.531
10.653,0.1775,73.5134,27.3374,2009.67,604.666
10.654,0.1776,73.5013,27.3604,2011.02,604.801
10.656,0.1776,73.4891,27.3564,2010.4,604.937
10.658,0.1776,73.4771,27.3792,2011.74,605.072
10.660,0.1777,73.465,27.3694,2010.69,605.207
10.661,0.1777,73.4531,27.3909,2011.95,605.343
10.663,0.1777,73.4413,27.3762,2010.54,605.478
10.665,0.1777,73.4294,27.3954,2011.63,605.613
10.667,0.1778,73.4178,27.3999,2011.64,605.749
10.669,0.1778,73.406,27.4164,2012.53,605.884
10.670,0.1778,73.3944,27.3952,2010.66,606.019
10.672,0.1779,73.3827,27.4083,2011.29,606.155
10.674,0.1779,73.3713,27.3678,2008.01,606.29
10.676,0.1779,73.3594,27.3877,2009.15,606.426
10.677,0.1780,73.3481,27.3627,2007,606.561
10.679,0.1780,73.3363,27.3436,2005.28,606.697
10.681,0.1780,73.325,27.2747,1999.92,606.832
10.683,0.1780,73.3131,27.2059,1994.55,606.967
10.685,0.1781,73.3019,27.1793,1992.29,607.103
10.686,0.1781,73.2899,27.1968,1993.25,607.238
10.688,0.1781,73.2787,27.1512,1989.6,607.374
10.690,0.1782,73.2666,27.1381,1988.32,607.509
10.692,0.1782,73.2545,27.1231,1986.89,607.644
10.693,0.1782,73.2423,27.1195,1986.3,607.78
10.695,0.1783,73.2302,27.1037,1984.81,607.915
10.697,0.1783,73.218,27.0886,1983.37,608.051
10.699,0.1783,73.2058,27.0722,1981.84,608.186
10.701,0.1783,73.1935,27.0653,1981,608.322
10.702,0.1784,73.1812,27.0494,1979.51,608.457
10.704,0.1784,73.1689,27.0053,1975.95,608.592
10.706,0.1784,73.1566,26.989,1974.42,608.728
10.708,0.1785,73.1442,26.9752,1973.08,608.863
10.710,0.1785,73.1318,26.9612,1971.72,608.999
10.711,0.1785,73.1193,26.847,1963.03,609.134
10.713,0.1786,73.1068,26.8376,1962.01,609.27
10.715,0.1786,73.0942,26.8316,1961.24,609.405
10.717,0.1786,73.0816,26.6016,1944.09,609.54
10.718,0.1786,73.0689,26.6014,1943.74,609.676
10.720,0.1787,73.0561,26.6015,1943.4,609.811
10.722,0.1787,73.0433,26.6055,1943.35,609.947
10.724,0.1787,73.0305,26.6324,1944.98,610.082
10.726,0.1788,73.0175,26.6308,1944.52,610.218
10.727,0.1788,73.0045,26.6411,1944.92,610.353
10.729,0.1788,72.9915,26.6577,1945.79,610.489
10.731,0.1788,72.9784,26.6642,1945.91,610.624
10.733,0.1789,72.9652,26.6879,1947.29,610.76
10.734,0.1789,72.952,26.6944,1947.41,610.895
10.736,0.1789,72.9388,26.7405,1950.42,611.031
10.738,0.1790,72.9256,26.7475,1950.58,611.167
10.740,0.1790,72.9123,26.7437,1949.94,611.302
10.742,0.1790,72.8991,26.7172,1947.66,611.438
10.743,0.1791,72.8858,26.7497,1949.68,611.573
10.745,0.1791,72.8727,26.7524,1949.52,611.709
10.747,0.1791,75.0256,26.7961,2010.4,611.845
10.749,0.1791,75.0114,26.7963,2010.03,611.98
10.750,0.1792,74.9976,26.9795,2023.39,612.116
10.752,0.1792,74.9835,26.9816,2023.17,612.251
10.754,0.1792,74.97,27.0059,2024.63,612.385
10.756,0.1793,74.9561,27.0037,2024.09,612.521
10.758,0.1793,74.9427,27.0257,2025.38,612.655
10.759,0.1793,74.9292,27.0186,2024.48,612.791
10.761,0.1794,74.9159,27.025,2024.6,612.926
10.763,0.1794,74.9027,27.0275,2024.43,613.062
10.765,0.1794,74.8897,27.03,2024.27,613.198
10.766,0.1794,74.8768,27.029,2023.85,613.334
10.768,0.1795,74.8641,26.9931,2020.81,613.469
10.770,0.1795,74.8515,26.9894,2020.19,613.605
10.772,0.1795,74.839,26.9599,2017.65,613.741
10.774,0.1796,74.8266,26.9535,2016.84,613.877
10.775,0.1796,74.8144,26.9207,2014.06,614.012
10.777,0.1796,74.8022,26.9119,2013.07,614.148
10.779,0.1796,74.7901,26.9321,2014.26,614.284
10.781,0.1797,74.7781,26.9412,2014.61,614.42
10.783,0.1797,74.766,27.0718,2024.05,614.556
10.784,0.1797,74.7541,27.022,2020,614.691
10.786,0.1798,74.742,27.0117,2018.91,614.827
10.788,0.1798,74.73,27.0453,2021.1,614.963
10.790,0.1798,74.7178,27.0545,2021.45,615.099
10.791,0.1799,74.7059,27.0679,2022.13,615.235
10.793,0.1799,74.6936,27.0671,2021.74,615.371
10.795,0.1799,74.6815,27.0836,2022.64,615.507
10.797,0.1799,74.669,27.0775,2021.85,615.643
10.799,0.1800,74.6569,27.0952,2022.84,615.778
10.800,0.1800,74.6443,27.108,2023.46,615.913
10.802,0.1800,74.632,27.1244,2024.35,616.049
10.804,0.1801,74.6194,27.1434,2025.42,616.181
10.806,0.1801,74.6069,27.1294,2024.04,616.317
10.807,0.1801,74.5939,27.133,2023.95,616.453
10.809,0.1802,74.5812,27.1352,2023.78,616.588
10.811,0.1802,74.5678,27.1719,2026.15,616.724
10.813,0.1802,74.5549,27.1784,2026.28,616.86
10.815,0.1802,74.5414,27.2182,2028.89,616.996
10.816,0.1803,74.5283,27.204,2027.47,617.132
10.818,0.1803,74.5147,27.249,2030.45,617.268
10.820,0.1803,74.5014,27.2238,2028.21,617.404
10.822,0.1804,74.4877,27.2727,2031.48,617.54
10.823,0.1804,74.4742,27.2362,2028.4,617.676
10.825,0.1804,74.4605,27.2466,2028.79,617.812
10.827,0.1805,74.4469,27.2,2024.96,617.948
10.829,0.1805,74.4332,27.2498,2028.29,618.084
10.831,0.1805,74.4196,27.2177,2025.53,618.22
10.832,0.1805,74.4059,27.215,2024.96,618.356
10.834,0.1806,74.3923,27.2094,2024.17,618.493
10.836,0.1806,74.3788,27.1538,2019.67,618.629
10.838,0.1806,74.3653,27.1451,2018.65,618.765
10.839,0.1807,74.3519,27.1288,2017.08,618.901
10.841,0.1807,74.3385,27.128,2016.66,619.037
10.843,0.1807,74.3253,27.1093,2014.91,619.173
10.845,0.1807,74.3121,27.1005,2013.89,619.309
10.847,0.1808,74.2992,27.0795,2011.98,619.446
10.848,0.1808,74.2861,27.0728,2011.14,619.582
10.850,0.1808,74.2735,27.0298,2007.6,619.718
10.852,0.1809,74.2608,27.0254,2006.93,619.854
10.854,0.1809,74.2485,27.0076,2005.27,619.99
10.856,0.1809,74.236,27.0079,2004.96,620.126
10.857,0.1810,74.2241,26.9922,2003.47,620.261
10.859,0.1810,74.212,26.9979,2003.57,620.398
10.861,0.1810,74.2003,26.989,2002.6,620.534
10.863,0.1810,74.1885,26.9999,2003.09,620.67
10.864,0.1811,74.1771,26.992,2002.19,620.806
10.866,0.1811,74.1656,27.0086,2003.11,620.942
10.868,0.1811,74.1544,27.0048,2002.52,621.079
10.870,0.1812,74.1432,27.0352,2004.48,621.215
10.872,0.1812,74.1322,27.0615,2006.13,621.351
10.873,0.1812,74.1212,26.9554,1997.97,621.488
10.875,0.1813,74.1102,26.9818,1999.63,621.624
10.877,0.1813,74.0994,26.8009,1985.93,621.76
10.879,0.1813,74.0883,26.7478,1981.7,621.897
10.880,0.1813,74.0776,26.7803,1983.82,622.033
10.882,0.1814,74.0664,26.8,1984.98,622.17
10.884,0.1814,74.0557,26.8308,1986.97,622.306
10.886,0.1814,74.0443,26.8532,1988.32,622.443
10.888,0.1815,74.0334,26.8895,1990.72,622.579
10.889,0.1815,74.0217,26.9115,1992.04,622.716
10.891,0.1815,74.0106,26.9344,1993.43,622.853
10.893,0.1815,73.9985,26.9829,1996.7,622.989
10.895,0.1816,73.9871,27.0116,1998.51,623.126
10.897,0.1816,73.9746,27.0404,2000.3,623.263
10.898,0.1816,73.9629,27.0727,2002.37,623.399
10.900,0.1817,73.9499,27.1026,2004.24,623.536
10.902,0.1817,73.9379,27.0745,2001.83,623.673
10.904,0.1817,73.9246,27.0925,2002.8,623.809
10.905,0.1818,73.911,27.1092,2003.67,623.946
10.907,0.1818,73.8973,27.1264,2004.57,624.083
10.909,0.1818,73.8834,27.1422,2005.36,624.219
10.911,0.1818,73.8695,27.1589,2006.22,624.356
10.913,0.1819,73.8554,27.1744,2006.98,624.493
10.914,0.1819,73.8412,27.191,2007.81,624.629
10.916,0.1819,73.827,27.2063,2008.56,624.766
10.918,0.1820,73.8128,27.1837,2006.51,624.903
10.920,0.1820,73.7986,27.1974,2007.13,625.039
10.922,0.1820,73.7845,27.1701,2004.73,625.176
10.923,0.1821,73.7704,27.1468,2002.63,625.312
10.925,0.1821,73.7565,27.1614,2003.33,625.449
10.927,0.1821,73.7426,27.1332,2000.88,625.586
10.929,0.1821,73.7289,27.1458,2001.43,625.722
10.930,0.1822,73.7154,27.1578,2001.95,625.859
10.932,0.1822,73.7021,27.1685,2002.38,625.996
10.934,0.1822,73.6889,27.1789,2002.78,626.132
10.936,0.1823,73.676,27.1867,2003.01,626.269
10.938,0.1823,73.6633,27.1944,2003.23,626.406
10.939,0.1823,73.6508,27.1985,2003.19,626.542
10.941,0.1824,73.6386,27.199,2002.9,626.679
10.943,0.1824,73.6266,27.1961,2002.35,626.815
10.945,0.1824,73.6148,27.1608,1999.44,626.952
10.946,0.1824,73.6032,27.1726,1999.99,627.088
10.948,0.1825,73.5917,27.1567,1998.51,627.225
10.950,0.1825,73.5805,27.1542,1998.02,627.361
10.952,0.1825,73.5694,27.1315,1996.05,627.498
10.954,0.1826,73.5584,27.124,1995.2,627.635
10.955,0.1826,73.5475,27.1201,1994.62,627.771
10.957,0.1826,73.5367,27.1145,1993.91,627.908
10.959,0.1826,73.5259,27.0753,1990.74,628.044
10.961,0.1827,73.5152,27.068,1989.91,628.181
10.963,0.1827,73.5044,27.0344,1987.15,628.317
10.964,0.1827,73.4937,27.0253,1986.19,628.454
10.966,0.1828,73.4828,26.9854,1982.96,628.59
10.968,0.1828,73.4719,26.9748,1981.89,628.727
10.970,0.1828,73.4609,26.9112,1976.92,628.864
10.971,0.1829,73.4498,26.9071,1976.32,629
10.973,0.1829,73.4386,26.8711,1973.37,629.137
10.975,0.1829,73.4273,26.8534,1971.78,629.273
10.977,0.1829,73.4158,26.8405,1970.51,629.41
10.979,0.1830,73.4042,26.7859,1966.2,629.547
10.980,0.1830,73.3925,26.7808,1965.51,629.683
10.982,0.1830,73.3807,26.8025,1966.79,629.82
10.984,0.1831,73.3688,26.8041,1966.58,629.957
10.986,0.1831,73.3568,26.8076,1966.52,630.094
10.987,0.1831,73.3447,26.8443,1968.88,630.23
10.989,0.1832,73.3325,26.8604,1969.74,630.367
10.991,0.1832,73.3203,26.8746,1970.45,630.504
10.993,0.1832,73.308,27.0294,1981.47,630.641
10.995,0.1832,73.2957,27.0116,1979.84,630.778
10.996,0.1833,73.2833,27.0245,1980.44,630.915
10.998,0.1833,73.271,27.0303,1980.53,631.052
11.000,0.1833,73.2589,27.1036,1985.58,631.185
11.002,0.1834,73.2466,27.1041,1985.29,631.322
11.003,0.1834,73.2347,27.1548,1988.68,631.453
11.005,0.1834,73.2225,27.1503,1988.01,631.59
11.007,0.1834,73.2105,27.1663,1988.86,631.722
11.009,0.1835,73.1984,27.1303,1985.9,631.859
11.010,0.1835,73.1862,27.1894,1989.89,631.996
11.012,0.1835,73.1742,27.1295,1985.18,632.133
11.014,0.1836,73.1621,27.1845,1988.87,632.27
11.016,0.1836,73.1503,27.122,1983.98,632.407
11.018,0.1836,73.1385,27.1743,1987.49,632.541
11.019,0.1837,73.1268,27.1413,1984.75,632.678
11.021,0.1837,73.1149,27.1879,1987.84,632.814
11.023,0.1837,73.1033,27.1518,1984.89,632.951
11.025,0.1837,73.0916,27.1927,1987.55,633.088
11.026,0.1838,73.08,27.1544,1984.45,633.225
11.028,0.1838,73.0683,27.1904,1986.76,633.361
11.030,0.1838,73.0568,27.1507,1983.54,633.498
11.032,0.1839,73.0451,27.1835,1985.62,633.635
11.034,0.1839,73.0335,27.1302,1981.42,633.771
11.035,0.1839,73.0218,27.2677,1991.14,633.908
11.037,0.1840,75.0359,27.253,2044.95,634.045
11.039,0.1840,75.0245,27.2689,2045.84,634.178
11.041,0.1840,75.0126,27.2401,2043.35,634.315
11.042,0.1840,75.0012,27.2273,2042.08,634.447
11.044,0.1841,74.9893,27.2014,2039.81,634.584
11.046,0.1841,74.9774,27.2005,2039.42,634.721
11.048,0.1841,74.9656,27.202,2039.21,634.857
11.050,0.1842,74.954,27.2016,2038.87,634.991
11.051,0.1842,74.9421,27.2055,2038.84,635.128
11.053,0.1842,74.9305,27.0622,2027.79,635.263
11.055,0.1842,74.9188,27.0635,2027.56,635.399
11.057,0.1843,74.9071,27.0438,2025.78,635.536
11.058,0.1843,74.8955,27.0423,2025.34,635.672
11.060,0.1843,74.8839,27.0504,2025.64,635.809
11.062,0.1844,74.8725,27.0471,2025.08,635.945
11.064,0.1844,74.8611,27.0564,2025.47,636.082
11.066,0.1844,74.8498,27.0504,2024.72,636.218
11.067,0.1845,74.8385,27.0607,2025.18,636.355
11.069,0.1845,74.8274,27.0514,2024.18,636.491
11.071,0.1845,74.8165,27.0534,2024.04,636.625
11.073,0.1845,74.8054,27.0422,2022.9,636.761
11.074,0.1846,74.7943,27.0442,2022.76,636.897
11.076,0.1846,74.7833,27.0349,2021.76,637.034
11.078,0.1846,74.7722,27.0387,2021.74,637.17
11.080,0.1847,74.7611,27.0254,2020.45,637.306
11.082,0.1847,74.75,26.9445,2014.1,637.443
11.083,0.1847,74.7388,26.9343,2013.04,637.579
11.085,0.1848,74.7275,26.9407,2013.22,637.716
11.087,0.1848,74.7162,26.9248,2011.72,637.853
11.089,0.1848,74.7048,26.945,2012.92,637.989
11.090,0.1848,74.6932,26.9226,2010.93,638.126
11.092,0.1849,74.6816,26.9795,2014.87,638.262
11.094,0.1849,74.6698,26.9322,2011.02,638.399
11.096,0.1849,74.6579,26.9449,2011.65,638.535
11.098,0.1850,74.6459,26.9617,2012.58,638.672
11.099,0.1850,74.6338,27.0077,2015.69,638.809
11.101,0.1850,74.6216,26.9882,2013.9,638.945
11.103,0.1850,74.6093,27.0612,2019.02,639.082
11.105,0.1851,74.5969,27.0535,2018.11,639.218
11.107,0.1851,74.5844,27.1223,2022.9,639.355
11.108,0.1851,74.5719,27.0869,2019.93,639.491
11.110,0.1852,74.5594,27.1736,2026.05,639.628
11.112,0.1852,74.5469,27.1021,2020.38,639.765
11.114,0.1852,74.5343,27.2084,2027.96,639.901
11.115,0.1853,74.5219,27.1484,2023.15,640.038
11.117,0.1853,74.5094,27.1777,2025,640.174
11.119,0.1853,74.4969,27.1818,2024.96,640.311
11.121,0.1853,74.4845,27.211,2026.8,640.447
11.123,0.1854,74.4722,27.2414,2028.72,640.584
11.124,0.1854,74.46,27.2688,2030.43,640.72
11.126,0.1854,74.4478,27.2627,2029.65,640.857
11.128,0.1855,74.4358,27.2862,2031.07,640.993
11.130,0.1855,74.4238,27.3102,2032.53,641.129
11.132,0.1855,74.4119,27.307,2031.97,641.266
11.133,0.1856,74.4,27.3172,2032.4,641.402
11.135,0.1856,74.3883,27.3322,2033.2,641.538
11.137,0.1856,74.3765,27.347,2033.98,641.674
11.139,0.1856,74.3648,27.3529,2034.09,641.811
11.140,0.1857,74.3532,27.3619,2034.44,641.947
11.142,0.1857,74.3415,27.3227,2031.21,642.083
11.144,0.1857,74.3298,27.3261,2031.14,642.219
11.146,0.1858,74.3181,27.2525,2025.35,642.355
11.148,0.1858,74.3063,27.2508,2024.91,642.491
11.149,0.1858,74.2945,27.2468,2024.29,642.627
11.151,0.1859,74.2827,27.0202,2007.13,642.763
11.153,0.1859,74.2708,27.0122,2006.21,642.899
11.155,0.1859,74.2588,26.9785,2003.39,643.035
11.156,0.1859,74.2467,26.9602,2001.71,643.171
11.158,0.1860,74.2346,26.9608,2001.43,643.307
11.160,0.1860,74.2224,26.9346,1999.15,643.443
11.162,0.1860,74.2102,26.9403,1999.25,643.578
11.164,0.1861,74.1979,26.9077,1996.49,643.714
11.165,0.1861,74.1857,26.8786,1994.01,643.85
11.167,0.1861,74.1734,26.8805,1993.82,643.986
11.169,0.1861,74.1611,26.8952,1994.58,644.121
11.171,0.1862,74.1489,26.8547,1991.25,644.257
11.173,0.1862,74.1368,26.8799,1992.79,644.393
11.174,0.1862,74.1246,26.8336,1989.03,644.528
11.176,0.1863,74.1127,26.8802,1992.16,644.664
11.178,0.1863,74.101,26.8344,1988.45,644.797
11.180,0.1863,74.0894,26.8666,1990.53,644.933
11.181,0.1864,74.078,26.7931,1984.78,645.066
11.183,0.1864,74.0667,26.8239,1986.76,645.202
11.185,0.1864,74.0554,26.7842,1983.52,645.337
11.187,0.1864,74.0444,26.9866,1998.21,645.473
11.188,0.1865,74.0335,26.9864,1997.9,645.609
11.190,0.1865,74.0227,26.9847,1997.48,645.744
11.192,0.1865,74.0121,26.9801,1996.85,645.88
11.194,0.1866,74.0016,26.9765,1996.3,646.015
11.196,0.1866,73.9913,26.9726,1995.74,646.151
11.197,0.1866,73.9811,26.9271,1992.1,646.286
11.199,0.1867,73.971,26.9421,1992.93,646.422
11.201,0.1867,73.9609,26.9456,1992.92,646.557
11.203,0.1867,73.9509,26.9468,1992.74,646.693
11.205,0.1867,73.9409,26.9213,1990.59,646.828
11.206,0.1868,73.9308,26.9238,1990.5,646.964
11.208,0.1868,73.9206,26.9273,1990.48,647.099
11.210,0.1868,73.9104,26.9043,1988.51,647.233
11.212,0.1869,73.9,26.9091,1988.59,647.369
11.213,0.1869,73.8899,26.8845,1986.49,647.497
11.215,0.1869,73.8791,26.893,1986.83,647.632
11.217,0.1869,73.8688,26.9003,1987.09,647.759
11.219,0.1870,73.8576,26.8703,1984.58,647.894
11.220,0.1870,73.8465,26.8735,1984.52,648.023
11.222,0.1870,73.8347,26.8932,1985.65,648.159
11.224,0.1871,73.8226,26.8724,1983.79,648.294
11.226,0.1871,73.8103,26.8981,1985.36,648.429
11.227,0.1871,73.7986,26.9078,1985.75,648.554
11.229,0.1872,73.7857,26.8968,1984.6,648.689
11.231,0.1872,73.7741,26.9098,1985.25,648.809
11.232,0.1872,73.7608,26.943,1987.34,648.944
11.234,0.1872,73.7486,26.9588,1988.18,649.067
11.236,0.1873,73.735,26.9932,1990.35,649.202
11.238,0.1873,73.7214,27.0157,1991.63,649.335
11.239,0.1873,73.7076,27.0462,1993.51,649.47
11.241,0.1874,73.6938,27.0749,1995.25,649.605
11.243,0.1874,73.6799,27.1001,1996.74,649.739
11.245,0.1874,73.6662,27.1331,1998.79,649.874
11.246,0.1874,73.6525,27.1528,1999.87,650.009
11.248,0.1875,73.6396,27.1852,2001.91,650.137
11.250,0.1875,73.6261,27.2022,2002.79,650.272
11.252,0.1875,73.614,27.2634,2006.97,650.397
11.253,0.1876,73.6009,27.2775,2007.65,650.532
11.255,0.1876,73.5888,27.2789,2007.42,650.66
11.257,0.1876,73.5763,27.288,2007.75,650.794
11.259,0.1876,73.5641,27.3048,2008.66,650.929
11.260,0.1877,73.5523,27.3221,2009.6,651.064
11.262,0.1877,73.5409,27.3285,2009.76,651.196
11.264,0.1877,73.5296,27.4019,2014.85,651.331
11.266,0.1878,73.5189,27.4176,2015.71,651.461
11.267,0.1878,73.5082,27.4376,2016.88,651.596
11.269,0.1878,73.4975,27.3904,2013.13,651.731
11.271,0.1879,73.4873,27.4,2013.56,651.865
11.273,0.1879,73.4771,27.4147,2014.35,652
11.275,0.1879,73.4672,27.4319,2015.34,652.135
11.276,0.1879,73.4572,27.4053,2013.12,652.269
11.278,0.1880,73.4477,27.4224,2014.11,652.404
11.280,0.1880,73.4387,27.3899,2011.48,652.527
11.282,0.1880,73.4292,27.4086,2012.59,652.661
11.283,0.1881,73.4206,27.3727,2009.72,652.78
11.285,0.1881,73.411,27.3351,2006.7,652.914
11.287,0.1881,73.4021,27.2997,2003.85,653.036
11.288,0.1881,73.3925,27.3155,2004.75,653.17
11.290,0.1882,73.3828,27.23,1998.21,653.301
11.292,0.1882,73.3729,27.2466,1999.16,653.435
11.294,0.1882,73.3627,27.1489,1991.72,653.57
11.295,0.1883,73.3526,27.1704,1993.02,653.703
11.297,0.1883,73.3423,27.1329,1989.99,653.837
11.299,0.1883,73.3317,27.1538,1991.23,653.971
11.301,0.1883,73.3212,27.1373,1989.74,654.105
11.302,0.1884,73.3102,27.1556,1990.79,654.239
11.304,0.1884,73.2996,27.1258,1988.31,654.373
11.306,0.1884,73.2884,27.139,1988.97,654.507
11.308,0.1885,73.2775,27.0884,1984.97,654.641
11.310,0.1885,73.2661,27.0974,1985.32,654.775
11.311,0.1885,73.2552,27.0794,1983.7,654.908
11.313,0.1886,73.2436,27.0556,1981.65,655.042
11.315,0.1886,73.2325,27.0566,1981.42,655.176
11.317,0.1886,73.2209,27.0023,1977.13,655.31
11.318,0.1886,73.2098,27.0128,1977.6,655.445
11.320,0.1887,73.1982,26.9857,1975.31,655.578
11.322,0.1887,73.1871,27.0088,1976.7,655.713
11.324,0.1887,73.1755,26.9732,1973.78,655.846
11.326,0.1888,73.1645,26.9685,1973.14,655.981
11.327,0.1888,73.153,26.9337,1970.28,656.114
11.329,0.1888,73.142,26.9376,1970.27,656.248
11.331,0.1888,73.131,26.8932,1966.72,656.383
11.333,0.1889,75.198,26.9299,2025.07,656.517
11.335,0.1889,75.1854,26.9416,2025.61,656.651
11.336,0.1889,75.1726,26.9535,2026.17,656.785
11.338,0.1890,75.1598,26.9681,2026.92,656.919
11.340,0.1890,75.1468,26.9829,2027.68,657.054
11.342,0.1890,75.1338,26.9999,2028.6,657.188
11.343,0.1891,75.1206,27.0317,2030.63,657.322
11.345,0.1891,75.1074,27.0508,2031.72,657.456
11.347,0.1891,75.0941,27.0818,2033.68,657.59
11.349,0.1891,75.0807,27.1029,2034.9,657.724
11.351,0.1892,75.0674,27.1241,2036.14,657.859
11.352,0.1892,75.054,27.2796,2047.45,657.993
11.354,0.1892,75.0406,27.2992,2048.55,658.127
11.356,0.1893,75.0272,27.318,2049.59,658.261
11.358,0.1893,75.0139,27.3444,2051.21,658.396
11.359,0.1893,75.0006,27.3612,2052.11,658.53
11.361,0.1894,74.9875,27.407,2055.18,658.664
11.363,0.1894,74.9744,27.4202,2055.81,658.799
11.365,0.1894,74.9615,27.4326,2056.39,658.933
11.367,0.1894,74.9487,27.3997,2053.58,659.067
11.368,0.1895,74.9362,27.4062,2053.72,659.199
11.370,0.1895,74.9238,27.4134,2053.91,659.333
11.372,0.1895,74.9117,27.2299,2039.84,659.463
11.374,0.1896,74.8997,27.2364,2040,659.598
11.375,0.1896,74.8881,27.1875,2036.02,659.725
11.377,0.1896,74.8766,27.1947,2036.24,659.86
11.379,0.1896,74.865,27.1714,2034.18,659.991
11.381,0.1897,74.854,27.1788,2034.44,660.125
11.382,0.1897,74.8436,27.1491,2031.94,660.247
11.384,0.1897,74.833,27.1561,2032.17,660.381
11.386,0.1898,74.8233,27.1218,2029.34,660.499
11.387,0.1898,74.8131,27.1282,2029.55,660.632
11.389,0.1898,74.8034,27.0525,2023.62,660.755
11.391,0.1898,74.7935,27.0469,2022.94,660.888
11.393,0.1899,74.7831,27.0015,2019.25,661.023
11.394,0.1899,74.7735,27.0117,2019.76,661.157
11.396,0.1899,74.7633,26.9607,2015.67,661.291
11.398,0.1900,74.7538,26.9762,2016.57,661.425
11.400,0.1900,74.744,26.9267,2012.61,661.555
11.401,0.1900,74.7341,26.8571,2007.14,661.686
11.403,0.1901,74.7243,26.7868,2001.62,661.815
11.405,0.1901,74.7145,26.7702,2000.12,661.943
11.406,0.1901,74.7046,26.7851,2000.97,662.071
11.408,0.1901,74.6946,26.7447,1997.68,662.199
11.410,0.1902,74.6846,26.7396,1997.04,662.326
11.412,0.1902,74.6746,26.7284,1995.93,662.45
11.413,0.1902,74.6643,26.7196,1995,662.576
11.415,0.1902,74.6537,26.7114,1994.11,662.703
11.417,0.1903,74.6425,26.7056,1993.37,662.834
11.418,0.1903,74.631,26.673,1990.63,662.968
11.420,0.1903,74.6194,26.6406,1987.9,663.101
11.422,0.1904,74.6073,26.6522,1988.45,663.235
11.424,0.1904,74.5963,26.6642,1989.05,663.356
11.425,0.1904,74.5838,26.6619,1988.55,663.489
11.427,0.1904,74.5728,26.6827,1989.81,663.608
11.429,0.1905,74.5599,26.6534,1987.27,663.741
11.430,0.1905,74.548,26.6824,1989.12,663.865
11.432,0.1905,74.5346,26.6668,1987.6,663.999
11.434,0.1906,74.5217,26.7009,1989.79,664.13
11.436,0.1906,74.508,26.6885,1988.5,664.264
11.437,0.1906,74.4968,26.8772,2002.27,664.376
11.439,0.1906,74.4828,26.8657,2001.04,664.51
11.440,0.1907,74.4717,26.9004,2003.32,664.62
11.442,0.1907,74.4576,26.8943,2002.49,664.753
11.444,0.1907,74.4458,26.918,2003.93,664.869
11.445,0.1908,74.4316,26.952,2006.08,665.003
11.447,0.1908,74.4179,26.9285,2003.97,665.137
11.449,0.1908,74.4038,26.9701,2006.68,665.271
11.451,0.1908,74.3902,26.9491,2004.75,665.405
11.453,0.1909,74.3763,26.9495,2004.4,665.538
11.454,0.1909,74.3642,26.9511,2004.2,665.658
11.456,0.1909,74.3505,27.0084,2008.09,665.792
11.457,0.1910,74.3393,27.0005,2007.2,665.906
11.459,0.1910,74.3258,27.0682,2011.86,666.04
11.461,0.1910,74.3144,27.0536,2010.47,666.158
11.463,0.1910,74.3013,27.1272,2015.58,666.292
11.464,0.1911,74.2887,27.1143,2014.28,666.426
11.466,0.1911,74.2761,27.1848,2019.18,666.56
11.468,0.1911,74.2645,27.2102,2020.75,666.685
11.469,0.1912,74.2534,27.2301,2021.93,666.807
11.471,0.1912,74.2413,27.2727,2024.76,666.942
11.473,0.1912,74.2305,27.2849,2025.38,667.065
11.475,0.1912,74.2188,27.3435,2029.4,667.199
11.476,0.1913,74.2078,27.3474,2029.39,667.331
11.478,0.1913,74.1969,27.3744,2031.09,667.458
11.480,0.1913,74.1861,27.3753,2030.86,667.592
11.482,0.1914,74.1755,27.3948,2032.02,667.718
11.483,0.1914,74.1654,27.3551,2028.8,667.847
11.485,0.1914,74.155,27.3619,2029.02,667.974
11.487,0.1914,74.1453,27.3689,2029.28,668.102
11.488,0.1915,74.1348,27.3526,2027.78,668.232
11.490,0.1915,74.1248,27.3509,2027.38,668.366
11.492,0.1915,74.116,27.3204,2024.88,668.477
11.493,0.1916,74.1061,27.336,2025.77,668.611
11.495,0.1916,74.0977,27.2963,2022.59,668.719
11.496,0.1916,74.0888,27.3159,2023.81,668.84
11.498,0.1916,74.0801,27.2644,2019.75,668.952
11.500,0.1917,74.0717,27.2908,2021.47,669.067
11.501,0.1917,74.0621,27.1917,2013.88,669.191
11.503,0.1917,74.0536,27.2293,2016.43,669.307
11.504,0.1917,74.0435,27.1439,2009.83,669.438
11.506,0.1918,74.0342,27.19,2012.99,669.562
11.508,0.1918,74.0248,27.2589,2017.84,669.685
11.510,0.1918,74.0146,27.2681,2018.24,669.818
11.511,0.1919,74.0056,27.2113,2013.79,669.936
11.513,0.1919,73.9953,27.2209,2014.22,670.069
11.514,0.1919,73.986,27.1239,2006.79,670.19
11.516,0.1919,73.9757,27.0638,2002.06,670.321
11.518,0.1920,73.9658,27.0215,1998.67,670.449
11.520,0.1920,73.955,27.0217,1998.39,670.583
11.521,0.1920,73.9451,26.9849,1995.4,670.71
11.523,0.1921,73.934,26.9837,1995.02,670.844
11.525,0.1921,73.9239,26.975,1994.1,670.974
11.527,0.1921,73.9126,26.912,1989.14,671.108
11.528,0.1921,73.902,26.911,1988.78,671.242
11.530,0.1922,73.891,26.9513,1991.46,671.371
11.532,0.1922,73.8803,26.956,1991.52,671.505
11.534,0.1922,73.8688,26.9341,1989.59,671.637
11.535,0.1923,73.8581,26.9309,1989.06,671.769
11.537,0.1923,73.8472,26.9261,1988.42,671.903
11.539,0.1923,73.8363,26.9247,1988.02,672.036
11.541,0.1923,73.8255,26.9075,1986.46,672.167
11.542,0.1924,73.8147,26.9112,1986.44,672.297
11.544,0.1924,73.8036,26.9179,1986.64,672.43
11.546,0.1924,73.7923,26.8812,1983.62,672.564
11.548,0.1925,73.7809,26.8901,1983.98,672.697
11.550,0.1925,73.7694,26.8996,1984.36,672.831
11.551,0.1925,73.7578,26.9101,1984.83,672.965
11.553,0.1926,73.7461,26.9213,1985.34,673.099
11.555,0.1926,73.7344,26.9325,1985.85,673.233
11.557,0.1926,73.7228,26.9445,1986.42,673.365
11.558,0.1926,73.7109,26.9772,1988.51,673.499
11.560,0.1927,73.699,26.9896,1989.11,673.633
11.562,0.1927,73.687,27.006,1989.99,673.767
11.564,0.1927,73.6749,27.0175,1990.51,673.901
11.566,0.1928,73.6629,27.0266,1990.85,674.035
11.567,0.1928,73.6508,27.0366,1991.27,674.169
11.569,0.1928,73.6388,27.0362,1990.91,674.302
11.571,0.1928,73.6268,27.0437,1991.14,674.435
11.573,0.1929,73.6147,27.044,1990.84,674.569
11.574,0.1929,73.6033,27.0512,1991.06,674.695
11.576,0.1929,73.5912,27.0461,1990.35,674.829
11.578,0.1930,73.58,27.0522,1990.5,674.953
11.580,0.1930,73.5679,27.0424,1989.45,675.087
11.581,0.1930,73.5561,27.0071,1986.53,675.219
11.583,0.1931,73.5441,26.992,1985.1,675.353
11.585,0.1931,73.533,26.9928,1984.86,675.476
11.587,0.1931,73.521,26.9755,1983.27,675.611
11.588,0.1931,73.5107,27.0065,1985.26,675.726
11.590,0.1932,73.4987,26.9394,1980.01,675.86
11.591,0.1932,73.4882,26.8711,1974.71,675.979
11.593,0.1932,73.4762,26.8645,1973.9,676.113
11.595,0.1932,73.4647,26.8347,1971.4,676.243
11.597,0.1933,73.4527,26.8406,1971.51,676.377
11.598,0.1933,73.4411,26.8123,1969.13,676.507
11.600,0.1933,73.429,26.8132,1968.87,676.641
11.602,0.1934,73.4178,26.7752,1965.78,676.767
11.604,0.1934,73.4057,26.7862,1966.26,676.901
11.605,0.1934,73.3944,26.7483,1963.17,677.026
11.607,0.1935,73.3829,26.4897,1943.89,677.154
11.609,0.1935,73.371,26.4748,1942.48,677.284
11.610,0.1935,73.3595,26.4619,1941.23,677.41
11.612,0.1935,73.3485,26.4506,1940.11,677.531
11.614,0.1936,73.3375,26.4406,1939.09,677.649
11.615,0.1936,73.3265,26.4028,1936.02,677.768
11.617,0.1936,73.3152,26.3584,1932.47,677.89
11.618,0.1936,73.3033,26.354,1931.83,678.017
11.620,0.1937,73.2911,26.3517,1931.35,678.146
11.622,0.1937,73.2789,26.2962,1926.95,678.276
11.624,0.1937,73.2666,26.2692,1924.66,678.406
11.625,0.1938,75.162,26.3034,1977.01,678.536
11.627,0.1938,75.152,26.3234,1978.25,678.664
11.629,0.1938,75.1426,26.327,1978.28,678.784
11.630,0.1938,75.1326,26.3597,1980.47,678.909
11.632,0.1939,75.1234,26.3614,1980.36,679.025
11.634,0.1939,75.1133,26.4012,1983.08,679.149
11.635,0.1939,75.1034,26.4026,1982.93,679.269
11.637,0.1939,75.0928,26.4521,1986.36,679.396
11.639,0.1940,75.0816,26.4568,1986.42,679.529
11.640,0.1940,75.0705,26.511,1990.19,679.656
11.642,0.1940,75.0603,26.5103,1989.87,679.773
11.643,0.1941,75.0492,26.524,1990.61,679.897
11.645,0.1941,75.039,26.5573,1992.83,680.011
11.647,0.1941,75.0273,26.6204,1997.26,680.136
11.648,0.1941,75.0161,26.6583,1999.8,680.257
11.650,0.1942,75.0033,26.7278,2004.68,680.39
11.652,0.1942,74.9907,26.7042,2002.56,680.522
11.654,0.1942,74.9774,26.781,2007.97,680.657
11.655,0.1943,74.9643,26.6997,2001.52,680.791
11.657,0.1943,74.9507,26.798,2008.53,680.925
11.659,0.1943,74.9383,26.7508,2004.66,681.048
11.660,0.1943,74.9247,26.7784,2006.36,681.18
11.662,0.1944,74.9125,26.7567,2004.41,681.301
11.664,0.1944,74.8986,26.8444,2010.61,681.434
11.666,0.1944,74.8855,26.7778,2005.27,681.561
11.667,0.1945,74.8716,26.8875,2013.11,681.695
11.669,0.1945,74.8582,26.9541,2017.74,681.825
11.671,0.1945,74.8448,27.062,2025.45,681.955
11.672,0.1945,74.8319,27.0728,2025.91,682.081
11.674,0.1946,74.8192,27.0846,2026.45,682.204
11.676,0.1946,74.8059,27.086,2026.19,682.334
11.677,0.1946,74.7934,27.0981,2026.76,682.458
11.679,0.1947,74.7798,27.1387,2029.42,682.592
11.681,0.1947,74.7671,27.1479,2029.77,682.721
11.683,0.1947,74.7539,27.1346,2028.42,682.853
11.684,0.1947,74.7411,27.1443,2028.8,682.987
11.686,0.1948,74.7289,27.0971,2024.94,683.112
11.688,0.1948,74.7169,27.2051,2032.68,683.241
11.690,0.1948,74.7051,27.1998,2031.97,683.365
11.691,0.1949,74.6939,27.1959,2031.37,683.491
11.693,0.1949,74.6816,27.1328,2026.32,683.625
11.695,0.1949,74.6703,27.1326,2025.99,683.756
11.696,0.1949,74.6596,27.1088,2023.93,683.877
11.698,0.1950,74.6489,27.1124,2023.91,684.006
11.700,0.1950,74.6393,27.0865,2021.72,684.12
11.701,0.1950,74.6299,27.0958,2022.16,684.237
11.703,0.1950,74.6205,27.0656,2019.64,684.354
11.704,0.1951,74.6116,27.0827,2020.68,684.467
11.706,0.1951,74.6019,27.0466,2017.73,684.593
11.707,0.1951,74.5931,27.0734,2019.49,684.711
11.709,0.1952,74.5832,27.011,2014.57,684.845
11.711,0.1952,74.574,27.0466,2016.98,684.973
11.713,0.1952,74.565,27.0448,2016.59,685.102
11.714,0.1952,74.5556,27.0901,2019.72,685.236
11.716,0.1953,74.5472,27.0471,2016.28,685.361
11.718,0.1953,74.5384,27.099,2019.91,685.491
11.719,0.1953,74.5301,27.0571,2016.57,685.619
11.721,0.1954,74.5215,27.0783,2017.91,685.748
11.723,0.1954,74.5132,27.0384,2014.72,685.878
11.725,0.1954,74.5047,27.0885,2018.22,686.006
11.726,0.1954,74.4965,27.03,2013.64,686.139
11.728,0.1955,74.488,27.0728,2016.6,686.265
11.730,0.1955,74.4797,27.054,2014.98,686.4
11.731,0.1955,74.4711,27.0818,2016.81,686.527
11.733,0.1956,74.4626,27.071,2015.78,686.661
11.735,0.1956,74.454,27.0866,2016.7,686.786
11.737,0.1956,74.4452,27.0289,2012.17,686.921
11.738,0.1956,74.4358,27.0526,2013.68,687.053
11.740,0.1957,74.4269,27.0532,2013.49,687.185
11.742,0.1957,74.4179,27.0493,2012.95,687.316
11.744,0.1957,74.4086,27.0639,2013.78,687.447
11.745,0.1958,74.3993,27.0543,2012.83,687.576
11.747,0.1958,74.39,27,2008.53,687.703
11.749,0.1958,74.3802,26.9857,2007.2,687.832
11.751,0.1958,74.37,26.9685,2005.65,687.963
11.752,0.1959,74.3594,27.0114,2008.55,688.097
11.754,0.1959,74.3484,26.9892,2006.6,688.232
11.756,0.1959,74.3372,26.9642,2004.45,688.366
11.758,0.1960,74.3261,26.9609,2003.9,688.497
11.759,0.1960,74.3145,26.9029,1999.27,688.631
11.761,0.1960,74.3027,26.8195,1992.76,688.765
11.763,0.1960,74.2907,26.7818,1989.64,688.899
11.765,0.1961,74.2785,26.7412,1986.29,689.034
11.766,0.1961,74.2663,26.7006,1982.96,689.168
11.768,0.1961,74.2541,26.6588,1979.53,689.301
11.770,0.1962,74.2421,26.6192,1976.27,689.43
11.772,0.1962,74.2303,26.5791,1972.97,689.558
11.773,0.1962,74.2186,26.5407,1969.81,689.685
11.775,0.1963,74.2069,26.5029,1966.7,689.812
11.777,0.1963,74.195,26.5181,1967.51,689.943
11.778,0.1963,74.1839,26.4774,1964.2,690.065
11.780,0.1963,74.1718,26.4664,1963.06,690.2
11.782,0.1964,74.1605,26.4236,1959.59,690.328
11.784,0.1964,74.1487,26.426,1959.46,690.462
11.785,0.1964,74.1372,26.385,1956.11,690.596
11.787,0.1965,74.1261,26.4047,1957.28,690.727
11.789,0.1965,74.1158,26.3653,1954.09,690.851
11.791,0.1965,74.1047,26.3734,1954.39,690.985
11.792,0.1965,74.0949,26.183,1940.03,691.107
11.794,0.1966,74.0841,26.233,1943.45,691.241
11.796,0.1966,74.074,26.2315,1943.07,691.369
11.797,0.1966,74.0634,26.2992,1947.81,691.504
11.799,0.1967,74.053,26.2778,1945.95,691.638
11.801,0.1967,74.0425,26.3582,1951.63,691.772
11.803,0.1967,74.0324,26.3403,1950.04,691.903
11.805,0.1967,74.0219,26.4106,1954.96,692.038
11.806,0.1968,74.0121,26.3968,1953.68,692.163
11.808,0.1968,74.0015,26.4995,1961,692.297
11.810,0.1968,73.991,26.5453,1964.11,692.429
11.812,0.1969,73.9801,26.598,1967.72,692.563
11.813,0.1969,73.969,26.6481,1971.14,692.697
11.815,0.1969,73.9579,26.673,1972.68,692.831
11.817,0.1969,73.9465,26.7245,1976.18,692.964
11.819,0.1970,73.935,26.7799,1979.97,693.095
11.820,0.1970,73.9231,26.798,1980.99,693.228
11.822,0.1970,73.911,26.8549,1984.87,693.362
11.824,0.1971,73.8985,26.9069,1988.38,693.497
11.826,0.1971,73.8857,26.9871,1993.96,693.631
11.827,0.1971,73.8727,27.0348,1997.13,693.766
11.829,0.1972,73.8599,27.0758,1999.82,693.897
11.831,0.1972,73.848,27.1162,2002.48,694.018
11.833,0.1972,73.835,27.1823,2007,694.147
11.834,0.1972,73.8232,27.2158,2009.16,694.265
11.836,0.1973,73.8098,27.2494,2011.28,694.396
11.837,0.1973,73.7972,27.2768,2012.95,694.52
11.839,0.1973,73.7834,27.4131,2022.64,694.655
11.841,0.1973,73.7708,27.4365,2024.01,694.779
11.843,0.1974,73.758,27.4372,2023.71,694.906
11.844,0.1974,73.7472,27.4285,2022.78,695.014
11.846,0.1974,73.735,27.6443,2038.35,695.136
11.847,0.1975,73.7243,27.6171,2036.05,695.245
11.849,0.1975,73.712,27.665,2039.24,695.371
11.850,0.1975,73.7006,27.5936,2033.66,695.493
11.852,0.1975,73.688,27.6454,2037.13,695.628
11.854,0.1976,73.676,27.5989,2033.37,695.761
11.856,0.1976,73.6641,27.6924,2039.94,695.896
11.857,0.1976,73.6539,27.6411,2035.88,696.016
11.859,0.1977,73.6426,27.6599,2036.95,696.151
11.861,0.1977,73.633,27.5979,2032.12,696.271
11.862,0.1977,73.6225,27.6764,2037.6,696.406
11.864,0.1977,73.6126,27.5994,2031.66,696.538
11.866,0.1978,73.6031,27.7071,2039.33,696.669
11.868,0.1978,73.5943,27.6392,2034.09,696.794
11.869,0.1978,73.5855,27.7534,2042.25,696.922
11.871,0.1978,73.5776,27.618,2032.07,697.042
11.873,0.1979,73.5691,27.7466,2041.29,697.172
11.874,0.1979,73.5612,27.6314,2032.6,697.297
11.876,0.1979,73.5529,27.7557,2041.51,697.432
11.878,0.1980,73.5449,27.7643,2041.92,697.56
11.879,0.1980,73.5371,27.7685,2042.02,697.687
11.881,0.1980,73.5299,27.7775,2042.48,697.804
11.883,0.1980,73.5221,27.8138,2044.93,697.934
11.884,0.1981,73.5149,27.8113,2044.54,698.048
11.886,0.1981,73.5067,27.7766,2041.77,698.183
11.888,0.1981,73.4987,27.7851,2042.17,698.308
11.889,0.1982,73.4904,27.7525,2039.55,698.443
11.891,0.1982,73.4819,27.7756,2041.01,698.571
11.893,0.1982,73.474,27.7611,2039.72,698.696
11.894,0.1982,73.4665,27.7672,2039.96,698.805
11.896,0.1983,73.4585,27.7522,2038.63,698.928
11.897,0.1983,73.451,27.7456,2037.94,699.035
11.899,0.1983,73.4426,27.7322,2036.72,699.161
11.900,0.1983,73.4342,27.7066,2034.61,699.276
11.902,0.1984,73.4252,27.6976,2033.7,699.408
11.904,0.1984,73.4154,27.617,2027.51,699.54
11.906,0.1984,73.4062,27.6106,2026.79,699.673
11.907,0.1985,73.3973,27.543,2021.58,699.792
11.909,0.1985,73.3882,27.5462,2021.56,699.923
11.911,0.1985,73.3794,27.4558,2014.69,700.04
11.912,0.1985,73.3702,27.4263,2012.27,700.173
11.914,0.1986,73.3604,27.3007,2002.79,700.307
11.916,0.1986,73.3511,27.3438,2005.7,700.442
11.918,0.1986,73.3422,27.1597,1991.95,700.568
11.919,0.1987,73.3332,27.2329,1997.07,700.702
11.921,0.1987,73.3252,27.0558,1983.87,700.82
11.923,0.1987,73.3164,27.1395,1989.77,700.954
11.924,0.1987,73.3087,26.9528,1975.87,701.074
11.926,0.1988,73.3001,27.0484,1982.65,701.209
11.928,0.1988,73.292,26.8474,1967.7,701.34
11.929,0.1988,73.2837,26.9696,1976.43,701.475
11.931,0.1989,73.277,26.7865,1962.84,701.589
11.933,0.1989,73.2688,26.8989,1970.85,701.724
11.934,0.1989,73.2628,26.7264,1958.05,701.832
11.936,0.1989,73.2546,26.837,1965.93,701.967
11.938,0.1990,73.248,26.6131,1949.36,702.088
11.939,0.1990,73.24,26.6199,1949.64,702.218
11.941,0.1990,73.2334,26.4496,1937,702.341
11.943,0.1990,75.3794,26.6444,2008.44,702.476
11.944,0.1991,75.3732,26.636,2007.64,702.575
11.945,0.1991,75.3668,26.6021,2004.92,702.674
11.947,0.1991,75.3598,26.5983,2004.44,702.777
11.948,0.1991,75.3524,26.5988,2004.29,702.883
11.950,0.1992,75.3441,26.599,2004.08,702.997
11.951,0.1992,75.3347,26.5681,2001.5,703.12
11.953,0.1992,75.3244,26.5748,2001.73,703.249
11.954,0.1992,75.3145,26.5851,2002.24,703.368
11.956,0.1993,75.3045,26.5944,2002.68,703.484
11.958,0.1993,75.2944,26.6071,2003.36,703.598
11.959,0.1993,75.2836,26.5619,1999.68,703.716
11.961,0.1993,75.272,26.5794,2000.69,703.84
11.962,0.1994,75.2591,26.596,2001.59,703.973
11.964,0.1994,75.2468,26.6122,2002.48,704.098
11.966,0.1994,75.2346,26.6271,2003.28,704.219
11.967,0.1995,75.2228,26.6416,2004.06,704.335
11.969,0.1995,75.2106,26.6553,2004.76,704.455
11.970,0.1995,75.198,26.6691,2005.46,704.576
11.972,0.1995,75.185,26.6598,2004.42,704.701
11.974,0.1996,75.1716,26.6699,2004.82,704.83
11.975,0.1996,75.1588,26.6738,2004.77,704.955
11.977,0.1996,75.147,26.6826,2005.12,705.07
11.978,0.1996,75.1361,26.7164,2007.37,705.179
11.980,0.1997,75.1249,26.6887,2004.99,705.29
11.981,0.1997,75.1146,26.679,2003.99,705.396
11.983,0.1997,75.1032,26.6871,2004.29,705.513
11.984,0.1997,75.0926,26.3459,1978.38,705.628
11.986,0.1998,75.0821,26.3056,1975.08,705.74
11.987,0.1998,75.0716,26.282,1973.03,705.859
11.989,0.1998,75.0612,26.2919,1973.5,705.975
11.990,0.1998,75.053,26.2642,1971.21,706.073
11.992,0.1999,75.0434,26.2764,1971.87,706.186
11.993,0.1999,75.0356,26.244,1969.23,706.284
11.995,0.1999,75.026,26.3095,1973.9,706.401
11.996,0.1999,75.0177,26.2658,1970.4,706.512
11.998,0.2000,75.0082,26.2785,1971.1,706.635
11.999,0.2000,74.9992,26.2214,1966.59,706.761
12.001,0.2000,74.9895,26.2564,1968.95,706.892
12.002,0.2000,74.9825,26.0786,1955.44,706.996
12.004,0.2001,74.9736,26.016,1950.52,707.12
12.005,0.2001,74.9671,26.0601,1953.65,707.219
12.007,0.2001,74.9606,26.0408,1952.03,707.319
12.008,0.2001,74.9536,26.0195,1950.26,707.427
12.010,0.2002,74.9457,25.9954,1948.25,707.549
12.011,0.2002,74.9386,25.9799,1946.89,707.661
12.013,0.2002,74.9319,25.9601,1945.24,707.764
12.014,0.2002,74.9253,25.947,1944.08,707.865
12.015,0.2003,74.9187,25.9299,1942.64,707.965
12.017,0.2003,74.9116,25.9174,1941.51,708.072
12.018,0.2003,74.9042,25.9033,1940.27,708.181
12.020,0.2003,74.8958,26.0022,1947.46,708.304
12.020,0.2003,74.8923,26.0128,1948.16,708.353
12.021,0.2004,74.8879,26.0014,1947.19,708.416
12.022,0.2004,74.882,26.0041,1947.24,708.497
12.023,0.2004,74.8784,25.9975,1946.65,708.546
12.024,0.2004,74.8704,26.0223,1948.3,708.656
12.025,0.2004,74.8667,26.0231,1948.26,708.703
12.026,0.2004,74.8584,26.021,1947.89,708.814
12.027,0.2005,74.8545,26.0085,1946.85,708.862
12.029,0.2005,74.8461,26.0011,1946.08,708.972
12.029,0.2005,74.842,26.0192,1947.33,709.02
12.030,0.2005,74.8368,26.0064,1946.23,709.087
12.031,0.2005,74.8322,26.0339,1948.18,709.14
12.031,0.2005,74.8306,26.0091,1946.27,709.16
12.032,0.2005,74.8273,26.0451,1948.89,709.197
12.032,0.2005,74.8223,26.02,1946.87,709.26
12.033,0.2005,74.8191,26.0573,1949.59,709.295
12.034,0.2006,74.814,26.0026,1945.36,709.358
12.034,0.2006,74.8108,26.0434,1948.33,709.393
12.035,0.2006,74.8046,26.0213,1946.51,709.469
12.036,0.2006,74.8012,26.0601,1949.33,709.504
12.037,0.2006,74.7935,26.0475,1948.19,709.597
12.037,0.2006,74.7896,26.0816,1950.64,709.637
12.038,0.2006,74.783,26.0727,1949.8,709.715
12.039,0.2006,74.7783,26.1324,1954.14,709.764
12.040,0.2007,74.7722,26.1228,1953.26,709.835
12.041,0.2007,74.7666,26.1663,1956.36,709.891
12.041,0.2007,74.7632,26.0883,1950.44,709.931
12.042,0.2007,74.7575,26.1868,1957.66,709.988
12.042,0.2007,74.7543,26.1518,1954.96,710.024
12.043,0.2007,74.7491,26.1684,1956.06,710.077
12.044,0.2007,74.7438,26.1842,1957.1,710.129
12.045,0.2007,74.7385,26.2038,1958.44,710.182
12.045,0.2008,74.7331,26.2397,1960.97,710.236
12.046,0.2008,74.7276,26.258,1962.2,710.29
12.047,0.2008,74.7218,26.2786,1963.58,710.347
12.047,0.2008,74.7158,26.2987,1964.93,710.404
12.048,0.2008,74.7099,26.3199,1966.35,710.462
12.049,0.2008,74.7039,26.3416,1967.82,710.521
12.050,0.2008,74.6979,26.3975,1971.84,710.579
12.051,0.2008,74.6919,26.4216,1973.47,710.638
12.051,0.2009,74.6859,26.4416,1974.81,710.696
12.052,0.2009,74.6802,26.4636,1976.3,710.751
12.053,0.2009,74.6746,26.4835,1977.64,710.806
12.053,0.2009,74.6692,26.5037,1979.01,710.859
12.054,0.2009,74.6638,26.5245,1980.42,710.912
12.055,0.2009,74.6586,26.543,1981.66,710.963
12.056,0.2009,74.6532,26.5654,1983.19,711.016
12.056,0.2009,74.648,26.5821,1984.3,711.067
12.057,0.2009,74.6426,26.607,1986.01,711.121
12.058,0.2010,74.6373,26.6217,1986.97,711.173
12.058,0.2010,74.6317,26.6503,1988.95,711.231
12.059,0.2010,74.6278,26.6509,1988.9,711.27
12.059,0.2010,74.6257,26.6658,1989.95,711.291
12.060,0.2010,74.6214,26.6833,1991.15,711.334
12.060,0.2010,74.6156,26.7093,1992.93,711.394
12.061,0.2010,74.6096,26.727,1994.09,711.455
12.062,0.2010,74.604,26.7513,1995.75,711.514
12.063,0.2010,74.5981,26.769,1996.92,711.575
12.064,0.2011,74.5926,26.7913,1998.43,711.634
12.064,0.2011,74.5868,26.734,1994,711.695
12.065,0.2011,74.5814,26.7465,1994.79,711.754
12.066,0.2011,74.5758,26.7706,1996.44,711.815
12.067,0.2011,74.5705,26.7814,1997.1,711.874
12.068,0.2011,74.565,26.8291,2000.51,711.934
12.068,0.2011,74.5598,26.817,1999.47,711.993
12.069,0.2012,74.5545,26.8391,2000.98,712.053
12.070,0.2012,74.5494,26.8458,2001.34,712.112
12.071,0.2012,74.5443,26.8664,2002.74,712.172
12.072,0.2012,74.5392,26.8713,2002.97,712.231
12.072,0.2012,74.5342,26.8833,2003.72,712.291
12.073,0.2012,74.5292,26.8936,2004.36,712.351
12.074,0.2012,74.5243,26.9038,2004.99,712.41
12.075,0.2012,74.5194,26.9355,2007.22,712.47
12.075,0.2013,74.5145,26.9442,2007.73,712.53
12.076,0.2013,74.5097,26.9512,2008.13,712.591
12.077,0.2013,74.5049,26.9581,2008.51,712.651
12.078,0.2013,74.5001,26.9634,2008.77,712.712
12.079,0.2013,74.4953,26.9684,2009.02,712.772
12.079,0.2013,74.4905,26.9751,2009.39,712.834
12.080,0.2013,74.4857,26.9783,2009.5,712.895
12.081,0.2014,74.4809,27.0086,2011.62,712.957
12.082,0.2014,74.4761,26.9556,2007.55,713.019
12.083,0.2014,74.4712,26.9539,2007.29,713.081
12.084,0.2014,74.4664,26.9518,2007,713.145
12.084,0.2014,74.4615,26.9052,2003.4,713.209
12.085,0.2014,74.4565,26.9013,2002.98,713.273
12.086,0.2014,74.4516,26.8967,2002.5,713.338
12.087,0.2014,74.4481,26.8945,2002.25,713.384
12.088,0.2015,74.4433,26.8486,1998.7,713.447
12.088,0.2015,74.4383,26.8445,1998.26,713.512
12.089,0.2015,74.4374,26.8476,1998.47,713.524
12.089,0.2015,74.4356,26.8402,1997.87,713.548
12.089,0.2015,74.4343,26.8461,1998.27,713.565
12.089,0.2015,74.4331,26.8375,1997.6,713.581
12.090,0.2015,74.4313,26.8439,1998.03,713.605
12.090,0.2015,74.4304,26.8353,1997.36,713.617
12.090,0.2015,74.4279,26.841,1997.72,713.65
12.090,0.2015,74.427,26.8334,1997.13,713.661
12.091,0.2015,74.4241,26.8375,1997.36,713.7
12.091,0.2015,74.4233,26.8316,1996.9,713.71
12.092,0.2015,74.4197,26.8334,1996.93,713.758
12.092,0.2015,74.4189,26.8299,1996.65,713.769
12.092,0.2015,74.4155,26.8298,1996.55,713.814
12.093,0.2015,74.4147,26.8283,1996.42,713.824
12.093,0.2016,74.4116,26.8269,1996.23,713.865
12.093,0.2016,74.4108,26.8268,1996.21,713.876
12.094,0.2016,74.4077,26.8243,1995.94,713.917
12.094,0.2016,74.4069,26.8255,1996,713.928
12.094,0.2016,74.4037,26.8588,1998.4,713.969
12.095,0.2016,74.403,26.8945,2001.03,713.98
12.095,0.2016,74.4022,26.8937,2000.95,713.991
12.095,0.2016,74.4014,26.893,2000.87,714.001
12.095,0.2016,74.4006,26.8923,2000.8,714.012
12.095,0.2016,74.3998,26.8916,2000.73,714.023
12.095,0.2016,74.399,26.891,2000.67,714.034
12.095,0.2016,74.3982,26.8905,2000.6,714.044
12.096,0.2016,74.3974,26.89,2000.54,714.055
12.096,0.2016,74.3966,26.8895,2000.49,714.066
12.096,0.2016,74.3959,26.8891,2000.44,714.076
12.096,0.2016,74.3951,26.8887,2000.39,714.087
12.096,0.2016,74.3944,26.8901,2000.47,714.096
12.096,0.2016,74.3936,26.8882,2000.31,714.106
12.096,0.2016,74.3929,26.8914,2000.53,714.116
12.096,0.2016,74.3922,26.8878,2000.25,714.126
12.097,0.2016,74.3914,26.8929,2000.61,714.136
12.097,0.2016,74.3907,26.8877,2000.2,714.146
12.097,0.2016,74.39,26.8947,2000.69,714.156
12.097,0.2016,74.3892,26.8878,2000.16,714.166
12.097,0.2016,74.3885,26.8652,1998.46,714.176
12.097,0.2016,74.3878,26.8566,1997.81,714.186
12.097,0.2016,74.387,26.8676,1998.6,714.196
12.098,0.2016,74.3863,26.8573,1997.82,714.206
12.098,0.2016,74.3855,26.8702,1998.75,714.216
12.098,0.2016,74.3848,26.8582,1997.85,714.226
12.098,0.2016,74.384,26.8731,1998.93,714.236
12.098,0.2016,74.3833,26.8595,1997.9,714.246
12.098,0.2016,74.3826,26.8763,1999.12,714.256
12.098,0.2016,74.3818,26.8609,1997.97,714.266
12.098,0.2016,74.3811,26.8797,1999.34,714.276
12.099,0.2016,74.3803,26.8627,1998.06,714.286
12.099,0.2016,74.38,26.8813,1999.43,714.29
12.099,0.2016,74.3794,26.8643,1998.15,714.298
12.099,0.2016,74.3787,26.8852,1999.68,714.308
12.099,0.2016,74.378,26.8661,1998.25,714.316
12.099,0.2017,74.3773,26.8893,1999.96,714.326
12.099,0.2017,74.3767,26.8682,1998.37,714.334
12.099,0.2017,74.3765,26.8907,2000.04,714.337
12.099,0.2017,74.3757,26.8708,1998.54,714.347
12.100,0.2017,74.375,26.8954,2000.34,714.357
12.100,0.2017,74.3743,26.8969,2000.43,714.367
12.100,0.2017,74.3735,26.9008,2000.71,714.376
12.100,0.2017,74.3728,26.9001,2000.64,714.386
12.100,0.2017,74.3721,26.9066,2001.1,714.396
12.100,0.2017,74.3713,26.9038,2000.87,714.406
12.100,0.2017,74.3706,26.9127,2001.51,714.416
12.100,0.2017,74.3699,26.9078,2001.13,714.426
12.101,0.2017,74.3691,26.9191,2001.95,714.435
12.101,0.2017,74.3684,26.9121,2001.41,714.445
12.101,0.2017,74.3679,26.9232,2002.22,714.451
12.101,0.2017,74.3672,26.9168,2001.72,714.461
12.101,0.2017,74.3665,26.9304,2002.72,714.47
12.101,0.2017,74.3657,26.9218,2002.06,714.48
12.101,0.2017,74.365,26.9379,2003.24,714.49
12.101,0.2017,74.3643,26.9272,2002.42,714.5
12.102,0.2017,74.3635,26.9459,2003.79,714.509
12.102,0.2017,74.3628,26.933,2002.81,714.519
12.102,0.2017,74.3621,26.9543,2004.38,714.529
12.102,0.2017,74.3613,26.9393,2003.24,714.538
12.102,0.2017,74.3606,26.9631,2004.99,714.548
12.102,0.2017,74.3599,26.9461,2003.7,714.558
12.102,0.2017,74.3591,26.9724,2005.64,714.567
12.102,0.2017,74.3589,26.9486,2003.87,714.571
12.102,0.2017,74.3583,26.9791,2006.12,714.578
12.103,0.2017,74.3576,26.9562,2004.4,714.588
12.103,0.2017,74.3571,26.9862,2006.62,714.594
12.103,0.2017,74.3563,26.9641,2004.95,714.604
12.103,0.2017,74.3558,26.9936,2007.13,714.611
12.103,0.2017,74.3551,26.9724,2005.53,714.621
12.103,0.2017,74.3545,27.0014,2007.68,714.628
12.103,0.2017,74.3538,26.981,2006.14,714.638
12.103,0.2017,74.3533,27.012,2008.43,714.645
12.103,0.2017,74.3525,26.9901,2006.78,714.654
12.104,0.2017,74.352,27.023,2009.22,714.661
12.104,0.2017,74.3512,26.9996,2007.45,714.671
12.104,0.2017,74.3507,27.0346,2010.04,714.678
12.104,0.2017,74.3505,27.0018,2007.6,714.68
12.104,0.2017,74.3502,27.0421,2010.59,714.685
12.104,0.2017,74.3494,27.012,2008.33,714.695
12.104,0.2017,74.3491,27.0499,2011.13,714.699
12.104,0.2017,74.3483,27.0552,2011.5,714.709
12.104,0.2017,74.3475,27.0607,2011.9,714.719
12.104,0.2017,74.3468,27.0663,2012.29,714.729
12.105,0.2017,74.346,27.0722,2012.71,714.739
12.105,0.2017,74.3453,27.0781,2013.13,714.749
12.105,0.2017,74.3445,27.0844,2013.58,714.759
12.105,0.2017,74.3437,27.0907,2014.02,714.769
12.105,0.2018,74.343,27.0973,2014.5,714.779
12.105,0.2018,74.3422,27.104,2014.97,714.789
12.105,0.2018,74.3414,27.1111,2015.48,714.799
12.105,0.2018,74.3412,27.1088,2015.3,714.802
12.106,0.2018,74.3404,27.1251,2016.49,714.812
12.106,0.2018,74.3396,27.1238,2016.38,714.822
12.106,0.2018,74.3388,27.1402,2017.57,714.832
12.106,0.2018,74.3381,27.14,2017.53,714.842
12.106,0.2018,74.3373,27.1563,2018.73,714.852
