t_s,t_min,depth_m,u_mean_ms,q_unit_m2s,front_x_m
0.003,0.0000,0,0,0,-2.49902
0.006,0.0001,0,0,0,-2.49633
0.009,0.0001,0,0,0,-2.49198
0.012,0.0002,0,0,0,-2.48616
0.014,0.0002,0,0,0,-2.47893
0.017,0.0003,0,0,0,-2.4706
0.020,0.0003,0,0,0,-2.46113
0.023,0.0004,0,0,0,-2.45081
0.026,0.0004,0,0,0,-2.43973
0.029,0.0005,0,0,0,-2.42828
0.032,0.0005,0,0,0,-2.41646
0.034,0.0006,0,0,0,-2.40464
0.037,0.0006,0,0,0,-2.3928
0.040,0.0007,0,0,0,-2.38126
0.043,0.0007,0,0,0,-2.36999
0.046,0.0008,0,0,0,-2.35922
0.049,0.0008,0,0,0,-2.34891
0.051,0.0009,0,0,0,-2.33918
0.054,0.0009,0,0,0,-2.32999
0.057,0.0010,0,0,0,-2.32134
0.060,0.0010,0,0,0,-2.31319
0.063,0.0010,0,0,0,-2.30545
0.066,0.0011,0,0,0,-2.29807
0.069,0.0011,0,0,0,-2.29088
0.071,0.0012,0,0,0,-2.28386
0.074,0.0012,0,0,0,-2.27678
0.077,0.0013,0,0,0,-2.26966
0.080,0.0013,0,0,0,-2.26226
0.083,0.0014,0,0,0,-2.2546
0.086,0.0014,0,0,0,-2.24649
0.089,0.0015,0,0,0,-2.23797
0.091,0.0015,0,0,0,-2.22891
0.094,0.0016,0,0,0,-2.21937
0.097,0.0016,0,0,0,-2.20924
0.100,0.0017,0,0,0,-2.19863
0.103,0.0017,0,0,0,-2.18748
0.106,0.0018,0,0,0,-2.17588
0.109,0.0018,0,0,0,-2.16392
0.111,0.0019,0,0,0,-2.15151
0.114,0.0019,0,0,0,-2.13903
0.117,0.0020,0,0,0,-2.12606
0.120,0.0020,0,0,0,-2.113
0.123,0.0020,0,0,0,-2.09997
0.126,0.0021,0,0,0,-2.08697
0.129,0.0021,0,0,0,-2.07411
0.131,0.0022,0,0,0,-2.06138
0.134,0.0022,0,0,0,-2.04883
0.137,0.0023,0,0,0,-2.03646
0.140,0.0023,0,0,0,-2.02426
0.143,0.0024,0,0,0,-2.01223
0.146,0.0024,0,0,0,-2.00031
0.149,0.0025,0,0,0,-1.9885
0.151,0.0025,0,0,0,-1.97668
0.154,0.0026,0,0,0,-1.96487
0.157,0.0026,0,0,0,-1.95294
0.160,0.0027,0,0,0,-1.94088
0.163,0.0027,0,0,0,-1.92856
0.166,0.0028,0,0,0,-1.91601
0.168,0.0028,0,0,0,-1.90307
0.171,0.0029,0,0,0,-1.8898
0.174,0.0029,0,0,0,-1.87608
0.177,0.0030,0,0,0,-1.86209
0.180,0.0030,0,0,0,-1.84788
0.183,0.0030,0,0,0,-1.83297
0.186,0.0031,0,0,0,-1.81824
0.188,0.0031,0,0,0,-1.80249
0.191,0.0032,0,0,0,-1.78727
0.194,0.0032,0,0,0,-1.77083
0.197,0.0033,0,0,0,-1.7552
0.200,0.0033,0,0,0,-1.73829
0.203,0.0034,0,0,0,-1.72236
0.205,0.0034,0,0,0,-1.70524
0.208,0.0035,0,0,0,-1.68914
0.211,0.0035,0,0,0,-1.67206
0.214,0.0036,0,0,0,-1.65591
0.217,0.0036,0,0,0,-1.63907
0.220,0.0037,0,0,0,-1.62296
0.223,0.0037,0,0,0,-1.60649
0.225,0.0038,0,0,0,-1.59045
0.228,0.0038,0,0,0,-1.57437
0.231,0.0039,0,0,0,-1.55839
0.234,0.0039,0,0,0,-1.54258
0.237,0.0039,0,0,0,-1.52688
0.240,0.0040,0,0,0,-1.51127
0.242,0.0040,0,0,0,-1.4957
0.245,0.0041,0,0,0,-1.48011
0.248,0.0041,0,0,0,-1.46448
0.251,0.0042,0,0,0,-1.4487
0.254,0.0042,0,0,0,-1.43276
0.257,0.0043,0,0,0,-1.41657
0.259,0.0043,0,0,0,-1.40012
0.262,0.0044,0,0,0,-1.38337
0.265,0.0044,0,0,0,-1.36637
0.268,0.0045,0,0,0,-1.34888
0.271,0.0045,0,0,0,-1.33122
0.274,0.0046,0,0,0,-1.31296
0.277,0.0046,0,0,0,-1.29461
0.279,0.0047,0,0,0,-1.27562
0.282,0.0047,0,0,0,-1.25664
0.285,0.0048,0,0,0,-1.23704
0.288,0.0048,0,0,0,-1.21755
0.291,0.0048,0,0,0,-1.19751
0.294,0.0049,0,0,0,-1.17768
0.296,0.0049,0,0,0,-1.15743
0.299,0.0050,0,0,0,-1.13745
0.302,0.0050,0,0,0,-1.11718
0.305,0.0051,0,0,0,-1.09723
0.308,0.0051,0,0,0,-1.07712
0.311,0.0052,0,0,0,-1.05734
0.313,0.0052,0,0,0,-1.0375
0.316,0.0053,0,0,0,-1.01798
0.319,0.0053,0,0,0,-0.998452
0.322,0.0054,0,0,0,-0.979176
0.325,0.0054,0,0,0,-0.959924
0.328,0.0055,0,0,0,-0.940827
0.330,0.0055,0,0,0,-0.921732
0.333,0.0056,0,0,0,-0.90268
0.336,0.0056,0,0,0,-0.883575
0.339,0.0056,0,0,0,-0.864389
0.342,0.0057,0,0,0,-0.845083
0.345,0.0057,0,0,0,-0.825571
0.347,0.0058,0,0,0,-0.80586
0.350,0.0058,0,0,0,-0.785871
0.353,0.0059,0,0,0,-0.765615
0.356,0.0059,0,0,0,-0.745017
0.359,0.0060,0,0,0,-0.724112
0.362,0.0060,0,0,0,-0.702837
0.364,0.0061,0,0,0,-0.681251
0.367,0.0061,0,0,0,-0.659297
0.370,0.0062,0,0,0,-0.637067
0.373,0.0062,0,0,0,-0.614501
0.376,0.0063,0,0,0,-0.59172
0.378,0.0063,0,0,0,-0.568658
0.381,0.0064,0,0,0,-0.545459
0.384,0.0064,0,0,0,-0.522041
0.387,0.0064,0,0,0,-0.498565
0.390,0.0065,0,0,0,-0.474931
0.393,0.0065,0,0,0,-0.451302
0.395,0.0066,0,0,0,-0.427564
0.398,0.0066,0,0,0,-0.403864
0.401,0.0067,0,0,0,-0.380086
0.404,0.0067,0,0,0,-0.356338
0.407,0.0068,0,0,0,-0.332521
0.410,0.0068,0,0,0,-0.308686
0.412,0.0069,0,0,0,-0.284769
0.415,0.0069,0,0,0,-0.260748
0.418,0.0070,0,0,0,-0.236614
0.421,0.0070,0,0,0,-0.212266
0.424,0.0071,0,0,0,-0.187763
0.426,0.0071,0,0,0,-0.162927
0.429,0.0072,0,0,0,-0.137892
0.432,0.0072,0,0,0,-0.112443
0.435,0.0072,0,0,0,-0.0868038
0.438,0.0073,0,0,0,-0.0605899
0.441,0.0073,0,0,0,-0.0342276
0.443,0.0074,0,0,0,-0.00717888
0.446,0.0074,0,0,0,0.0199762
0.449,0.0075,0,0,0,0.0478636
0.452,0.0075,0,0,0,0.0758205
0.455,0.0076,0,0,0,0.104485
0.457,0.0076,0,0,0,0.133191
0.460,0.0077,0,0,0,0.162227
0.463,0.0077,0,0,0,0.19154
0.466,0.0078,0,0,0,0.221112
0.469,0.0078,0,0,0,0.250898
0.472,0.0079,0,0,0,0.280863
0.474,0.0079,0,0,0,0.310978
0.477,0.0080,0,0,0,0.341197
0.480,0.0080,0,0,0,0.371508
0.483,0.0080,0,0,0,0.401862
0.486,0.0081,0,0,0,0.432267
0.488,0.0081,0,0,0,0.462676
0.491,0.0082,0,0,0,0.493115
0.494,0.0082,0,0,0,0.523545
0.497,0.0083,0,0,0,0.554005
0.500,0.0083,0,0,0,0.58447
0.502,0.0084,0,0,0,0.614985
0.505,0.0084,0,0,0,0.64554
0.508,0.0085,0,0,0,0.676178
0.511,0.0085,0,0,0,0.706907
0.514,0.0086,0,0,0,0.737758
0.516,0.0086,0,0,0,0.768741
0.519,0.0087,0,0,0,0.799848
0.522,0.0087,0,0,0,0.831189
0.525,0.0087,0,0,0,0.862639
0.528,0.0088,0,0,0,0.894404
0.530,0.0088,0,0,0,0.926265
0.533,0.0089,0,0,0,0.958483
0.536,0.0089,0,0,0,0.990789
0.539,0.0090,0,0,0,1.02345
0.542,0.0090,0,0,0,1.0562
0.544,0.0091,0,0,0,1.08925
0.547,0.0091,0,0,0,1.1224
0.550,0.0092,0,0,0,1.15577
0.553,0.0092,0,0,0,1.18925
0.556,0.0093,0,0,0,1.22284
0.558,0.0093,0,0,0,1.25657
0.561,0.0094,0,0,0,1.2903
0.564,0.0094,0,0,0,1.3242
0.567,0.0094,0,0,0,1.35799
0.570,0.0095,0,0,0,1.39199
0.572,0.0095,0,0,0,1.426
0.575,0.0096,0,0,0,1.46001
0.578,0.0096,0,0,0,1.49404
0.581,0.0097,0,0,0,1.52806
0.584,0.0097,0,0,0,1.56211
0.586,0.0098,0,0,0,1.5962
0.589,0.0098,0,0,0,1.63035
0.592,0.0099,0,0,0,1.66458
0.595,0.0099,0,0,0,1.69893
0.598,0.0100,0,0,0,1.7334
0.600,0.0100,0,0,0,1.76805
0.603,0.0101,0,0,0,1.80288
0.606,0.0101,0,0,0,1.83794
0.609,0.0101,0,0,0,1.87321
0.612,0.0102,0,0,0,1.90877
0.614,0.0102,0,0,0,1.94457
0.617,0.0103,0,0,0,1.98068
0.620,0.0103,0,0,0,2.01705
0.623,0.0104,0,0,0,2.05372
0.626,0.0104,0,0,0,2.09064
0.628,0.0105,0,0,0,2.12785
0.631,0.0105,0,0,0,2.16528
0.634,0.0106,0,0,0,2.20294
0.637,0.0106,0,0,0,2.24081
0.640,0.0107,0,0,0,2.27885
0.642,0.0107,0,0,0,2.31705
0.645,0.0108,0,0,0,2.35536
0.648,0.0108,0,0,0,2.39381
0.651,0.0108,0,0,0,2.4323
0.654,0.0109,0,0,0,2.47092
0.656,0.0109,0,0,0,2.50953
0.659,0.0110,0,0,0,2.54828
0.662,0.0110,0,0,0,2.58696
0.665,0.0111,0,0,0,2.62585
0.667,0.0111,0,0,0,2.66462
0.670,0.0112,0,0,0,2.70366
0.673,0.0112,0,0,0,2.74255
0.676,0.0113,0,0,0,2.78182
0.679,0.0113,0,0,0,2.82091
0.681,0.0114,0,0,0,2.86049
0.684,0.0114,0,0,0,2.90026
0.687,0.0114,0,0,0,2.94028
0.690,0.0115,0,0,0,2.98041
0.693,0.0115,0,0,0,3.02096
0.695,0.0116,0,0,0,3.06153
0.698,0.0116,0,0,0,3.10267
0.701,0.0117,0,0,0,3.14371
0.704,0.0117,0,0,0,3.18546
0.706,0.0118,0,0,0,3.22698
0.709,0.0118,0,0,0,3.26932
0.712,0.0119,0,0,0,3.31127
0.715,0.0119,0,0,0,3.35414
0.718,0.0120,0,0,0,3.39647
0.720,0.0120,0,0,0,3.43977
0.723,0.0121,0,0,0,3.48238
0.726,0.0121,0,0,0,3.52599
0.729,0.0121,0,0,0,3.56878
0.731,0.0122,0,0,0,3.61257
0.734,0.0122,0,0,0,3.65549
0.737,0.0123,0,0,0,3.69934
0.740,0.0123,0,0,0,3.74231
0.743,0.0124,0,0,0,3.78614
0.745,0.0124,0,0,0,3.82916
0.748,0.0125,0,0,0,3.87291
0.751,0.0125,0,0,0,3.916
0.754,0.0126,0,0,0,3.95967
0.757,0.0126,0,0,0,4.00289
0.759,0.0127,0,0,0,4.04653
0.762,0.0127,0,0,0,4.08995
0.765,0.0127,0,0,0,4.13362
0.768,0.0128,0,0,0,4.17737
0.770,0.0128,0,0,0,4.2213
0.773,0.0129,0,0,0,4.26542
0.776,0.0129,0,0,0,4.30973
0.779,0.0130,0,0,0,4.35429
0.781,0.0130,0,0,0,4.39909
0.784,0.0131,0,0,0,4.44411
0.787,0.0131,0,0,0,4.4895
0.790,0.0132,0,0,0,4.53499
0.793,0.0132,0,0,0,4.58101
0.795,0.0133,0,0,0,4.62724
0.798,0.0133,0,0,0,4.67368
0.801,0.0133,0,0,0,4.72032
0.804,0.0134,0,0,0,4.76715
0.806,0.0134,0,0,0,4.81415
0.809,0.0135,0,0,0,4.8613
0.812,0.0135,0,0,0,4.90858
0.815,0.0136,0,0,0,4.95598
0.818,0.0136,0,0,0,5.00346
0.820,0.0137,0,0,0,5.05101
0.823,0.0137,0,0,0,5.09859
0.826,0.0138,0,0,0,5.1462
0.829,0.0138,0,0,0,5.19381
0.831,0.0139,0,0,0,5.2414
0.834,0.0139,0,0,0,5.28897
0.837,0.0139,0,0,0,5.33649
0.840,0.0140,0,0,0,5.38397
0.842,0.0140,0,0,0,5.43141
0.845,0.0141,0,0,0,5.4788
0.848,0.0141,0,0,0,5.52616
0.851,0.0142,0,0,0,5.57354
0.853,0.0142,0,0,0,5.621
0.856,0.0143,0,0,0,5.66838
0.859,0.0143,0,0,0,5.71601
0.862,0.0144,0,0,0,5.76347
0.864,0.0144,0,0,0,5.81138
0.867,0.0145,0,0,0,5.859
0.870,0.0145,0,0,0,5.90732
0.873,0.0145,0,0,0,5.95517
0.876,0.0146,0,0,0,6.004
0.878,0.0146,0,0,0,6.05214
0.881,0.0147,0,0,0,6.10154
0.884,0.0147,0,0,0,6.15001
0.887,0.0148,0,0,0,6.19999
0.889,0.0148,0,0,0,6.24881
0.892,0.0149,0,0,0,6.29934
0.895,0.0149,0,0,0,6.3485
0.898,0.0150,0,0,0,6.39948
0.900,0.0150,0,0,0,6.44896
0.903,0.0151,0,0,0,6.50027
0.906,0.0151,0,0,0,6.55172
0.909,0.0151,0,0,0,6.60325
0.911,0.0152,0,0,0,6.65485
0.914,0.0152,0,0,0,6.70648
0.917,0.0153,0,0,0,6.75812
0.920,0.0153,0,0,0,6.80974
0.922,0.0154,0,0,0,6.86135
0.925,0.0154,0,0,0,6.91292
0.928,0.0155,0,0,0,6.96446
0.931,0.0155,0,0,0,7.01598
0.933,0.0156,0,0,0,7.06755
0.936,0.0156,0,0,0,7.11925
0.939,0.0156,0,0,0,7.17085
0.942,0.0157,0,0,0,7.22282
0.944,0.0157,0,0,0,7.27454
0.947,0.0158,0,0,0,7.32688
0.950,0.0158,0,0,0,7.37884
0.953,0.0159,0,0,0,7.43166
0.955,0.0159,0,0,0,7.48394
0.958,0.0160,0,0,0,7.53731
0.961,0.0160,0,0,0,7.59
0.964,0.0161,0,0,0,7.64396
0.966,0.0161,0,0,0,7.69708
0.969,0.0162,0,0,0,7.75162
0.972,0.0162,0,0,0,7.80517
0.975,0.0162,0,0,0,7.86021
0.977,0.0163,0,0,0,7.91414
0.980,0.0163,0,0,0,7.96957
0.983,0.0164,0,0,0,8.0238
0.985,0.0164,0,0,0,8.07948
0.988,0.0165,0,0,0,8.13395
0.991,0.0165,0,0,0,8.18971
0.994,0.0166,0,0,0,8.24433
0.996,0.0166,0,0,0,8.30004
0.999,0.0167,0,0,0,8.35475
1.002,0.0167,0,0,0,8.41031
1.005,0.0167,0,0,0,8.46508
1.007,0.0168,0,0,0,8.52043
1.010,0.0168,0,0,0,8.57526
1.013,0.0169,0,0,0,8.6304
1.016,0.0169,0,0,0,8.68564
1.018,0.0170,0,0,0,8.74105
1.021,0.0170,0,0,0,8.79645
1.024,0.0171,0,0,0,8.85222
1.027,0.0171,0,0,0,8.90785
1.029,0.0172,0,0,0,8.96404
1.032,0.0172,0,0,0,9.01999
1.035,0.0172,0,0,0,9.07669
1.038,0.0173,0,0,0,9.13301
1.040,0.0173,0,0,0,9.19026
1.043,0.0174,0,0,0,9.24699
1.046,0.0174,0,0,0,9.30481
1.048,0.0175,0,0,0,9.36196
1.051,0.0175,0,0,0,9.42031
1.054,0.0176,0,0,0,9.47785
1.057,0.0176,0,0,0,9.53666
1.059,0.0177,0,0,0,9.59453
1.062,0.0177,0,0,0,9.65368
1.065,0.0177,0,0,0,9.7118
1.068,0.0178,0,0,0,9.77117
1.070,0.0178,0,0,0,9.82944
1.073,0.0179,0,0,0,9.88889
1.076,0.0179,0,0,0,9.94723
1.079,0.0180,0,0,0,10.0066
1.081,0.0180,0,0,0,10.065
1.084,0.0181,0,0,0,10.1243
1.087,0.0181,0,0,0,10.1826
1.089,0.0182,0,0,0,10.2417
1.092,0.0182,0,0,0,10.2999
1.095,0.0182,0,0,0,10.3589
1.098,0.0183,0,0,0,10.4171
1.100,0.0183,0,0,0,10.4762
1.103,0.0184,0,0,0,10.5345
1.106,0.0184,0,0,0,10.5938
1.109,0.0185,0,0,0,10.6521
1.111,0.0185,0,0,0,10.7117
1.114,0.0186,0,0,0,10.7701
1.117,0.0186,0,0,0,10.8301
1.120,0.0187,0,0,0,10.8887
1.122,0.0187,0,0,0,10.9491
1.125,0.0188,0,0,0,11.0097
1.128,0.0188,0,0,0,11.0703
1.130,0.0188,0,0,0,11.1311
1.133,0.0189,0,0,0,11.1921
1.136,0.0189,0,0,0,11.2532
1.139,0.0190,0,0,0,11.3145
1.141,0.0190,0,0,0,11.3758
1.144,0.0191,0,0,0,11.4373
1.147,0.0191,0,0,0,11.4989
1.150,0.0192,0,0,0,11.5607
1.152,0.0192,0,0,0,11.6225
1.155,0.0193,0,0,0,11.6843
1.158,0.0193,0,0,0,11.7462
1.160,0.0193,0,0,0,11.8082
1.163,0.0194,0,0,0,11.8702
1.166,0.0194,0,0,0,11.9322
1.169,0.0195,0,0,0,11.9942
1.171,0.0195,0,0,0,12.0562
1.174,0.0196,0,0,0,12.1183
1.177,0.0196,0,0,0,12.1803
1.180,0.0197,0,0,0,12.2424
1.182,0.0197,0,0,0,12.3046
1.185,0.0198,0,0,0,12.3668
1.188,0.0198,0,0,0,12.4293
1.190,0.0198,0,0,0,12.4915
1.193,0.0199,0,0,0,12.5542
1.196,0.0199,0,0,0,12.6165
1.199,0.0200,0,0,0,12.6797
1.201,0.0200,0,0,0,12.7422
1.204,0.0201,0,0,0,12.8057
1.207,0.0201,0,0,0,12.8684
1.210,0.0202,0,0,0,12.9324
1.212,0.0202,0,0,0,12.9953
1.215,0.0203,0,0,0,13.0599
1.218,0.0203,0,0,0,13.1231
1.220,0.0203,0,0,0,13.1881
1.223,0.0204,0,0,0,13.2515
1.226,0.0204,0,0,0,13.317
1.229,0.0205,0,0,0,13.3807
1.231,0.0205,0,0,0,13.4466
1.234,0.0206,0,0,0,13.5127
1.237,0.0206,0,0,0,13.5788
1.240,0.0207,0,0,0,13.645
1.242,0.0207,0,0,0,13.7112
1.245,0.0207,0,0,0,13.7775
1.248,0.0208,0,0,0,13.8439
1.250,0.0208,0,0,0,13.9102
1.253,0.0209,0,0,0,13.9766
1.256,0.0209,0,0,0,14.043
1.259,0.0210,0,0,0,14.1095
1.261,0.0210,0,0,0,14.1759
1.264,0.0211,0,0,0,14.2425
1.267,0.0211,0,0,0,14.309
1.269,0.0212,0,0,0,14.3759
1.272,0.0212,0,0,0,14.4424
1.275,0.0212,0,0,0,14.5095
1.278,0.0213,0,0,0,14.5761
1.280,0.0213,0,0,0,14.6435
1.283,0.0214,0,0,0,14.7102
1.286,0.0214,0,0,0,14.7778
1.288,0.0215,0,0,0,14.8447
1.291,0.0215,0,0,0,14.9127
1.294,0.0216,0,0,0,14.9797
1.297,0.0216,0,0,0,15.048
1.299,0.0217,0,0,0,15.1152
1.302,0.0217,0,0,0,15.1839
1.305,0.0217,0,0,0,15.2512
1.307,0.0218,0,0,0,15.3202
1.310,0.0218,0,0,0,15.3877
1.313,0.0219,0,0,0,15.4571
1.316,0.0219,0,0,0,15.5248
1.318,0.0220,0,0,0,15.5945
1.321,0.0220,0,0,0,15.6623
1.324,0.0221,0,0,0,15.7323
1.326,0.0221,0,0,0,15.8003
1.329,0.0222,0,0,0,15.8705
1.332,0.0222,0,0,0,15.9387
1.335,0.0222,0,0,0,16.0091
1.337,0.0223,0,0,0,16.0775
1.340,0.0223,0,0,0,16.1482
1.343,0.0224,0,0,0,16.219
1.345,0.0224,0,0,0,16.29
1.348,0.0225,0,0,0,16.3611
1.351,0.0225,0,0,0,16.4324
1.354,0.0226,0,0,0,16.5037
1.356,0.0226,0,0,0,16.5753
1.359,0.0226,0,0,0,16.6468
1.362,0.0227,0,0,0,16.7188
1.364,0.0227,0,0,0,16.7906
1.367,0.0228,0,0,0,16.8628
1.370,0.0228,0,0,0,16.9349
1.372,0.0229,0,0,0,17.0075
1.375,0.0229,0,0,0,17.0799
1.378,0.0230,0,0,0,17.1528
1.381,0.0230,0,0,0,17.2269
1.383,0.0231,0,0,0,17.3039
1.386,0.0231,0,0,0,17.3806
1.389,0.0231,0,0,0,17.458
1.391,0.0232,0,0,0,17.535
1.394,0.0232,0,0,0,17.6126
1.397,0.0233,0,0,0,17.6899
1.400,0.0233,0,0,0,17.7678
1.402,0.0234,0,0,0,17.8453
1.405,0.0234,0,0,0,17.9235
1.408,0.0235,0,0,0,18.0013
1.410,0.0235,0,0,0,18.0798
1.413,0.0236,0,0,0,18.1578
1.416,0.0236,0,0,0,18.2365
1.418,0.0236,0,0,0,18.3148
1.421,0.0237,0,0,0,18.3938
1.424,0.0237,0,0,0,18.4723
1.427,0.0238,0,0,0,18.5515
1.429,0.0238,0,0,0,18.6303
1.432,0.0239,0,0,0,18.7097
1.435,0.0239,0,0,0,18.7888
1.437,0.0240,0,0,0,18.8684
1.440,0.0240,0,0,0,18.9477
1.443,0.0240,0,0,0,19.0274
1.445,0.0241,0,0,0,19.107
1.448,0.0241,0,0,0,19.1868
1.451,0.0242,0,0,0,19.2667
1.454,0.0242,0,0,0,19.3468
1.456,0.0243,0,0,0,19.4269
1.459,0.0243,0,0,0,19.5071
1.462,0.0244,0,0,0,19.5873
1.464,0.0244,0,0,0,19.6677
1.467,0.0245,0,0,0,19.7481
1.470,0.0245,0,0,0,19.8285
1.472,0.0245,0,0,0,19.9091
1.475,0.0246,0,0,0,19.9896
1.478,0.0246,0,0,0,20.0703
1.480,0.0247,0,0,0,20.151
1.483,0.0247,0,0,0,20.2317
1.486,0.0248,0,0,0,20.3126
1.489,0.0248,0,0,0,20.3935
1.491,0.0249,0,0,0,20.4745
1.494,0.0249,0,0,0,20.5555
1.497,0.0249,0,0,0,20.6367
1.499,0.0250,0,0,0,20.718
1.502,0.0250,0,0,0,20.7994
1.505,0.0251,0,0,0,20.8809
1.507,0.0251,0,0,0,20.9626
1.510,0.0252,0,0,0,21.0444
1.513,0.0252,0,0,0,21.1264
1.516,0.0253,0,0,0,21.2085
1.518,0.0253,0,0,0,21.2908
1.521,0.0253,0,0,0,21.3732
1.524,0.0254,0,0,0,21.4557
1.526,0.0254,0,0,0,21.5384
1.529,0.0255,0,0,0,21.6211
1.532,0.0255,0,0,0,21.7039
1.534,0.0256,0,0,0,21.7868
1.537,0.0256,0,0,0,21.8698
1.540,0.0257,0,0,0,21.9528
1.542,0.0257,0,0,0,22.0357
1.545,0.0258,0,0,0,22.1188
1.548,0.0258,0,0,0,22.2017
1.551,0.0258,0,0,0,22.2847
1.553,0.0259,0,0,0,22.3677
1.556,0.0259,0,0,0,22.4506
1.559,0.0260,0,0,0,22.5335
1.561,0.0260,0,0,0,22.6164
1.564,0.0261,0,0,0,22.6993
1.567,0.0261,0,0,0,22.7821
1.569,0.0262,0,0,0,22.865
1.572,0.0262,0,0,0,22.9478
1.575,0.0262,0,0,0,23.0307
1.577,0.0263,0,0,0,23.1137
1.580,0.0263,0,0,0,23.1967
1.583,0.0264,0,0,0,23.2798
1.585,0.0264,0,0,0,23.363
1.588,0.0265,0,0,0,23.4463
1.591,0.0265,0,0,0,23.5298
1.594,0.0266,0,0,0,23.6135
1.596,0.0266,0,0,0,23.6972
1.599,0.0266,0,0,0,23.7813
1.602,0.0267,0,0,0,23.8654
1.604,0.0267,0,0,0,23.9498
1.607,0.0268,0,0,0,24.0342
1.610,0.0268,0,0,0,24.1189
1.612,0.0269,0,0,0,24.2036
1.615,0.0269,0,0,0,24.2887
1.618,0.0270,0,0,0,24.3736
1.620,0.0270,0,0,0,24.4588
1.623,0.0271,0,0,0,24.5438
1.626,0.0271,0,0,0,24.6292
1.628,0.0271,0,0,0,24.7143
1.631,0.0272,0,0,0,24.7997
1.634,0.0272,0,0,0,24.8847
1.637,0.0273,0,0,0,24.9702
1.639,0.0273,0,0,0,25.0551
1.642,0.0274,0,0,0,25.1404
1.645,0.0274,0,0,0,25.2252
1.647,0.0275,0,0,0,25.3104
1.650,0.0275,0,0,0,25.3951
1.653,0.0275,0,0,0,25.4802
1.655,0.0276,0,0,0,25.5648
1.658,0.0276,0,0,0,25.6499
1.661,0.0277,0,0,0,25.7345
1.663,0.0277,0,0,0,25.8194
1.666,0.0278,0,0,0,25.9045
1.669,0.0278,0,0,0,25.9896
1.671,0.0279,0,0,0,26.0748
1.674,0.0279,0,0,0,26.1602
1.677,0.0279,0,0,0,26.2455
1.679,0.0280,0,0,0,26.3311
1.682,0.0280,0,0,0,26.4166
1.685,0.0281,0,0,0,26.5025
1.687,0.0281,0,0,0,26.5883
1.690,0.0282,0,0,0,26.6744
1.693,0.0282,0,0,0,26.7603
1.695,0.0283,0,0,0,26.8467
1.698,0.0283,0,0,0,26.9328
1.701,0.0283,0,0,0,27.0194
1.703,0.0284,0,0,0,27.1056
1.706,0.0284,0,0,0,27.1924
1.709,0.0285,0,0,0,27.2786
1.712,0.0285,0,0,0,27.3655
1.714,0.0286,0,0,0,27.4517
1.717,0.0286,0,0,0,27.5387
1.720,0.0287,0,0,0,27.6249
1.722,0.0287,0,0,0,27.7119
1.725,0.0287,0,0,0,27.798
1.728,0.0288,0,0,0,27.8851
1.730,0.0288,0,0,0,27.9712
1.733,0.0289,0,0,0,28.0583
1.736,0.0289,0,0,0,28.1444
1.738,0.0290,0,0,0,28.2315
1.741,0.0290,0,0,0,28.3176
1.744,0.0291,0,0,0,28.4047
1.746,0.0291,0,0,0,28.4909
1.749,0.0292,0,0,0,28.5782
1.752,0.0292,0,0,0,28.6645
1.754,0.0292,0,0,0,28.7518
1.757,0.0293,0,0,0,28.8383
1.760,0.0293,0,0,0,28.9258
1.762,0.0294,0,0,0,29.0125
1.765,0.0294,0,0,0,29.1001
1.768,0.0295,0,0,0,29.187
1.770,0.0295,0,0,0,29.2748
1.773,0.0296,0,0,0,29.3628
1.776,0.0296,0,0,0,29.4508
1.778,0.0296,0,0,0,29.5389
1.781,0.0297,0,0,0,29.6271
1.784,0.0297,0,0,0,29.7153
1.786,0.0298,0,0,0,29.8036
1.789,0.0298,0,0,0,29.8919
1.792,0.0299,0,0,0,29.9803
1.794,0.0299,0,0,0,30.0687
1.797,0.0300,0,0,0,30.1571
1.800,0.0300,0,0,0,30.2456
1.803,0.0300,0,0,0,30.334
1.805,0.0301,0,0,0,30.4224
1.808,0.0301,0,0,0,30.5109
1.811,0.0302,0,0,0,30.5993
1.813,0.0302,0,0,0,30.6877
1.816,0.0303,0,0,0,30.7761
1.819,0.0303,0,0,0,30.8645
1.821,0.0304,0,0,0,30.9529
1.824,0.0304,0,0,0,31.0413
1.827,0.0304,0,0,0,31.1297
1.829,0.0305,0,0,0,31.218
1.832,0.0305,0,0,0,31.3064
1.835,0.0306,0,0,0,31.3948
1.837,0.0306,0,0,0,31.4833
1.840,0.0307,0,0,0,31.5718
1.843,0.0307,0,0,0,31.6604
1.845,0.0308,0,0,0,31.749
1.848,0.0308,0,0,0,31.8377
1.851,0.0308,0,0,0,31.9266
1.853,0.0309,0,0,0,32.0154
1.856,0.0309,0,0,0,32.1045
1.859,0.0310,0,0,0,32.1935
1.861,0.0310,0,0,0,32.283
1.864,0.0311,0,0,0,32.3721
1.867,0.0311,0,0,0,32.4619
1.869,0.0312,0,0,0,32.5512
1.872,0.0312,0,0,0,32.6414
1.875,0.0312,0,0,0,32.7308
1.877,0.0313,0,0,0,32.8213
1.880,0.0313,0,0,0,32.9118
1.883,0.0314,0,0,0,33.0024
1.885,0.0314,0,0,0,33.0931
1.888,0.0315,0,0,0,33.1838
1.891,0.0315,0,0,0,33.2745
1.893,0.0316,0,0,0,33.3653
1.896,0.0316,0,0,0,33.4561
1.899,0.0316,0,0,0,33.547
1.901,0.0317,0,0,0,33.6379
1.904,0.0317,0,0,0,33.7289
1.907,0.0318,0,0,0,33.8199
1.909,0.0318,0,0,0,33.9109
1.912,0.0319,0,0,0,34.0021
1.915,0.0319,0,0,0,34.0933
1.917,0.0320,0,0,0,34.1846
1.920,0.0320,0,0,0,34.2759
1.923,0.0320,0,0,0,34.3674
1.925,0.0321,0,0,0,34.459
1.928,0.0321,0,0,0,34.5507
1.931,0.0322,0,0,0,34.6425
1.933,0.0322,0,0,0,34.7344
1.936,0.0323,0,0,0,34.8266
1.939,0.0323,0,0,0,34.9187
1.941,0.0324,0,0,0,35.0112
1.944,0.0324,0,0,0,35.1035
1.947,0.0324,0,0,0,35.1963
1.949,0.0325,0,0,0,35.2889
1.952,0.0325,0,0,0,35.382
1.955,0.0326,0,0,0,35.4748
1.957,0.0326,0,0,0,35.5682
1.960,0.0327,0,0,0,35.6612
1.963,0.0327,0,0,0,35.7549
1.965,0.0328,0,0,0,35.848
1.968,0.0328,0,0,0,35.942
1.971,0.0328,0,0,0,36.0352
1.973,0.0329,0,0,0,36.1295
1.976,0.0329,0,0,0,36.2227
1.979,0.0330,0,0,0,36.3172
1.981,0.0330,0,0,0,36.4106
1.984,0.0331,0,0,0,36.5053
1.987,0.0331,0,0,0,36.6001
1.989,0.0332,0,0,0,36.6949
1.992,0.0332,0,0,0,36.7898
1.995,0.0332,0,0,0,36.8847
1.997,0.0333,0,0,0,36.9796
2.000,0.0333,0,0,0,37.0747
2.003,0.0334,0,0,0,37.1697
2.005,0.0334,0,0,0,37.2649
2.008,0.0335,0,0,0,37.3599
2.011,0.0335,0,0,0,37.4553
2.013,0.0336,0,0,0,37.5504
2.016,0.0336,0,0,0,37.646
2.019,0.0336,0,0,0,37.7413
2.021,0.0337,0,0,0,37.8371
2.024,0.0337,0,0,0,37.9324
2.026,0.0338,0,0,0,38.0285
2.029,0.0338,0,0,0,38.124
2.032,0.0339,0,0,0,38.2203
2.034,0.0339,0,0,0,38.316
2.037,0.0340,0,0,0,38.4126
2.040,0.0340,0,0,0,38.5084
2.042,0.0340,0,0,0,38.6053
2.045,0.0341,0,0,0,38.7013
2.048,0.0341,0,0,0,38.7985
2.050,0.0342,0,0,0,38.8946
2.053,0.0342,0,0,0,38.9921
2.056,0.0343,0,0,0,39.0884
2.058,0.0343,0,0,0,39.1862
2.061,0.0344,0,0,0,39.2826
2.064,0.0344,0,0,0,39.3807
2.066,0.0344,0,0,0,39.4773
2.069,0.0345,0,0,0,39.5757
2.072,0.0345,0,0,0,39.6724
2.074,0.0346,0,0,0,39.7711
2.077,0.0346,0,0,0,39.868
2.080,0.0347,0,0,0,39.9669
2.082,0.0347,0,0,0,40.064
2.085,0.0348,0,0,0,40.1631
2.088,0.0348,0,0,0,40.2604
2.090,0.0348,0,0,0,40.3597
2.093,0.0349,0,0,0,40.4592
2.096,0.0349,0,0,0,40.5588
2.098,0.0350,0,0,0,40.6584
2.101,0.0350,0,0,0,40.7581
2.104,0.0351,0,0,0,40.8579
2.106,0.0351,0,0,0,40.9578
2.109,0.0351,0,0,0,41.0577
2.112,0.0352,0,0,0,41.1577
2.114,0.0352,0,0,0,41.2579
2.117,0.0353,0,0,0,41.358
2.120,0.0353,0,0,0,41.4583
2.122,0.0354,0,0,0,41.5586
2.125,0.0354,0,0,0,41.659
2.127,0.0355,0,0,0,41.7595
2.130,0.0355,0,0,0,41.86
2.133,0.0355,0,0,0,41.9606
2.135,0.0356,0,0,0,42.0613
2.138,0.0356,0,0,0,42.162
2.141,0.0357,0,0,0,42.2628
2.143,0.0357,0,0,0,42.3636
2.146,0.0358,0,0,0,42.4645
2.149,0.0358,0,0,0,42.5654
2.151,0.0359,0,0,0,42.6664
2.154,0.0359,0,0,0,42.7675
2.157,0.0359,0,0,0,42.8686
2.159,0.0360,0,0,0,42.9698
2.162,0.0360,0,0,0,43.0709
2.165,0.0361,0,0,0,43.1723
2.167,0.0361,0,0,0,43.2736
2.170,0.0362,0,0,0,43.3751
2.173,0.0362,0,0,0,43.4765
2.175,0.0363,0,0,0,43.5783
2.178,0.0363,0,0,0,43.6798
2.181,0.0363,0,0,0,43.7818
2.183,0.0364,0,0,0,43.8834
2.186,0.0364,0,0,0,43.9857
2.188,0.0365,0,0,0,44.0875
2.191,0.0365,0,0,0,44.1901
2.194,0.0366,0,0,0,44.2919
2.196,0.0366,0,0,0,44.3949
2.199,0.0367,0,0,0,44.4979
2.202,0.0367,0,0,0,44.601
2.204,0.0367,0,0,0,44.7042
2.207,0.0368,0,0,0,44.8075
2.210,0.0368,0,0,0,44.9108
2.212,0.0369,0,0,0,45.0143
2.215,0.0369,0,0,0,45.1178
2.218,0.0370,0,0,0,45.2214
2.220,0.0370,0,0,0,45.325
2.223,0.0370,0,0,0,45.4288
2.225,0.0371,0,0,0,45.5326
2.228,0.0371,0,0,0,45.6366
2.231,0.0372,0,0,0,45.7405
2.233,0.0372,0,0,0,45.8447
2.236,0.0373,0,0,0,45.9488
2.239,0.0373,0,0,0,46.0531
2.241,0.0374,0,0,0,46.1573
2.244,0.0374,0,0,0,46.2619
2.247,0.0374,0,0,0,46.3662
2.249,0.0375,0,0,0,46.4709
2.252,0.0375,0,0,0,46.5754
2.255,0.0376,0,0,0,46.6803
2.257,0.0376,0,0,0,46.7849
2.260,0.0377,0,0,0,46.89
2.262,0.0377,0,0,0,46.9947
2.265,0.0378,0,0,0,47.1001
2.268,0.0378,0,0,0,47.2048
2.270,0.0378,0,0,0,47.3104
2.273,0.0379,0,0,0,47.4152
2.276,0.0379,0,0,0,47.5211
2.278,0.0380,0,0,0,47.6259
2.281,0.0380,0,0,0,47.732
2.284,0.0381,0,0,0,47.8369
2.286,0.0381,0,0,0,47.9433
2.289,0.0381,0,0,0,48.0482
2.291,0.0382,0,0,0,48.1548
2.294,0.0382,0,0,0,48.2599
2.297,0.0383,0,0,0,48.3667
2.299,0.0383,0,0,0,48.4719
2.302,0.0384,0,0,0,48.579
2.305,0.0384,0,0,0,48.6862
2.307,0.0385,0,0,0,48.7936
2.310,0.0385,0,0,0,48.901
2.313,0.0385,0,0,0,49.0086
2.315,0.0386,0,0,0,49.1161
2.318,0.0386,0,0,0,49.2239
2.320,0.0387,0,0,0,49.3316
2.323,0.0387,0,0,0,49.4396
2.326,0.0388,0,0,0,49.5475
2.328,0.0388,0,0,0,49.6557
2.331,0.0388,0,0,0,49.7637
2.334,0.0389,0,0,0,49.8722
2.336,0.0389,0,0,0,49.9804
2.339,0.0390,0,0,0,50.0891
2.342,0.0390,0,0,0,50.1974
2.344,0.0391,0,0,0,50.3063
2.347,0.0391,0,0,0,50.4149
2.349,0.0392,0,0,0,50.5239
2.352,0.0392,0,0,0,50.6327
2.355,0.0392,0,0,0,50.7419
2.357,0.0393,0,0,0,50.8509
2.360,0.0393,0,0,0,50.9603
2.363,0.0394,0,0,0,51.0695
2.365,0.0394,0,0,0,51.1791
2.368,0.0395,0,0,0,51.2885
2.371,0.0395,0,0,0,51.3982
2.373,0.0396,0,0,0,51.5078
2.376,0.0396,0,0,0,51.6178
2.378,0.0396,0,0,0,51.7276
2.381,0.0397,0,0,0,51.8377
2.384,0.0397,0,0,0,51.9477
2.386,0.0398,0,0,0,52.058
2.389,0.0398,0,0,0,52.1682
2.392,0.0399,0,0,0,52.2786
2.394,0.0399,0,0,0,52.3889
2.397,0.0399,0,0,0,52.4996
2.399,0.0400,12.7741,42.5346,543.34,52.6101
2.402,0.0400,12.768,42.5312,543.04,52.7209
2.405,0.0401,12.7624,42.608,543.782,52.8315
2.407,0.0401,12.7565,42.6418,543.962,52.9425
2.410,0.0402,12.7508,42.6774,544.17,53.0535
2.413,0.0402,12.7451,42.7141,544.397,53.1647
2.415,0.0403,12.7396,42.7523,544.648,53.2759
2.418,0.0403,12.7342,42.7925,544.929,53.3872
2.420,0.0403,12.7289,42.8339,545.23,53.4987
2.423,0.0404,12.7238,42.8778,545.569,53.6102
2.426,0.0404,12.7188,42.9224,545.922,53.7218
2.428,0.0405,12.7139,42.9699,546.316,53.8335
2.431,0.0405,12.7092,43.0175,546.716,53.9453
2.434,0.0406,12.7046,43.0679,547.158,54.0572
2.436,0.0406,12.7001,43.1178,547.598,54.1693
2.439,0.0406,12.6957,43.1701,548.075,54.2814
2.441,0.0407,12.6915,43.2213,548.543,54.3936
2.444,0.0407,12.6874,43.2741,549.038,54.506
2.447,0.0408,15.7925,43.0763,680.281,54.6184
2.449,0.0408,15.7878,43.1186,680.747,54.731
2.452,0.0409,15.7831,43.1599,681.198,54.8436
2.455,0.0409,15.7785,43.1991,681.619,54.9564
2.457,0.0410,15.774,43.2371,682.021,55.0692
2.460,0.0410,15.7695,43.2721,682.377,55.1821
2.463,0.0410,15.765,43.2708,682.165,55.2951
2.465,0.0411,15.7606,43.3354,682.992,55.4082
2.468,0.0411,15.7562,43.2975,682.204,55.5213
2.470,0.0412,15.7519,43.3879,683.442,55.6344
2.473,0.0412,15.7476,43.3187,682.166,55.7477
2.476,0.0413,15.7434,43.4289,683.719,55.8609
2.478,0.0413,15.7392,43.3365,682.083,55.9743
2.481,0.0413,15.7352,43.4587,683.83,56.0876
2.483,0.0414,15.731,43.3531,681.99,56.2011
2.486,0.0414,15.7271,43.4786,683.794,56.3145
2.489,0.0415,15.7231,43.3706,681.921,56.428
2.491,0.0415,15.7194,43.4904,683.643,56.5415
2.494,0.0416,15.7155,43.3908,681.909,56.6557
2.497,0.0416,15.7119,43.4967,683.417,56.7716
2.499,0.0417,15.7082,43.4155,681.98,56.888
2.502,0.0417,15.7048,43.5002,683.163,57.004
2.504,0.0417,15.7012,43.4458,682.153,57.1205
2.507,0.0418,15.6981,43.5038,682.924,57.2366
2.510,0.0418,15.6946,43.4823,682.438,57.3532
2.512,0.0419,15.6917,43.4853,682.356,57.4695
2.515,0.0419,15.6888,43.4914,682.326,57.5858
2.518,0.0420,15.6859,43.4985,682.314,57.7022
2.520,0.0420,15.6832,43.5083,682.348,57.8186
2.523,0.0420,15.6805,43.5199,682.415,57.9351
2.525,0.0421,15.6779,43.5337,682.518,58.0517
2.528,0.0421,15.6754,43.5501,682.665,58.1683
2.531,0.0422,15.6729,43.5677,682.835,58.285
2.533,0.0422,15.6705,43.5885,683.055,58.4018
2.536,0.0423,15.6682,43.6096,683.283,58.5186
2.539,0.0423,15.6659,43.6339,683.563,58.6354
2.541,0.0424,15.6636,43.6111,683.107,58.7524
2.544,0.0424,15.6613,43.6844,684.154,58.8693
2.546,0.0424,15.6591,43.6228,683.093,58.9863
2.549,0.0425,15.6567,43.7376,684.787,59.1033
2.552,0.0425,15.6545,43.6472,683.277,59.2204
2.554,0.0426,15.6522,43.7909,685.422,59.3375
2.557,0.0426,17.1983,43.0978,741.21,59.4548
2.559,0.0427,17.1924,43.157,741.972,59.5719
2.562,0.0427,17.1867,43.1659,741.878,59.6893
2.565,0.0427,17.1807,43.1899,742.035,59.8065
2.567,0.0428,17.1749,43.2467,742.759,59.924
2.570,0.0428,17.169,43.2129,741.923,60.0413
2.573,0.0429,17.1632,43.3341,743.75,60.159
2.575,0.0429,17.1574,43.2224,741.583,60.2764
2.578,0.0430,17.1514,43.4217,744.742,60.3941
2.580,0.0430,17.1457,43.2171,740.989,60.5118
2.583,0.0431,17.1396,43.5034,745.633,60.6296
2.586,0.0431,17.1341,43.197,740.143,60.7474
2.588,0.0431,17.1279,43.5744,746.338,60.8652
2.591,0.0432,17.1226,43.164,739.077,60.9833
2.594,0.0432,17.1162,43.6317,746.807,61.1012
2.596,0.0433,17.111,43.1213,737.848,61.2195
2.599,0.0433,17.1045,43.674,747.021,61.3373
2.601,0.0434,17.0994,43.0731,736.526,61.4558
2.604,0.0434,17.0927,43.7025,746.994,61.5737
2.607,0.0434,17.0878,43.0242,735.188,61.6924
2.609,0.0435,17.0809,43.7195,746.77,61.8103
2.612,0.0435,17.076,42.9787,733.906,61.9292
2.614,0.0436,17.069,43.729,746.41,62.0471
2.617,0.0436,17.0641,43.7098,745.868,62.1661
2.620,0.0437,17.0591,43.685,745.225,62.285
2.622,0.0437,17.0539,43.669,744.726,62.4039
2.625,0.0437,17.0486,43.6451,744.09,62.5229
2.628,0.0438,17.0431,43.6279,743.557,62.6417
2.630,0.0438,17.0377,43.6155,743.108,62.7606
2.633,0.0439,17.0319,43.5879,742.384,62.8794
2.635,0.0439,19.6139,42.5727,835.015,62.9983
2.638,0.0440,19.601,42.5412,833.85,63.1169
2.641,0.0440,19.5879,42.6075,834.591,63.2357
2.643,0.0441,19.5751,42.5292,832.512,63.3544
2.646,0.0441,19.5618,42.6667,834.635,63.4731
2.648,0.0441,19.5491,42.5207,831.24,63.5917
2.651,0.0442,19.5356,42.7433,835.014,63.7103
2.654,0.0442,19.5231,42.5129,829.984,63.8289
2.656,0.0443,19.5095,42.8282,835.555,63.9475
2.659,0.0443,19.4973,42.5036,828.707,64.0662
2.662,0.0444,19.4835,42.912,836.074,64.1847
2.664,0.0444,19.4717,42.4919,827.388,64.3035
2.667,0.0444,19.4576,42.9861,836.408,64.4219
2.669,0.0445,19.4462,42.4775,826.026,64.5409
2.672,0.0445,19.432,43.0446,836.441,64.6593
2.675,0.0446,19.4208,42.4616,824.639,64.7785
2.677,0.0446,19.4064,43.0847,836.118,64.8969
2.680,0.0447,19.3955,42.4457,823.255,65.0162
2.682,0.0447,19.3809,43.1067,835.446,65.1346
2.685,0.0448,19.3702,42.4317,821.909,65.2542
2.688,0.0448,19.3553,43.1139,834.485,65.3726
2.690,0.0448,19.3447,42.4214,820.629,65.4924
2.693,0.0449,19.3297,43.1117,833.336,65.6109
2.695,0.0449,19.3191,42.4155,819.429,65.7309
2.698,0.0450,19.3039,43.1131,832.25,65.8494
2.701,0.0450,19.2932,42.4145,818.31,65.9695
2.703,0.0451,19.2778,43.117,831.202,66.088
2.706,0.0451,19.267,42.4172,817.25,66.2083
2.709,0.0451,19.2514,43.1282,830.279,66.3269
2.711,0.0452,22.4655,42.439,953.414,66.4472
2.714,0.0452,22.4521,43.0483,966.523,66.5658
2.716,0.0453,22.4384,42.4617,952.772,66.6862
2.719,0.0453,22.4249,43.1009,966.535,66.8048
2.722,0.0454,22.4115,43.1121,966.204,66.9253
2.724,0.0454,22.398,43.1259,965.933,67.0457
2.727,0.0454,22.3846,43.1382,965.63,67.1662
2.729,0.0455,22.3711,43.1527,965.375,67.2866
2.732,0.0455,22.3578,43.1645,965.062,67.407
2.735,0.0456,22.3445,42.5833,951.501,67.5274
2.737,0.0456,22.3312,42.5972,951.245,67.6478
2.740,0.0457,22.318,42.6115,951.001,67.7681
2.742,0.0457,22.3048,42.2232,941.779,67.8884
2.745,0.0458,22.2916,41.5937,927.19,68.0086
2.748,0.0458,22.2785,41.5879,926.515,68.1288
2.750,0.0458,22.2654,41.5788,925.767,68.2488
2.753,0.0459,22.2523,41.5679,924.982,68.3689
2.756,0.0459,22.2392,41.5527,924.097,68.4888
2.758,0.0460,22.2261,41.538,923.226,68.6087
2.761,0.0460,22.2129,41.5185,922.247,68.7285
2.763,0.0461,22.1998,41.502,921.335,68.8482
2.766,0.0461,22.1866,41.481,920.323,68.9678
2.769,0.0461,22.1734,41.4652,919.423,69.0874
2.771,0.0462,22.1601,41.446,918.449,69.2068
2.774,0.0462,22.1469,41.4332,917.616,69.3262
2.776,0.0463,22.1335,41.4564,917.577,69.4455
2.779,0.0463,22.12,41.411,916.013,69.5647
2.782,0.0464,22.1067,41.484,917.073,69.6839
2.784,0.0464,22.093,41.4023,914.702,69.803
2.787,0.0464,22.0797,41.5351,917.082,69.9221
2.790,0.0465,22.066,41.4085,913.719,70.041
2.792,0.0465,25.2783,41.7539,1055.47,70.16
2.795,0.0466,25.2639,41.7279,1054.21,70.279
2.797,0.0466,25.2497,41.5799,1049.88,70.3979
2.800,0.0467,25.2355,41.4899,1047.02,70.5169
2.803,0.0467,25.2216,41.6838,1051.33,70.6359
2.805,0.0468,25.2076,41.4278,1044.3,70.7549
2.808,0.0468,25.194,41.7117,1050.88,70.8739
2.810,0.0468,25.1802,41.4699,1044.22,70.9931
2.813,0.0469,25.1668,41.793,1051.79,71.1122
2.816,0.0469,25.1531,41.5045,1043.97,71.2316
2.818,0.0470,25.1399,41.8658,1052.5,71.3507
2.821,0.0470,25.1263,41.53,1043.5,71.4705
2.823,0.0471,25.1133,41.9291,1052.98,71.5897
2.826,0.0471,25.0997,41.9376,1052.62,71.7097
2.829,0.0471,25.0862,41.9415,1052.15,71.8299
2.831,0.0472,25.0726,41.9463,1051.7,71.95
2.834,0.0472,25.0591,41.9474,1051.17,72.0703
2.837,0.0473,25.0457,41.9503,1050.67,72.1906
2.839,0.0473,25.0322,41.9511,1050.13,72.311
2.842,0.0474,25.0188,41.9543,1049.65,72.4314
2.844,0.0474,25.0054,41.9574,1049.16,72.5519
2.847,0.0474,24.992,41.9633,1048.75,72.6724
2.850,0.0475,24.9787,41.875,1045.98,72.793
2.852,0.0475,24.9653,41.8914,1045.83,72.9137
2.855,0.0476,24.9521,41.9365,1046.4,73.0344
2.857,0.0476,24.9388,41.9312,1045.71,73.155
2.860,0.0477,24.9257,42.0088,1047.1,73.2757
2.863,0.0477,24.9125,41.9816,1045.87,73.3964
2.865,0.0478,24.8995,42.0921,1048.07,73.5171
2.868,0.0478,24.8865,42.0424,1046.29,73.6377
2.870,0.0478,24.8738,42.1857,1049.32,73.7583
2.873,0.0479,24.8609,42.1125,1046.96,73.8788
2.876,0.0479,24.8484,42.2881,1050.79,73.9993
2.878,0.0480,24.8358,42.1902,1047.82,74.1198
2.881,0.0480,24.8236,42.397,1052.45,74.2402
2.884,0.0481,27.3435,42.5317,1162.97,74.3606
2.886,0.0481,27.3252,42.7101,1167.06,74.4808
2.889,0.0481,27.3073,42.6214,1163.88,74.6012
2.891,0.0482,27.2889,42.8203,1168.52,74.7212
2.894,0.0482,27.2712,42.711,1164.78,74.8416
2.897,0.0483,27.2528,42.9305,1169.98,74.9615
2.899,0.0483,27.2351,42.8942,1168.23,75.0819
2.902,0.0484,27.2168,42.9304,1168.43,75.2017
2.904,0.0484,27.1992,43.0011,1169.59,75.3223
2.907,0.0484,27.1809,43.0364,1169.77,75.4419
2.910,0.0485,27.1634,43.1112,1171.05,75.5626
2.912,0.0485,27.1453,43.1474,1171.25,75.6822
2.915,0.0486,27.1281,43.2243,1172.59,75.8031
2.917,0.0486,27.1101,43.2699,1173.05,75.9227
2.920,0.0487,27.0932,43.4686,1177.7,76.0439
2.923,0.0487,27.0755,43.3948,1174.94,76.1635
2.925,0.0488,27.0589,43.5954,1179.65,76.285
2.928,0.0488,27.0416,43.5249,1176.98,76.4047
2.930,0.0488,27.0254,43.5888,1178.01,76.5264
2.933,0.0489,27.0094,43.6346,1178.54,76.6482
2.936,0.0489,26.9935,43.7164,1180.06,76.7701
2.938,0.0490,26.9779,43.7429,1180.09,76.8921
2.941,0.0490,26.9624,43.5464,1174.11,77.0141
2.944,0.0491,26.9472,43.5471,1173.47,77.1362
2.946,0.0491,26.9321,43.6647,1175.98,77.2583
2.949,0.0491,26.9172,43.6434,1174.76,77.3806
2.951,0.0492,26.9025,43.7728,1177.6,77.5029
2.954,0.0492,26.888,43.7308,1175.83,77.6253
2.957,0.0493,26.8735,43.8696,1178.93,77.7477
2.959,0.0493,26.8592,43.8094,1176.69,77.8703
2.962,0.0494,26.845,43.9557,1179.99,77.9928
2.964,0.0494,26.8309,43.8802,1177.34,78.1155
2.967,0.0494,26.8168,44.0325,1180.81,78.2382
2.970,0.0495,26.8029,43.945,1177.85,78.3609
2.972,0.0495,26.7889,44.1024,1181.46,78.4838
2.975,0.0496,26.7751,44.0063,1178.27,78.6066
2.977,0.0496,26.7612,44.037,1178.48,78.7296
2.980,0.0497,26.7474,43.9408,1175.3,78.8525
2.983,0.0497,26.7336,44.0936,1178.78,78.9756
2.985,0.0498,26.7198,44.0055,1175.82,79.0986
2.988,0.0498,26.706,44.1541,1179.18,79.2218
2.990,0.0498,29.537,43.8573,1295.41,79.3448
2.993,0.0499,29.5181,43.9877,1298.43,79.4682
2.996,0.0499,29.499,43.9363,1296.08,79.5912
2.998,0.0500,29.4803,44.0596,1298.89,79.7147
3.001,0.0500,29.4615,44.023,1296.98,79.8377
3.003,0.0501,29.443,43.9029,1292.63,79.9613
3.006,0.0501,29.4246,43.8614,1290.6,80.0844
3.009,0.0501,29.4064,43.9816,1293.34,80.2081
3.011,0.0502,29.3882,43.9324,1291.1,80.3311
3.014,0.0502,29.3703,44.0617,1294.11,80.455
3.016,0.0503,29.3526,44.0073,1291.73,80.5781
3.019,0.0503,29.335,44.1407,1294.87,80.7021
3.022,0.0504,29.3175,44.0845,1292.45,80.8251
3.024,0.0504,29.3003,44.2165,1295.55,80.9493
3.027,0.0504,29.2831,44.1624,1293.21,81.0724
3.029,0.0505,29.2661,44.2874,1296.12,81.1966
3.032,0.0505,29.2492,44.2396,1293.97,81.3198
3.035,0.0506,29.2325,44.2724,1294.19,81.4442
3.037,0.0506,29.216,44.3044,1294.39,81.5686
3.040,0.0507,29.1995,44.3366,1294.6,81.693
3.043,0.0507,29.1831,44.3682,1294.8,81.8175
3.045,0.0508,29.1667,44.4003,1295.01,81.9421
3.048,0.0508,29.1505,44.0675,1284.59,82.0667
3.050,0.0508,29.1343,44.1096,1285.1,82.1913
3.053,0.0509,29.1181,44.1517,1285.62,82.316
3.056,0.0509,29.1021,44.0025,1280.56,82.4408
3.058,0.0510,29.0861,44.0349,1280.8,82.5656
3.061,0.0510,29.0701,44.0684,1281.07,82.6904
3.063,0.0511,29.0543,44.1032,1281.39,82.8153
3.066,0.0511,29.0385,44.1381,1281.71,82.9403
3.069,0.0511,29.0229,44.1751,1282.09,83.0652
3.071,0.0512,29.0073,44.2114,1282.45,83.1903
3.074,0.0512,28.9919,44.2501,1282.89,83.3154
3.076,0.0513,31.9258,44.0653,1406.82,83.4405
3.079,0.0513,31.9066,44.1028,1407.17,83.5656
3.082,0.0514,31.8875,44.138,1407.45,83.6908
3.084,0.0514,31.8684,44.1748,1407.78,83.816
3.087,0.0514,31.8495,44.209,1408.04,83.9413
3.089,0.0515,31.8307,44.4104,1413.62,84.0666
3.092,0.0515,31.812,44.445,1413.89,84.1918
3.095,0.0516,31.7934,44.4902,1414.5,84.3172
3.097,0.0516,31.7751,44.5191,1414.6,84.4425
3.100,0.0517,31.7567,44.4877,1412.78,84.5678
3.102,0.0517,31.7387,44.5018,1412.43,84.6932
3.105,0.0517,31.7206,44.5512,1413.19,84.8186
3.108,0.0518,31.7028,44.5615,1412.72,84.9439
3.110,0.0518,31.6849,44.6069,1413.37,85.0694
3.113,0.0519,31.6674,44.765,1417.59,85.1948
3.115,0.0519,31.6497,44.4686,1407.42,85.3203
3.118,0.0520,31.6323,44.5345,1408.73,85.4458
3.121,0.0520,31.6149,44.5149,1407.33,85.5713
3.123,0.0521,31.5976,44.5929,1409.03,85.6969
3.126,0.0521,31.5804,44.5591,1407.19,85.8225
3.128,0.0521,31.5632,44.6512,1409.33,85.9483
3.131,0.0522,31.546,44.6039,1407.07,86.0739
3.134,0.0522,31.5288,43.8789,1383.45,86.1998
3.136,0.0523,31.5117,43.7801,1379.59,86.3254
3.139,0.0523,31.4945,43.8168,1379.99,86.4515
3.141,0.0524,31.4772,43.8559,1380.46,86.5776
3.144,0.0524,31.46,43.8121,1378.33,86.7038
3.147,0.0524,31.4428,43.8541,1378.9,86.83
3.149,0.0525,31.4256,43.8956,1379.45,86.9562
3.152,0.0525,31.4084,43.938,1380.02,87.0825
3.154,0.0526,31.3913,43.3971,1362.29,87.2088
3.157,0.0526,31.3741,43.4392,1362.87,87.3352
3.160,0.0527,31.357,43.4799,1363.4,87.4616
3.162,0.0527,31.3399,43.5199,1363.91,87.588
3.165,0.0527,31.3228,43.5583,1364.37,87.7145
3.167,0.0528,31.3059,43.5958,1364.8,87.841
3.170,0.0528,31.289,43.7465,1368.78,87.9675
3.173,0.0529,34.2724,43.5519,1492.63,88.0939
3.175,0.0529,34.2511,43.5778,1492.59,88.2204
3.178,0.0530,34.2297,43.6107,1492.78,88.3469
3.180,0.0530,34.2086,43.6368,1492.75,88.4734
3.183,0.0530,34.1874,43.6622,1492.69,88.5999
3.186,0.0531,34.1664,43.6937,1492.86,88.7264
3.188,0.0531,34.1455,43.7077,1492.42,88.8528
3.191,0.0532,34.1247,43.7507,1492.98,88.9794
3.193,0.0532,34.104,43.6535,1488.76,89.1057
3.196,0.0533,34.0834,43.7105,1489.8,89.2323
3.199,0.0533,34.063,43.6926,1488.3,89.3586
3.201,0.0534,34.0426,43.7752,1490.22,89.4852
3.204,0.0534,34.0225,43.7343,1487.95,89.6115
3.206,0.0534,34.0022,43.4089,1476,89.7382
3.209,0.0535,33.9825,43.369,1473.79,89.8644
3.212,0.0535,33.9623,43.4902,1477.03,89.9911
3.214,0.0536,33.9428,43.4299,1474.13,90.1173
3.217,0.0536,33.9227,43.5797,1478.34,90.2441
3.219,0.0537,33.9035,43.5012,1474.84,90.3703
3.222,0.0537,33.8835,43.6761,1479.9,90.4972
3.224,0.0537,33.8644,43.293,1466.09,90.6234
3.227,0.0538,33.8444,43.5676,1474.52,90.7505
3.230,0.0538,33.8255,43.3782,1467.29,90.8766
3.232,0.0539,33.8056,43.671,1476.32,91.0038
3.235,0.0539,33.7867,43.4696,1468.69,91.13
3.237,0.0540,33.7668,43.7737,1478.1,91.2574
3.240,0.0540,33.748,43.5652,1470.24,91.3835
3.243,0.0540,33.7282,43.6151,1471.06,91.511
3.245,0.0541,33.7085,43.6518,1471.44,91.6386
3.248,0.0541,33.6889,43.7596,1474.21,91.7662
3.250,0.0542,33.6693,43.7799,1474.04,91.8938
3.253,0.0542,33.6498,43.8686,1476.17,92.0214
3.256,0.0543,33.6302,43.8693,1475.33,92.149
3.258,0.0543,33.6109,43.9762,1478.08,92.2767
3.261,0.0543,36.4937,43.7226,1595.6,92.4042
3.263,0.0544,36.4708,43.8382,1598.82,92.5319
3.266,0.0544,36.4477,43.6737,1591.81,92.6594
3.269,0.0545,36.425,43.7633,1594.08,92.787
3.271,0.0545,36.4021,43.7465,1592.46,92.9145
3.274,0.0546,36.3794,43.8431,1594.99,93.0422
3.276,0.0546,36.3566,43.8107,1592.81,93.1695
3.279,0.0546,36.334,43.9139,1595.57,93.2972
3.282,0.0547,36.3113,43.8667,1592.86,93.4244
3.284,0.0547,36.2886,43.6719,1584.79,93.552
3.287,0.0548,36.266,43.6455,1582.85,93.6792
3.289,0.0548,36.2432,43.728,1584.84,93.8068
3.292,0.0549,36.2207,43.6948,1582.66,93.9338
3.294,0.0549,36.1978,43.7763,1584.61,94.0613
3.297,0.0550,36.1753,43.739,1582.27,94.1882
3.300,0.0550,36.1523,43.8185,1584.14,94.3157
3.302,0.0550,36.1297,43.78,1581.76,94.4425
3.305,0.0551,36.1066,43.8568,1583.52,94.57
3.307,0.0551,36.084,43.8199,1581.2,94.6966
3.310,0.0552,36.0608,43.8937,1582.84,94.824
3.313,0.0552,36.0382,43.861,1580.67,94.9505
3.315,0.0553,36.015,43.9316,1582.2,95.0779
3.318,0.0553,35.9922,43.905,1580.24,95.2043
3.320,0.0553,35.969,43.9731,1581.67,95.3317
3.323,0.0554,35.9462,43.9618,1580.26,95.4581
3.326,0.0554,35.9232,44.0201,1581.34,95.5855
3.328,0.0555,35.9003,43.8582,1574.52,95.7118
3.331,0.0555,35.8775,43.9269,1575.99,95.8394
3.333,0.0556,35.8546,44.0095,1577.94,95.9657
3.336,0.0556,35.832,44.0821,1579.55,96.0933
3.339,0.0556,35.8091,43.9827,1574.98,96.2197
3.341,0.0557,35.7867,43.4899,1556.36,96.3474
3.344,0.0557,35.7639,43.6491,1561.06,96.4738
3.346,0.0558,35.7418,43.6812,1561.25,96.6017
3.349,0.0558,35.7197,43.7137,1561.44,96.7297
3.351,0.0559,35.6977,43.6038,1556.56,96.8577
3.354,0.0559,38.6424,43.4444,1678.79,96.9858
3.357,0.0559,38.6164,43.4751,1678.85,97.1139
3.359,0.0560,38.5905,43.4493,1676.73,97.2422
3.362,0.0560,38.5646,43.4778,1676.71,97.3704
3.364,0.0561,38.5388,43.5064,1676.68,97.4988
3.367,0.0561,38.5129,43.5343,1676.63,97.6272
3.370,0.0562,38.4871,43.562,1676.58,97.7556
3.372,0.0562,38.4614,43.5892,1676.5,97.8841
3.375,0.0562,38.4356,43.2292,1661.54,98.0126
3.377,0.0563,38.4099,43.2557,1661.45,98.1411
3.380,0.0563,38.3842,43.2816,1661.33,98.2696
3.383,0.0564,38.3586,43.3073,1661.21,98.3982
3.385,0.0564,38.333,43.3324,1661.06,98.5267
3.388,0.0565,38.3074,43.3581,1660.94,98.6551
3.390,0.0565,38.2819,43.383,1660.79,98.7836
3.393,0.0565,38.2564,43.4093,1660.68,98.912
3.395,0.0566,38.231,43.4348,1660.55,99.0403
3.398,0.0566,38.2056,43.462,1660.49,99.1686
3.401,0.0567,38.1803,43.4959,1660.69,99.2968
3.403,0.0567,38.1552,43.517,1660.4,99.4249
3.406,0.0568,38.13,43.559,1660.91,99.553
3.408,0.0568,38.105,43.5744,1660.4,99.681
3.411,0.0569,38.0799,43.3428,1650.49,99.8089
3.414,0.0569,38.0551,43.1271,1641.21,99.9368
3.416,0.0569,38.0301,43.1727,1641.86,100.065
3.419,0.0570,38.0054,43.1966,1641.7,100.192
3.421,0.0570,37.9804,43.2426,1642.37,100.32
3.424,0.0571,37.9557,43.2652,1642.16,100.448
3.427,0.0571,37.9307,43.3094,1642.76,100.575
3.429,0.0572,37.906,43.1435,1635.4,100.702
3.432,0.0572,37.881,43.1778,1635.62,100.83
3.434,0.0572,37.8562,42.888,1623.58,100.957
3.437,0.0573,37.8311,42.9283,1624.03,101.084
3.439,0.0573,37.8062,42.9359,1623.24,101.212
3.442,0.0574,37.7811,42.9823,1623.92,101.339
3.445,0.0574,37.756,42.9778,1622.67,101.467
3.447,0.0575,37.7308,43.0328,1623.66,101.594
3.450,0.0575,40.6894,42.8457,1743.37,101.721
3.452,0.0575,40.6613,42.8625,1742.84,101.849
3.455,0.0576,40.6331,42.88,1742.35,101.977
3.458,0.0576,40.605,42.8962,1741.8,102.105
3.460,0.0577,40.5768,42.8388,1738.26,102.232
3.463,0.0577,40.5487,42.8544,1737.69,102.36
3.465,0.0578,40.5206,42.7198,1731.03,102.488
3.468,0.0578,40.4925,42.7396,1730.63,102.616
3.471,0.0578,40.4644,42.7612,1730.31,102.744
3.473,0.0579,40.4363,42.7833,1730,102.872
3.476,0.0579,40.4083,42.5637,1719.93,103
3.478,0.0580,40.3804,42.5882,1719.73,103.128
3.481,0.0580,40.3525,42.6215,1719.88,103.257
3.483,0.0581,40.3246,42.6453,1719.65,103.385
3.486,0.0581,40.2968,42.6837,1720.02,103.513
3.489,0.0581,40.269,42.7079,1719.81,103.642
3.491,0.0582,40.2414,42.7497,1720.31,103.771
3.494,0.0582,40.2137,42.7758,1720.17,103.899
3.496,0.0583,40.1861,42.8184,1720.71,104.028
3.499,0.0583,40.1585,42.6036,1710.9,104.157
3.502,0.0584,40.1311,42.6612,1712.04,104.286
3.504,0.0584,40.1035,42.6828,1711.73,104.414
3.507,0.0584,40.0761,42.4779,1702.35,104.543
3.509,0.0585,40.0486,42.5585,1704.41,104.672
3.512,0.0585,40.0213,42.5426,1702.61,104.801
3.515,0.0586,39.9938,42.6359,1705.17,104.93
3.517,0.0586,39.9665,42.5843,1701.94,105.06
3.520,0.0587,39.9391,42.5433,1699.14,105.188
3.522,0.0587,39.9117,42.5113,1696.7,105.318
3.525,0.0587,39.8844,42.6205,1699.89,105.446
3.527,0.0588,39.857,42.5745,1696.89,105.576
3.530,0.0588,39.8296,42.6972,1700.61,105.704
3.533,0.0589,39.8023,42.6378,1697.08,105.834
3.535,0.0589,39.7749,42.7728,1701.29,105.962
3.538,0.0590,39.7476,42.7012,1697.27,106.092
3.540,0.0590,39.7203,42.847,1701.9,106.22
3.543,0.0590,39.693,42.7647,1697.46,106.35
3.546,0.0591,39.6657,42.7313,1694.97,106.478
3.548,0.0591,39.6384,42.7491,1694.51,106.607
3.551,0.0592,39.6113,42.7071,1691.68,106.735
3.553,0.0592,42.5892,42.5673,1812.91,106.865
3.556,0.0593,42.5583,42.6067,1813.27,106.994
3.559,0.0593,42.5274,42.6304,1812.96,107.124
3.561,0.0594,42.4966,42.6766,1813.61,107.253
3.564,0.0594,42.4658,42.6917,1812.94,107.382
3.566,0.0594,42.4351,42.7447,1813.88,107.511
3.569,0.0595,42.4045,42.7516,1812.86,107.641
3.571,0.0595,42.3739,42.8111,1814.08,107.77
3.574,0.0596,42.3434,42.8105,1812.74,107.899
3.577,0.0596,42.313,42.5345,1799.76,108.028
3.579,0.0597,42.2827,42.4634,1795.47,108.158
3.582,0.0597,42.2524,42.5257,1796.81,108.287
3.584,0.0597,42.2223,42.5222,1795.38,108.416
3.587,0.0598,42.1921,42.5895,1796.94,108.545
3.590,0.0598,42.1621,42.5808,1795.29,108.675
3.592,0.0599,42.1321,42.6532,1797.07,108.804
3.595,0.0599,42.1021,42.6397,1795.22,108.934
3.597,0.0600,42.0723,42.4533,1786.11,109.063
3.600,0.0600,42.0424,42.358,1780.83,109.192
3.603,0.0600,42.0127,42.3393,1778.79,109.322
3.605,0.0601,41.9829,42.4304,1781.35,109.451
3.608,0.0601,41.9532,42.349,1776.68,109.581
3.610,0.0602,41.9234,42.2918,1773.02,109.711
3.613,0.0602,41.8939,42.3107,1772.56,109.84
3.615,0.0603,41.8641,42.1891,1766.21,109.97
3.618,0.0603,41.8346,42.1806,1764.61,110.099
3.621,0.0603,41.8048,42.2588,1766.62,110.23
3.623,0.0604,41.7753,42.2506,1765.03,110.359
3.626,0.0604,41.7456,42.3272,1766.97,110.49
3.628,0.0605,41.7162,42.3188,1765.38,110.619
3.631,0.0605,41.6864,42.3936,1767.24,110.75
3.634,0.0606,41.6571,42.2753,1761.07,110.879
3.636,0.0606,41.6274,42.3008,1760.87,111.01
3.639,0.0606,41.5981,42.3438,1761.42,111.14
3.641,0.0607,41.5685,42.3633,1760.98,111.271
3.644,0.0607,41.5394,42.4095,1761.67,111.401
3.647,0.0608,41.5099,42.4233,1760.99,111.532
3.649,0.0608,41.4809,42.4158,1759.44,111.662
3.652,0.0609,41.4516,42.387,1757.01,111.793
3.654,0.0609,41.4226,42.4758,1759.46,111.924
3.657,0.0609,44.3819,42.3265,1878.53,112.055
3.659,0.0610,44.3486,42.3533,1878.31,112.186
3.662,0.0610,44.3154,42.3808,1878.12,112.318
3.665,0.0611,44.2822,42.4081,1877.92,112.449
3.667,0.0611,44.2492,42.4367,1877.79,112.58
3.670,0.0612,44.2162,42.2137,1866.53,112.712
3.672,0.0612,44.1834,42.2407,1866.34,112.843
3.675,0.0612,44.1506,42.006,1854.59,112.974
3.678,0.0613,44.118,42.0372,1854.6,113.105
3.680,0.0613,44.0854,42.0685,1854.61,113.236
3.683,0.0614,44.053,42.101,1854.67,113.368
3.685,0.0614,44.0207,42.1334,1854.74,113.499
3.688,0.0615,43.9885,42.1669,1854.86,113.629
3.691,0.0615,43.9564,42.2002,1854.97,113.76
3.693,0.0616,43.9244,42.2343,1855.12,113.891
3.696,0.0616,43.8925,42.0257,1844.61,114.022
3.698,0.0616,43.8607,41.8982,1837.68,114.153
3.701,0.0617,43.829,41.9647,1839.27,114.283
3.703,0.0617,43.7973,41.9997,1839.48,114.414
3.706,0.0618,43.7658,42.0342,1839.66,114.544
3.709,0.0618,43.7344,42.0684,1839.84,114.675
3.711,0.0619,43.703,42.021,1836.44,114.805
3.714,0.0619,43.6717,42.0609,1836.87,114.936
3.716,0.0619,43.6404,42.0851,1836.61,115.066
3.719,0.0620,43.6092,42.1807,1839.47,115.197
3.722,0.0620,43.5781,42.2098,1839.42,115.327
3.724,0.0621,43.547,42.2377,1839.33,115.458
3.727,0.0621,43.516,42.2667,1839.28,115.588
3.729,0.0622,43.485,42.2912,1839.03,115.719
3.732,0.0622,43.4541,42.3215,1839.04,115.85
3.734,0.0622,43.4232,42.3412,1838.59,115.981
3.737,0.0623,43.3924,42.259,1833.72,116.111
3.740,0.0623,43.3616,42.2863,1833.6,116.242
3.742,0.0624,43.3309,42.3113,1833.39,116.373
3.745,0.0624,43.3002,42.3347,1833.1,116.504
3.747,0.0625,43.2696,42.3635,1833.05,116.635
3.750,0.0625,43.239,42.3102,1829.45,116.767
3.753,0.0625,43.2085,42.3486,1829.82,116.898
3.755,0.0626,43.1779,42.356,1828.84,117.029
3.758,0.0626,43.1475,42.4007,1829.49,117.16
3.760,0.0627,43.117,42.4235,1829.17,117.292
3.763,0.0627,43.0866,42.4465,1828.87,117.425
3.766,0.0628,43.0562,42.4697,1828.58,117.557
3.768,0.0628,46.0639,42.3206,1949.45,117.689
3.771,0.0628,46.0288,42.3508,1949.36,117.821
3.773,0.0629,45.9938,41.9083,1927.52,117.954
3.776,0.0629,45.9589,41.9313,1927.11,118.086
3.778,0.0630,45.924,41.9539,1926.69,118.218
3.781,0.0630,45.8892,41.9773,1926.3,118.351
3.784,0.0631,45.8544,41.8827,1920.51,118.483
3.786,0.0631,45.8197,41.906,1920.12,118.615
3.789,0.0631,45.785,41.9295,1919.74,118.747
3.791,0.0632,45.7505,41.9526,1919.35,118.88
3.794,0.0632,45.716,41.9769,1919.01,119.012
3.796,0.0633,45.6815,41.9999,1918.62,119.144
3.799,0.0633,45.6472,42.0249,1918.32,119.276
3.802,0.0634,45.6129,42.0476,1917.91,119.408
3.804,0.0634,45.5787,41.7825,1904.39,119.54
3.807,0.0634,45.5446,41.7992,1903.73,119.672
3.809,0.0635,45.5106,41.6404,1895.08,119.803
3.812,0.0635,45.4766,41.6182,1892.65,119.935
3.815,0.0636,45.4429,41.6907,1894.55,120.066
3.817,0.0636,45.409,41.5745,1887.86,120.198
3.820,0.0637,45.3755,41.5116,1883.61,120.329
3.822,0.0637,45.3418,41.5184,1882.52,120.461
3.825,0.0637,45.3085,41.5601,1883.02,120.592
3.827,0.0638,45.275,41.5627,1881.75,120.724
3.830,0.0638,45.2418,41.3543,1870.94,120.855
3.833,0.0639,45.2085,41.3573,1869.7,120.987
3.835,0.0639,45.1756,41.3986,1870.21,121.117
3.838,0.0640,45.1425,41.3995,1868.88,121.249
3.840,0.0640,45.1097,41.4415,1869.41,121.38
3.843,0.0640,45.0767,41.4404,1868,121.512
3.845,0.0641,45.0442,41.4832,1868.58,121.642
3.848,0.0641,45.0114,41.4803,1867.09,121.775
3.851,0.0642,44.979,41.5238,1867.7,121.905
3.853,0.0642,44.9463,41.5197,1866.16,122.037
3.856,0.0643,44.9142,41.5638,1866.81,122.168
3.858,0.0643,44.8816,41.3484,1855.78,122.301
3.861,0.0643,44.8496,41.3291,1853.6,122.431
3.863,0.0644,44.8172,41.347,1853.06,122.564
3.866,0.0644,44.7848,41.2287,1846.42,122.697
3.869,0.0645,44.7524,41.2375,1845.48,122.829
3.871,0.0645,44.7202,41.2703,1845.61,122.962
3.874,0.0646,44.688,41.2723,1844.38,123.095
3.876,0.0646,44.6559,41.3117,1844.81,123.228
3.879,0.0646,44.6238,41.3085,1843.34,123.36
3.881,0.0647,47.7147,41.2138,1966.5,123.493
3.884,0.0647,47.6783,41.2119,1964.92,123.626
3.887,0.0648,47.642,41.2553,1965.49,123.759
3.889,0.0648,47.6058,41.185,1960.65,123.892
3.892,0.0649,47.5696,41.2301,1961.3,124.025
3.894,0.0649,47.5335,41.2243,1959.54,124.159
3.897,0.0649,47.4974,41.2671,1960.08,124.291
3.900,0.0650,47.4613,41.2257,1956.63,124.425
3.902,0.0650,47.4253,41.0981,1949.09,124.558
3.905,0.0651,47.3893,41.0125,1943.55,124.691
3.907,0.0651,47.3533,41.0594,1944.3,124.824
3.910,0.0652,47.3172,41.0193,1940.92,124.957
3.912,0.0652,47.2813,40.9478,1936.07,125.089
3.915,0.0652,47.2452,40.9491,1934.65,125.223
3.918,0.0653,47.2093,40.9755,1934.43,125.355
3.920,0.0653,47.1732,40.9798,1933.15,125.488
3.923,0.0654,47.1372,41.0029,1932.76,125.621
3.925,0.0654,47.1012,41.0096,1931.6,125.754
3.928,0.0655,47.0652,41.047,1931.88,125.886
3.930,0.0655,47.0291,41.0448,1930.3,126.019
3.933,0.0655,46.9931,41.0697,1929.99,126.151
3.936,0.0656,46.957,41.0689,1928.47,126.284
3.938,0.0656,46.921,41.0942,1928.18,126.416
3.941,0.0657,46.8849,41.0942,1926.7,126.549
3.943,0.0657,46.8489,41.1295,1926.87,126.681
3.946,0.0658,46.8129,41.1209,1924.99,126.814
3.948,0.0658,46.777,41.1661,1925.63,126.946
3.951,0.0658,46.741,41.149,1923.35,127.079
3.953,0.0659,46.7052,41.2032,1924.4,127.211
3.956,0.0659,46.6694,41.0376,1915.2,127.344
3.959,0.0660,46.6336,41.0018,1912.06,127.476
3.961,0.0660,46.5979,40.9196,1906.77,127.609
3.964,0.0661,46.5622,40.9889,1908.53,127.741
3.966,0.0661,46.5266,41.0029,1907.73,127.874
3.969,0.0661,46.4911,41.0165,1906.9,128.008
3.971,0.0662,46.4557,40.961,1902.87,128.141
3.974,0.0662,46.4203,40.9396,1900.43,128.275
3.977,0.0663,46.385,40.9562,1899.75,128.408
3.979,0.0663,46.3497,40.9731,1899.09,128.542
3.982,0.0664,46.3145,40.9893,1898.4,128.676
3.984,0.0664,46.2794,41.0061,1897.74,128.809
3.987,0.0664,46.2443,40.9738,1894.81,128.943
3.989,0.0665,46.2093,40.9899,1894.12,129.077
3.992,0.0665,46.1744,40.8915,1888.14,129.211
3.995,0.0666,46.1395,40.907,1887.43,129.344
3.997,0.0666,46.1047,40.9223,1886.71,129.478
4.000,0.0667,46.07,40.9389,1886.05,129.612
4.002,0.0667,46.0354,40.9556,1885.4,129.746
4.005,0.0667,49.1436,40.6616,1998.25,129.88
4.007,0.0668,49.105,40.7721,2002.11,130.014
4.010,0.0668,49.0665,40.6961,1996.81,130.147
4.013,0.0669,49.028,40.7166,1996.26,130.281
4.015,0.0669,48.9897,40.7381,1995.74,130.415
4.018,0.0670,48.9514,40.7603,1995.27,130.549
4.020,0.0670,48.9132,40.6949,1990.52,130.683
4.023,0.0670,48.8751,40.7157,1989.98,130.817
4.025,0.0671,48.8371,40.7439,1989.81,130.951
4.028,0.0671,48.7992,40.763,1989.2,131.084
4.031,0.0672,48.7613,40.7919,1989.07,131.218
4.033,0.0672,48.7236,40.81,1988.41,131.352
4.036,0.0673,48.6859,40.3955,1966.69,131.486
4.038,0.0673,48.6483,40.4218,1966.45,131.619
4.041,0.0673,48.6108,40.4375,1965.7,131.753
4.043,0.0674,48.5734,40.4678,1965.66,131.887
4.046,0.0674,48.5361,40.2755,1954.82,132.02
4.049,0.0675,48.4988,40.3324,1956.07,132.154
4.051,0.0675,48.4615,40.3049,1953.23,132.288
4.054,0.0676,48.4244,40.3739,1955.08,132.421
4.056,0.0676,48.3872,40.3275,1951.34,132.555
4.059,0.0676,48.3501,40.4112,1953.88,132.689
4.061,0.0677,48.313,40.367,1950.25,132.822
4.064,0.0677,48.276,40.333,1947.11,132.956
4.066,0.0678,48.2389,40.2427,1941.26,133.09
4.069,0.0678,48.2018,40.2582,1940.52,133.224
4.072,0.0679,48.1648,40.2727,1939.72,133.358
4.074,0.0679,48.1277,40.2877,1938.95,133.492
4.077,0.0679,48.0906,40.3017,1938.14,133.626
4.079,0.0680,48.0536,40.2935,1936.25,133.76
4.082,0.0680,48.0165,40.3078,1935.44,133.894
4.084,0.0681,47.9794,40.3234,1934.69,134.028
4.087,0.0681,47.9423,39.9942,1917.41,134.162
4.090,0.0682,47.9052,40.012,1916.78,134.296
4.092,0.0682,47.868,39.8722,1908.6,134.43
4.095,0.0682,47.8309,39.8908,1908.01,134.565
4.097,0.0683,47.7938,39.9132,1907.61,134.699
4.100,0.0683,47.7567,39.8606,1903.61,134.833
4.102,0.0684,47.7197,39.8864,1903.36,134.968
4.105,0.0684,47.6827,39.7608,1895.9,135.102
4.107,0.0685,47.6456,39.787,1895.68,135.237
4.110,0.0685,47.6088,39.8116,1895.38,135.371
4.113,0.0685,47.5718,39.8355,1895.05,135.506
4.115,0.0686,47.5351,39.8226,1892.97,135.64
4.118,0.0686,47.4982,39.8439,1892.51,135.775
4.120,0.0687,47.4616,39.8771,1892.63,135.91
4.123,0.0687,47.425,39.8896,1891.76,136.045
4.125,0.0688,47.3885,39.9327,1892.35,136.18
4.128,0.0688,47.352,39.5634,1873.41,136.315
4.131,0.0688,47.3158,39.5006,1869,136.45
4.133,0.0689,47.2794,39.4853,1866.84,136.585
4.136,0.0689,47.2433,39.4622,1864.33,136.72
4.138,0.0690,50.4411,39.3135,1983.02,136.856
4.141,0.0690,50.4019,39.3986,1985.77,136.991
4.143,0.0691,50.3629,39.3574,1982.15,137.126
4.146,0.0691,50.3238,39.4502,1985.28,137.262
4.148,0.0691,50.2849,39.4013,1981.29,137.398
4.151,0.0692,50.2459,39.4993,1984.68,137.533
4.154,0.0692,50.207,39.3054,1973.41,137.669
4.156,0.0693,50.1681,39.3842,1975.83,137.805
4.159,0.0693,50.1294,39.1532,1962.72,137.941
4.161,0.0694,50.0905,39.2494,1966.02,138.077
4.164,0.0694,50.0518,39.1962,1961.84,138.212
4.166,0.0694,50.013,39.2945,1965.23,138.349
4.169,0.0695,49.9743,39.2396,1960.97,138.484
4.172,0.0695,49.9355,39.2613,1960.53,138.621
4.174,0.0696,49.8968,39.2884,1960.36,138.757
4.177,0.0696,49.8581,39.3056,1959.7,138.894
4.179,0.0697,49.8194,39.3379,1959.79,139.03
4.182,0.0697,49.7808,39.1823,1950.53,139.166
4.184,0.0697,49.7421,39.2276,1951.26,139.303
4.187,0.0698,49.7036,39.2262,1949.68,139.438
4.189,0.0698,49.6651,39.2548,1949.59,139.575
4.192,0.0699,49.6267,39.293,1949.98,139.71
4.195,0.0699,49.5883,39.2895,1948.3,139.846
4.197,0.0700,49.55,39.3546,1950.02,139.982
4.200,0.0700,49.5118,39.3241,1947.01,140.118
4.202,0.0700,49.4737,39.3929,1948.91,140.253
4.205,0.0701,49.4357,39.3821,1946.88,140.389
4.207,0.0701,49.3978,39.4635,1949.41,140.525
4.210,0.0702,49.36,39.4444,1946.97,140.66
4.213,0.0702,49.3224,39.5394,1950.18,140.796
4.215,0.0703,49.2848,39.5106,1947.27,140.931
4.218,0.0703,49.2474,39.6199,1951.18,141.067
4.220,0.0703,49.2102,39.4505,1941.37,141.203
4.223,0.0704,49.173,39.3666,1935.77,141.338
4.225,0.0704,49.1361,39.291,1930.61,141.474
4.228,0.0705,49.0992,39.2293,1926.13,141.61
4.230,0.0705,49.0626,39.1623,1921.4,141.746
4.233,0.0706,49.0259,39.3077,1927.1,141.882
4.236,0.0706,48.9896,39.2299,1921.86,142.018
4.238,0.0706,48.9532,39.385,1928.02,142.155
4.241,0.0707,48.9172,39.2964,1922.27,142.291
4.243,0.0707,48.881,39.4365,1927.69,142.428
4.246,0.0708,48.8452,39.3342,1921.29,142.565
4.248,0.0708,48.8092,39.5097,1928.44,142.702
4.251,0.0708,48.7737,39.3983,1921.6,142.839
4.254,0.0709,48.7377,39.4935,1924.83,142.976
4.256,0.0709,48.7024,39.2613,1912.12,143.113
4.259,0.0710,48.6666,39.2482,1910.08,143.251
4.261,0.0710,48.6314,39.1488,1903.86,143.388
4.264,0.0711,48.5956,39.3124,1910.41,143.526
4.266,0.0711,48.5605,39.3317,1909.97,143.664
4.269,0.0711,48.5248,39.3735,1910.59,143.802
4.271,0.0712,48.4898,39.386,1909.82,143.94
4.274,0.0712,48.4542,39.4116,1909.66,144.078
4.277,0.0713,48.4185,39.2251,1899.22,144.217
4.279,0.0713,48.383,39.1591,1894.63,144.355
4.282,0.0714,48.3474,39.1828,1894.39,144.494
4.284,0.0714,48.3118,39.1066,1889.31,144.632
4.287,0.0714,48.2763,39.1278,1888.94,144.771
4.289,0.0715,48.2408,39.1501,1888.63,144.91
4.292,0.0715,48.2053,39.1721,1888.3,145.048
4.295,0.0716,51.3468,38.9805,2001.53,145.187
4.297,0.0716,51.3083,39.0034,2001.2,145.326
4.300,0.0717,51.2699,39.0271,2000.91,145.464
4.302,0.0717,51.2315,39.0508,2000.63,145.603
4.305,0.0717,51.1933,39.0336,1998.26,145.741
4.307,0.0718,51.1551,39.0582,1998.02,145.88
4.310,0.0718,51.1171,39.0607,1996.67,146.018
4.312,0.0719,51.0791,39.087,1996.53,146.156
4.315,0.0719,51.0412,39.1135,1996.4,146.295
4.318,0.0720,51.0035,39.1404,1996.3,146.433
4.320,0.0720,50.9658,39.1673,1996.19,146.571
4.323,0.0720,50.9283,39.1945,1996.11,146.709
4.325,0.0721,50.8908,39.2214,1996.01,146.847
4.328,0.0721,50.8534,39.2795,1997.5,146.985
4.330,0.0722,50.8162,39.3062,1997.39,147.123
4.333,0.0722,50.779,39.3362,1997.45,147.26
4.336,0.0723,50.7419,39.2037,1989.27,147.398
4.338,0.0723,50.705,39.2338,1989.35,147.536
4.341,0.0723,50.668,39.2598,1989.21,147.673
4.343,0.0724,50.6313,39.2915,1989.38,147.811
4.346,0.0724,50.5945,39.3148,1989.11,147.948
4.348,0.0725,50.558,39.349,1989.41,148.086
4.351,0.0725,50.5213,39.3681,1988.93,148.223
4.353,0.0726,50.485,39.4058,1989.4,148.361
4.356,0.0726,50.4485,39.327,1983.99,148.498
4.359,0.0726,50.4124,39.345,1983.48,148.636
4.361,0.0727,50.3761,39.3781,1983.71,148.773
4.364,0.0727,50.3402,39.363,1981.54,148.912
4.366,0.0728,50.304,39.397,1981.83,149.049
4.369,0.0728,50.2682,39.4146,1981.3,149.188
4.371,0.0729,50.2321,39.2384,1971.03,149.325
4.374,0.0729,50.1966,39.2053,1967.97,149.464
4.377,0.0729,50.1606,39.1233,1962.45,149.602
4.379,0.0730,50.1247,39.1433,1962.05,149.741
4.382,0.0730,50.0889,39.0402,1955.48,149.879
4.384,0.0731,50.0531,39.0573,1954.94,150.018
4.387,0.0731,50.0175,38.8218,1941.77,150.157
4.389,0.0732,49.9819,38.8389,1941.24,150.296
4.392,0.0732,49.9463,38.8168,1938.76,150.435
4.395,0.0732,49.9109,38.8333,1938.21,150.574
4.397,0.0733,49.8755,38.85,1937.66,150.714
4.400,0.0733,49.8402,38.8661,1937.09,150.854
4.402,0.0734,49.805,38.8823,1936.53,150.993
4.405,0.0734,49.7698,38.8967,1935.88,151.133
4.407,0.0735,49.7346,38.9148,1935.41,151.273
4.410,0.0735,49.6996,38.9281,1934.71,151.414
4.412,0.0735,49.6644,38.9482,1934.34,151.554
4.415,0.0736,49.6296,38.9615,1933.64,151.694
4.418,0.0736,49.5945,38.9829,1933.34,151.834
4.420,0.0737,49.5598,38.9973,1932.7,151.975
4.423,0.0737,49.5248,39.0193,1932.42,152.115
4.425,0.0738,49.4904,39.0356,1931.89,152.256
4.428,0.0738,49.4555,38.8919,1923.42,152.396
4.430,0.0738,49.4213,38.9049,1922.73,152.537
4.433,0.0739,49.3865,38.9326,1922.75,152.677
4.436,0.0739,49.3525,38.7382,1911.83,152.819
4.438,0.0740,49.318,38.7414,1910.65,152.959
4.441,0.0740,49.2842,38.7545,1909.99,153.1
4.443,0.0741,49.2499,38.6441,1903.22,153.24
4.446,0.0741,49.2164,38.5794,1898.74,153.381
4.448,0.0741,49.1824,38.3603,1886.65,153.521
4.451,0.0742,49.1491,38.4614,1890.34,153.662
4.453,0.0742,49.1152,38.3921,1885.64,153.802
4.456,0.0743,49.0822,38.5046,1889.89,153.943
4.459,0.0743,52.3878,38.289,2005.88,154.083
4.461,0.0744,52.3514,38.4122,2010.93,154.224
4.464,0.0744,52.3149,38.3171,2004.55,154.364
4.466,0.0744,52.2787,38.4519,2010.22,154.504
4.469,0.0745,52.2423,38.3427,2003.11,154.645
4.471,0.0745,52.2062,38.4887,2009.35,154.785
4.474,0.0746,52.17,38.2236,1994.12,154.925
4.477,0.0746,52.134,38.379,2000.85,155.065
4.479,0.0747,52.0978,38.3898,2000.02,155.205
4.482,0.0747,52.0617,38.4063,1999.49,155.345
4.484,0.0747,52.0254,38.4082,1998.2,155.485
4.487,0.0748,51.9893,38.4309,1998,155.625
4.489,0.0748,51.9529,38.317,1990.68,155.765
4.492,0.0749,51.9169,38.3422,1990.61,155.905
4.495,0.0749,51.8804,38.3686,1990.58,156.044
4.497,0.0750,51.8444,38.3381,1987.62,156.184
4.500,0.0750,51.8079,38.3326,1985.93,156.323
4.502,0.0750,51.772,38.3595,1985.95,156.463
4.505,0.0751,51.7355,38.3505,1984.08,156.602
4.507,0.0751,51.6996,38.3811,1984.29,156.742
4.510,0.0752,51.6632,38.3688,1982.26,156.881
4.512,0.0752,51.6275,38.4033,1982.67,157.021
4.515,0.0753,51.5912,38.3175,1976.85,157.161
4.518,0.0753,51.5557,38.2476,1971.88,157.301
4.520,0.0753,51.5196,38.1109,1963.46,157.44
4.523,0.0754,51.4843,38.1397,1963.59,157.581
4.525,0.0754,51.4485,38.136,1962.04,157.721
4.528,0.0755,51.4133,37.9806,1952.71,157.861
4.530,0.0755,51.3778,37.9487,1949.72,158.001
4.533,0.0755,51.343,38.0082,1951.45,158.142
4.536,0.0756,51.3077,37.9686,1948.08,158.283
4.538,0.0756,51.2731,37.9462,1945.62,158.424
4.541,0.0757,51.2382,37.9859,1946.33,158.565
4.543,0.0757,51.2039,37.9737,1944.4,158.706
4.546,0.0758,51.1692,38.0095,1944.92,158.848
4.548,0.0758,51.1352,38.0001,1943.14,158.99
4.551,0.0758,51.1007,37.7401,1928.54,159.131
4.553,0.0759,51.0669,37.7389,1927.21,159.273
4.556,0.0759,51.0326,37.76,1926.99,159.416
4.559,0.0760,50.9991,37.7685,1926.16,159.558
4.561,0.0760,50.9648,37.682,1920.46,159.7
4.564,0.0761,50.9315,37.5746,1913.73,159.842
4.566,0.0761,50.8973,37.5824,1912.84,159.985
4.569,0.0761,50.8642,37.4096,1902.81,160.127
4.571,0.0762,50.8299,37.4141,1901.75,160.27
4.574,0.0762,50.797,37.4329,1901.48,160.412
4.577,0.0763,50.7627,37.432,1900.15,160.555
4.579,0.0763,50.73,37.4539,1900.03,160.697
4.582,0.0764,50.6956,37.4623,1899.17,160.84
4.584,0.0764,50.6613,37.4697,1898.26,160.982
4.587,0.0764,50.627,37.4773,1897.37,161.125
4.589,0.0765,50.5929,37.3533,1889.81,161.267
4.592,0.0765,50.5588,37.36,1888.88,161.41
4.594,0.0766,50.5249,37.3663,1887.93,161.552
4.597,0.0766,50.491,37.3732,1887.01,161.694
4.600,0.0767,50.4573,37.3798,1886.08,161.836
4.602,0.0767,50.4236,37.3871,1885.19,161.978
4.605,0.0767,50.3901,37.2552,1877.29,162.121
4.607,0.0768,50.3566,37.2628,1876.43,162.262
4.610,0.0768,50.3233,37.2706,1875.58,162.404
4.612,0.0769,50.2901,37.1929,1870.43,162.546
4.615,0.0769,50.2569,37.0053,1859.77,162.688
4.618,0.0770,50.2239,37.0159,1859.08,162.829
4.620,0.0770,50.1909,37.0269,1858.41,162.971
4.623,0.0770,50.158,37.0384,1857.77,163.112
4.625,0.0771,50.1251,37.0504,1857.15,163.253
4.628,0.0771,50.0923,37.0625,1856.55,163.394
4.630,0.0772,50.0596,37.0752,1855.97,163.536
4.633,0.0772,50.0269,37.0876,1855.38,163.677
4.636,0.0773,49.9941,37.1061,1855.09,163.818
4.638,0.0773,49.9613,37.1273,1854.93,163.959
4.641,0.0773,49.9286,37.1261,1853.66,164.1
4.643,0.0774,49.8957,37.1546,1853.85,164.241
4.646,0.0774,49.8631,36.873,1838.6,164.382
4.648,0.0775,49.83,36.9116,1839.31,164.523
4.651,0.0775,53.0275,36.8022,1951.53,164.664
4.653,0.0776,52.9909,36.8538,1952.91,164.805
4.656,0.0776,52.9549,36.8236,1949.99,164.946
4.659,0.0776,52.9184,36.9712,1956.45,165.087
4.661,0.0777,52.8824,36.9322,1953.06,165.229
4.664,0.0777,52.8459,36.9562,1952.98,165.37
4.666,0.0778,52.81,36.9213,1949.82,165.512
4.669,0.0778,52.7735,36.9832,1951.73,165.654
4.671,0.0779,52.7377,36.87,1944.44,165.796
4.674,0.0779,52.7014,36.9074,1945.07,165.938
4.676,0.0779,52.6657,36.8917,1942.93,166.081
4.679,0.0780,52.6295,36.9313,1943.68,166.223
4.682,0.0780,52.594,36.9148,1941.5,166.366
4.684,0.0781,52.558,36.7673,1932.42,166.508
4.687,0.0781,52.5221,36.5836,1921.45,166.651
4.689,0.0782,52.4863,36.5972,1920.85,166.794
4.692,0.0782,52.4505,36.6118,1920.31,166.937
4.694,0.0782,52.4148,36.5495,1915.73,167.08
4.697,0.0783,52.3791,36.6201,1918.13,167.224
4.700,0.0783,52.3435,36.6376,1917.74,167.367
4.702,0.0784,52.308,36.6559,1917.4,167.511
4.705,0.0784,52.2725,36.6748,1917.08,167.654
4.707,0.0785,52.2371,36.6942,1916.8,167.798
4.710,0.0785,52.2017,36.714,1916.54,167.942
4.712,0.0785,52.1663,36.6851,1913.73,168.086
4.715,0.0786,52.1309,36.5255,1904.11,168.229
4.718,0.0786,52.0956,36.5357,1903.35,168.373
4.720,0.0787,52.0601,36.5632,1903.48,168.517
4.723,0.0787,52.0249,36.5696,1902.53,168.661
4.725,0.0788,51.9893,36.6007,1902.84,168.805
4.728,0.0788,51.9542,36.6032,1901.69,168.949
4.730,0.0788,51.9186,36.6369,1902.14,169.092
4.733,0.0789,51.8836,36.636,1900.81,169.236
4.735,0.0789,51.8481,36.6714,1901.34,169.379
4.738,0.0790,51.8132,36.6673,1899.85,169.523
4.741,0.0790,51.7778,36.496,1889.68,169.666
4.743,0.0791,51.743,36.4894,1888.07,169.81
4.746,0.0791,51.7078,36.5273,1888.75,169.953
4.748,0.0791,51.6732,36.5185,1887.03,170.096
4.751,0.0792,51.6381,36.5567,1887.72,170.239
4.753,0.0792,51.6036,36.5461,1885.91,170.382
4.756,0.0793,51.5687,36.5848,1886.63,170.525
4.758,0.0793,51.5344,36.5729,1884.76,170.668
4.761,0.0794,51.4997,36.6125,1885.53,170.811
4.764,0.0794,51.4655,36.5877,1883.01,170.954
4.766,0.0794,51.4311,36.5208,1878.3,171.097
4.769,0.0795,51.397,36.4896,1875.46,171.24
4.771,0.0795,51.3628,36.4314,1871.22,171.382
4.774,0.0796,51.3288,36.423,1869.55,171.525
4.776,0.0796,51.2947,36.4634,1870.38,171.668
4.779,0.0796,51.2607,36.455,1868.71,171.811
4.782,0.0797,51.2268,36.4084,1865.09,171.953
4.784,0.0797,51.1929,36.3857,1862.69,172.096
4.787,0.0798,51.159,36.4053,1862.46,172.239
4.789,0.0798,51.1251,36.422,1862.08,172.382
4.792,0.0799,51.0912,36.4069,1860.07,172.525
4.794,0.0799,51.0573,36.4201,1859.51,172.668
4.797,0.0799,51.0233,36.4545,1860.03,172.811
4.799,0.0800,50.9895,36.4635,1859.25,172.954
4.802,0.0800,50.9555,36.5073,1860.25,173.098
4.805,0.0801,50.9216,36.5123,1859.27,173.241
4.807,0.0801,50.8876,36.5566,1860.28,173.384
4.810,0.0802,50.8538,36.5568,1859.05,173.528
4.812,0.0802,50.8198,36.6054,1860.28,173.671
4.815,0.0802,50.7861,36.6005,1858.8,173.815
4.817,0.0803,50.7522,36.6528,1860.21,173.959
4.820,0.0803,50.7186,36.6427,1858.47,174.103
4.823,0.0804,50.6848,36.6983,1860.05,174.247
4.825,0.0804,50.6514,36.683,1858.04,174.391
4.828,0.0805,50.6178,36.6315,1854.21,174.535
4.830,0.0805,50.5846,36.613,1852.05,174.68
4.833,0.0805,50.5512,36.6698,1853.7,174.824
4.835,0.0806,50.5182,36.6469,1851.34,174.969
4.838,0.0806,50.4852,36.7063,1853.13,175.113
4.840,0.0807,50.4525,36.6333,1848.24,175.258
4.843,0.0807,50.4197,36.7094,1850.88,175.403
4.846,0.0808,50.3872,36.6307,1845.72,175.547
4.848,0.0808,50.3547,36.7091,1848.47,175.692
4.851,0.0808,50.3225,36.6794,1845.8,175.837
4.853,0.0809,50.2902,36.6979,1845.55,175.982
4.856,0.0809,50.2583,36.7126,1845.11,176.127
4.858,0.0810,50.2261,36.64,1840.28,176.272
4.861,0.0810,50.1943,36.696,1841.93,176.417
4.863,0.0811,50.1623,36.7235,1842.13,176.562
4.866,0.0811,50.1306,36.7264,1841.12,176.707
4.869,0.0811,50.0986,36.7826,1842.76,176.852
4.871,0.0812,53.3354,36.5494,1949.37,176.997
4.874,0.0812,53.2994,36.7328,1957.84,177.142
4.876,0.0813,53.2637,36.5718,1947.95,177.287
4.879,0.0813,53.2278,36.6551,1951.07,177.432
4.881,0.0814,53.1922,36.4693,1939.88,177.577
4.884,0.0814,53.1564,36.6024,1945.65,177.722
4.887,0.0814,53.1209,36.1427,1919.93,177.867
4.889,0.0815,53.0851,35.9476,1908.28,178.012
4.892,0.0815,53.0494,35.9738,1908.39,178.157
4.894,0.0816,53.0137,35.9997,1908.48,178.302
4.897,0.0816,52.9781,36.0251,1908.54,178.446
4.899,0.0817,52.9425,35.858,1898.41,178.591
4.902,0.0817,52.907,35.8818,1898.4,178.736
4.904,0.0817,52.8716,35.9047,1898.34,178.881
4.907,0.0818,52.8362,35.927,1898.25,179.025
4.910,0.0818,52.8009,35.9483,1898.1,179.17
4.912,0.0819,52.7657,35.9691,1897.93,179.314
4.915,0.0819,52.7305,35.8703,1891.46,179.459
4.917,0.0820,52.6954,35.8285,1888,179.603
4.920,0.0820,52.6604,35.8455,1887.64,179.748
4.922,0.0820,52.6255,35.8623,1887.27,179.892
4.925,0.0821,52.5906,35.8786,1886.88,180.037
4.927,0.0821,52.5559,35.8074,1881.89,180.181
4.930,0.0822,52.5212,35.8245,1881.55,180.326
4.933,0.0822,52.4866,35.8414,1881.19,180.47
4.935,0.0823,52.4521,35.7548,1875.42,180.615
4.938,0.0823,52.4177,35.7706,1875.01,180.759
4.940,0.0823,52.3833,35.6145,1865.61,180.904
4.943,0.0824,52.349,35.6404,1865.74,181.049
4.945,0.0824,52.3148,35.6417,1864.59,181.194
4.948,0.0825,52.2807,35.6797,1865.36,181.339
4.951,0.0825,52.2467,35.6685,1863.56,181.484
4.953,0.0826,52.2127,35.7179,1864.93,181.629
4.956,0.0826,52.1787,35.6946,1862.5,181.774
4.958,0.0826,52.1448,35.7544,1864.41,181.92
4.961,0.0827,52.111,35.619,1856.14,182.065
4.963,0.0827,52.0772,35.6893,1858.6,182.211
4.966,0.0828,52.0434,35.6427,1854.97,182.356
4.968,0.0828,52.0096,35.7207,1857.82,182.502
4.971,0.0828,51.9759,35.58,1849.3,182.648
4.974,0.0829,51.9422,35.6456,1851.51,182.793
4.976,0.0829,51.9085,35.5995,1847.92,182.939
4.979,0.0830,51.8748,35.6692,1850.33,183.085
4.981,0.0830,51.8412,35.616,1846.38,183.231
4.984,0.0831,51.8075,35.6899,1849,183.377
4.986,0.0831,51.7738,35.6295,1844.67,183.524
4.989,0.0831,51.7401,35.7083,1847.55,183.67
4.991,0.0832,51.7065,35.5999,1840.75,183.816
4.994,0.0832,51.6729,35.6054,1839.83,183.962
4.997,0.0833,51.6393,35.6112,1838.93,184.109
4.999,0.0833,51.6057,35.6164,1838.01,184.255
5.002,0.0834,51.5721,35.6223,1837.11,184.401
5.004,0.0834,51.5386,35.5607,1832.75,184.547
5.007,0.0834,51.5051,35.5674,1831.9,184.694
5.009,0.0835,51.4716,35.574,1831.05,184.84
5.012,0.0835,51.4382,35.5887,1830.62,184.986
5.014,0.0836,51.4049,35.4806,1823.87,185.133
5.017,0.0836,51.3716,35.6262,1830.17,185.279
5.020,0.0837,51.3384,35.644,1829.9,185.425
5.022,0.0837,51.3052,35.6488,1828.97,185.571
5.025,0.0837,51.2721,35.6751,1829.14,185.717
5.027,0.0838,51.2391,35.6749,1827.95,185.863
5.030,0.0838,51.2062,35.5445,1820.1,186.009
5.032,0.0839,51.1733,35.5377,1818.58,186.155
5.035,0.0839,51.1408,35.5781,1819.49,186.302
5.037,0.0840,51.108,35.5015,1814.41,186.447
5.040,0.0840,51.0757,35.5409,1815.27,186.593
5.043,0.0840,51.0431,35.5329,1813.71,186.739
5.045,0.0841,51.011,35.5717,1814.55,186.885
5.048,0.0841,50.9787,35.5641,1813.01,187.031
5.050,0.0842,50.9468,35.6002,1813.72,187.177
5.053,0.0842,50.9147,35.5941,1812.26,187.323
5.055,0.0843,50.883,35.6258,1812.75,187.469
5.058,0.0843,50.851,35.4156,1800.92,187.615
5.060,0.0843,50.8194,35.4459,1801.34,187.761
5.063,0.0844,50.7876,35.3698,1796.35,187.907
5.066,0.0844,50.7562,35.4187,1797.72,188.053
5.068,0.0845,50.7244,35.3893,1795.1,188.199
5.071,0.0845,50.6931,35.2269,1785.76,188.345
5.073,0.0846,50.6614,35.1765,1782.09,188.491
5.076,0.0846,50.63,35.2426,1784.33,188.637
5.078,0.0846,50.5984,35.1849,1780.3,188.783
5.081,0.0847,50.567,35.2562,1782.8,188.929
5.083,0.0847,50.5354,35.1895,1778.31,189.075
5.086,0.0848,50.504,35.2681,1781.18,189.222
5.089,0.0848,50.4723,35.1908,1776.16,189.368
5.091,0.0849,50.4409,35.0932,1770.13,189.514
5.094,0.0849,50.4092,35.181,1773.45,189.661
5.096,0.0849,50.3775,35.1944,1773,189.807
5.099,0.0850,50.3458,35.1762,1770.98,189.954
5.101,0.0850,50.3141,35.2045,1771.28,190.101
5.104,0.0851,50.2824,35.1698,1768.42,190.247
5.106,0.0851,50.2507,35.0701,1762.3,190.394
5.109,0.0852,50.219,34.9689,1756.11,190.541
5.112,0.0852,50.1873,35.0217,1757.65,190.688
5.114,0.0852,50.1557,35.1068,1760.8,190.835
5.117,0.0853,53.3448,34.9445,1864.11,190.982
5.119,0.0853,53.3116,34.875,1859.24,191.128
5.122,0.0854,53.2792,34.9515,1862.19,191.276
5.124,0.0854,53.2461,34.8682,1856.59,191.423
5.127,0.0854,53.2138,34.9565,1860.17,191.57
5.129,0.0855,53.1807,34.4422,1831.66,191.717
5.132,0.0855,53.1485,34.4364,1830.25,191.864
5.135,0.0856,53.1156,34.3541,1824.74,192.011
5.137,0.0856,53.0835,34.4413,1828.26,192.159
5.140,0.0857,53.0507,34.3514,1822.36,192.306
5.142,0.0857,53.0187,34.446,1826.28,192.453
5.145,0.0857,52.986,34.3494,1820.04,192.6
5.147,0.0858,52.9541,34.4515,1824.35,192.748
5.150,0.0858,52.9215,34.349,1817.8,192.895
5.152,0.0859,52.8896,34.4588,1822.51,193.042
5.155,0.0859,52.8571,34.3508,1815.68,193.19
5.158,0.0860,52.8252,34.4687,1820.82,193.337
5.160,0.0860,52.7927,34.3553,1813.71,193.484
5.163,0.0860,52.7609,34.4819,1819.3,193.631
5.165,0.0861,52.7284,34.1218,1799.19,193.779
5.168,0.0861,52.6966,34.2412,1804.39,193.926
5.170,0.0862,52.664,34.1347,1797.67,194.073
5.173,0.0862,52.6322,34.2677,1803.59,194.22
5.175,0.0863,52.5997,34.1506,1796.31,194.367
5.178,0.0863,52.5678,34.3027,1803.22,194.514
5.181,0.0863,52.5353,34.1034,1791.63,194.661
5.183,0.0864,52.5035,34.2382,1797.62,194.808
5.186,0.0864,52.4709,34.1263,1790.64,194.956
5.188,0.0865,52.4391,34.2709,1797.13,195.103
5.191,0.0865,52.4065,34.1503,1789.7,195.25
5.193,0.0866,52.3747,34.2376,1793.18,195.397
5.196,0.0866,52.3422,34.2485,1792.64,195.544
5.198,0.0866,52.3096,34.2589,1792.07,195.691
5.201,0.0867,52.2771,34.0541,1780.25,195.838
5.204,0.0867,52.2447,33.9653,1774.51,195.985
5.206,0.0868,52.2123,33.9731,1773.81,196.132
5.209,0.0868,52.1799,33.9808,1773.11,196.279
5.211,0.0869,52.1475,33.9879,1772.38,196.427
5.214,0.0869,52.1152,33.9952,1771.66,196.574
5.216,0.0869,52.083,34.0017,1770.91,196.721
5.219,0.0870,52.0508,34.0087,1770.18,196.868
5.221,0.0870,52.0186,34.0149,1769.41,197.016
5.224,0.0871,51.9866,34.0217,1768.67,197.163
5.227,0.0871,51.9545,34.0277,1767.89,197.31
5.229,0.0872,51.9226,34.0346,1767.16,197.458
5.232,0.0872,51.8907,34.0406,1766.39,197.605
5.234,0.0872,51.8589,34.0521,1765.9,197.753
5.237,0.0873,51.8272,34.0585,1765.15,197.9
5.239,0.0873,51.7955,34.0658,1764.45,198.048
5.242,0.0874,51.7639,34.0725,1763.72,198.195
5.244,0.0874,51.7323,34.08,1763.04,198.343
5.247,0.0874,51.7008,34.087,1762.33,198.491
5.250,0.0875,51.6693,34.1097,1762.43,198.638
5.252,0.0875,51.6379,34.102,1760.95,198.786
5.255,0.0876,51.6065,34.0086,1755.07,198.934
5.257,0.0876,51.5751,33.9848,1752.77,199.081
5.260,0.0877,51.5438,34.0387,1754.49,199.229
5.262,0.0877,51.5124,33.9335,1748,199.376
5.265,0.0877,51.4812,34.0005,1750.39,199.524
5.267,0.0878,51.4498,33.8689,1742.55,199.672
5.270,0.0878,51.4188,33.9498,1745.66,199.819
5.273,0.0879,51.3874,33.712,1732.37,199.967
5.275,0.0879,51.3565,33.8171,1736.72,200.115
5.278,0.0880,51.3252,33.7251,1730.95,200.262
5.280,0.0880,51.2944,33.6107,1724.04,200.41
5.283,0.0880,51.2632,33.5423,1719.49,200.557
5.285,0.0881,51.2325,33.6383,1723.38,200.705
5.288,0.0881,51.2014,33.562,1718.42,200.853
5.290,0.0882,51.1709,33.6655,1722.69,201.001
5.293,0.0882,51.1399,33.5221,1714.32,201.148
5.295,0.0883,51.1095,33.6291,1718.77,201.296
5.298,0.0883,51.0787,33.639,1718.24,201.444
5.301,0.0883,51.048,33.4394,1707.01,201.591
5.303,0.0884,51.0173,33.4141,1704.7,201.739
5.306,0.0884,50.9868,33.2918,1697.44,201.887
5.308,0.0885,50.9563,33.1847,1690.97,202.034
5.311,0.0885,50.9259,33.1266,1687,202.182
5.313,0.0886,50.8956,33.1341,1686.38,202.33
5.316,0.0886,50.8654,33.142,1685.78,202.478
5.318,0.0886,50.8352,33.1505,1685.22,202.625
5.321,0.0887,50.8052,33.1593,1684.67,202.773
5.324,0.0887,50.7752,33.1688,1684.15,202.921
5.326,0.0888,50.7452,33.1851,1683.99,203.069
5.329,0.0888,50.7152,33.1886,1683.17,203.217
5.331,0.0889,50.6854,33.2125,1683.39,203.365
5.334,0.0889,50.6555,33.2097,1682.25,203.513
5.336,0.0889,50.6257,33.2413,1682.87,203.661
5.339,0.0890,50.5958,33.1159,1675.53,203.808
5.341,0.0890,50.5662,33.157,1676.63,203.956
5.344,0.0891,50.5363,33.1369,1674.62,204.104
5.347,0.0891,50.5068,33.1871,1676.17,204.252
5.349,0.0892,50.4768,33.158,1673.71,204.4
5.352,0.0892,50.4474,33.1889,1674.3,204.548
5.354,0.0892,50.4176,33.1651,1672.1,204.696
5.357,0.0893,50.3882,33.1945,1672.61,204.844
5.359,0.0893,50.3584,33.2102,1672.41,204.992
5.362,0.0894,50.3292,33.2275,1672.31,205.14
5.364,0.0894,50.2994,33.2407,1671.99,205.288
5.367,0.0894,50.2703,33.262,1672.09,205.436
5.369,0.0895,50.2406,33.2721,1671.61,205.584
5.372,0.0895,50.2115,33.298,1671.94,205.732
5.375,0.0896,50.1819,33.4359,1677.88,205.88
5.377,0.0896,50.1529,33.4447,1677.35,206.028
5.380,0.0897,50.1234,33.4699,1677.63,206.176
5.382,0.0897,50.0945,33.483,1677.31,206.325
5.385,0.0897,50.0651,33.5353,1678.95,206.473
5.387,0.0898,50.0363,33.5208,1677.25,206.621
5.390,0.0898,50.0069,33.5713,1678.79,206.769
5.392,0.0899,49.9782,33.4704,1672.79,206.917
5.395,0.0899,49.9489,33.499,1673.24,207.066
5.398,0.0900,49.9202,33.5113,1672.89,207.214
5.400,0.0900,52.3633,33.4604,1752.09,207.362
5.403,0.0900,52.3316,33.4748,1751.79,207.511
5.405,0.0901,52.3,33.497,1751.89,207.659
5.408,0.0901,52.2684,33.4679,1749.32,207.807
5.410,0.0902,52.2368,33.4484,1747.24,207.955
5.413,0.0902,52.2053,33.4501,1746.28,208.104
5.415,0.0903,52.1738,33.4836,1746.97,208.252
5.418,0.0903,52.1424,33.4815,1745.8,208.4
5.420,0.0903,52.1109,33.5177,1746.64,208.548
5.423,0.0904,52.0795,33.5131,1745.35,208.696
5.426,0.0904,52.0481,33.4233,1739.62,208.844
5.428,0.0905,52.0169,33.4229,1738.55,208.992
5.431,0.0905,51.9856,33.2878,1730.49,209.14
5.433,0.0906,51.9545,33.295,1729.82,209.288
5.436,0.0906,51.9233,33.3183,1730,209.436
5.438,0.0906,51.8923,33.3298,1729.56,209.584
5.441,0.0907,51.8612,33.3481,1729.47,209.732
5.443,0.0907,51.8304,33.3646,1729.3,209.88
5.446,0.0908,51.7995,33.3772,1728.92,210.028
5.449,0.0908,51.7688,33.3991,1729.03,210.176
5.451,0.0909,51.7381,33.406,1728.36,210.324
5.454,0.0909,51.7075,33.4331,1728.74,210.472
5.456,0.0909,51.6771,33.4349,1727.82,210.62
5.459,0.0910,51.6467,33.4666,1728.44,210.768
5.461,0.0910,51.6164,33.4643,1727.31,210.916
5.464,0.0911,51.5862,33.4494,1725.52,211.065
5.466,0.0911,51.5561,33.4472,1724.41,211.213
5.469,0.0911,51.526,33.4831,1725.25,211.361
5.471,0.0912,51.4961,33.4791,1724.04,211.51
5.474,0.0912,51.4662,33.167,1706.98,211.658
5.477,0.0913,51.4364,33.1614,1705.7,211.807
5.479,0.0913,51.4067,32.9833,1695.56,211.955
5.482,0.0914,51.3771,32.9599,1693.39,212.104
5.484,0.0914,51.3475,33.0264,1695.83,212.253
5.487,0.0914,51.3181,33.0004,1693.52,212.401
5.489,0.0915,51.2887,32.9017,1687.48,212.55
5.492,0.0915,51.2594,32.8282,1682.75,212.699
5.494,0.0916,51.23,32.8573,1683.28,212.848
5.497,0.0916,51.2009,32.8717,1683.06,212.997
5.499,0.0917,51.1716,32.9016,1683.63,213.146
5.502,0.0917,51.1426,32.9239,1683.81,213.295
5.505,0.0917,51.1136,32.9468,1684.03,213.444
5.507,0.0918,51.0846,32.8948,1680.42,213.593
5.510,0.0918,51.0556,32.9168,1680.59,213.742
5.512,0.0919,51.0267,32.9388,1680.76,213.891
5.515,0.0919,50.9979,32.8636,1675.97,214.041
5.517,0.0920,50.9691,32.8118,1672.39,214.19
5.520,0.0920,50.9403,32.8346,1672.61,214.339
5.522,0.0920,50.9115,32.8575,1672.83,214.488
5.525,0.0921,50.8828,32.8806,1673.06,214.637
5.528,0.0921,50.8542,32.9035,1673.28,214.786
5.530,0.0922,50.8256,32.9265,1673.51,214.935
5.533,0.0922,50.797,32.8702,1669.71,215.084
5.535,0.0923,50.7684,32.8927,1669.91,215.233
5.538,0.0923,50.74,32.9149,1670.1,215.382
5.540,0.0923,50.7115,32.9368,1670.27,215.531
5.543,0.0924,50.6832,32.9581,1670.42,215.68
5.545,0.0924,50.6548,32.9789,1670.54,215.829
5.548,0.0925,50.6266,32.8895,1665.08,215.978
5.550,0.0925,50.5983,32.9107,1665.23,216.127
5.553,0.0925,50.5702,32.9308,1665.31,216.276
5.556,0.0926,50.5421,32.8514,1660.38,216.424
5.558,0.0926,50.514,32.7489,1654.28,216.573
5.561,0.0927,50.4861,32.7645,1654.15,216.722
5.563,0.0927,50.4581,32.7834,1654.19,216.87
5.566,0.0928,50.4303,32.7951,1653.87,217.019
5.568,0.0928,50.4025,32.7261,1649.48,217.168
5.571,0.0928,50.3748,32.7373,1649.13,217.316
5.573,0.0929,50.3472,32.748,1648.77,217.465
5.576,0.0929,50.3196,32.7567,1648.3,217.614
5.578,0.0930,50.2921,32.7452,1646.83,217.762
5.581,0.0930,50.2647,32.7591,1646.63,217.911
5.584,0.0931,50.2374,32.7553,1645.54,218.059
5.586,0.0931,50.2102,32.7704,1645.4,218.208
5.589,0.0931,50.1829,32.7619,1644.09,218.357
5.591,0.0932,50.1559,32.7135,1640.77,218.506
5.594,0.0932,50.1288,32.71,1639.71,218.655
5.596,0.0933,50.1018,32.7217,1639.42,218.804
5.599,0.0933,50.0749,32.716,1638.25,218.953
5.601,0.0934,50.048,32.7308,1638.11,219.102
5.604,0.0934,50.0212,32.5862,1630,219.251
5.606,0.0934,49.9944,32.5878,1629.21,219.4
5.609,0.0935,49.9677,32.5099,1624.44,219.549
5.612,0.0935,49.941,32.5136,1623.76,219.698
5.614,0.0936,49.9143,32.5189,1623.16,219.847
5.617,0.0936,49.8877,32.5248,1622.59,219.996
5.619,0.0937,49.8611,32.4823,1619.61,220.146
5.622,0.0937,49.8346,32.4903,1619.14,220.295
5.624,0.0937,49.808,32.5007,1618.8,220.445
5.627,0.0938,49.7815,32.5108,1618.44,220.595
5.629,0.0938,49.755,32.5235,1618.21,220.744
5.632,0.0939,49.7286,32.5495,1618.64,220.894
5.634,0.0939,49.7022,32.484,1614.52,221.044
5.637,0.0939,49.6758,32.5117,1615.04,221.194
5.640,0.0940,49.6494,32.5072,1613.97,221.344
5.642,0.0940,49.6231,32.5444,1614.95,221.494
5.645,0.0941,49.5968,32.531,1613.43,221.644
5.647,0.0941,49.5705,32.5769,1614.86,221.794
5.650,0.0942,49.5444,32.5539,1612.86,221.944
5.652,0.0942,49.5182,32.6082,1614.7,222.095
5.655,0.0942,49.4921,32.6915,1617.97,222.245
5.657,0.0943,49.466,32.7595,1620.48,222.395
5.660,0.0943,49.4401,32.7107,1617.22,222.545
5.662,0.0944,49.4141,32.7335,1617.5,222.696
5.665,0.0944,49.3883,32.654,1612.73,222.846
5.668,0.0945,49.3625,32.6373,1611.06,222.997
5.670,0.0945,49.3368,32.5528,1606.05,223.147
5.673,0.0945,49.3111,32.6542,1610.22,223.298
5.675,0.0946,49.2856,32.5585,1604.66,223.448
5.678,0.0946,49.2601,32.6678,1609.22,223.598
5.680,0.0947,49.2347,32.5619,1603.17,223.748
5.683,0.0947,49.2093,32.6786,1608.09,223.899
5.685,0.0948,49.184,32.5637,1601.61,224.049
5.688,0.0948,49.1588,32.6022,1602.69,224.199
5.690,0.0948,49.1336,32.5133,1597.49,224.349
5.693,0.0949,49.1085,32.61,1601.43,224.5
5.696,0.0949,49.0834,32.5169,1596.04,224.65
5.698,0.0950,49.0583,32.6168,1600.12,224.8
5.701,0.0950,49.0333,32.5202,1594.57,224.95
5.703,0.0951,49.0083,32.6225,1598.77,225.1
5.706,0.0951,48.9834,32.6238,1598.02,225.25
5.708,0.0951,48.9584,32.3095,1581.82,225.4
5.711,0.0952,48.9334,32.2302,1577.14,225.55
5.713,0.0952,48.9084,32.2567,1577.62,225.7
5.716,0.0953,48.8834,32.2462,1576.3,225.85
5.718,0.0953,48.8584,32.1811,1572.32,226
5.721,0.0953,48.8333,32.0859,1566.86,226.149
5.724,0.0954,48.8084,32.1182,1567.64,226.299
5.726,0.0954,48.7832,32.0817,1565.05,226.449
5.729,0.0955,48.7583,32.1214,1566.18,226.599
5.731,0.0955,53.86,32.0422,1725.79,226.748
5.734,0.0956,53.8318,32.0824,1727.05,226.898
5.736,0.0956,53.8033,32.0337,1723.52,227.048
5.739,0.0956,53.775,32.0803,1725.12,227.198
5.741,0.0957,53.7465,32.0232,1721.14,227.348
5.744,0.0957,53.7183,31.9911,1718.51,227.498
5.746,0.0958,53.6898,31.9183,1713.69,227.648
5.749,0.0958,53.6616,31.9861,1716.42,227.798
5.751,0.0959,53.6332,31.5342,1691.28,227.948
5.754,0.0959,53.605,31.5568,1691.6,228.099
5.757,0.0959,53.5768,31.5309,1689.32,228.249
5.759,0.0960,53.5486,31.5062,1687.11,228.399
5.762,0.0960,53.5205,31.4792,1684.78,228.55
5.764,0.0961,53.4924,31.5876,1689.7,228.701
5.767,0.0961,53.4644,31.587,1688.78,228.851
5.769,0.0962,53.4364,31.5618,1686.55,229.002
5.772,0.0962,53.4087,31.5999,1687.71,229.153
5.774,0.0962,53.3808,31.5943,1686.53,229.305
5.777,0.0963,53.3532,31.6449,1688.35,229.456
5.779,0.0963,53.3254,31.6062,1685.41,229.607
5.782,0.0964,53.298,31.6748,1688.21,229.758
5.785,0.0964,53.2704,31.6279,1684.83,229.91
5.787,0.0965,53.2432,31.6997,1687.79,230.061
5.790,0.0965,53.2156,31.6478,1684.16,230.213
5.792,0.0965,53.1885,31.7272,1687.52,230.364
5.795,0.0966,53.1611,31.6711,1683.67,230.516
5.797,0.0966,53.1341,31.6322,1680.75,230.668
5.800,0.0967,53.1068,31.5908,1677.69,230.82
5.802,0.0967,53.0799,31.6604,1680.53,230.971
5.805,0.0967,53.0527,31.5539,1674.02,231.123
5.807,0.0968,53.0258,31.5676,1673.9,231.275
5.810,0.0968,52.999,31.6409,1676.94,231.426
5.812,0.0969,52.9722,31.6552,1676.84,231.578
5.815,0.0969,52.9454,31.6697,1676.76,231.729
5.818,0.0970,52.9186,31.6832,1676.63,231.881
5.820,0.0970,52.8919,31.697,1676.51,232.032
5.823,0.0970,52.8651,31.7093,1676.32,232.184
5.825,0.0971,52.8384,31.7221,1676.14,232.336
5.828,0.0971,52.8116,31.7331,1675.88,232.487
5.830,0.0972,52.7848,31.6486,1670.56,232.639
5.833,0.0972,52.758,31.66,1670.32,232.79
5.835,0.0973,52.7312,31.6718,1670.1,232.941
5.838,0.0973,52.7044,31.6821,1669.79,233.093
5.840,0.0973,52.6776,31.6927,1669.5,233.244
5.843,0.0974,52.6508,31.702,1669.13,233.395
5.845,0.0974,52.624,31.7114,1668.78,233.547
5.848,0.0975,52.5971,31.2476,1643.53,233.698
5.851,0.0975,52.5703,31.2555,1643.11,233.849
5.853,0.0976,52.5435,31.2628,1642.66,234
5.856,0.0976,52.5166,31.2213,1639.64,234.151
5.858,0.0976,52.4898,31.2291,1639.21,234.302
5.861,0.0977,52.463,31.1273,1633.03,234.454
5.863,0.0977,52.4362,31.1351,1632.6,234.605
5.866,0.0978,52.4095,31.1414,1632.11,234.756
5.868,0.0978,52.3827,31.1337,1630.87,234.907
5.871,0.0978,52.356,31.144,1630.58,235.058
5.873,0.0979,52.3293,31.1478,1629.94,235.209
5.876,0.0979,52.3027,31.1591,1629.71,235.36
5.878,0.0980,52.2761,31.075,1624.48,235.511
5.881,0.0980,52.2496,31.0866,1624.26,235.662
5.884,0.0981,52.223,31.0915,1623.69,235.813
5.886,0.0981,52.1967,31.1035,1623.5,235.965
5.889,0.0981,52.1702,31.1093,1622.98,236.116
5.891,0.0982,52.144,31.1214,1622.79,236.268
5.894,0.0982,52.1177,31.1287,1622.35,236.419
5.896,0.0983,52.0916,31.1403,1622.15,236.571
5.899,0.0983,52.0654,31.1495,1621.81,236.723
5.901,0.0984,52.0394,31.1601,1621.55,236.875
5.904,0.0984,52.0133,31.1717,1621.34,237.027
5.906,0.0984,51.9874,31.1807,1621,237.179
5.909,0.0985,51.9615,31.1924,1620.8,237.331
5.911,0.0985,51.9356,31.0394,1612.05,237.484
5.914,0.0986,51.9098,31.0539,1612,237.636
5.917,0.0986,51.884,31.0694,1612,237.788
5.919,0.0987,51.8583,31.07,1611.23,237.941
5.922,0.0987,51.8325,31.0862,1611.28,238.094
5.924,0.0987,51.8068,31.1023,1611.31,238.246
5.927,0.0988,51.7811,31.1194,1611.4,238.399
5.929,0.0988,51.7555,31.1363,1611.47,238.552
5.932,0.0989,51.7299,30.9879,1603,238.705
5.934,0.0989,51.7043,31.006,1603.14,238.858
5.937,0.0989,51.6787,31.05,1604.62,239.011
5.939,0.0990,51.6531,31.078,1605.28,239.164
5.942,0.0990,51.6276,31.079,1604.53,239.318
5.944,0.0991,51.602,31.1175,1605.73,239.471
5.947,0.0991,51.5765,31.1099,1604.54,239.624
5.950,0.0992,51.551,31.1148,1604,239.777
5.952,0.0992,51.5256,31.09,1601.93,239.93
5.955,0.0992,51.5001,31.1619,1604.84,240.083
5.957,0.0993,51.4748,31.1261,1602.21,240.237
5.960,0.0993,51.4494,31.211,1605.78,240.389
5.962,0.0994,51.4241,31.1641,1602.59,240.543
5.965,0.0994,51.3987,31.2616,1606.81,240.695
5.967,0.0995,51.3735,30.7798,1581.27,240.849
5.970,0.0995,51.3483,30.8573,1584.47,241.001
5.972,0.0995,51.3232,30.821,1581.83,241.155
5.975,0.0996,51.2981,30.8595,1583.03,241.307
5.977,0.0996,51.273,30.818,1580.13,241.46
5.980,0.0997,51.2481,30.9086,1584,241.613
5.983,0.0997,51.2231,30.861,1580.8,241.766
5.985,0.0998,51.1983,30.922,1583.16,241.919
5.988,0.0998,51.1735,30.8568,1579.05,242.072
5.990,0.0998,51.1489,30.9637,1583.76,242.224
5.993,0.0999,51.1242,30.9487,1582.23,242.377
5.995,0.0999,51.0997,30.9945,1583.81,242.53
5.998,0.1000,51.0751,30.9095,1578.71,242.683
6.000,0.1000,51.0508,31.0295,1584.08,242.835
6.003,0.1000,51.0264,31.0033,1581.99,242.988
6.005,0.1001,51.0022,31.0749,1584.89,243.141
6.008,0.1001,50.9779,31.0435,1582.53,243.294
6.010,0.1002,50.9539,31.0645,1582.86,243.447
6.013,0.1002,50.93,31.0429,1581.01,243.6
6.016,0.1003,50.906,31.0595,1581.12,243.752
6.018,0.1003,50.8822,31.0792,1581.38,243.905
6.021,0.1003,50.8583,31.0923,1581.3,244.058
6.023,0.1004,50.8346,31.1108,1581.5,244.211
6.026,0.1004,50.8107,31.1208,1581.27,244.363
6.028,0.1005,50.787,31.1371,1581.36,244.516
6.031,0.1005,50.7631,31.1449,1581.01,244.669
6.033,0.1006,50.7395,31.1583,1580.96,244.822
6.036,0.1006,50.7157,31.1648,1580.54,244.975
6.038,0.1006,50.6921,31.0745,1575.23,245.128
6.041,0.1007,50.6683,31.0782,1574.68,245.281
6.043,0.1007,50.6448,31.0864,1574.37,245.435
6.046,0.1008,50.621,31.0125,1569.89,245.588
6.049,0.1008,50.5975,31.0176,1569.42,245.741
6.051,0.1009,50.5739,31.0232,1568.96,245.895
6.054,0.1009,50.5504,31.0255,1568.35,246.048
6.056,0.1009,50.5268,30.9775,1565.2,246.202
6.059,0.1010,50.5033,30.953,1563.23,246.355
6.061,0.1010,50.4798,30.9889,1564.31,246.509
6.064,0.1011,50.4563,30.9603,1562.14,246.663
6.066,0.1011,50.433,31.0004,1563.44,246.817
6.069,0.1011,50.4095,30.9689,1561.13,246.971
6.071,0.1012,50.3863,31.013,1562.63,247.125
6.074,0.1012,50.3629,30.9798,1560.23,247.279
6.076,0.1013,50.3398,31.0273,1561.91,247.433
6.079,0.1013,50.3163,30.9936,1559.49,247.588
6.081,0.1014,50.2934,30.9086,1554.5,247.742
6.084,0.1014,50.27,30.8646,1551.56,247.897
6.087,0.1014,50.2472,30.8316,1549.2,248.051
6.089,0.1015,50.2238,30.8258,1548.19,248.205
6.092,0.1015,50.2011,30.8507,1548.74,248.36
6.094,0.1016,50.1778,30.862,1548.59,248.514
6.097,0.1016,50.1552,30.8698,1548.28,248.669
6.099,0.1017,50.1319,30.7849,1543.3,248.823
6.102,0.1017,50.1093,30.7587,1541.3,248.978
6.104,0.1017,50.0861,30.8166,1543.48,249.132
6.107,0.1018,50.0636,30.7818,1541.05,249.286
6.109,0.1018,50.0404,30.8509,1543.79,249.441
6.112,0.1019,50.018,30.8635,1543.73,249.595
6.114,0.1019,49.9956,30.8771,1543.72,249.749
6.117,0.1020,49.9732,30.8904,1543.69,249.903
6.120,0.1020,49.9508,30.9047,1543.71,250.057
6.122,0.1020,49.9284,30.9185,1543.71,250.211
6.125,0.1021,49.906,30.8577,1539.99,250.366
6.127,0.1021,49.8836,30.8718,1540,250.519
6.130,0.1022,49.8612,30.8865,1540.04,250.673
6.132,0.1022,49.8388,30.9005,1540.04,250.827
6.135,0.1022,49.8164,30.9148,1540.06,250.981
6.137,0.1023,49.794,30.9284,1540.05,251.135
6.140,0.1023,49.7715,30.8842,1537.15,251.289
6.142,0.1024,49.749,30.8965,1537.07,251.443
6.145,0.1024,49.7266,30.9088,1536.99,251.596
6.147,0.1025,53.6423,30.8969,1657.38,251.75
6.150,0.1025,53.618,30.9085,1657.25,251.904
6.152,0.1025,53.5938,30.9193,1657.09,252.058
6.155,0.1026,53.5697,30.8592,1653.12,252.212
6.158,0.1026,53.5455,30.8688,1652.89,252.366
6.160,0.1027,53.5214,30.8778,1652.62,252.52
6.163,0.1027,53.4973,30.8864,1652.34,252.673
6.165,0.1028,53.4732,30.9024,1652.45,252.827
6.168,0.1028,53.4491,30.7887,1645.63,252.981
6.170,0.1028,53.425,30.8118,1646.12,253.136
6.173,0.1029,53.4009,30.8018,1644.84,253.29
6.175,0.1029,53.3769,30.8321,1645.72,253.444
6.178,0.1030,53.3527,30.8127,1643.94,253.598
6.180,0.1030,53.3288,30.8502,1645.21,253.752
6.183,0.1030,53.3046,30.8218,1642.95,253.907
6.185,0.1031,53.2808,30.8666,1644.6,254.061
6.188,0.1031,53.2567,30.8296,1641.88,254.215
6.191,0.1032,53.2329,30.8815,1643.91,254.37
6.193,0.1032,53.2089,30.6438,1630.52,254.524
6.196,0.1033,53.1852,30.7124,1633.45,254.679
6.198,0.1033,53.1614,30.5808,1625.72,254.834
6.201,0.1033,53.1377,30.6471,1628.52,254.989
6.203,0.1034,53.1141,30.5854,1624.52,255.144
6.206,0.1034,53.0905,30.6285,1626.08,255.299
6.208,0.1035,53.067,30.5626,1621.87,255.454
6.211,0.1035,53.0436,30.6379,1625.15,255.609
6.213,0.1036,53.0203,30.641,1624.59,255.764
6.216,0.1036,52.9971,30.6438,1624.03,255.919
6.218,0.1036,52.9739,30.6468,1623.48,256.074
6.221,0.1037,52.9507,30.6496,1622.92,256.229
6.223,0.1037,52.9276,30.6527,1622.37,256.384
6.226,0.1038,52.9045,30.6557,1621.82,256.539
6.229,0.1038,52.8814,30.6592,1621.3,256.695
6.231,0.1039,52.8583,30.6626,1620.77,256.85
6.234,0.1039,52.8353,30.6666,1620.28,257.005
6.236,0.1039,52.8123,30.5897,1615.51,257.161
6.239,0.1040,52.7893,30.5218,1611.22,257.316
6.241,0.1040,52.7663,30.5338,1611.15,257.471
6.244,0.1041,52.7432,30.4145,1604.16,257.626
6.246,0.1041,52.7202,30.4305,1604.3,257.782
6.249,0.1041,52.6971,30.4914,1606.81,257.937
6.251,0.1042,52.6741,30.4906,1606.06,258.092
6.254,0.1042,52.6509,30.5127,1606.52,258.247
6.256,0.1043,52.6279,30.5107,1605.71,258.403
6.259,0.1043,52.6047,30.5354,1606.31,258.558
6.262,0.1044,52.5817,30.5334,1605.5,258.713
6.264,0.1044,52.5585,30.5595,1606.16,258.868
6.267,0.1044,52.5355,30.5302,1603.92,259.023
6.269,0.1045,52.5124,30.543,1603.88,259.178
6.272,0.1045,52.4894,30.5773,1604.98,259.333
6.274,0.1046,52.4663,30.592,1605.05,259.488
6.277,0.1046,52.4433,30.6061,1605.09,259.643
6.279,0.1047,52.4203,30.5106,1599.37,259.797
6.282,0.1047,52.3973,30.5437,1600.41,259.952
6.284,0.1047,52.3745,30.5356,1599.28,260.107
6.287,0.1048,52.3514,30.572,1600.49,260.262
6.289,0.1048,52.3287,30.5604,1599.18,260.417
6.292,0.1049,52.3056,30.5989,1600.49,260.572
6.295,0.1049,52.283,30.549,1597.19,260.727
6.297,0.1050,52.2599,30.3867,1588.01,260.882
6.300,0.1050,52.2374,30.4055,1588.31,261.037
6.302,0.1050,52.2143,30.2185,1577.84,261.192
6.305,0.1051,52.1919,30.2473,1578.66,261.347
6.307,0.1051,52.1687,30.1608,1573.45,261.502
6.310,0.1052,52.1463,30.1987,1574.75,261.657
6.312,0.1052,52.1231,30.1775,1572.94,261.812
6.315,0.1052,52.1007,30.1858,1572.7,261.967
6.317,0.1053,52.0782,30.1454,1569.92,262.123
6.320,0.1053,52.0557,30.1577,1569.88,262.278
6.322,0.1054,52.0332,30.1521,1568.91,262.433
6.325,0.1054,52.0104,30.1686,1569.08,262.589
6.327,0.1055,51.9879,30.1698,1568.46,262.744
6.330,0.1055,51.965,30.1896,1568.8,262.9
6.333,0.1055,51.9424,30.1744,1567.33,263.055
6.335,0.1056,51.9193,30.1975,1567.84,263.211
6.338,0.1056,51.8967,30.1781,1566.14,263.367
6.340,0.1057,51.8736,30.2044,1566.81,263.522
6.343,0.1057,51.851,30.1815,1564.94,263.678
6.345,0.1058,51.8279,30.211,1565.77,263.833
6.348,0.1058,51.8053,30.1853,1563.76,263.989
6.350,0.1058,51.7822,30.2184,1564.77,264.144
6.353,0.1059,51.7596,30.1491,1560.51,264.3
6.355,0.1059,51.7367,30.1838,1561.61,264.456
6.358,0.1060,51.7142,30.155,1559.44,264.612
6.360,0.1060,51.6915,30.1943,1560.79,264.767
6.363,0.1060,51.669,30.1633,1558.51,264.923
6.366,0.1061,51.6466,30.1473,1557,265.079
6.368,0.1061,51.6242,30.1198,1554.91,265.234
6.371,0.1062,51.602,30.1619,1556.41,265.39
6.373,0.1062,51.5797,30.1329,1554.24,265.546
6.376,0.1063,51.5577,30.1802,1556.02,265.702
6.378,0.1063,51.5355,30.1496,1553.78,265.857
6.381,0.1063,51.5138,30.2021,1555.82,266.013
6.383,0.1064,51.4916,30.1702,1553.52,266.169
6.386,0.1064,51.4701,30.2271,1555.79,266.325
6.388,0.1065,51.448,30.1895,1553.19,266.48
6.391,0.1065,51.4265,30.2466,1555.48,266.636
6.393,0.1066,51.4045,29.9757,1540.88,266.792
6.396,0.1066,51.3831,30.0465,1543.88,266.948
6.398,0.1066,51.3611,29.9428,1537.9,267.103
6.401,0.1067,51.3397,29.9676,1538.53,267.259
6.404,0.1067,51.3176,29.9662,1537.79,267.415
6.406,0.1068,51.2961,29.9874,1538.24,267.571
6.409,0.1068,51.274,30.017,1539.09,267.726
6.411,0.1069,51.2525,30.009,1538.03,267.882
6.414,0.1069,51.2303,30.0469,1539.31,268.038
6.416,0.1069,51.2086,30.0575,1539.21,268.194
6.419,0.1070,51.187,30.0681,1539.1,268.35
6.421,0.1070,51.1653,30.0787,1538.99,268.506
6.424,0.1071,51.1435,30.0893,1538.88,268.662
6.426,0.1071,51.1217,30.0707,1537.26,268.817
6.429,0.1071,51.0999,30.0817,1537.17,268.973
6.431,0.1072,51.0781,30.0187,1533.3,269.129
6.434,0.1072,51.0562,30.0297,1533.2,269.285
6.436,0.1073,51.0343,30.0403,1533.09,269.441
6.439,0.1073,51.0124,30.0515,1533,269.597
6.442,0.1074,51.0777,30.0553,1535.16,269.753
6.444,0.1074,51.0564,30.0664,1535.08,269.909
6.447,0.1074,51.035,30.0769,1534.97,270.064
6.449,0.1075,51.0136,29.9447,1527.59,270.22
6.452,0.1075,50.9923,29.9554,1527.5,270.376
6.454,0.1076,50.971,29.967,1527.44,270.532
6.457,0.1076,50.9497,29.9778,1527.36,270.688
6.459,0.1077,50.9284,29.9895,1527.32,270.844
6.462,0.1077,50.9071,30.0004,1527.24,270.999
6.464,0.1077,50.8858,29.9698,1525.04,271.155
6.467,0.1078,50.8646,29.8965,1520.67,271.311
6.469,0.1078,50.8434,29.9131,1520.88,271.467
6.472,0.1079,50.8221,29.9186,1520.53,271.623
6.475,0.1079,50.801,29.9389,1520.93,271.779
6.477,0.1080,50.7797,29.939,1520.3,271.934
6.480,0.1080,50.7586,29.9617,1520.81,272.09
6.482,0.1080,50.7374,29.9569,1519.94,272.246
6.485,0.1081,50.7164,29.9802,1520.49,272.402
6.487,0.1081,50.6952,29.9718,1519.42,272.558
6.490,0.1082,50.6742,29.994,1519.92,272.714
6.492,0.1082,50.653,29.9799,1518.57,272.87
6.495,0.1082,50.6321,29.9916,1518.54,273.026
6.497,0.1083,50.6109,29.9185,1514.2,273.181
6.500,0.1083,50.59,29.9149,1513.39,273.338
6.502,0.1084,50.5689,29.9266,1513.36,273.493
6.505,0.1084,50.5481,29.9153,1512.16,273.65
6.507,0.1085,50.527,29.9391,1512.73,273.805
6.510,0.1085,50.5062,29.9124,1510.76,273.962
6.513,0.1085,50.4851,29.9436,1511.71,274.117
6.515,0.1086,50.4643,29.9082,1509.3,274.274
6.518,0.1086,50.4432,29.9154,1509.03,274.43
6.520,0.1087,50.4221,29.9178,1508.52,274.586
6.523,0.1087,50.401,29.9208,1508.04,274.741
6.525,0.1088,50.3799,29.9241,1507.57,274.897
6.528,0.1088,50.3589,29.9283,1507.16,275.053
6.530,0.1088,50.3378,29.6914,1494.6,275.209
6.533,0.1089,50.3168,29.6962,1494.22,275.365
6.535,0.1089,54.3724,29.6929,1614.47,275.521
6.538,0.1090,54.3488,29.6971,1614,275.678
6.540,0.1090,54.3252,29.7014,1613.54,275.834
6.543,0.1090,54.3016,29.5871,1606.63,275.99
6.546,0.1091,54.278,29.598,1606.52,276.146
6.548,0.1091,54.2545,29.6049,1606.2,276.302
6.551,0.1092,54.2309,29.6206,1606.35,276.458
6.553,0.1092,54.2074,29.6273,1606.02,276.614
6.556,0.1093,54.1839,29.6305,1605.49,276.771
6.558,0.1093,54.1605,29.6331,1604.94,276.927
6.561,0.1093,54.137,29.6582,1605.61,277.083
6.563,0.1094,54.1137,29.6612,1605.08,277.239
6.566,0.1094,54.0903,29.6873,1605.8,277.396
6.568,0.1095,54.0671,29.5515,1597.77,277.552
6.571,0.1095,54.0439,29.5977,1599.58,277.708
6.573,0.1096,54.0208,29.6119,1599.66,277.864
6.576,0.1096,53.9977,29.6257,1599.72,278.021
6.578,0.1096,53.9747,29.6446,1600.06,278.177
6.581,0.1097,53.9518,29.6526,1599.81,278.334
6.584,0.1097,53.9289,29.6772,1600.46,278.49
6.586,0.1098,53.9061,29.552,1593.03,278.646
6.589,0.1098,53.8833,29.5941,1594.63,278.803
6.591,0.1099,53.8606,29.5763,1593,278.959
6.594,0.1099,53.838,29.4792,1587.1,279.115
6.596,0.1099,53.8154,29.4687,1585.87,279.272
6.599,0.1100,53.7929,29.5082,1587.33,279.428
6.601,0.1100,53.7704,29.4689,1584.55,279.585
6.604,0.1101,53.7479,29.5053,1585.85,279.741
6.606,0.1101,53.7255,29.4911,1584.43,279.897
6.609,0.1101,53.7031,29.5296,1585.83,280.053
6.611,0.1102,53.6808,29.5132,1584.29,280.21
6.614,0.1102,53.6585,29.5524,1585.74,280.366
6.616,0.1103,53.6362,29.5354,1584.16,280.522
6.619,0.1103,53.6139,29.5461,1584.08,280.679
6.621,0.1104,53.5917,29.5582,1584.08,280.835
6.624,0.1104,53.5695,29.4721,1578.8,280.991
6.627,0.1104,53.5472,29.4745,1578.28,281.147
6.629,0.1105,53.5251,29.4863,1578.25,281.303
6.632,0.1105,53.5029,29.498,1578.23,281.459
6.634,0.1106,53.4807,29.51,1578.21,281.615
6.637,0.1106,53.4585,29.2349,1562.86,281.771
6.639,0.1107,53.4364,29.1869,1559.64,281.927
6.642,0.1107,53.4142,29.2073,1560.09,282.083
6.644,0.1107,53.3921,29.2104,1559.6,282.239
6.647,0.1108,53.37,29.2302,1560.02,282.395
6.649,0.1108,53.348,29.2325,1559.49,282.551
6.652,0.1109,53.3259,29.2511,1559.84,282.707
6.654,0.1109,53.3038,29.2528,1559.29,282.863
6.657,0.1109,53.2818,29.2701,1559.56,283.019
6.659,0.1110,53.2598,29.2712,1558.98,283.174
6.662,0.1110,53.2378,29.2875,1559.2,283.331
6.665,0.1111,53.2158,29.2877,1558.57,283.486
6.667,0.1111,53.1939,29.304,1558.79,283.643
6.670,0.1112,53.172,29.3026,1558.08,283.798
6.672,0.1112,53.1501,29.2191,1553,283.955
6.675,0.1112,53.1282,29.2226,1552.55,284.111
6.677,0.1113,53.1063,29.2366,1552.65,284.267
6.680,0.1113,53.0845,29.2373,1552.05,284.423
6.682,0.1114,53.0626,29.118,1545.08,284.579
6.685,0.1114,53.0409,29.1744,1547.44,284.736
6.687,0.1115,53.019,29.2133,1548.86,284.892
6.690,0.1115,52.9974,29.1913,1547.06,285.048
6.692,0.1115,52.9755,29.104,1541.8,285.205
6.695,0.1116,52.954,28.9876,1535.01,285.362
6.697,0.1116,52.9321,29.0615,1538.29,285.518
6.700,0.1117,52.9106,29.0127,1535.08,285.675
6.702,0.1117,52.8888,29.1276,1540.52,285.831
6.705,0.1117,52.8674,29.0775,1537.25,285.988
6.708,0.1118,52.8456,29.1679,1541.4,286.145
6.710,0.1118,52.8243,29.1104,1537.73,286.302
6.713,0.1119,52.8025,29.2106,1542.39,286.458
6.715,0.1119,52.7812,29.1457,1538.35,286.615
6.718,0.1120,52.7595,29.2476,1543.09,286.772
6.720,0.1120,52.7383,29.2668,1543.48,286.929
6.723,0.1120,52.7171,29.2857,1543.86,287.086
6.725,0.1121,52.6959,29.3041,1544.21,287.243
6.728,0.1121,52.6747,29.3224,1544.55,287.4
6.730,0.1122,52.6536,29.3398,1544.84,287.557
6.733,0.1122,52.6324,29.3571,1545.13,287.714
6.735,0.1123,52.6112,29.3731,1545.35,287.871
6.738,0.1123,52.59,29.3893,1545.58,288.028
6.740,0.1123,52.5689,29.4039,1545.73,288.184
6.743,0.1124,52.5477,29.419,1545.9,288.341
6.745,0.1124,52.5265,29.4325,1545.98,288.498
6.748,0.1125,52.5053,29.4465,1546.1,288.655
6.750,0.1125,52.4841,29.4419,1545.24,288.812
6.753,0.1126,52.463,29.4537,1545.23,288.968
6.756,0.1126,52.4418,29.3853,1541.02,289.125
6.758,0.1126,52.4207,29.397,1541.01,289.281
6.761,0.1127,52.3995,29.408,1540.96,289.438
6.763,0.1127,52.3784,29.3474,1537.17,289.594
6.766,0.1128,52.3574,29.3581,1537.11,289.751
6.768,0.1128,52.3364,29.3696,1537.1,289.907
6.771,0.1128,52.3154,29.3812,1537.09,290.063
6.773,0.1129,52.2944,29.3991,1537.41,290.219
6.776,0.1129,52.2735,29.4062,1537.17,290.375
6.778,0.1130,52.2527,29.4301,1537.8,290.531
6.781,0.1130,52.2319,29.4334,1537.37,290.687
6.783,0.1131,52.2112,29.419,1536,290.843
6.786,0.1131,52.1906,29.4143,1535.15,290.999
6.788,0.1131,52.17,29.4527,1536.55,291.155
6.791,0.1132,52.1495,29.4453,1535.56,291.31
6.793,0.1132,52.1291,29.5082,1538.23,291.466
6.796,0.1133,52.1087,29.5042,1537.43,291.622
6.799,0.1133,52.0884,29.5394,1538.66,291.778
6.801,0.1134,52.0682,29.5367,1537.92,291.934
6.804,0.1134,52.048,29.5688,1539,292.09
6.806,0.1134,52.0279,29.518,1535.76,292.246
6.809,0.1135,52.0078,29.5461,1536.63,292.402
6.811,0.1135,51.9878,29.2511,1520.7,292.558
6.814,0.1136,51.9679,29.2892,1522.1,292.714
6.816,0.1136,51.9479,29.275,1520.77,292.871
6.819,0.1136,51.928,29.3097,1521.99,293.027
6.821,0.1137,51.9082,29.3209,1521.99,293.184
6.824,0.1137,51.8884,29.3316,1521.97,293.34
6.826,0.1138,51.8686,29.3426,1521.96,293.497
6.829,0.1138,51.8488,29.3532,1521.93,293.653
6.831,0.1139,51.829,29.3306,1520.18,293.81
6.834,0.1139,51.8093,29.3422,1520.2,293.966
6.836,0.1139,51.7895,29.354,1520.23,294.123
6.839,0.1140,51.7698,29.3658,1520.26,294.28
6.841,0.1140,51.7501,29.378,1520.31,294.437
6.844,0.1141,51.7304,29.3904,1520.37,294.594
6.847,0.1141,51.7107,29.403,1520.45,294.751
6.849,0.1142,51.6911,29.4237,1520.94,294.908
6.852,0.1142,51.6714,29.4292,1520.65,295.065
6.854,0.1142,51.6518,29.4576,1521.54,295.223
6.857,0.1143,51.6321,29.4566,1520.91,295.38
6.859,0.1143,51.6126,29.623,1528.92,295.537
6.862,0.1144,51.5929,29.6116,1527.75,295.694
6.864,0.1144,51.5735,29.6573,1529.53,295.851
6.867,0.1144,51.5539,29.6414,1528.13,296.009
6.869,0.1145,51.5345,29.6893,1530.02,296.166
6.872,0.1145,51.515,29.6718,1528.54,296.323
6.874,0.1146,51.6909,29.6903,1534.72,296.481
6.877,0.1146,51.6716,29.4558,1522.03,296.638
6.879,0.1147,51.6528,29.4731,1522.37,296.795
6.882,0.1147,51.6336,29.4843,1522.38,296.952
6.884,0.1147,51.6148,29.494,1522.33,297.11
6.887,0.1148,51.5957,29.5111,1522.65,297.267
6.889,0.1148,51.577,29.385,1515.59,297.424
6.892,0.1149,51.5579,29.4276,1517.22,297.581
6.895,0.1149,51.5392,29.3245,1511.36,297.738
6.897,0.1150,51.5201,29.3452,1511.87,297.895
6.900,0.1150,51.5014,29.3388,1510.99,298.052
6.902,0.1150,51.4822,29.3357,1510.27,298.209
6.905,0.1151,51.4635,29.3512,1510.52,298.367
6.907,0.1151,55.2791,29.3334,1621.52,298.523
6.910,0.1152,55.2588,29.3384,1621.2,298.68
6.912,0.1152,55.2385,29.3435,1620.89,298.837
6.915,0.1152,55.2184,29.3508,1620.71,298.994
6.917,0.1153,55.1982,29.3515,1620.15,299.151
6.920,0.1153,55.1784,29.3631,1620.21,299.308
6.922,0.1154,55.1584,29.3662,1619.79,299.465
6.925,0.1154,55.1383,29.376,1619.74,299.621
6.927,0.1155,55.1183,29.2812,1613.93,299.778
6.930,0.1155,55.0985,29.297,1614.22,299.935
6.932,0.1155,55.0785,29.2876,1613.12,300.092
6.935,0.1156,55.0588,29.2369,1609.75,300.248
6.937,0.1156,55.0388,29.2356,1609.09,300.405
6.940,0.1157,55.0192,29.2477,1609.19,300.561
6.942,0.1157,54.9992,29.1963,1605.77,300.718
6.945,0.1158,54.9796,29.2134,1606.14,300.875
6.948,0.1158,54.9596,29.1595,1602.59,301.031
6.950,0.1158,54.94,29.1618,1602.15,301.188
6.953,0.1159,54.92,29.1704,1602.04,301.344
6.955,0.1159,54.9004,29.1642,1601.12,301.501
6.958,0.1160,54.8803,29.1797,1601.39,301.658
6.960,0.1160,54.8606,29.1633,1599.92,301.815
6.963,0.1160,54.8404,29.1869,1600.62,301.971
6.965,0.1161,54.8207,29.1598,1598.56,302.129
6.968,0.1161,54.8004,29.1921,1599.74,302.285
6.970,0.1162,54.7805,29.1547,1597.11,302.443
6.973,0.1162,54.7602,29.2425,1601.32,302.6
6.975,0.1163,54.7401,29.1814,1597.39,302.757
6.978,0.1163,54.7197,29.1359,1594.31,302.915
6.980,0.1163,54.6995,29.0645,1589.81,303.072
6.983,0.1164,54.6791,29.1386,1593.27,303.23
6.985,0.1164,54.6587,29.0619,1588.49,303.387
6.988,0.1165,54.6383,29.1366,1591.97,303.545
6.990,0.1165,54.6178,29.0629,1587.35,303.703
6.993,0.1165,54.5974,29.1422,1591.09,303.861
6.996,0.1166,54.5768,29.0695,1586.52,304.019
6.998,0.1166,54.5564,29.1509,1590.37,304.177
7.001,0.1167,54.5357,29.0843,1586.13,304.334
7.003,0.1167,54.5154,29.0834,1585.49,304.493
7.006,0.1168,54.4947,29.0054,1580.64,304.651
7.008,0.1168,54.4744,28.8123,1569.53,304.809
7.011,0.1168,54.4537,28.7564,1565.89,304.967
7.013,0.1169,54.4335,28.8208,1568.82,305.125
7.016,0.1169,54.4128,28.7829,1566.16,305.283
7.018,0.1170,54.3928,28.8423,1568.81,305.441
7.021,0.1170,54.3721,28.8116,1566.55,305.599
7.023,0.1171,54.3521,28.8235,1566.62,305.757
7.026,0.1171,54.3322,28.7218,1560.52,305.916
7.028,0.1171,54.3123,28.7337,1560.59,306.074
7.031,0.1172,54.2924,28.7461,1560.7,306.232
7.033,0.1172,54.2725,28.7932,1562.68,306.39
7.036,0.1173,54.2527,28.805,1562.75,306.548
7.038,0.1173,54.2328,28.7614,1559.81,306.706
7.041,0.1173,54.213,28.7731,1559.87,306.864
7.044,0.1174,54.1932,28.7835,1559.87,307.022
7.046,0.1174,54.1734,28.7947,1559.91,307.18
7.049,0.1175,54.1535,28.8047,1559.87,307.338
7.051,0.1175,54.1337,28.8153,1559.88,307.496
7.054,0.1176,54.1138,28.7128,1553.76,307.654
7.056,0.1176,54.0939,28.6554,1550.08,307.811
7.059,0.1176,54.0739,28.6646,1550.01,307.969
7.061,0.1177,54.054,28.6743,1549.96,308.127
7.064,0.1177,54.0339,28.6832,1549.87,308.284
7.066,0.1178,54.0139,28.6926,1549.8,308.442
7.069,0.1178,53.9937,28.6166,1545.12,308.599
7.071,0.1179,53.9736,28.6249,1544.99,308.757
7.074,0.1179,53.9534,28.633,1544.85,308.914
7.076,0.1179,53.9332,28.6432,1544.82,309.071
7.079,0.1180,53.9129,28.6495,1544.58,309.229
7.081,0.1180,53.8927,28.6457,1543.79,309.386
7.084,0.1181,53.8724,28.6511,1543.5,309.543
7.086,0.1181,53.8521,28.6625,1543.54,309.7
7.089,0.1181,53.8319,28.6675,1543.22,309.858
7.092,0.1182,53.8115,28.6784,1543.23,310.015
7.094,0.1182,53.7913,28.684,1542.95,310.172
7.097,0.1183,53.7709,28.6932,1542.86,310.33
7.099,0.1183,53.7508,28.7005,1542.68,310.487
7.102,0.1184,53.7304,28.7067,1542.42,310.644
7.104,0.1184,53.7104,28.7169,1542.39,310.802
7.107,0.1184,53.6901,28.7191,1541.93,310.96
7.109,0.1185,53.6701,28.644,1537.32,311.117
7.112,0.1185,53.6499,28.6403,1536.55,311.275
7.114,0.1186,53.63,28.6713,1537.64,311.433
7.117,0.1186,53.6099,28.6561,1536.25,311.591
7.119,0.1187,53.5901,28.6421,1534.93,311.749
7.122,0.1187,53.5701,28.6439,1534.46,311.907
7.124,0.1187,53.5504,28.6495,1534.19,312.065
7.127,0.1188,53.5307,28.6552,1533.93,312.223
7.129,0.1188,53.511,28.606,1530.74,312.382
7.132,0.1189,53.4915,28.6133,1530.57,312.54
7.134,0.1189,53.4719,28.6206,1530.4,312.699
7.137,0.1189,53.4525,28.6282,1530.25,312.857
7.140,0.1190,53.433,28.6261,1529.58,313.016
7.142,0.1190,53.4136,28.6336,1529.42,313.175
7.145,0.1191,53.3943,28.6415,1529.29,313.334
7.147,0.1191,53.3749,28.6499,1529.18,313.492
7.150,0.1192,53.3556,28.6588,1529.11,313.651
7.152,0.1192,53.3363,28.6738,1529.35,313.81
7.155,0.1192,53.317,28.6788,1529.07,313.969
7.157,0.1193,53.2976,28.7,1529.64,314.128
7.160,0.1193,53.2783,28.7019,1529.19,314.287
7.162,0.1194,53.2589,28.7288,1530.06,314.446
7.165,0.1194,53.2395,28.7285,1529.49,314.604
7.167,0.1195,53.2201,28.7599,1530.6,314.763
7.170,0.1195,53.2006,28.7589,1529.99,314.922
7.172,0.1195,53.1811,28.7934,1531.27,315.08
7.175,0.1196,53.1616,28.7932,1530.69,315.239
7.177,0.1196,53.1419,28.8291,1532.03,315.398
7.180,0.1197,53.1223,28.8311,1531.57,315.556
7.182,0.1197,53.1026,28.8666,1532.89,315.715
7.185,0.1197,53.0829,28.8546,1531.69,315.873
7.188,0.1198,53.063,28.7964,1528.02,316.032
7.190,0.1198,53.0433,28.8132,1528.35,316.19
7.193,0.1199,53.0233,28.8366,1529.01,316.348
7.195,0.1199,53.0035,28.7793,1525.41,316.507
7.198,0.1200,52.9835,28.8074,1526.32,316.665
7.200,0.1200,52.9636,28.7237,1521.31,316.823
7.203,0.1200,52.9436,28.7407,1521.63,316.982
7.205,0.1201,52.9237,28.7669,1522.45,317.14
7.208,0.1201,52.9037,28.7793,1522.53,317.298
7.210,0.1202,52.8839,28.8095,1523.56,317.457
7.213,0.1202,52.8638,28.8173,1523.39,317.615
7.215,0.1203,52.844,28.8047,1522.16,317.774
7.218,0.1203,52.824,28.7153,1516.85,317.932
7.220,0.1203,52.8043,28.7806,1519.74,318.09
7.223,0.1204,52.7844,28.7501,1517.56,318.249
7.225,0.1204,52.7648,28.7814,1518.64,318.407
7.228,0.1205,52.7453,28.7982,1518.97,318.566
7.230,0.1205,52.7258,28.8076,1518.91,318.725
7.233,0.1205,52.7064,28.8247,1519.24,318.883
7.235,0.1206,52.687,28.8472,1519.87,319.042
7.238,0.1206,52.6677,28.863,1520.15,319.2
7.241,0.1207,52.6485,28.8722,1520.08,319.359
7.243,0.1207,52.6292,28.9706,1524.7,319.517
7.246,0.1208,52.6101,28.9695,1524.09,319.676
7.248,0.1208,52.5909,28.9845,1524.32,319.834
7.251,0.1208,52.5719,28.8993,1519.29,319.993
7.253,0.1209,52.5527,28.8403,1515.64,320.151
7.256,0.1209,52.5338,28.8122,1513.62,320.31
7.258,0.1210,52.5148,28.847,1514.9,320.468
7.261,0.1210,52.4959,28.8138,1512.61,320.627
7.263,0.1211,52.4769,28.8517,1514.05,320.786
7.266,0.1211,52.4581,28.6185,1501.27,320.944
7.268,0.1211,55.8668,28.6475,1600.45,321.103
7.271,0.1212,55.8459,28.6188,1598.24,321.262
7.273,0.1212,55.8248,28.6499,1599.38,321.421
7.276,0.1213,55.8037,28.4931,1590.02,321.58
7.278,0.1213,55.7826,28.5236,1591.12,321.739
7.281,0.1213,55.7615,28.4946,1588.9,321.898
7.283,0.1214,55.7403,28.5275,1590.13,322.057
7.286,0.1214,55.7191,28.497,1587.83,322.216
7.288,0.1215,55.6979,28.5323,1589.19,322.375
7.291,0.1215,55.6767,28.5008,1586.83,322.535
7.294,0.1216,55.6555,28.5419,1588.51,322.694
7.296,0.1216,55.6344,28.5136,1586.34,322.854
7.299,0.1216,55.6132,28.5503,1587.77,323.013
7.301,0.1217,55.5921,28.5223,1585.62,323.173
7.304,0.1217,55.571,28.5606,1587.14,323.332
7.306,0.1218,55.55,28.5335,1585.04,323.492
7.309,0.1218,55.529,28.574,1586.68,323.651
7.311,0.1219,55.5081,28.5474,1584.61,323.811
7.314,0.1219,55.4872,28.5461,1583.95,323.97
7.316,0.1219,55.4665,28.5409,1583.06,324.13
7.319,0.1220,55.4457,28.5658,1583.85,324.289
7.321,0.1220,55.4251,28.5605,1582.97,324.449
7.324,0.1221,55.4045,28.5891,1583.96,324.608
7.326,0.1221,55.384,28.582,1582.99,324.768
7.329,0.1221,55.3636,28.5956,1583.16,324.927
7.331,0.1222,55.3433,28.609,1583.32,325.087
7.334,0.1222,55.323,28.5441,1579.14,325.246
7.336,0.1223,55.3028,28.5509,1578.94,325.405
7.339,0.1223,55.2827,28.5672,1579.27,325.565
7.341,0.1224,55.2626,28.6013,1580.58,325.724
7.344,0.1224,55.2425,28.6186,1580.97,325.883
7.347,0.1224,55.2225,28.6355,1581.32,326.043
7.349,0.1225,55.2026,28.653,1581.72,326.202
7.352,0.1225,55.1826,28.6699,1582.08,326.361
7.354,0.1226,55.1627,28.687,1582.45,326.52
7.357,0.1226,55.1428,28.7033,1582.78,326.679
7.359,0.1227,55.1229,28.7193,1583.09,326.838
7.362,0.1227,55.103,28.7345,1583.36,326.997
7.364,0.1227,55.0831,28.749,1583.59,327.156
7.367,0.1228,55.0633,28.7626,1583.76,327.316
7.369,0.1228,55.0434,28.7751,1583.88,327.475
7.372,0.1229,55.0235,28.7868,1583.95,327.634
7.374,0.1229,55.0036,28.6977,1578.48,327.793
7.377,0.1229,54.9838,28.7074,1578.44,327.952
7.379,0.1230,54.9639,28.7139,1578.23,328.111
7.382,0.1230,54.944,28.7232,1578.17,328.27
7.384,0.1231,54.9241,28.726,1577.75,328.429
7.387,0.1231,54.9042,28.7351,1577.67,328.588
7.389,0.1232,54.8844,28.6767,1573.9,328.747
7.392,0.1232,54.8644,28.6925,1574.2,328.906
7.395,0.1232,54.8447,28.6829,1573.1,329.065
7.397,0.1233,54.8248,28.7013,1573.54,329.224
7.400,0.1233,54.805,28.6905,1572.38,329.383
7.402,0.1234,54.7852,28.6352,1568.78,329.542
7.405,0.1234,54.7655,28.6212,1567.45,329.701
7.407,0.1235,54.7457,28.6405,1567.94,329.86
7.410,0.1235,54.726,28.6235,1566.45,330.019
7.412,0.1235,54.7063,28.6462,1567.12,330.178
7.415,0.1236,54.6867,28.6262,1565.48,330.337
7.417,0.1236,54.667,28.6164,1564.37,330.496
7.420,0.1237,54.6475,28.5613,1560.8,330.656
7.422,0.1237,54.6278,28.6113,1562.97,330.815
7.425,0.1237,54.6083,28.5667,1559.98,330.975
7.427,0.1238,54.5887,28.5729,1559.76,331.134
7.430,0.1238,54.5691,28.5353,1557.15,331.293
7.432,0.1239,54.5495,28.5416,1556.93,331.452
7.435,0.1239,54.5299,28.4695,1552.44,331.612
7.437,0.1240,54.5103,28.4757,1552.22,331.771
7.440,0.1240,54.4907,28.4823,1552.02,331.931
7.442,0.1240,54.4711,28.4892,1551.84,332.09
7.445,0.1241,54.4514,28.4966,1551.68,332.25
7.448,0.1241,54.4317,28.5322,1553.06,332.41
7.450,0.1242,54.4121,28.5418,1553.02,332.569
7.453,0.1242,54.3924,28.5509,1552.95,332.729
7.455,0.1243,54.3727,28.4979,1549.5,332.889
7.458,0.1243,54.3529,28.4384,1545.71,333.049
7.460,0.1243,54.3332,28.3382,1539.7,333.209
7.463,0.1244,54.3135,28.3546,1540.04,333.368
7.465,0.1244,54.2938,28.3574,1539.63,333.528
7.468,0.1245,54.2741,28.3772,1540.14,333.688
7.470,0.1245,54.2544,28.3785,1539.66,333.848
7.473,0.1245,54.2347,28.4432,1542.61,334.007
7.475,0.1246,54.215,28.443,1542.04,334.167
7.478,0.1246,54.1954,28.4679,1542.83,334.327
7.480,0.1247,54.1758,28.4662,1542.18,334.487
7.483,0.1247,54.1562,28.4928,1543.06,334.646
7.485,0.1248,54.1367,28.4896,1542.34,334.806
7.488,0.1248,54.1172,28.4497,1539.62,334.965
7.490,0.1248,54.0978,28.438,1538.43,335.125
7.493,0.1249,54.0784,28.5574,1544.34,335.284
7.495,0.1249,54.0591,28.5432,1543.02,335.444
7.498,0.1250,54.0398,28.5809,1544.51,335.604
7.501,0.1250,54.0206,28.5625,1542.96,335.763
7.503,0.1251,54.0014,28.6026,1544.58,335.923
7.506,0.1251,53.9823,28.5792,1542.77,336.083
7.508,0.1251,53.9632,28.6222,1544.54,336.242
7.511,0.1252,53.9441,28.2541,1524.14,336.402
7.513,0.1252,53.9252,28.2869,1525.38,336.561
7.516,0.1253,53.9061,28.2645,1523.63,336.721
7.518,0.1253,53.8872,28.3016,1525.1,336.881
7.521,0.1253,53.8682,28.2725,1522.99,337.04
7.523,0.1254,53.8493,28.3143,1524.7,337.2
7.526,0.1254,53.8303,28.1014,1512.71,337.36
7.528,0.1255,53.8115,28.1068,1512.47,337.52
7.531,0.1255,53.8899,28.1156,1515.15,337.68
7.533,0.1256,53.8703,28.1211,1514.89,337.84
7.536,0.1256,53.8507,28.1266,1514.64,338
7.538,0.1256,53.8311,28.1203,1513.75,338.159
7.541,0.1257,53.8114,28.1273,1513.57,338.319
7.543,0.1257,53.7918,28.1311,1513.22,338.479
7.546,0.1258,53.7721,28.1389,1513.09,338.639
7.548,0.1258,53.7524,28.1426,1512.73,338.798
7.551,0.1258,53.7327,28.1513,1512.64,338.958
7.553,0.1259,53.713,28.155,1512.29,339.117
7.556,0.1259,53.6933,28.1643,1512.23,339.277
7.559,0.1260,53.6736,28.1682,1511.89,339.436
7.561,0.1260,53.6538,28.1778,1511.85,339.595
7.564,0.1261,53.6341,28.146,1509.58,339.754
7.566,0.1261,53.6144,28.1517,1509.34,339.914
7.569,0.1261,53.5947,28.159,1509.17,340.073
7.571,0.1262,53.575,28.1646,1508.92,340.233
7.574,0.1262,53.5553,28.1719,1508.75,340.392
7.576,0.1263,53.5356,28.1768,1508.47,340.552
7.579,0.1263,53.516,28.2333,1510.93,340.711
7.581,0.1264,53.4964,28.2151,1509.41,340.871
7.584,0.1264,53.4768,28.1637,1506.11,341.03
7.586,0.1264,53.4573,28.138,1504.18,341.19
7.589,0.1265,53.4378,28.1769,1505.71,341.349
7.591,0.1265,53.4184,28.1465,1503.54,341.509
7.594,0.1266,53.3989,28.1878,1505.2,341.669
7.596,0.1266,53.3796,28.154,1502.85,341.829
7.599,0.1266,53.3603,28.1968,1504.59,341.989
7.601,0.1267,53.3411,28.1611,1502.14,342.149
7.604,0.1267,53.3218,28.2044,1503.91,342.31
7.606,0.1268,53.3028,28.1724,1501.67,342.47
7.609,0.1268,53.2836,28.2115,1503.21,342.63
7.612,0.1269,53.2646,28.185,1501.26,342.79
7.614,0.1269,53.2455,28.0191,1491.89,342.951
7.617,0.1269,53.2266,28.0034,1490.52,343.111
7.619,0.1270,53.2075,28.0288,1491.34,343.272
7.622,0.1270,53.1887,28.0203,1490.37,343.432
7.624,0.1271,53.1697,28.0416,1490.96,343.593
7.627,0.1271,53.1509,28.0406,1490.38,343.754
7.629,0.1272,53.132,28.0489,1490.29,343.915
7.632,0.1272,53.113,28.0589,1490.29,344.076
7.634,0.1272,53.094,28.0085,1487.08,344.237
7.637,0.1273,53.075,28.0682,1489.72,344.398
7.639,0.1273,53.056,28.0798,1489.8,344.559
7.642,0.1274,56.7273,27.9785,1587.15,344.719
7.644,0.1274,56.7074,27.9912,1587.31,344.88
7.647,0.1274,56.6876,28.1121,1593.61,345.041
7.649,0.1275,56.6678,28.1257,1593.82,345.202
7.652,0.1275,56.648,28.1397,1594.06,345.362
7.654,0.1276,56.6282,28.1543,1594.32,345.523
7.657,0.1276,56.6084,28.1688,1594.59,345.683
7.659,0.1277,56.5886,28.1837,1594.88,345.844
7.662,0.1277,56.5688,28.189,1594.62,346.004
7.664,0.1277,56.5489,28.1644,1592.66,346.164
7.667,0.1278,56.5291,28.1771,1592.83,346.324
7.670,0.1278,56.5093,28.1899,1592.99,346.484
7.672,0.1279,56.4894,28.2314,1594.77,346.644
7.675,0.1279,56.4695,28.2434,1594.89,346.804
7.677,0.1280,56.4496,28.2546,1594.96,346.964
7.680,0.1280,56.4297,28.1772,1590.03,347.124
7.682,0.1280,56.4098,28.1835,1589.83,347.283
7.685,0.1281,56.3898,28.1992,1590.15,347.443
7.687,0.1281,56.3698,28.0965,1583.79,347.603
7.690,0.1282,56.3499,28.1143,1584.24,347.762
7.692,0.1282,56.3298,28.1084,1583.34,347.922
7.695,0.1282,56.3098,28.1291,1583.95,348.081
7.697,0.1283,56.2898,28.1169,1582.69,348.241
7.700,0.1283,56.2698,28.1407,1583.47,348.4
7.702,0.1284,56.2497,28.1222,1581.87,348.559
7.705,0.1284,56.2296,28.1496,1582.84,348.719
7.707,0.1285,56.2095,28.1251,1580.9,348.878
7.710,0.1285,56.1895,28.0685,1577.15,349.037
7.712,0.1285,56.1693,28.0423,1575.12,349.197
7.715,0.1286,56.1493,28.0757,1576.43,349.356
7.717,0.1286,56.1291,28.045,1574.14,349.516
7.720,0.1287,56.1091,28.0821,1575.66,349.676
7.722,0.1287,56.0889,28.0479,1573.17,349.836
7.725,0.1288,56.0688,28.0884,1574.88,349.995
7.728,0.1288,56.0486,28.0515,1572.25,350.155
7.730,0.1288,56.0285,28.0507,1571.64,350.315
7.733,0.1289,56.0085,27.9597,1565.98,350.475
7.735,0.1289,55.9884,27.8936,1561.72,350.635
7.738,0.1290,55.9683,27.8994,1561.49,350.795
7.740,0.1290,55.9482,27.9056,1561.27,350.955
7.743,0.1290,55.9281,27.9123,1561.08,351.115
7.745,0.1291,55.908,27.9196,1560.93,351.275
7.748,0.1291,55.8879,27.9272,1560.79,351.435
7.750,0.1292,55.8677,27.9355,1560.69,351.595
7.753,0.1292,55.8475,27.944,1560.6,351.756
7.755,0.1293,55.8274,27.8482,1554.69,351.916
7.758,0.1293,55.8072,27.8513,1554.3,352.077
7.760,0.1293,55.7869,27.8661,1554.56,352.238
7.763,0.1294,55.7667,27.8649,1553.93,352.398
7.765,0.1294,55.7464,27.8328,1551.58,352.559
7.768,0.1295,55.7262,27.8328,1551.01,352.72
7.770,0.1295,55.7058,27.7679,1546.83,352.88
7.773,0.1295,55.6856,27.7666,1546.2,353.041
7.775,0.1296,55.6652,27.7872,1546.78,353.202
7.778,0.1296,55.645,27.7168,1542.3,353.363
7.780,0.1297,55.6247,27.7424,1543.16,353.524
7.783,0.1297,55.6045,27.7371,1542.31,353.685
7.786,0.1298,55.5842,27.7648,1543.29,353.845
7.788,0.1298,55.564,27.7822,1543.69,354.006
7.791,0.1298,55.5438,27.8049,1544.39,354.167
7.793,0.1299,55.5237,27.8043,1543.8,354.328
7.796,0.1299,55.5036,27.8282,1544.57,354.488
7.798,0.1300,55.4836,27.8274,1543.96,354.649
7.801,0.1300,55.4637,27.7691,1540.18,354.81
7.803,0.1301,55.4438,27.7675,1539.53,354.971
7.806,0.1301,55.4239,27.7929,1540.39,355.131
7.808,0.1301,55.4042,27.7916,1539.77,355.292
7.811,0.1302,55.3845,27.8164,1540.6,355.452
7.813,0.1302,55.3648,27.8159,1540.02,355.613
7.816,0.1303,55.3454,27.8394,1540.78,355.773
7.818,0.1303,55.3258,27.8404,1540.29,355.933
7.821,0.1303,55.3065,27.8616,1540.93,356.094
7.823,0.1304,55.2871,27.8647,1540.56,356.254
7.826,0.1304,55.268,27.8828,1541.03,356.414
7.828,0.1305,55.2487,27.8889,1540.83,356.574
7.831,0.1305,55.2297,27.8989,1540.85,356.735
7.833,0.1306,55.2107,27.9118,1541.03,356.895
7.836,0.1306,55.1918,27.9257,1541.27,357.055
7.838,0.1306,55.1729,27.927,1540.81,357.216
7.841,0.1307,55.154,27.9449,1541.27,357.376
7.844,0.1307,55.1352,27.9419,1540.58,357.536
7.846,0.1308,55.1163,27.9636,1541.25,357.696
7.849,0.1308,55.0975,27.8653,1535.31,357.856
7.851,0.1309,55.0786,27.8639,1534.7,358.016
7.854,0.1309,55.0597,27.8541,1533.64,358.176
7.856,0.1309,55.0408,27.8799,1534.53,358.336
7.859,0.1310,55.0219,27.8681,1533.36,358.496
7.861,0.1310,55.0029,27.8955,1534.33,358.656
7.864,0.1311,54.9838,27.8826,1533.1,358.816
7.866,0.1311,54.9648,27.9435,1535.91,358.976
7.869,0.1311,54.9456,27.9258,1534.4,359.136
7.871,0.1312,54.9265,27.958,1535.63,359.296
7.874,0.1312,54.9071,27.9404,1534.13,359.456
7.876,0.1313,54.8879,27.9723,1535.34,359.616
7.879,0.1313,54.8684,27.9557,1533.89,359.777
7.881,0.1314,54.849,27.9862,1535.02,359.937
7.884,0.1314,54.8294,27.9717,1533.67,360.097
7.886,0.1314,54.81,27.9997,1534.67,360.258
7.889,0.1315,54.7902,27.9882,1533.48,360.418
7.891,0.1315,54.7708,28.0534,1536.51,360.579
7.894,0.1316,54.7509,28.0437,1535.42,360.739
7.896,0.1316,54.7314,28.0654,1536.06,360.9
7.899,0.1316,54.7115,28.0603,1535.22,361.061
7.902,0.1317,54.692,27.9282,1527.45,361.222
7.904,0.1317,54.6721,27.6121,1509.61,361.382
7.907,0.1318,54.6526,27.6237,1509.71,361.544
7.909,0.1318,54.6327,27.6266,1509.31,361.705
7.912,0.1319,54.6132,27.6392,1509.46,361.866
7.914,0.1319,54.5934,27.6523,1509.63,362.027
7.917,0.1319,54.574,27.7903,1516.63,362.189
7.919,0.1320,54.5542,27.8304,1518.27,362.35
7.922,0.1320,54.8106,27.8,1523.73,362.511
7.924,0.1321,54.7924,27.8521,1526.08,362.672
7.927,0.1321,54.7741,27.812,1523.38,362.834
7.929,0.1322,54.7559,27.8729,1526.21,362.995
7.932,0.1322,54.7376,27.8795,1526.05,363.157
7.934,0.1322,54.7193,27.8867,1525.94,363.319
7.937,0.1323,54.701,27.894,1525.83,363.48
7.939,0.1323,54.6827,27.9019,1525.75,363.642
7.942,0.1324,54.6644,27.8264,1521.12,363.804
7.944,0.1324,54.6462,27.8354,1521.1,363.966
7.947,0.1324,54.6279,27.8444,1521.08,364.127
7.949,0.1325,54.6096,27.8539,1521.09,364.289
7.952,0.1325,54.5914,27.7804,1516.57,364.45
7.954,0.1326,54.5731,27.8138,1517.88,364.612
7.957,0.1326,54.5549,27.8234,1517.9,364.773
7.960,0.1327,54.5367,27.8483,1518.75,364.934
7.962,0.1327,54.5186,27.7578,1513.32,365.095
7.965,0.1327,54.5004,27.6586,1507.41,365.256
7.967,0.1328,54.4823,27.6656,1507.29,365.417
7.970,0.1328,54.4642,27.5564,1500.84,365.578
7.972,0.1329,54.4462,27.5636,1500.73,365.739
7.975,0.1329,54.4282,27.5705,1500.61,365.9
7.977,0.1330,54.4102,27.6018,1501.82,366.061
7.980,0.1330,54.3923,27.6076,1501.64,366.222
7.982,0.1330,54.3744,27.6135,1501.47,366.382
7.985,0.1331,54.3565,27.6195,1501.3,366.543
7.987,0.1331,54.3386,27.6242,1501.06,366.704
7.990,0.1332,54.3208,27.6214,1500.42,366.864
7.992,0.1332,54.303,27.6235,1500.04,367.025
7.995,0.1332,54.2853,27.6307,1499.94,367.185
7.997,0.1333,54.2674,27.6308,1499.46,367.346
8.000,0.1333,54.2498,27.6387,1499.39,367.506
8.002,0.1334,54.232,27.6365,1498.78,367.667
8.005,0.1334,54.2144,27.6451,1498.76,367.827
8.007,0.1335,54.1966,27.6403,1498.01,367.988
8.010,0.1335,54.179,27.65,1498.05,368.148
8.012,0.1335,54.1613,27.6422,1497.14,368.309
8.015,0.1336,54.1437,27.6535,1497.26,368.47
8.017,0.1336,54.126,27.6569,1496.96,368.63
8.020,0.1337,54.1084,27.6692,1497.14,368.791
8.023,0.1337,54.0907,27.6567,1495.97,368.952
8.025,0.1338,54.0731,27.6709,1496.25,369.113
8.028,0.1338,57.489,27.6338,1588.64,369.274
8.030,0.1338,57.4703,27.656,1589.39,369.435
8.033,0.1339,57.4514,27.6545,1588.79,369.596
8.035,0.1339,57.4326,27.653,1588.19,369.757
8.038,0.1340,57.4138,27.5374,1581.03,369.918
8.040,0.1340,57.3949,27.5354,1580.39,370.079
8.043,0.1340,57.3761,27.5339,1579.79,370.241
8.045,0.1341,57.3572,27.5325,1579.19,370.402
8.048,0.1341,57.3384,27.5319,1578.63,370.563
8.050,0.1342,57.3195,27.5313,1578.08,370.725
8.053,0.1342,57.3006,27.5317,1577.58,370.886
8.055,0.1343,57.2817,27.5323,1577.1,371.048
8.058,0.1343,57.2627,27.5339,1576.67,371.209
8.060,0.1343,57.2437,27.5387,1576.42,371.371
8.063,0.1344,57.2247,27.5385,1575.88,371.532
8.065,0.1344,57.2057,27.5476,1575.88,371.694
8.068,0.1345,57.1867,27.5456,1575.24,371.855
8.070,0.1345,57.1677,27.5593,1575.5,372.017
8.073,0.1345,57.1486,27.5443,1574.12,372.179
8.075,0.1346,57.1295,27.5563,1574.28,372.34
8.078,0.1346,57.1104,27.5932,1575.86,372.502
8.080,0.1347,57.0914,27.6014,1575.8,372.664
8.083,0.1347,57.0723,27.4957,1569.24,372.825
8.085,0.1348,57.0532,27.5058,1569.29,372.987
8.088,0.1348,57.0341,27.5089,1568.95,373.148
8.091,0.1348,57.0151,27.5222,1569.18,373.31
8.093,0.1349,56.9961,27.544,1569.9,373.471
8.096,0.1349,56.9772,27.5628,1570.45,373.633
8.098,0.1350,56.9583,27.2449,1551.82,373.794
8.101,0.1350,56.9394,27.299,1554.39,373.956
8.103,0.1351,56.9206,27.2893,1553.32,374.117
8.106,0.1351,56.9017,27.3384,1555.6,374.279
8.108,0.1351,56.883,27.3006,1552.94,374.44
8.111,0.1352,56.8643,27.3468,1555.06,374.601
8.113,0.1352,56.8457,27.3443,1554.41,374.763
8.116,0.1353,56.8271,27.4031,1557.24,374.924
8.118,0.1353,56.8086,27.3566,1554.09,375.085
8.121,0.1353,56.79,27.4212,1557.25,375.246
8.123,0.1354,56.7717,27.3688,1553.77,375.408
8.126,0.1354,56.7532,27.4246,1556.43,375.569
8.128,0.1355,56.7349,27.3661,1552.61,375.73
8.131,0.1355,56.7164,27.4426,1556.45,375.891
8.133,0.1356,56.6982,27.4488,1556.3,376.053
8.136,0.1356,56.68,27.4923,1558.26,376.214
8.138,0.1356,56.6617,27.4968,1558.02,376.376
8.141,0.1357,56.6435,27.4283,1553.64,376.537
8.143,0.1357,56.6253,27.4305,1553.26,376.699
8.146,0.1358,56.607,27.445,1553.58,376.86
8.148,0.1358,56.5887,27.4444,1553.04,377.022
8.151,0.1358,56.5704,27.4617,1553.52,377.183
8.153,0.1359,56.5521,27.4578,1552.79,377.345
8.156,0.1359,56.5338,27.4783,1553.45,377.506
8.159,0.1360,56.5154,27.4705,1552.5,377.668
8.161,0.1360,56.497,27.4277,1549.58,377.83
8.164,0.1361,56.4785,27.4154,1548.38,377.991
8.166,0.1361,56.46,27.4433,1549.45,378.153
8.169,0.1361,56.4415,27.4261,1547.97,378.314
8.171,0.1362,56.4229,27.4582,1549.27,378.476
8.174,0.1362,56.4043,27.4353,1547.47,378.638
8.176,0.1363,56.3856,27.3719,1543.38,378.8
8.179,0.1363,56.367,27.3364,1540.87,378.962
8.181,0.1364,56.3482,27.385,1543.1,379.123
8.184,0.1364,56.3296,27.3419,1540.16,379.285
8.186,0.1364,56.3107,27.397,1542.74,379.447
8.189,0.1365,56.2921,27.2489,1533.89,379.609
8.191,0.1365,56.2731,27.3124,1536.95,379.771
8.194,0.1366,56.2544,27.2509,1532.98,379.933
8.196,0.1366,56.2354,27.3222,1536.48,380.095
8.199,0.1366,56.2168,27.2823,1533.73,380.257
8.201,0.1367,56.1976,27.2927,1533.79,380.419
8.204,0.1367,56.179,27.2252,1529.49,380.581
8.206,0.1368,56.1599,27.3011,1533.23,380.743
8.209,0.1368,56.1413,27.3461,1535.25,380.905
8.211,0.1369,56.1221,27.4152,1538.6,381.067
8.214,0.1369,56.1036,27.2221,1527.26,381.229
8.216,0.1369,56.0844,27.2954,1530.85,381.391
8.219,0.1370,56.066,27.2228,1526.27,381.553
8.221,0.1370,56.0468,27.3052,1530.37,381.715
8.224,0.1371,56.0284,27.2254,1525.4,381.877
8.226,0.1371,56.0092,27.3165,1529.98,382.039
8.229,0.1371,55.9908,27.1739,1521.49,382.201
8.231,0.1372,55.9717,27.2603,1525.81,382.363
8.234,0.1372,55.9534,27.2651,1525.57,382.525
8.237,0.1373,55.9351,27.2711,1525.41,382.688
8.239,0.1373,55.9168,27.2773,1525.26,382.85
8.242,0.1374,55.8985,27.2229,1521.72,383.012
8.244,0.1374,55.8803,27.2306,1521.65,383.175
8.247,0.1374,55.8621,27.146,1516.43,383.337
8.249,0.1375,55.8439,27.1558,1516.48,383.499
8.252,0.1375,55.8257,27.1512,1515.73,383.661
8.254,0.1376,55.8075,27.1625,1515.87,383.824
8.257,0.1376,55.7894,27.1742,1516.03,383.986
8.259,0.1377,55.7713,27.1867,1516.23,384.148
8.262,0.1377,55.7532,27.1991,1516.44,384.31
8.264,0.1377,55.7351,27.3852,1526.31,384.472
8.267,0.1378,55.717,27.4,1526.64,384.634
8.269,0.1378,55.6989,27.4126,1526.85,384.796
8.272,0.1379,55.6809,27.1542,1511.97,384.958
8.274,0.1379,55.6628,27.1691,1512.31,385.12
8.277,0.1379,55.6448,27.1833,1512.61,385.282
8.279,0.1380,55.6268,27.1859,1512.27,385.444
8.282,0.1380,55.6088,27.1984,1512.47,385.607
8.284,0.1381,55.5908,27.211,1512.68,385.769
8.287,0.1381,55.5729,27.2307,1513.29,385.931
8.289,0.1382,55.5549,27.2425,1513.46,386.093
8.292,0.1382,55.537,27.2535,1513.58,386.255
8.294,0.1382,55.519,27.2637,1513.65,386.417
8.297,0.1383,55.5011,27.2751,1513.8,386.579
8.299,0.1383,55.4832,27.2825,1513.72,386.741
8.302,0.1384,55.4652,27.296,1513.98,386.903
8.304,0.1384,55.4473,27.2392,1510.34,387.065
8.307,0.1384,55.4293,27.2587,1510.93,387.228
8.309,0.1385,55.4114,27.2527,1510.11,387.39
8.312,0.1385,55.3934,27.291,1511.74,387.552
8.314,0.1386,55.3755,27.2839,1510.86,387.714
8.317,0.1386,55.4217,27.3155,1513.87,387.877
8.320,0.1387,55.4044,27.3577,1515.74,388.039
8.322,0.1387,55.3872,27.3919,1517.16,388.202
8.325,0.1387,55.37,27.3695,1515.45,388.364
8.327,0.1388,55.3528,27.4124,1517.35,388.527
8.330,0.1388,55.3356,27.3805,1515.12,388.689
8.332,0.1389,55.3185,27.4322,1517.51,388.851
8.335,0.1389,55.3013,27.4375,1517.33,389.014
8.337,0.1390,55.2842,27.4423,1517.13,389.176
8.340,0.1390,55.267,27.4473,1516.93,389.339
8.342,0.1390,55.2498,27.4718,1517.81,389.501
8.345,0.1391,55.2326,27.4767,1517.61,389.664
8.347,0.1391,55.2155,27.4811,1517.38,389.826
8.350,0.1392,55.1983,27.4859,1517.17,389.989
8.352,0.1392,55.1811,27.4903,1516.95,390.151
8.355,0.1392,55.164,27.5009,1517.06,390.314
8.357,0.1393,55.1468,27.5056,1516.84,390.476
8.360,0.1393,55.1296,27.5108,1516.66,390.638
8.362,0.1394,55.1125,27.5163,1516.49,390.801
8.365,0.1394,55.0953,27.4973,1514.97,390.963
8.367,0.1395,55.0781,27.5028,1514.8,391.126
8.370,0.1395,55.061,27.5105,1514.75,391.288
8.372,0.1395,55.0438,27.5176,1514.67,391.451
8.375,0.1396,55.0267,27.5251,1514.61,391.613
8.377,0.1396,55.0096,27.4561,1510.35,391.775
8.380,0.1397,54.9925,27.4676,1510.51,391.938
8.382,0.1397,54.9754,27.4771,1510.57,392.1
8.385,0.1397,54.9583,27.4865,1510.61,392.263
8.387,0.1398,54.9412,27.501,1510.94,392.425
8.390,0.1398,54.9242,27.5067,1510.78,392.588
8.392,0.1399,54.9071,27.5273,1511.45,392.75
8.395,0.1399,54.8901,27.5278,1511.01,392.913
8.397,0.1400,54.8731,27.5553,1512.04,393.075
8.400,0.1400,54.8561,27.4518,1505.9,393.238
8.402,0.1400,54.8392,27.2902,1496.57,393.4
8.405,0.1401,54.8222,27.287,1495.94,393.563
8.407,0.1401,54.8053,27.4613,1505.03,393.725
8.410,0.1402,54.7884,27.4049,1501.47,393.888
8.412,0.1402,54.7715,27.4781,1505.02,394.051
8.415,0.1402,54.7546,27.4068,1500.65,394.213
8.417,0.1403,54.7378,27.4927,1504.89,394.376
8.420,0.1403,58.22,27.3921,1594.77,394.539
8.422,0.1404,58.2029,27.3929,1594.35,394.701
8.425,0.1404,58.1857,27.301,1588.53,394.864
8.428,0.1405,58.1687,27.4124,1594.55,395.027
8.430,0.1405,58.1517,27.3149,1588.41,395.19
8.433,0.1405,58.1348,27.4296,1594.62,395.352
8.435,0.1406,58.1179,27.2732,1585.06,395.515
8.438,0.1406,58.101,27.2832,1585.18,395.678
8.440,0.1407,58.0841,27.1946,1579.58,395.841
8.443,0.1407,58.0673,27.2101,1580.02,396.004
8.445,0.1408,58.0504,27.2009,1579.02,396.167
8.448,0.1408,58.0336,27.2223,1579.81,396.33
8.450,0.1408,58.0168,27.2032,1578.24,396.493
8.453,0.1409,58,27.2301,1579.34,396.656
8.455,0.1409,57.9832,27.2084,1577.63,396.819
8.458,0.1410,57.9664,27.2419,1579.11,396.982
8.460,0.1410,57.9494,27.2126,1576.95,397.145
8.463,0.1410,57.9326,27.2534,1578.86,397.308
8.465,0.1411,57.9156,27.2159,1576.23,397.471
8.468,0.1411,57.8986,27.2644,1578.57,397.634
8.470,0.1412,57.8815,27.2184,1575.44,397.797
8.473,0.1412,57.8645,27.2815,1578.63,397.96
8.475,0.1413,57.8472,27.2358,1575.52,398.123
8.478,0.1413,57.8301,27.2906,1578.21,398.286
8.480,0.1413,57.8127,27.2363,1574.6,398.449
8.483,0.1414,57.7954,27.2507,1574.97,398.612
8.485,0.1414,57.7779,27.1959,1571.32,398.775
8.488,0.1415,57.7605,27.2574,1574.4,398.939
8.490,0.1415,57.7429,27.1934,1570.23,399.102
8.493,0.1415,57.7254,27.2621,1573.72,399.265
8.495,0.1416,57.7077,27.1889,1569.01,399.428
8.498,0.1416,57.69,27.2649,1572.91,399.591
8.500,0.1417,57.6723,27.1824,1567.67,399.754
8.503,0.1417,57.6546,27.2657,1571.99,399.917
8.505,0.1418,57.6368,27.1741,1566.23,400.08
8.508,0.1418,57.6191,27.2651,1570.99,400.244
8.510,0.1418,57.6014,27.1645,1564.71,400.407
8.513,0.1419,57.5837,27.2724,1570.45,400.57
8.515,0.1419,57.566,27.1772,1564.48,400.733
8.518,0.1420,57.5483,27.2924,1570.63,400.896
8.520,0.1420,57.5307,27.0619,1556.89,401.059
8.523,0.1420,57.5131,27.1836,1563.41,401.223
8.525,0.1421,57.4955,27.0257,1553.86,401.386
8.528,0.1421,57.4781,27.1881,1562.72,401.549
8.530,0.1422,57.4607,27.0176,1552.45,401.712
8.533,0.1422,57.4434,27.1951,1562.18,401.876
8.535,0.1423,57.4261,27.1927,1561.57,402.039
8.538,0.1423,57.4088,27.1917,1561.04,402.202
8.540,0.1423,57.3916,27.1839,1560.13,402.366
8.543,0.1424,57.3745,27.2778,1565.05,402.529
8.545,0.1424,57.3575,27.2788,1564.64,402.693
8.548,0.1425,57.3405,27.2807,1564.29,402.856
8.551,0.1425,57.3236,27.1184,1554.53,403.019
8.553,0.1426,57.3068,27.1134,1553.78,403.183
8.556,0.1426,57.29,27.0456,1549.44,403.346
8.558,0.1426,57.2732,27.0495,1549.21,403.51
8.561,0.1427,57.2564,27.0545,1549.05,403.673
8.563,0.1427,57.2397,27.0595,1548.88,403.837
8.566,0.1428,57.223,27.0654,1548.76,404
8.568,0.1428,57.2064,27.0709,1548.63,404.164
8.571,0.1428,57.1897,27.0773,1548.54,404.328
8.573,0.1429,57.173,27.0831,1548.42,404.491
8.576,0.1429,57.1564,27.0897,1548.35,404.655
8.578,0.1430,57.1397,27.0954,1548.22,404.818
8.581,0.1430,57.123,27.1017,1548.13,404.982
8.583,0.1431,57.1063,27.107,1547.98,405.145
8.586,0.1431,57.0896,27.1128,1547.86,405.309
8.588,0.1431,57.0729,27.1228,1547.98,405.473
8.591,0.1432,57.0561,27.1225,1547.5,405.636
8.593,0.1432,57.0394,27.1372,1547.89,405.8
8.596,0.1433,57.0226,27.1305,1547.05,405.963
8.598,0.1433,57.0058,27.1046,1545.12,406.127
8.601,0.1433,56.9889,27.2524,1553.09,406.29
8.603,0.1434,56.9721,27.2289,1551.29,406.454
8.606,0.1434,56.9552,27.2332,1551.07,406.618
8.608,0.1435,56.9384,27.241,1551.06,406.781
8.611,0.1435,56.9215,27.1707,1546.59,406.945
8.613,0.1436,56.9046,27.1769,1546.49,407.109
8.616,0.1436,56.8877,27.1801,1546.21,407.272
8.618,0.1436,56.8708,27.1871,1546.15,407.436
8.621,0.1437,56.8539,27.1884,1545.77,407.6
8.623,0.1437,56.837,27.1965,1545.77,407.764
8.626,0.1438,56.8201,27.1957,1545.26,407.927
8.628,0.1438,56.8032,27.2053,1545.35,408.092
8.631,0.1438,56.7862,27.2021,1544.71,408.255
8.633,0.1439,56.7694,27.151,1541.34,408.419
8.636,0.1439,56.7524,27.0728,1536.44,408.583
8.638,0.1440,56.7354,27.0252,1533.29,408.747
8.641,0.1440,56.7184,27.0276,1532.97,408.911
8.643,0.1441,56.7014,27.03,1532.64,409.074
8.646,0.1441,56.6844,26.8283,1520.75,409.238
8.648,0.1441,56.6673,26.8301,1520.39,409.402
8.651,0.1442,56.6503,26.7574,1515.82,409.566
8.653,0.1442,56.6332,26.759,1515.45,409.73
8.656,0.1443,56.6161,26.761,1515.1,409.894
8.658,0.1443,56.599,26.7629,1514.75,410.058
8.661,0.1443,56.5819,26.7003,1510.76,410.222
8.663,0.1444,56.5647,26.7071,1510.68,410.386
8.666,0.1444,56.5475,26.7046,1510.08,410.55
8.668,0.1445,56.5304,26.7166,1510.3,410.714
8.671,0.1445,56.5131,26.7095,1509.44,410.878
8.673,0.1446,56.4959,26.7268,1509.95,411.043
8.676,0.1446,56.4786,26.7151,1508.83,411.207
8.678,0.1446,56.4614,26.6636,1505.47,411.371
8.681,0.1447,56.4441,26.6467,1504.05,411.535
8.683,0.1447,56.4268,26.6756,1505.22,411.7
8.686,0.1448,56.4095,26.6536,1503.52,411.864
8.689,0.1448,56.3923,26.6882,1505.01,412.028
8.691,0.1449,56.375,26.6611,1503.02,412.192
8.694,0.1449,56.3578,26.6451,1501.66,412.357
8.696,0.1449,56.3405,26.6217,1499.88,412.521
8.699,0.1450,56.3233,26.6801,1502.71,412.686
8.701,0.1450,56.3061,26.6288,1499.36,412.85
8.704,0.1451,56.289,26.6953,1502.65,413.015
8.706,0.1451,56.2718,26.6369,1498.9,413.179
8.709,0.1451,56.2548,26.7116,1502.66,413.344
8.711,0.1452,56.2378,26.646,1498.51,413.509
8.714,0.1452,56.2209,26.7291,1502.73,413.674
8.716,0.1453,56.204,26.6565,1498.2,413.838
8.719,0.1453,56.1872,26.7477,1502.88,414.003
8.721,0.1454,56.1704,26.6683,1497.97,414.167
8.724,0.1454,56.1537,26.6852,1498.47,414.332
8.726,0.1454,56.137,26.606,1493.58,414.497
8.729,0.1455,56.1205,26.7068,1498.8,414.662
8.731,0.1455,56.1039,26.6215,1493.57,414.826
8.734,0.1456,56.0875,26.7295,1499.19,414.991
8.736,0.1456,56.0711,26.7379,1499.22,415.156
8.739,0.1456,56.0547,26.8069,1502.65,415.321
8.741,0.1457,56.0383,26.8137,1502.59,415.485
8.744,0.1457,56.022,26.8282,1502.97,415.65
8.746,0.1458,56.0056,26.8325,1502.77,415.814
8.749,0.1458,55.9894,26.8499,1503.31,415.979
8.751,0.1459,55.973,26.8512,1502.94,416.143
8.754,0.1459,55.9568,26.8716,1503.65,416.308
8.756,0.1459,55.9404,26.8695,1503.09,416.472
8.759,0.1460,55.9243,26.8931,1503.98,416.637
8.761,0.1460,55.9078,26.8868,1503.18,416.802
8.764,0.1461,55.8917,26.914,1504.27,416.966
8.766,0.1461,55.8752,26.9029,1503.21,417.131
8.769,0.1461,55.859,26.934,1504.51,417.295
8.771,0.1462,55.8425,26.9174,1503.13,417.46
8.774,0.1462,55.8263,26.9379,1503.84,417.625
8.776,0.1463,55.8097,26.9533,1504.26,417.789
8.779,0.1463,55.7934,26.9872,1505.71,417.954
8.781,0.1464,55.7768,26.9648,1504.01,418.119
8.784,0.1464,55.7604,27.003,1505.7,418.284
8.786,0.1464,55.7437,26.7962,1493.72,418.448
8.789,0.1465,55.7273,26.8397,1495.7,418.613
8.791,0.1465,55.7105,26.7542,1490.49,418.778
8.794,0.1466,55.694,26.8087,1493.09,418.943
8.796,0.1466,55.6772,26.7582,1489.82,419.108
8.799,0.1466,55.6606,26.8206,1492.85,419.273
8.801,0.1467,55.6438,26.8084,1491.72,419.438
8.804,0.1467,55.6272,26.8039,1491.03,419.603
8.806,0.1468,58.837,26.7234,1572.33,419.768
8.809,0.1468,58.8207,26.8152,1577.29,419.934
8.811,0.1469,58.8041,26.7228,1571.41,420.099
8.814,0.1469,58.7878,26.8309,1577.33,420.264
8.816,0.1469,58.7712,26.7217,1570.47,420.429
8.819,0.1470,58.7549,26.8462,1577.35,420.595
8.822,0.1470,58.7384,26.916,1581,420.76
8.824,0.1471,58.7221,27.0274,1587.1,420.925
8.827,0.1471,58.7056,26.9184,1580.26,421.091
8.829,0.1472,58.6894,26.9983,1584.52,421.256
8.832,0.1472,58.6729,26.7652,1570.39,421.422
8.834,0.1472,58.6568,26.9049,1578.16,421.588
8.837,0.1473,58.6404,26.8694,1575.63,421.753
8.839,0.1473,58.624,26.871,1575.29,421.919
8.842,0.1474,58.6076,26.8072,1571.11,422.084
8.844,0.1474,58.5913,26.7292,1566.1,422.25
8.847,0.1474,58.575,26.7315,1565.8,422.416
8.849,0.1475,58.5587,26.7339,1565.51,422.581
8.852,0.1475,58.5425,26.7364,1565.22,422.747
8.854,0.1476,58.5263,26.739,1564.93,422.913
8.857,0.1476,58.51,26.7417,1564.66,423.078
8.859,0.1477,58.4938,26.6328,1557.85,423.244
8.862,0.1477,58.4776,26.6354,1557.57,423.41
8.864,0.1477,58.4613,26.6497,1557.98,423.575
8.867,0.1478,58.4451,26.6519,1557.67,423.741
8.869,0.1478,58.4288,26.654,1557.36,423.907
8.872,0.1479,58.4125,26.6565,1557.07,424.072
8.874,0.1479,58.3961,26.6588,1556.77,424.238
8.877,0.1479,58.3798,26.6616,1556.5,424.404
8.879,0.1480,58.3634,26.6643,1556.22,424.569
8.882,0.1480,58.347,26.5675,1550.14,424.735
8.884,0.1481,58.3305,26.5699,1549.84,424.9
8.887,0.1481,58.3141,26.5731,1549.58,425.066
8.889,0.1482,58.2975,26.5768,1549.36,425.231
8.892,0.1482,58.281,26.5799,1549.1,425.397
8.894,0.1482,58.2644,26.5853,1548.97,425.562
8.897,0.1483,58.2477,26.5879,1548.69,425.727
8.899,0.1483,58.2311,26.5956,1548.69,425.893
8.902,0.1484,58.2144,26.5972,1548.34,426.058
8.904,0.1484,58.1978,26.6421,1550.51,426.224
8.907,0.1484,58.181,26.6476,1550.39,426.389
8.909,0.1485,58.1644,26.6568,1550.48,426.555
8.912,0.1485,58.1476,26.6602,1550.23,426.72
8.914,0.1486,58.131,26.6693,1550.31,426.886
8.917,0.1486,58.1143,26.6611,1549.39,427.051
8.919,0.1487,58.0978,26.6873,1550.47,427.217
8.922,0.1487,58.0811,26.6731,1549.2,427.383
8.924,0.1487,58.0646,26.7061,1550.68,427.549
8.927,0.1488,58.048,26.6847,1548.99,427.714
8.929,0.1488,58.0317,26.7254,1550.92,427.88
8.932,0.1489,58.0151,26.6957,1548.76,428.046
8.934,0.1489,57.9989,26.7447,1551.16,428.212
8.937,0.1489,57.9825,26.7499,1551.02,428.378
8.940,0.1490,57.9661,26.7549,1550.87,428.544
8.942,0.1490,57.9498,26.7195,1548.39,428.71
8.945,0.1491,57.9335,26.7243,1548.23,428.876
8.947,0.1491,57.9173,26.7291,1548.08,429.042
8.950,0.1492,57.9011,26.5379,1536.57,429.209
8.952,0.1492,57.885,26.5431,1536.44,429.375
8.955,0.1492,57.8689,26.5016,1533.62,429.541
8.957,0.1493,57.8529,26.5065,1533.47,429.707
8.960,0.1493,57.8368,26.5115,1533.34,429.874
8.962,0.1494,57.8209,26.4864,1531.47,430.04
8.965,0.1494,57.8049,26.4448,1528.64,430.206
8.967,0.1495,57.7889,26.5935,1536.81,430.373
8.970,0.1495,57.773,26.5905,1536.21,430.539
8.972,0.1495,57.7569,26.6013,1536.41,430.706
8.975,0.1496,57.741,26.6065,1536.29,430.872
8.977,0.1496,57.7249,26.6632,1539.13,431.038
8.980,0.1497,57.7089,26.6518,1538.04,431.205
8.982,0.1497,57.6928,26.5869,1533.87,431.371
8.985,0.1497,57.6768,26.5715,1532.56,431.538
8.987,0.1498,57.6606,26.5948,1533.47,431.704
8.990,0.1498,57.6446,26.5796,1532.17,431.87
8.992,0.1499,57.6283,26.6027,1533.07,432.037
8.995,0.1499,57.6124,26.5898,1531.9,432.203
8.997,0.1500,57.596,26.611,1532.69,432.37
9.000,0.1500,57.58,26.6024,1531.77,432.536
9.002,0.1500,57.5636,26.6199,1532.34,432.703
9.005,0.1501,57.5476,26.6176,1531.78,432.869
9.007,0.1501,57.5312,26.6297,1532.04,433.035
9.010,0.1502,57.5152,26.6356,1531.95,433.202
9.012,0.1502,57.4988,26.636,1531.54,433.368
9.015,0.1502,57.4828,26.6558,1532.25,433.535
9.017,0.1503,57.4665,26.6481,1531.37,433.701
9.020,0.1503,57.4505,26.6784,1532.69,433.867
9.022,0.1504,57.4342,26.6618,1531.3,434.034
9.025,0.1504,57.4182,26.7034,1533.26,434.2
9.027,0.1505,57.402,26.6636,1530.55,434.366
9.030,0.1505,57.3861,26.6907,1531.67,434.532
9.032,0.1505,57.3699,26.6835,1530.83,434.699
9.035,0.1506,57.3541,26.72,1532.5,434.865
9.037,0.1506,57.338,26.7305,1532.67,435.031
9.040,0.1507,57.322,26.6678,1528.65,435.198
9.042,0.1507,57.306,26.6817,1529.02,435.364
9.045,0.1507,57.29,26.6882,1528.97,435.53
9.047,0.1508,57.274,26.7044,1529.47,435.697
9.050,0.1508,57.2581,26.7416,1531.17,435.863
9.052,0.1509,57.2422,26.7561,1531.58,436.029
9.055,0.1509,57.2263,26.7629,1531.55,436.196
9.057,0.1510,57.2104,26.8201,1534.39,436.362
9.060,0.1510,57.1946,26.8264,1534.33,436.529
9.063,0.1510,57.1787,26.821,1533.59,436.695
9.065,0.1511,57.1629,26.7772,1530.66,436.862
9.068,0.1511,57.1471,26.7763,1530.18,437.028
9.070,0.1512,57.1313,26.4881,1513.3,437.195
9.073,0.1512,57.1154,26.4864,1512.78,437.362
9.075,0.1513,57.0996,26.5071,1513.54,437.528
9.078,0.1513,57.0836,26.4992,1512.67,437.695
9.080,0.1513,57.0678,26.5257,1513.77,437.862
9.083,0.1514,57.0518,26.3809,1505.08,438.028
9.085,0.1514,57.036,26.4164,1506.68,438.195
9.088,0.1515,57.02,26.3902,1504.77,438.362
9.090,0.1515,57.0041,26.34,1501.49,438.528
9.093,0.1515,56.9881,26.3071,1499.19,438.695
9.095,0.1516,56.9721,26.5384,1511.95,438.862
9.098,0.1516,56.9561,26.4982,1509.23,439.028
9.100,0.1517,56.9402,26.5535,1511.96,439.195
9.103,0.1517,56.9241,26.5042,1508.73,439.362
9.105,0.1518,56.9081,26.5672,1511.89,439.528
9.108,0.1518,56.8921,26.49,1507.07,439.695
9.110,0.1518,56.8761,26.5499,1510.06,439.861
9.113,0.1519,56.8601,26.4612,1504.59,440.028
9.115,0.1519,56.8442,26.5563,1509.57,440.194
9.118,0.1520,56.8283,26.4635,1503.88,440.361
9.120,0.1520,56.8123,26.5617,1509.03,440.527
9.123,0.1520,56.7965,26.4656,1503.15,440.694
9.125,0.1521,56.7806,26.5667,1508.48,440.86
9.128,0.1521,56.7649,26.4143,1499.4,441.027
9.130,0.1522,56.7491,26.4924,1503.42,441.193
9.133,0.1522,56.7334,26.4174,1498.75,441.36
9.135,0.1523,56.7177,26.4971,1502.86,441.526
9.138,0.1523,56.7021,26.4987,1502.53,441.693
9.140,0.1523,56.6865,26.5007,1502.23,441.859
9.143,0.1524,56.671,26.5028,1501.94,442.026
9.145,0.1524,56.6554,26.5052,1501.67,442.193
9.148,0.1525,56.64,26.5078,1501.4,442.359
9.150,0.1525,56.6245,26.5106,1501.15,442.526
9.153,0.1525,56.6091,26.5137,1500.91,442.693
9.155,0.1526,56.5936,26.4416,1496.43,442.859
9.158,0.1526,56.5782,26.4446,1496.19,443.026
9.160,0.1527,56.5628,26.4477,1495.95,443.192
9.163,0.1527,56.5474,26.4512,1495.74,443.359
9.165,0.1528,56.5319,26.4545,1495.53,443.526
9.168,0.1528,56.5164,26.4976,1497.55,443.692
9.170,0.1528,56.5009,26.5013,1497.35,443.859
9.173,0.1529,56.4854,26.5055,1497.18,444.025
9.176,0.1529,56.4699,26.5095,1496.99,444.192
9.178,0.1530,56.4543,26.5141,1496.84,444.358
9.181,0.1530,56.4387,26.5184,1496.67,444.525
9.183,0.1531,56.4231,26.5391,1497.42,444.691
9.186,0.1531,56.4075,26.5435,1497.25,444.857
9.188,0.1531,56.3919,26.5489,1497.14,445.024
9.191,0.1532,56.3762,26.5492,1496.75,445.19
9.193,0.1532,56.3606,26.56,1496.93,445.356
9.196,0.1533,56.3449,26.5567,1496.33,445.523
9.198,0.1533,56.3292,26.5484,1495.45,445.689
9.201,0.1533,56.3136,26.542,1494.67,445.855
9.203,0.1534,56.2979,26.7144,1503.96,446.022
9.206,0.1534,59.1896,26.731,1582.2,446.188
9.208,0.1535,59.1734,26.7065,1580.31,446.355
9.211,0.1535,59.1572,26.7066,1579.89,446.521
9.213,0.1536,59.1412,26.7244,1580.51,446.687
9.216,0.1536,59.1251,26.7251,1580.12,446.853
9.218,0.1536,59.1092,26.7434,1580.78,447.02
9.221,0.1537,59.0932,26.7453,1580.47,447.186
9.223,0.1537,59.0775,26.7631,1581.1,447.352
9.226,0.1538,59.0616,26.6919,1576.47,447.518
9.228,0.1538,59.046,26.7112,1577.19,447.684
9.231,0.1538,59.0303,26.7135,1576.9,447.85
9.233,0.1539,59.0148,26.7296,1577.44,448.016
9.236,0.1539,58.9992,26.6634,1573.12,448.182
9.238,0.1540,58.9837,26.6704,1573.12,448.348
9.241,0.1540,58.9683,26.6769,1573.1,448.514
9.243,0.1541,58.953,26.6831,1573.05,448.68
9.246,0.1541,58.9376,26.6888,1572.97,448.845
9.248,0.1541,58.9223,26.6892,1572.59,449.011
9.251,0.1542,58.907,26.695,1572.52,449.177
9.253,0.1542,58.8917,26.6996,1572.39,449.343
9.256,0.1543,58.8764,26.704,1572.24,449.508
9.258,0.1543,58.8611,26.6685,1569.74,449.674
9.261,0.1543,58.8458,26.584,1564.36,449.839
9.263,0.1544,58.8304,26.6408,1567.29,450.004
9.266,0.1544,58.8151,26.6413,1566.91,450.17
9.268,0.1545,58.7997,26.6442,1566.67,450.335
9.271,0.1545,58.7843,26.6424,1566.15,450.5
9.273,0.1546,58.7689,26.6461,1565.96,450.666
9.276,0.1546,58.7534,26.5037,1557.18,450.831
9.279,0.1546,58.7379,26.507,1556.97,450.996
9.281,0.1547,58.7223,26.5358,1558.24,451.161
9.284,0.1547,58.7068,26.5428,1558.24,451.326
9.286,0.1548,58.6911,26.536,1557.43,451.491
9.289,0.1548,58.6755,26.3947,1548.72,451.656
9.291,0.1549,58.6597,26.3941,1548.27,451.821
9.294,0.1549,58.644,26.3938,1547.84,451.987
9.296,0.1549,58.6282,26.3634,1545.64,452.152
9.299,0.1550,58.6124,26.3674,1545.46,452.317
9.301,0.1550,58.5965,26.2924,1540.64,452.482
9.304,0.1551,58.5807,26.2941,1540.33,452.647
9.306,0.1551,58.5647,26.3023,1540.39,452.812
9.309,0.1551,58.5489,26.3005,1539.87,452.977
9.311,0.1552,58.5329,26.3145,1540.27,453.142
9.314,0.1552,58.517,26.3085,1539.49,453.307
9.316,0.1553,58.5011,26.2932,1538.18,453.472
9.319,0.1553,58.4852,26.2999,1538.15,453.637
9.321,0.1554,58.4693,26.3087,1538.25,453.802
9.324,0.1554,58.4534,26.3453,1539.97,453.967
9.326,0.1554,58.4375,26.2629,1534.74,454.131
9.329,0.1555,58.4217,26.2549,1533.86,454.296
9.331,0.1555,58.4059,26.2782,1534.8,454.461
9.334,0.1556,58.3902,26.2656,1533.66,454.626
9.336,0.1556,58.3745,26.2921,1534.79,454.791
9.339,0.1556,58.3589,26.2766,1533.47,454.955
9.341,0.1557,58.3433,26.4278,1541.89,455.12
9.344,0.1557,58.3279,26.3475,1536.79,455.285
9.346,0.1558,58.3124,26.3447,1536.23,455.449
9.349,0.1558,58.2972,26.3516,1536.22,455.614
9.351,0.1559,58.2818,26.346,1535.49,455.779
9.354,0.1559,58.2668,26.3528,1535.49,455.943
9.356,0.1559,58.2514,26.3458,1534.68,456.108
9.359,0.1560,58.2365,26.3516,1534.62,456.272
9.361,0.1560,58.2212,26.3446,1533.82,456.436
9.364,0.1561,58.2064,26.3485,1533.65,456.601
9.366,0.1561,58.1911,26.3433,1532.94,456.765
9.369,0.1561,58.1763,26.3488,1532.88,456.929
9.371,0.1562,58.161,26.3409,1532.02,457.094
9.374,0.1562,58.1462,26.345,1531.86,457.258
9.377,0.1563,58.1309,26.341,1531.23,457.422
9.379,0.1563,58.1159,26.3816,1533.19,457.586
9.382,0.1564,58.1005,26.3753,1532.42,457.75
9.384,0.1564,58.0854,26.3791,1532.24,457.914
9.387,0.1564,58.07,26.3774,1531.73,458.078
9.389,0.1565,58.0547,26.3348,1528.86,458.241
9.392,0.1565,58.0391,26.3357,1528.5,458.405
9.394,0.1566,58.0236,26.3358,1528.1,458.569
9.397,0.1566,58.0079,26.4024,1531.55,458.733
9.399,0.1567,57.9922,26.3987,1530.92,458.896
9.402,0.1567,57.9763,26.4083,1531.06,459.06
9.404,0.1567,57.9605,26.404,1530.39,459.223
9.407,0.1568,57.9445,26.4148,1530.59,459.386
9.409,0.1568,57.9285,26.4111,1529.95,459.55
9.412,0.1569,57.9123,26.4216,1530.14,459.713
9.414,0.1569,57.8963,26.4195,1529.59,459.876
9.417,0.1569,57.88,26.4285,1529.68,460.039
9.419,0.1570,57.8639,26.3194,1522.95,460.203
9.422,0.1570,57.8475,26.3471,1524.11,460.366
9.424,0.1571,57.8315,26.3292,1522.66,460.529
9.427,0.1571,57.815,26.3342,1522.51,460.692
9.429,0.1572,57.799,26.3119,1520.8,460.855
9.432,0.1572,57.7826,26.3424,1522.13,461.018
9.434,0.1572,57.7666,26.3216,1520.51,461.181
9.437,0.1573,57.7502,26.3513,1521.8,461.344
9.439,0.1573,57.7344,26.3562,1521.66,461.507
9.442,0.1574,57.7186,26.2701,1516.27,461.67
9.444,0.1574,57.7028,26.2756,1516.17,461.833
9.447,0.1574,57.6871,26.2814,1516.1,461.996
9.449,0.1575,57.6714,26.328,1518.37,462.16
9.452,0.1575,57.6557,26.3346,1518.34,462.323
9.454,0.1576,57.64,26.3146,1516.77,462.486
9.457,0.1576,57.6244,26.322,1516.79,462.649
9.459,0.1577,57.6089,26.3295,1516.81,462.812
9.462,0.1577,57.5933,26.3372,1516.84,462.975
9.464,0.1577,57.5778,26.3447,1516.87,463.139
9.467,0.1578,57.5623,26.3524,1516.9,463.302
9.469,0.1578,57.5468,26.3877,1518.53,463.465
9.472,0.1579,57.5314,26.3956,1518.58,463.628
9.475,0.1579,57.516,26.4033,1518.61,463.791
9.477,0.1580,57.5006,26.386,1517.21,463.954
9.480,0.1580,57.4853,26.3927,1517.19,464.117
9.482,0.1580,57.4699,26.3847,1516.32,464.28
9.485,0.1581,57.4546,26.3907,1516.27,464.443
9.487,0.1581,57.4393,26.3966,1516.21,464.606
9.490,0.1582,57.424,26.6031,1527.66,464.769
9.492,0.1582,57.4088,26.6045,1527.33,464.932
9.495,0.1582,57.3935,26.6033,1526.86,465.095
9.497,0.1583,57.3783,26.602,1526.37,465.258
9.500,0.1583,57.363,26.5061,1520.47,465.421
9.502,0.1584,57.3478,26.5012,1519.78,465.583
9.505,0.1584,57.3325,26.5153,1520.19,465.746
9.507,0.1585,57.3174,26.191,1501.2,465.909
9.510,0.1585,57.3021,26.2028,1501.47,466.071
9.512,0.1585,57.2869,26.1987,1500.84,466.234
9.515,0.1586,57.2717,26.2109,1501.14,466.396
9.517,0.1586,57.2565,26.2061,1500.47,466.559
9.520,0.1587,57.2413,26.1652,1497.73,466.721
9.522,0.1587,57.2261,26.1664,1497.4,466.883
9.525,0.1587,57.2108,26.1717,1497.31,467.045
9.527,0.1588,57.1957,26.1734,1497.01,467.208
9.530,0.1588,57.1803,26.178,1496.87,467.37
9.532,0.1589,57.1652,26.1803,1496.6,467.532
9.535,0.1589,57.1498,26.1842,1496.42,467.693
9.537,0.1590,57.1346,26.187,1496.18,467.855
9.540,0.1590,57.1192,26.1901,1495.96,468.017
9.542,0.1590,57.1037,26.1931,1495.73,468.179
9.545,0.1591,57.0882,26.1962,1495.5,468.341
9.547,0.1591,57.0728,26.1221,1490.86,468.502
9.550,0.1592,57.0572,26.125,1490.62,468.664
9.552,0.1592,57.0417,26.129,1490.44,468.825
9.555,0.1592,57.0261,26.1324,1490.23,468.987
9.557,0.1593,57.0106,26.1384,1490.17,469.148
9.560,0.1593,56.9949,26.1421,1489.97,469.31
9.562,0.1594,56.9793,26.146,1489.78,469.471
9.565,0.1594,56.9637,26.1503,1489.62,469.632
9.567,0.1595,56.948,26.1553,1489.49,469.794
9.570,0.1595,56.9323,26.16,1489.35,469.955
9.572,0.1595,56.9166,26.1587,1488.86,470.116
9.575,0.1596,56.9009,26.1632,1488.71,470.278
9.578,0.1596,56.8851,26.0869,1483.95,470.439
9.580,0.1597,56.8694,25.9922,1478.16,470.6
9.583,0.1597,56.8536,25.9938,1477.84,470.762
9.585,0.1598,56.8379,25.999,1477.73,470.923
9.588,0.1598,56.8222,26.0104,1477.97,471.084
9.590,0.1598,56.8064,26.0158,1477.87,471.246
9.593,0.1599,56.7907,25.9692,1474.81,471.407
9.595,0.1599,56.775,25.9764,1474.81,471.569
9.598,0.1600,59.482,26.0306,1548.35,471.73
9.600,0.1600,59.466,26.0847,1551.15,471.892
9.603,0.1600,59.4501,26.0961,1551.42,472.054
9.605,0.1601,59.4341,26.1081,1551.71,472.215
9.608,0.1601,59.4182,26.1186,1551.92,472.377
9.610,0.1602,59.4023,26.1324,1552.33,472.539
9.613,0.1602,59.3865,26.141,1552.42,472.701
9.615,0.1603,59.3706,26.1574,1552.98,472.862
9.618,0.1603,59.3548,26.1631,1552.9,473.024
9.620,0.1603,59.339,26.1825,1553.64,473.186
9.623,0.1604,59.3233,26.1844,1553.35,473.348
9.625,0.1604,59.3074,26.1396,1550.27,473.51
9.628,0.1605,59.2917,26.1291,1549.24,473.672
9.630,0.1605,59.2759,26.1631,1550.84,473.833
9.633,0.1605,59.2602,26.1487,1549.58,473.995
9.635,0.1606,59.2444,26.1858,1551.36,474.157
9.638,0.1606,59.2288,26.1472,1548.66,474.319
9.640,0.1607,59.213,26.1577,1548.87,474.48
9.643,0.1607,59.1972,26.1668,1549,474.642
9.645,0.1608,59.1814,26.2983,1556.37,474.804
9.648,0.1608,59.1656,26.306,1556.41,474.966
9.650,0.1608,59.1498,26.3189,1556.76,475.127
9.653,0.1609,59.134,26.0995,1543.37,475.289
9.655,0.1609,59.1182,26.1363,1545.13,475.45
9.658,0.1610,59.1024,26.1406,1544.97,475.612
9.660,0.1610,59.0866,26.1551,1545.42,475.773
9.663,0.1610,59.0707,26.0685,1539.88,475.934
9.665,0.1611,59.055,26.0769,1539.97,476.096
9.668,0.1611,59.039,26.0807,1539.78,476.257
9.670,0.1612,59.0233,26.0921,1540.04,476.418
9.673,0.1612,59.0073,26.0911,1539.57,476.58
9.675,0.1613,58.9916,26.1067,1540.07,476.741
9.678,0.1613,58.9756,26.1002,1539.27,476.902
9.680,0.1613,58.9598,26.1206,1540.07,477.063
9.683,0.1614,58.9438,26.1082,1538.92,477.224
9.685,0.1614,58.9281,26.1392,1540.33,477.385
9.688,0.1615,58.9121,26.1226,1538.94,477.547
9.691,0.1615,58.8963,26.1517,1540.24,477.708
9.693,0.1616,58.8804,26.1302,1538.56,477.869
9.696,0.1616,58.8646,26.1638,1540.12,478.03
9.698,0.1616,58.8488,26.0475,1532.86,478.191
9.701,0.1617,58.833,26.0868,1534.76,478.352
9.703,0.1617,58.8172,26.0506,1532.23,478.513
9.706,0.1618,58.8015,26.0971,1534.55,478.674
9.708,0.1618,58.7858,26.0605,1531.99,478.836
9.711,0.1618,58.7702,26.1071,1534.32,478.997
9.713,0.1619,58.7545,26.0722,1531.86,479.158
9.716,0.1619,58.739,26.1171,1534.09,479.319
9.718,0.1620,58.7235,26.0886,1532.01,479.48
9.721,0.1620,58.708,26.1275,1533.9,479.641
9.723,0.1621,58.6927,26.1069,1532.29,479.802
9.726,0.1621,58.6773,26.1387,1533.75,479.964
9.728,0.1621,58.6621,26.1272,1532.67,480.125
9.731,0.1622,58.6468,26.151,1533.67,480.287
9.733,0.1622,58.6317,26.1489,1533.16,480.448
9.736,0.1623,58.6165,26.0667,1527.94,480.609
9.738,0.1623,58.6015,26.0403,1526,480.771
9.741,0.1623,58.5864,26.0172,1524.25,480.932
9.743,0.1624,58.5713,25.9871,1522.1,481.094
9.746,0.1624,58.5563,25.9949,1522.16,481.256
9.748,0.1625,58.5413,26.003,1522.25,481.418
9.751,0.1625,58.5264,26.0114,1522.35,481.58
9.753,0.1626,58.5115,26.0202,1522.48,481.742
9.756,0.1626,58.4966,26.0291,1522.62,481.904
9.758,0.1626,58.4818,26.0386,1522.78,482.066
9.761,0.1627,58.467,26.0482,1522.96,482.228
9.763,0.1627,58.4522,26.0583,1523.17,482.39
9.766,0.1628,58.4374,26.0687,1523.39,482.552
9.768,0.1628,58.4226,26.0795,1523.63,482.714
9.771,0.1628,58.4078,26.077,1523.1,482.876
9.773,0.1629,58.393,26.0876,1523.33,483.038
9.776,0.1629,58.3782,26.0984,1523.58,483.2
9.778,0.1630,58.3633,26.1094,1523.83,483.362
9.781,0.1630,58.3485,26.1206,1524.1,483.524
9.783,0.1631,58.3337,26.1319,1524.37,483.686
9.786,0.1631,58.3188,26.1549,1525.32,483.848
9.788,0.1631,58.3039,26.1393,1524.02,484.01
9.791,0.1632,58.289,26.1504,1524.28,484.172
9.793,0.1632,58.2741,26.1646,1524.72,484.334
9.796,0.1633,58.2592,26.0901,1519.99,484.495
9.799,0.1633,58.2443,26.1056,1520.5,484.657
9.801,0.1634,58.2293,26.1099,1520.36,484.819
9.804,0.1634,58.2144,26.2119,1525.91,484.981
9.806,0.1634,58.1995,26.2119,1525.52,485.143
9.809,0.1635,58.1846,26.2289,1526.12,485.304
9.811,0.1635,58.1697,26.2267,1525.6,485.466
9.814,0.1636,58.1548,26.2413,1526.06,485.628
9.816,0.1636,58.14,26.2814,1528,485.79
9.819,0.1636,58.1251,26.2939,1528.34,485.951
9.821,0.1637,58.1103,26.2882,1527.62,486.113
9.824,0.1637,58.0955,26.2958,1527.67,486.274
9.826,0.1638,58.0807,26.2835,1526.56,486.436
9.829,0.1638,58.066,26.2928,1526.72,486.598
9.831,0.1639,58.0513,26.282,1525.7,486.76
9.834,0.1639,58.0366,26.2406,1522.91,486.921
9.836,0.1639,58.0219,26.2219,1521.44,487.083
9.839,0.1640,58.0073,26.2318,1521.63,487.244
9.841,0.1640,57.9927,26.2278,1521.02,487.406
9.844,0.1641,57.9781,26.2232,1520.37,487.568
9.846,0.1641,57.9635,26.219,1519.75,487.73
9.849,0.1641,57.949,26.2142,1519.08,487.893
9.851,0.1642,57.9344,26.21,1518.46,488.055
9.854,0.1642,57.9199,26.1018,1511.81,488.217
9.856,0.1643,57.9054,26.0391,1507.8,488.379
9.859,0.1643,57.8908,26.0344,1507.15,488.541
9.861,0.1644,57.8763,26.0732,1509.02,488.703
9.864,0.1644,57.8617,26.0694,1508.42,488.866
9.866,0.1644,57.8472,26.067,1507.9,489.028
9.869,0.1645,57.8326,26.072,1507.81,489.19
9.871,0.1645,57.8179,26.0627,1506.89,489.353
9.874,0.1646,57.8033,26.0291,1504.57,489.515
9.876,0.1646,57.7885,26.0082,1502.97,489.677
9.879,0.1646,57.7738,25.9938,1501.76,489.84
9.881,0.1647,57.7589,25.9674,1499.85,490.003
9.884,0.1647,57.7442,26.0001,1501.35,490.165
9.886,0.1648,57.7293,25.9676,1499.09,490.328
9.889,0.1648,57.7146,26.0071,1500.99,490.49
9.891,0.1649,57.6996,25.9696,1498.44,490.653
9.894,0.1649,57.6848,26.0147,1500.65,490.816
9.897,0.1649,57.6698,25.9733,1497.88,490.979
9.899,0.1650,57.6551,26.0226,1500.34,491.141
9.902,0.1650,57.6401,25.9784,1497.4,491.304
9.904,0.1651,57.6254,26.031,1500.05,491.467
9.907,0.1651,57.6104,25.7705,1484.65,491.63
9.909,0.1652,57.5957,25.8411,1488.34,491.792
9.912,0.1652,57.5808,25.8154,1486.47,491.956
9.914,0.1652,57.5662,25.8509,1488.14,492.118
9.917,0.1653,57.5514,25.8253,1486.28,492.281
9.919,0.1653,57.5368,25.8618,1488.01,492.444
9.922,0.1654,57.5221,25.7451,1480.91,492.607
9.924,0.1654,57.5075,25.7788,1482.47,492.77
9.927,0.1654,57.4929,25.8088,1483.82,492.933
9.929,0.1655,57.4785,25.8377,1485.11,493.096
9.932,0.1655,57.4639,25.8205,1483.75,493.259
9.934,0.1656,57.4496,25.8529,1485.24,493.421
9.937,0.1656,57.4351,25.7843,1480.92,493.584
9.939,0.1657,57.4209,25.8017,1481.55,493.747
9.942,0.1657,57.4065,25.8075,1481.52,493.91
9.944,0.1657,57.3922,25.8173,1481.71,494.073
9.947,0.1658,57.3779,25.8208,1481.54,494.236
9.949,0.1658,57.3636,25.8339,1481.93,494.399
9.952,0.1659,57.3493,25.8354,1481.65,494.562
9.954,0.1659,57.3352,25.8509,1482.16,494.725
9.957,0.1659,57.3209,25.8509,1481.8,494.889
9.959,0.1660,57.3068,25.8673,1482.37,495.051
9.962,0.1660,57.2926,25.8665,1481.96,495.215
9.964,0.1661,57.2785,25.8825,1482.51,495.378
9.967,0.1661,57.2643,25.8816,1482.09,495.541
9.969,0.1662,57.2502,25.8956,1482.53,495.704
9.972,0.1662,57.236,26.0062,1488.49,495.867
9.974,0.1662,57.222,26.0202,1488.93,496.03
9.977,0.1663,57.2078,26.0169,1488.37,496.194
9.979,0.1663,57.1939,26.027,1488.59,496.357
9.982,0.1664,57.1797,25.9458,1483.57,496.52
9.984,0.1664,57.1658,26.0576,1489.6,496.683
9.987,0.1664,57.1516,26.047,1488.63,496.846
9.989,0.1665,57.1378,25.9943,1485.25,497.009
9.992,0.1665,59.842,26.0621,1559.61,497.173
9.995,0.1666,59.8278,26.0283,1557.22,497.336
9.997,0.1666,59.8134,26.0623,1558.88,497.499
10.000,0.1667,59.7991,26.025,1556.27,497.663
10.002,0.1667,59.7848,26.0602,1558,497.826
10.005,0.1667,59.7704,25.9353,1550.17,497.989
10.007,0.1668,59.756,25.9784,1552.36,498.153
10.010,0.1668,59.7416,25.9322,1549.23,498.316
10.012,0.1669,59.7271,25.9745,1551.38,498.479
10.015,0.1669,59.7126,25.9304,1548.37,498.642
10.017,0.1670,59.6982,25.9705,1550.39,498.806
10.020,0.1670,59.6837,25.9309,1547.65,498.969
10.022,0.1670,59.6692,26.0376,1553.64,499.132
10.025,0.1671,59.6546,26.0147,1551.89,499.295
10.027,0.1671,59.6401,26.036,1552.79,499.459
10.030,0.1672,59.6256,26.0022,1550.4,499.622
10.032,0.1672,59.6111,25.7592,1535.53,499.785
10.035,0.1672,59.5965,25.7686,1535.72,499.948
10.037,0.1673,59.582,25.761,1534.89,500.112
10.040,0.1673,59.5675,25.7785,1535.56,500.275
10.042,0.1674,59.553,25.7803,1535.3,500.438
10.045,0.1674,59.5385,25.7827,1535.06,500.602
10.047,0.1675,59.524,25.7851,1534.83,500.766
10.050,0.1675,59.5095,25.7269,1531,500.929
10.052,0.1675,59.495,25.7309,1530.86,501.093
10.055,0.1676,59.4805,25.7216,1529.93,501.256
10.057,0.1676,59.466,25.7265,1529.85,501.42
10.060,0.1677,59.4515,25.7319,1529.8,501.583
10.062,0.1677,59.437,25.7375,1529.76,501.747
10.065,0.1677,59.4225,25.7437,1529.76,501.911
10.067,0.1678,59.408,25.7502,1529.77,502.074
10.070,0.1678,59.3934,25.6613,1524.11,502.238
10.072,0.1679,59.3789,25.6677,1524.12,502.402
10.075,0.1679,59.3643,25.6746,1524.15,502.566
10.077,0.1680,59.3497,25.6822,1524.23,502.729
10.080,0.1680,59.335,25.6901,1524.33,502.893
10.082,0.1680,59.3204,25.6989,1524.47,503.057
10.085,0.1681,59.3057,25.708,1524.63,503.221
10.088,0.1681,59.291,25.718,1524.85,503.385
10.090,0.1682,59.2763,25.7282,1525.07,503.549
10.093,0.1682,59.2615,25.7392,1525.35,503.712
10.095,0.1683,59.2468,25.7868,1527.78,503.876
10.098,0.1683,59.232,25.7906,1527.63,504.04
10.100,0.1683,59.2172,25.7986,1527.72,504.204
10.103,0.1684,59.2025,25.8122,1528.15,504.368
10.105,0.1684,59.1877,25.7467,1523.89,504.532
10.108,0.1685,59.1729,25.7656,1524.63,504.696
10.110,0.1685,59.1581,25.7693,1524.46,504.86
10.113,0.1685,59.1434,25.7835,1524.92,505.024
10.115,0.1686,59.1287,25.7756,1524.08,505.188
10.118,0.1686,59.114,25.8099,1525.73,505.352
10.120,0.1687,59.0993,25.7961,1524.53,505.516
10.123,0.1687,59.0847,25.8352,1526.47,505.68
10.125,0.1688,59.07,25.8147,1524.88,505.844
10.128,0.1688,59.0554,25.7674,1521.71,506.008
10.130,0.1688,59.0408,25.7364,1519.5,506.172
10.133,0.1689,59.0263,25.6825,1515.95,506.336
10.135,0.1689,59.0118,25.6415,1513.15,506.5
10.138,0.1690,58.9974,25.7022,1516.36,506.664
10.140,0.1690,58.9829,25.5784,1508.68,506.828
10.143,0.1690,58.9685,25.5871,1508.83,506.992
10.145,0.1691,58.9542,25.5732,1507.64,507.156
10.148,0.1691,58.9398,25.5811,1507.75,507.32
10.150,0.1692,58.9255,25.5882,1507.8,507.484
10.153,0.1692,58.9112,25.6545,1511.34,507.648
10.155,0.1693,58.8969,25.661,1511.36,507.812
10.158,0.1693,58.8826,25.6679,1511.39,507.975
10.160,0.1693,58.8683,25.6743,1511.4,508.139
10.163,0.1694,58.854,25.6811,1511.43,508.303
10.165,0.1694,58.8397,25.6876,1511.45,508.467
10.168,0.1695,58.8253,25.6944,1511.48,508.63
10.170,0.1695,58.8109,25.7055,1511.77,508.794
10.173,0.1695,58.7964,25.7143,1511.91,508.958
10.175,0.1696,58.7819,25.7158,1511.62,509.121
10.178,0.1696,58.7674,25.7277,1511.95,509.285
10.181,0.1697,58.7528,25.7267,1511.52,509.449
10.183,0.1697,58.7381,25.7424,1512.06,509.612
10.186,0.1698,58.7235,25.7384,1511.45,509.776
10.188,0.1698,58.7087,25.7585,1512.25,509.94
10.191,0.1698,58.694,25.7506,1511.41,510.103
10.193,0.1699,58.6791,25.7758,1512.5,510.267
10.196,0.1699,58.6643,25.7231,1509.03,510.431
10.198,0.1700,58.6494,25.7363,1509.42,510.594
10.201,0.1700,58.6345,25.7233,1508.27,510.758
10.203,0.1701,58.6196,25.7553,1509.77,510.922
10.206,0.1701,58.6047,25.7374,1508.33,511.085
10.208,0.1701,58.5898,25.7756,1510.19,511.249
10.211,0.1702,58.5748,25.7524,1508.44,511.413
10.213,0.1702,58.56,25.7971,1510.67,511.577
10.216,0.1703,58.545,25.7684,1508.61,511.741
10.218,0.1703,58.5302,25.8195,1511.22,511.905
10.221,0.1703,58.5153,25.7856,1508.85,512.069
10.223,0.1704,58.5006,25.8427,1511.81,512.233
10.226,0.1704,58.4857,25.8038,1509.15,512.397
10.228,0.1705,58.4711,25.8667,1512.45,512.562
10.231,0.1705,58.4563,25.8233,1509.54,512.726
10.233,0.1706,58.4419,25.8911,1513.13,512.89
10.236,0.1706,58.4272,25.844,1509.99,513.055
10.238,0.1706,58.4128,26.0506,1521.69,513.219
10.241,0.1707,58.3982,26.0032,1518.54,513.383
10.243,0.1707,58.384,26.016,1518.92,513.548
10.246,0.1708,58.3699,25.9916,1517.13,513.713
10.248,0.1708,58.3557,25.975,1515.79,513.877
10.251,0.1708,58.3417,25.9809,1515.77,514.042
10.253,0.1709,58.3275,25.917,1511.67,514.206
10.256,0.1709,58.3136,25.9248,1511.77,514.371
10.258,0.1710,58.2995,25.9406,1512.32,514.536
10.261,0.1710,58.2856,25.9472,1512.35,514.7
10.263,0.1711,58.2715,25.963,1512.9,514.865
10.266,0.1711,58.2576,25.9686,1512.87,515.029
10.268,0.1711,58.2435,25.8278,1504.31,515.194
10.271,0.1712,58.2297,25.731,1498.31,515.358
10.273,0.1712,58.2157,25.7794,1500.77,515.523
10.276,0.1713,58.2019,25.7913,1501.1,515.687
10.279,0.1713,58.1878,25.7923,1500.8,515.852
10.281,0.1714,58.174,25.7152,1495.95,516.016
10.284,0.1714,58.16,25.7101,1495.3,516.181
10.286,0.1714,58.1462,25.7259,1495.86,516.345
10.289,0.1715,58.1322,25.7158,1494.92,516.509
10.291,0.1715,58.1184,25.7337,1495.6,516.674
10.294,0.1716,58.1044,25.7184,1494.35,516.838
10.296,0.1716,58.0906,25.7099,1493.51,517.003
10.299,0.1716,58.0767,25.6933,1492.18,517.167
10.301,0.1717,58.063,25.7125,1492.95,517.331
10.304,0.1717,58.0491,25.6917,1491.38,517.495
10.306,0.1718,58.0354,25.7132,1492.28,517.66
10.309,0.1718,58.0216,25.6885,1490.49,517.824
10.311,0.1719,58.0079,25.7126,1491.53,517.988
10.314,0.1719,57.9942,25.6846,1489.56,518.152
10.316,0.1719,57.9805,25.7112,1490.75,518.317
10.319,0.1720,57.9668,25.6807,1488.63,518.481
10.321,0.1720,57.9532,25.713,1490.15,518.645
10.324,0.1721,57.9395,25.6773,1487.73,518.809
10.326,0.1721,57.926,25.7152,1489.58,518.973
10.329,0.1721,57.9122,25.6752,1486.91,519.138
10.331,0.1722,57.8988,25.7099,1488.57,519.302
10.334,0.1722,57.885,25.6805,1486.52,519.466
10.336,0.1723,57.8717,25.714,1488.11,519.63
10.339,0.1723,57.8579,25.6152,1482.04,519.794
10.341,0.1724,57.8446,25.6363,1482.92,519.958
10.344,0.1724,57.8308,25.6594,1483.91,520.123
10.346,0.1724,57.8171,25.6618,1483.69,520.287
10.349,0.1725,57.8034,25.664,1483.47,520.452
10.351,0.1725,57.7897,25.6045,1479.68,520.616
10.354,0.1726,57.7761,25.6083,1479.55,520.781
10.356,0.1726,57.7625,25.6126,1479.45,520.945
10.359,0.1726,57.749,25.6167,1479.34,521.11
10.361,0.1727,57.7355,25.6213,1479.26,521.274
10.364,0.1727,57.7221,25.6257,1479.17,521.439
10.367,0.1728,57.7087,25.6304,1479.1,521.604
10.369,0.1728,57.6953,25.6351,1479.03,521.768
10.372,0.1729,57.682,25.5892,1476.04,521.933
10.374,0.1729,57.6688,25.5935,1475.94,522.098
10.377,0.1729,57.6556,25.5978,1475.86,522.263
10.379,0.1730,57.6424,25.6589,1479.04,522.428
10.382,0.1730,57.6293,25.6635,1478.97,522.593
10.384,0.1731,57.6162,25.6684,1478.92,522.758
10.387,0.1731,57.6032,25.6733,1478.86,522.923
10.389,0.1732,57.5902,25.6786,1478.83,523.088
10.392,0.1732,57.5772,25.6837,1478.8,523.253
10.394,0.1732,57.5643,25.8308,1486.93,523.418
10.397,0.1733,57.5514,25.8387,1487.05,523.583
10.399,0.1733,57.5385,25.8442,1487.03,523.748
10.402,0.1734,60.2661,25.8832,1559.88,523.913
10.404,0.1734,60.2534,25.7159,1549.47,524.078
10.407,0.1734,60.2409,25.7211,1549.46,524.243
10.409,0.1735,60.2282,25.7316,1549.77,524.407
10.412,0.1735,60.2157,25.7359,1549.7,524.572
10.414,0.1736,60.203,25.7217,1548.52,524.737
10.417,0.1736,60.1906,25.7153,1547.82,524.902
10.419,0.1737,60.1779,25.7496,1549.56,525.066
10.422,0.1737,60.1655,25.7321,1548.19,525.231
10.424,0.1737,60.1529,25.7655,1549.87,525.396
10.427,0.1738,60.1406,25.7434,1548.22,525.56
10.429,0.1738,60.128,25.7802,1550.11,525.725
10.432,0.1739,60.1157,25.7536,1548.2,525.889
10.434,0.1739,60.1032,25.7932,1550.25,526.054
10.437,0.1739,60.0909,25.7624,1548.09,526.218
10.439,0.1740,60.0784,25.8043,1550.28,526.383
10.442,0.1740,60.0662,25.7695,1547.88,526.547
10.444,0.1741,60.0537,25.774,1547.82,526.711
10.447,0.1741,60.0413,25.8289,1550.8,526.876
10.450,0.1742,60.0289,25.8323,1550.68,527.04
10.452,0.1742,60.0165,25.8348,1550.51,527.205
10.455,0.1742,60.004,25.8372,1550.34,527.369
10.457,0.1743,59.9916,25.839,1550.12,527.533
10.460,0.1743,59.9791,25.7777,1546.12,527.698
10.462,0.1744,59.9666,25.7787,1545.86,527.862
10.465,0.1744,59.9541,25.7795,1545.59,528.026
10.467,0.1745,59.9415,25.6909,1539.95,528.191
10.470,0.1745,59.929,25.6912,1539.65,528.355
10.472,0.1745,59.9163,25.69,1539.25,528.52
10.475,0.1746,59.9035,25.6918,1539.03,528.684
10.477,0.1746,59.8908,25.689,1538.54,528.849
10.480,0.1747,59.8779,25.6926,1538.42,529.013
10.482,0.1747,59.8651,25.6885,1537.85,529.178
10.485,0.1747,59.852,25.6944,1537.86,529.343
10.487,0.1748,59.8392,25.6891,1537.21,529.507
10.490,0.1748,59.826,25.6907,1536.97,529.672
10.492,0.1749,59.8132,25.6802,1536.02,529.837
10.495,0.1749,59.8,25.697,1536.68,530.001
10.497,0.1750,59.7872,25.6843,1535.59,530.166
10.500,0.1750,59.774,25.4942,1523.89,530.331
10.502,0.1750,59.7612,25.4887,1523.23,530.496
10.505,0.1751,59.748,25.5018,1523.68,530.661
10.507,0.1751,59.7353,25.4955,1522.98,530.826
10.510,0.1752,59.7222,25.5117,1523.61,530.99
10.512,0.1752,59.7096,25.5278,1524.25,531.156
10.515,0.1752,59.6967,25.5364,1524.44,531.321
10.517,0.1753,59.6841,25.5398,1524.32,531.486
10.520,0.1753,59.6713,25.5492,1524.55,531.651
10.522,0.1754,59.6589,25.5541,1524.53,531.816
10.525,0.1754,59.6462,25.5217,1522.28,531.981
10.527,0.1755,59.6339,25.5247,1522.14,532.146
10.530,0.1755,59.6214,25.4739,1518.79,532.311
10.532,0.1755,59.6091,25.4683,1518.14,532.477
10.535,0.1756,59.5967,25.4896,1519.1,532.642
10.537,0.1756,59.5845,25.4865,1518.6,532.807
10.540,0.1757,59.5722,25.5053,1519.41,532.972
10.543,0.1757,59.5601,25.5053,1519.1,533.138
10.545,0.1758,59.5477,25.5129,1519.24,533.303
10.548,0.1758,59.5354,25.5217,1519.45,533.468
10.550,0.1758,59.523,25.528,1519.5,533.633
10.553,0.1759,59.5106,25.5378,1519.77,533.799
10.555,0.1759,59.4982,25.4327,1513.2,533.964
10.558,0.1760,59.4858,25.4913,1516.37,534.129
10.560,0.1760,59.4733,25.5006,1516.6,534.294
10.563,0.1760,59.4608,25.4646,1514.15,534.459
10.565,0.1761,59.4482,25.4753,1514.46,534.623
10.568,0.1761,59.4356,25.5427,1518.15,534.788
10.570,0.1762,59.4229,25.5556,1518.58,534.953
10.573,0.1762,59.4102,25.5549,1518.22,535.118
10.575,0.1763,59.3973,25.5173,1515.66,535.282
10.578,0.1763,59.3845,25.5166,1515.29,535.447
10.580,0.1763,59.3715,25.52,1515.16,535.611
10.583,0.1764,59.3586,25.5111,1514.3,535.776
10.585,0.1764,59.3455,25.5325,1515.24,535.94
10.588,0.1765,59.3325,25.5219,1514.28,536.105
10.590,0.1765,59.3194,25.5448,1515.3,536.269
10.593,0.1765,59.3063,25.5331,1514.27,536.434
10.595,0.1766,59.2931,25.5573,1515.37,536.599
10.598,0.1766,59.28,25.545,1514.31,536.763
10.600,0.1767,59.2669,25.5702,1515.46,536.928
10.603,0.1767,59.2537,25.5064,1511.35,537.092
10.605,0.1768,59.2406,25.5267,1512.22,537.257
10.608,0.1768,59.2275,25.5211,1511.55,537.421
10.610,0.1768,59.2144,25.5409,1512.39,537.586
10.613,0.1769,59.2013,25.5372,1511.84,537.751
10.615,0.1769,59.1883,25.556,1512.62,537.916
10.618,0.1770,59.1753,25.5546,1512.2,538.08
10.620,0.1770,59.1623,25.5718,1512.89,538.245
10.623,0.1770,59.1494,25.5713,1512.53,538.41
10.625,0.1771,59.1364,25.5816,1512.8,538.575
10.628,0.1771,59.1235,25.611,1514.21,538.74
10.630,0.1772,59.1106,25.7146,1520,538.905
10.633,0.1772,59.0978,25.5529,1510.12,539.07
10.636,0.1773,59.0849,25.5468,1509.43,539.235
10.638,0.1773,59.0721,25.492,1505.87,539.4
10.641,0.1773,59.0592,25.4749,1504.53,539.566
10.643,0.1774,59.0465,25.5056,1506.01,539.731
10.646,0.1774,59.0336,25.513,1506.12,539.896
10.648,0.1775,59.0207,25.5199,1506.2,540.062
10.651,0.1775,59.0079,25.5267,1506.28,540.227
10.653,0.1776,58.9951,25.5331,1506.33,540.393
10.656,0.1776,58.9823,25.5393,1506.37,540.558
10.658,0.1776,58.9695,25.5453,1506.39,540.724
10.661,0.1777,58.9568,25.5509,1506.4,540.889
10.663,0.1777,58.9441,25.5565,1506.4,541.055
10.666,0.1778,58.9314,25.4996,1502.73,541.22
10.668,0.1778,58.9188,25.5049,1502.72,541.386
10.671,0.1778,58.9062,25.5099,1502.69,541.551
10.673,0.1779,58.8937,25.5189,1502.9,541.717
10.676,0.1779,58.8812,25.4957,1501.22,541.882
10.678,0.1780,58.8688,25.5006,1501.19,542.048
10.681,0.1780,58.8564,25.5053,1501.15,542.213
10.683,0.1781,58.844,25.5106,1501.14,542.379
10.686,0.1781,58.8317,25.3995,1494.3,542.544
10.688,0.1781,58.8194,25.5347,1501.94,542.709
10.691,0.1782,58.8071,25.5402,1501.95,542.875
10.693,0.1782,58.7949,25.5463,1501.99,543.04
10.696,0.1783,58.7826,25.5526,1502.05,543.206
10.698,0.1783,58.7704,25.5587,1502.1,543.371
10.701,0.1783,58.7582,25.5666,1502.24,543.536
10.703,0.1784,58.7459,25.5726,1502.29,543.701
10.706,0.1784,58.7336,25.582,1502.52,543.866
10.708,0.1785,58.7214,25.5879,1502.55,544.032
10.711,0.1785,58.709,25.5986,1502.87,544.197
10.713,0.1786,58.6967,25.6205,1503.84,544.362
10.716,0.1786,58.6843,25.6326,1504.23,544.527
10.718,0.1786,58.6719,25.6371,1504.18,544.692
10.721,0.1787,58.6594,25.6497,1504.6,544.857
10.723,0.1787,58.647,25.6538,1504.52,545.022
10.726,0.1788,58.6344,25.7329,1508.83,545.187
10.729,0.1788,58.6218,25.7296,1508.32,545.352
10.731,0.1789,58.6092,25.7479,1509.07,545.516
10.734,0.1789,58.5965,25.7436,1508.49,545.681
10.736,0.1789,58.5838,25.7613,1509.2,545.846
10.739,0.1790,58.5711,25.7558,1508.55,546.011
10.741,0.1790,58.5583,25.7755,1509.37,546.176
10.744,0.1791,58.5455,25.7671,1508.54,546.341
10.746,0.1791,58.5327,25.6874,1503.56,546.506
10.749,0.1791,58.5199,25.6912,1503.44,546.671
10.751,0.1792,58.5071,25.6949,1503.33,546.836
10.754,0.1792,58.4942,25.6981,1503.19,547.001
10.756,0.1793,58.4813,25.7014,1503.05,547.166
10.759,0.1793,58.4684,25.7043,1502.89,547.331
10.761,0.1794,58.4554,25.7072,1502.73,547.496
10.764,0.1794,58.4425,25.6607,1499.68,547.661
10.766,0.1794,58.4295,25.6641,1499.54,547.827
10.769,0.1795,58.4165,25.6227,1496.79,547.992
10.771,0.1795,58.4035,25.6249,1496.58,548.157
10.774,0.1796,58.3905,25.6117,1495.48,548.322
10.776,0.1796,58.3775,25.5463,1491.33,548.488
10.779,0.1796,58.3645,25.5434,1490.83,548.653
10.781,0.1797,58.3514,25.5498,1490.87,548.818
10.784,0.1797,58.3384,25.5439,1490.19,548.984
10.786,0.1798,58.3254,25.5536,1490.42,549.149
10.789,0.1798,58.3125,25.5443,1489.55,549.315
10.791,0.1799,58.2994,25.558,1490.01,549.48
10.794,0.1799,58.2865,25.5448,1488.92,549.646
10.796,0.1799,58.2735,25.5631,1489.65,549.811
10.799,0.1800,58.2607,25.5457,1488.31,549.977
10.801,0.1800,58.2478,25.569,1489.34,550.142
10.804,0.1801,58.2349,25.5474,1487.75,550.308
10.806,0.1801,58.2221,25.5758,1489.08,550.473
10.809,0.1801,58.2093,25.5504,1487.27,550.639
10.811,0.1802,58.1966,25.464,1481.92,550.804
10.814,0.1802,58.1839,25.4046,1478.14,550.97
10.816,0.1803,60.4009,25.4773,1538.85,551.135
10.819,0.1803,60.3885,25.4555,1537.22,551.301
10.821,0.1804,60.376,25.4859,1538.73,551.466
10.824,0.1804,60.3636,25.4848,1538.36,551.632
10.826,0.1804,60.3512,25.4961,1538.72,551.798
10.829,0.1805,60.3389,25.4966,1538.44,551.963
10.832,0.1805,60.3265,25.4873,1537.56,552.129
10.834,0.1806,60.3142,25.5236,1539.44,552.295
10.837,0.1806,60.3019,25.5175,1538.75,552.46
10.839,0.1807,60.2896,25.5393,1539.75,552.626
10.842,0.1807,60.2773,25.526,1538.64,552.792
10.844,0.1807,60.2651,25.5565,1540.16,552.958
10.847,0.1808,60.2528,25.5477,1539.32,553.123
10.849,0.1808,60.2404,25.553,1539.32,553.289
10.852,0.1809,60.2281,25.5567,1539.23,553.455
10.854,0.1809,60.2158,25.5631,1539.31,553.621
10.857,0.1809,60.2035,25.5665,1539.19,553.786
10.859,0.1810,60.1912,25.5738,1539.32,553.952
10.862,0.1810,60.1788,25.577,1539.19,554.118
10.864,0.1811,60.1664,25.5202,1535.46,554.283
10.867,0.1811,60.154,25.5212,1535.21,554.449
10.869,0.1812,60.1417,25.5313,1535.5,554.615
10.872,0.1812,60.1292,25.5319,1535.22,554.78
10.874,0.1812,60.1169,25.5423,1535.52,554.946
10.877,0.1813,60.1044,25.5424,1535.21,555.111
10.879,0.1813,60.092,25.553,1535.53,555.277
10.882,0.1814,60.0795,25.552,1535.15,555.442
10.884,0.1814,60.0671,25.5633,1535.51,555.608
10.887,0.1814,60.0546,25.5604,1535.02,555.774
10.889,0.1815,60.0422,25.5731,1535.47,555.939
10.892,0.1815,60.0297,25.6057,1537.1,556.105
10.894,0.1816,60.0172,25.6257,1537.98,556.27
10.897,0.1816,60.0047,25.584,1535.16,556.436
10.899,0.1817,59.9923,25.6091,1536.35,556.602
10.902,0.1817,59.9798,25.6326,1537.44,556.767
10.904,0.1817,59.9673,25.6688,1539.29,556.933
10.907,0.1818,59.9548,25.6342,1536.89,557.099
10.909,0.1818,59.9424,25.678,1539.2,557.265
10.912,0.1819,59.9298,25.3931,1521.8,557.43
10.914,0.1819,59.9174,25.4164,1522.88,557.596
10.917,0.1819,59.9049,25.3946,1521.26,557.762
10.919,0.1820,59.8924,25.3938,1520.9,557.928
10.922,0.1820,59.8799,25.3562,1518.33,558.094
10.924,0.1821,59.8675,25.4053,1520.95,558.26
10.927,0.1821,59.855,25.3574,1517.77,558.426
10.929,0.1822,59.8426,25.4174,1521.04,558.592
10.932,0.1822,59.8301,25.3081,1514.19,558.758
10.934,0.1822,59.8178,25.3419,1515.9,558.924
10.937,0.1823,59.8053,25.3059,1513.43,559.09
10.939,0.1823,59.793,25.3535,1515.96,559.256
10.942,0.1824,59.7806,25.2099,1507.07,559.422
10.944,0.1824,59.7683,25.2711,1510.41,559.588
10.947,0.1825,59.7559,25.2738,1510.26,559.755
10.950,0.1825,59.7436,25.2765,1510.11,559.921
10.952,0.1825,59.7312,25.3614,1514.87,560.087
10.955,0.1826,59.7189,25.3638,1514.7,560.253
10.957,0.1826,59.7066,25.3663,1514.54,560.42
10.960,0.1827,59.6944,25.3688,1514.38,560.586
10.962,0.1827,59.6821,25.3714,1514.22,560.752
10.965,0.1827,59.6699,25.3741,1514.07,560.919
10.967,0.1828,59.6577,25.3275,1510.98,561.085
10.970,0.1828,59.6455,25.3302,1510.83,561.251
10.972,0.1829,59.6333,25.333,1510.69,561.418
10.975,0.1829,59.6212,25.336,1510.56,561.584
10.977,0.1830,59.609,25.3392,1510.44,561.75
10.980,0.1830,59.5969,25.3427,1510.34,561.917
10.982,0.1830,59.5848,25.3464,1510.26,562.083
10.985,0.1831,59.5726,25.3504,1510.19,562.25
10.987,0.1831,59.5605,25.2228,1502.28,562.416
10.990,0.1832,59.5484,25.2285,1502.32,562.582
10.992,0.1832,59.5363,25.2523,1503.43,562.749
10.995,0.1832,59.5242,25.2099,1500.6,562.915
10.997,0.1833,59.512,25.2806,1504.5,563.082
11.000,0.1833,59.4999,25.4222,1512.62,563.249
11.002,0.1834,59.4877,25.4867,1516.15,563.415
11.005,0.1834,59.4756,25.4899,1516.03,563.582
11.007,0.1835,59.4634,25.5032,1516.51,563.748
11.010,0.1835,59.4512,25.5036,1516.22,563.915
11.012,0.1835,59.439,25.5389,1518.01,564.081
11.015,0.1836,59.4268,25.5313,1517.25,564.248
11.017,0.1836,59.4145,25.5573,1518.47,564.414
11.020,0.1837,59.4024,25.5436,1517.35,564.581
11.022,0.1837,59.3901,25.576,1518.96,564.747
11.025,0.1837,59.3779,25.5296,1515.89,564.914
11.027,0.1838,59.3656,25.5636,1517.6,565.08
11.030,0.1838,59.3535,25.5232,1514.89,565.247
11.032,0.1839,59.3412,25.5663,1517.13,565.413
11.035,0.1839,59.3291,25.5325,1514.82,565.58
11.037,0.1840,59.3167,25.5828,1517.49,565.746
11.040,0.1840,59.3046,25.5405,1514.67,565.913
11.042,0.1840,59.2923,25.598,1517.76,566.079
11.045,0.1841,59.2802,25.5471,1514.44,566.246
11.047,0.1841,59.2679,25.5539,1514.52,566.413
11.050,0.1842,59.2556,25.5601,1514.58,566.579
11.052,0.1842,59.2433,25.5663,1514.63,566.746
11.055,0.1842,59.231,25.572,1514.65,566.912
11.057,0.1843,59.2186,25.5776,1514.67,567.079
11.060,0.1843,59.2063,25.5828,1514.66,567.246
11.062,0.1844,59.1939,25.5879,1514.65,567.412
11.065,0.1844,59.1816,25.5927,1514.62,567.579
11.068,0.1845,59.1692,25.5974,1514.57,567.746
11.070,0.1845,59.1568,25.602,1514.53,567.913
11.073,0.1845,59.1444,25.6063,1514.47,568.08
11.075,0.1846,59.1319,25.6098,1514.36,568.246
11.078,0.1846,59.1195,25.6151,1514.35,568.413
11.080,0.1847,59.107,25.5804,1511.98,568.58
11.083,0.1847,59.0945,25.5894,1512.19,568.747
11.085,0.1848,59.0821,25.5871,1511.74,568.914
11.088,0.1848,59.0695,25.5998,1512.17,569.081
11.090,0.1848,59.0571,25.3389,1496.44,569.248
11.093,0.1849,59.0445,25.368,1497.84,569.415
11.095,0.1849,59.0321,25.3433,1496.07,569.583
11.098,0.1850,59.0195,25.3816,1498.01,569.75
11.100,0.1850,59.0071,25.3467,1495.63,569.917
11.103,0.1850,58.9946,25.3251,1494.04,570.084
11.105,0.1851,58.9822,25.2078,1486.81,570.251
11.108,0.1851,58.9698,25.2488,1488.91,570.418
11.110,0.1852,58.9574,25.2101,1486.32,570.586
11.113,0.1852,58.9451,25.3442,1493.92,570.753
11.115,0.1853,58.9328,25.2907,1490.45,570.92
11.118,0.1853,58.9205,25.3184,1491.77,571.087
11.120,0.1853,58.9083,25.2565,1487.82,571.255
11.123,0.1854,58.8961,25.3319,1491.95,571.422
11.125,0.1854,58.884,25.2137,1484.68,571.59
11.128,0.1855,58.8718,25.2897,1488.85,571.757
11.130,0.1855,58.8598,25.2155,1484.18,571.925
11.133,0.1855,58.8477,25.2986,1488.77,572.092
11.135,0.1856,58.8358,25.2187,1483.76,572.26
11.138,0.1856,58.8238,25.3374,1490.44,572.427
11.140,0.1857,58.8119,25.2464,1484.79,572.595
11.143,0.1857,58.8,25.345,1490.28,572.762
11.145,0.1858,58.7881,25.253,1484.58,572.93
11.148,0.1858,58.7762,25.2565,1484.48,573.098
11.150,0.1858,58.7643,25.297,1486.56,573.265
11.153,0.1859,58.7525,25.2994,1486.4,573.433
11.155,0.1859,58.7406,25.309,1486.66,573.601
11.158,0.1860,58.7287,25.311,1486.48,573.768
11.160,0.1860,58.7169,25.3221,1486.84,573.936
11.163,0.1860,58.705,25.3531,1488.35,574.104
11.165,0.1861,58.6932,25.3644,1488.72,574.271
11.168,0.1861,58.6813,25.3681,1488.63,574.439
11.170,0.1862,58.6695,25.3774,1488.88,574.606
11.173,0.1862,58.6575,25.3846,1489,574.774
11.175,0.1863,58.6457,25.3896,1488.99,574.942
11.178,0.1863,58.6337,25.402,1489.41,575.109
11.180,0.1863,58.6218,25.4009,1489.04,575.277
11.183,0.1864,58.6098,25.4197,1489.84,575.444
11.185,0.1864,58.5979,25.4108,1489.02,575.612
11.188,0.1865,58.5858,25.4372,1490.26,575.779
11.190,0.1865,58.5738,25.4194,1488.91,575.947
11.193,0.1865,58.5617,25.4539,1490.62,576.114
11.195,0.1866,58.5497,25.4268,1488.73,576.282
11.198,0.1866,58.5375,25.4693,1490.91,576.45
11.201,0.1867,58.5254,25.5185,1493.48,576.617
11.203,0.1867,58.5132,25.5372,1494.26,576.785
11.206,0.1868,58.5011,25.5124,1492.5,576.953
11.208,0.1868,58.4888,25.5172,1492.47,577.12
11.211,0.1868,58.4766,25.4202,1486.49,577.288
11.213,0.1869,58.4643,25.5035,1491.04,577.456
11.216,0.1869,58.4521,25.4251,1486.15,577.623
11.218,0.1870,58.4397,25.5168,1491.2,577.791
11.221,0.1870,58.4276,25.4217,1485.33,577.959
11.223,0.1871,58.4152,25.4196,1484.89,578.127
11.226,0.1871,58.403,25.3226,1478.91,578.295
11.228,0.1871,58.3905,25.4344,1485.13,578.463
11.231,0.1872,58.3783,25.3421,1479.43,578.631
11.233,0.1872,58.3659,25.44,1484.83,578.799
11.236,0.1873,58.3537,25.2402,1472.86,578.967
11.238,0.1873,58.3413,25.3008,1476.08,579.135
11.241,0.1873,58.3291,25.2513,1472.89,579.303
11.243,0.1874,60.8814,25.3587,1543.87,579.471
11.246,0.1874,60.8684,25.3122,1540.71,579.639
11.248,0.1875,60.8557,25.2829,1538.61,579.807
11.251,0.1875,60.8429,25.2848,1538.4,579.975
11.253,0.1876,60.8301,25.2867,1538.2,580.143
11.256,0.1876,60.8173,25.2882,1537.96,580.311
11.258,0.1876,60.8046,25.2895,1537.72,580.48
11.261,0.1877,60.7918,25.2853,1537.14,580.648
11.263,0.1877,60.779,25.2868,1536.91,580.816
11.266,0.1878,60.7663,25.2884,1536.68,580.984
11.268,0.1878,60.7535,25.2213,1532.28,581.153
11.271,0.1878,60.7408,25.2228,1532.05,581.321
11.273,0.1879,60.728,25.2244,1531.83,581.489
11.276,0.1879,60.7153,25.2264,1531.63,581.657
11.278,0.1880,60.7026,25.2286,1531.44,581.825
11.281,0.1880,60.6899,25.2315,1531.3,581.994
11.283,0.1881,60.6773,25.2347,1531.17,582.162
11.286,0.1881,60.6647,25.2388,1531.1,582.33
11.288,0.1881,60.6521,25.0528,1519.51,582.498
11.291,0.1882,60.6396,25.0585,1519.53,582.667
11.293,0.1882,60.6271,25.0646,1519.59,582.835
11.296,0.1883,60.6146,25.0714,1519.7,583.003
11.298,0.1883,60.6022,25.0741,1519.55,583.171
11.301,0.1883,60.5898,25.0817,1519.69,583.34
11.303,0.1884,60.5775,25.0902,1519.9,583.508
11.306,0.1884,60.5652,25.0981,1520.07,583.676
11.308,0.1885,60.5529,25.1084,1520.38,583.845
11.311,0.1885,60.5407,25.1154,1520.5,584.013
11.313,0.1886,60.5284,25.1279,1520.95,584.181
11.316,0.1886,60.5163,25.1324,1520.92,584.349
11.318,0.1886,60.5041,25.1209,1519.92,584.518
11.321,0.1887,60.4921,25.1181,1519.45,584.686
11.323,0.1887,60.4799,25.1413,1520.54,584.854
11.326,0.1888,60.468,25.0816,1516.64,585.022
11.328,0.1888,60.4559,25.1101,1518.05,585.19
11.331,0.1888,60.4441,25.0913,1516.62,585.358
11.333,0.1889,60.432,25.1421,1519.38,585.527
11.336,0.1889,60.4202,25.1234,1517.96,585.695
11.338,0.1890,60.4082,25.1539,1519.5,585.863
11.341,0.1890,60.3964,25.1274,1517.6,586.031
11.343,0.1891,60.3844,25.1634,1519.48,586.199
11.346,0.1891,60.3726,25.1292,1517.12,586.367
11.349,0.1891,60.3606,25.1327,1517.03,586.535
11.351,0.1892,60.3486,25.1354,1516.89,586.704
11.354,0.1892,60.3365,25.1047,1514.73,586.872
11.356,0.1893,60.3245,25.1064,1514.53,587.04
11.359,0.1893,60.3125,25.1082,1514.34,587.208
11.361,0.1894,60.3004,25.0161,1508.48,587.376
11.364,0.1894,60.2883,25.0172,1508.25,587.544
11.366,0.1894,60.2762,25.0319,1508.83,587.713
11.369,0.1895,60.2641,25.0328,1508.58,587.881
11.371,0.1895,60.2519,25.0337,1508.33,588.049
11.374,0.1896,60.2398,25.0349,1508.09,588.217
11.376,0.1896,60.2275,25.0372,1507.93,588.385
11.379,0.1896,60.2153,25.0379,1507.67,588.553
11.381,0.1897,60.203,25.1594,1514.67,588.721
11.384,0.1897,60.1907,25.168,1514.88,588.89
11.386,0.1898,60.1784,25.1629,1514.26,589.058
11.389,0.1898,60.1661,25.1759,1514.73,589.226
11.391,0.1899,60.1537,25.1339,1511.9,589.394
11.394,0.1899,60.1413,25.1419,1512.07,589.562
11.396,0.1899,60.1289,25.023,1504.61,589.73
11.399,0.1900,60.1165,25.0361,1505.08,589.899
11.401,0.1900,60.1041,25.0327,1504.57,590.066
11.404,0.1901,60.0917,25.0488,1505.22,590.235
11.406,0.1901,60.0793,25.0545,1505.25,590.403
11.409,0.1901,60.0669,25.0725,1506.02,590.571
11.411,0.1902,60.0545,25.0676,1505.42,590.739
11.414,0.1902,60.0421,25.0875,1506.3,590.907
11.416,0.1903,60.0297,25.0813,1505.62,591.075
11.419,0.1903,60.0174,25.1023,1506.58,591.243
11.421,0.1904,60.0051,25.076,1504.69,591.41
11.424,0.1904,59.9928,25.1012,1505.89,591.578
11.426,0.1904,59.9806,25.0891,1504.86,591.746
11.429,0.1905,59.9684,25.1148,1506.09,591.914
11.431,0.1905,59.9563,25.1014,1504.99,592.082
11.434,0.1906,59.9441,25.1268,1506.2,592.25
11.436,0.1906,59.9321,25.1635,1508.1,592.417
11.439,0.1906,59.92,25.1127,1504.75,592.585
11.441,0.1907,59.9081,25.0926,1503.25,592.753
11.444,0.1907,59.8961,25.1209,1504.65,592.921
11.446,0.1908,59.8843,25.1012,1503.17,593.088
11.449,0.1908,59.8724,25.1044,1503.06,593.256
11.451,0.1909,59.8605,25.1027,1502.66,593.424
11.454,0.1909,59.8486,25.1102,1502.81,593.592
11.456,0.1909,59.8368,25.1039,1502.14,593.759
11.459,0.1910,59.8251,25.1773,1506.23,593.927
11.461,0.1910,59.8134,25.1664,1505.29,594.095
11.464,0.1911,59.8016,25.1828,1505.97,594.263
11.466,0.1911,59.79,25.1685,1504.83,594.43
11.469,0.1911,59.7783,25.1884,1505.72,594.598
11.471,0.1912,59.7667,25.1716,1504.42,594.766
11.474,0.1912,59.755,25.192,1505.35,594.934
11.476,0.1913,59.7435,25.1749,1504.04,595.101
11.479,0.1913,59.7318,25.1975,1505.09,595.269
11.481,0.1914,59.7203,25.1797,1503.74,595.437
11.484,0.1914,59.7086,25.2039,1504.89,595.605
11.486,0.1914,59.6971,25.1519,1501.5,595.772
11.489,0.1915,59.6854,25.1785,1502.79,595.94
11.492,0.1915,59.6738,25.0277,1493.5,596.107
11.494,0.1916,59.6621,25.0629,1495.31,596.275
11.497,0.1916,59.6506,25.0367,1493.46,596.442
11.499,0.1917,59.6389,25.0736,1495.36,596.61
11.502,0.1917,59.6273,25.0557,1494,596.777
11.504,0.1917,59.6155,25.078,1495.04,596.944
11.507,0.1918,59.604,25.0675,1494.12,597.111
11.509,0.1918,59.5922,25.0906,1495.21,597.279
11.512,0.1919,59.5806,25.1743,1499.9,597.445
11.514,0.1919,59.5688,25.1846,1500.22,597.613
11.517,0.1919,59.5572,25.1902,1500.26,597.779
11.519,0.1920,59.5454,25.201,1500.6,597.946
11.522,0.1920,59.5338,25.2075,1500.7,598.113
11.524,0.1921,59.5219,25.222,1501.26,598.279
11.527,0.1921,59.5103,25.2178,1500.72,598.446
11.529,0.1922,59.4985,25.2426,1501.89,598.612
11.532,0.1922,59.4868,25.2357,1501.19,598.779
11.534,0.1922,59.475,25.2626,1502.49,598.945
11.537,0.1923,59.4634,25.248,1501.33,599.111
11.539,0.1923,59.4516,25.2839,1503.17,599.277
11.542,0.1924,59.4399,25.2688,1501.98,599.443
11.544,0.1924,59.4281,25.3698,1507.68,599.609
11.547,0.1924,59.4164,25.1804,1496.13,599.775
11.549,0.1925,59.4047,25.1906,1496.44,599.941
11.552,0.1925,59.3929,25.2013,1496.78,600.107
11.554,0.1926,59.3812,25.2118,1497.11,600.273
11.557,0.1926,59.3694,25.2228,1497.46,600.439
11.559,0.1927,59.3577,25.2332,1497.78,600.604
11.562,0.1927,59.3459,25.2439,1498.12,600.77
11.564,0.1927,59.3342,25.2537,1498.41,600.936
11.567,0.1928,59.3224,25.2131,1495.71,601.101
11.569,0.1928,59.3107,25.222,1495.94,601.267
11.572,0.1929,59.299,25.2308,1496.16,601.432
11.574,0.1929,59.2872,25.2383,1496.31,601.598
11.577,0.1929,59.2755,25.2454,1496.44,601.763
11.579,0.1930,59.2639,25.2513,1496.49,601.929
11.582,0.1930,59.2522,25.2872,1498.32,602.094
11.584,0.1931,59.2406,25.2916,1498.29,602.26
11.587,0.1931,59.229,25.2952,1498.21,602.425
11.589,0.1932,59.2175,25.2656,1496.17,602.59
11.592,0.1932,59.206,25.2677,1496,602.756
11.594,0.1932,59.1945,25.2687,1495.77,602.921
11.597,0.1933,59.1831,25.269,1495.5,603.086
11.599,0.1933,59.1717,25.2683,1495.17,603.252
11.602,0.1934,59.1604,25.2741,1495.22,603.417
11.604,0.1934,59.149,25.279,1495.23,603.583
11.607,0.1935,59.1378,25.294,1495.83,603.748
11.610,0.1935,59.1265,25.3062,1496.27,603.913
11.612,0.1935,59.1154,25.2691,1493.79,604.078
11.615,0.1936,59.1042,25.2856,1494.49,604.244
11.617,0.1936,59.0932,25.2592,1492.65,604.409
11.620,0.1937,59.082,25.2634,1492.61,604.574
11.622,0.1937,59.0711,25.1948,1488.28,604.739
11.625,0.1937,59.06,25.2196,1489.47,604.904
11.627,0.1938,59.0492,25.1893,1487.41,605.068
11.630,0.1938,59.0381,25.1531,1484.99,605.234
11.632,0.1939,59.0274,25.1233,1482.96,605.398
11.635,0.1939,59.0164,25.1515,1484.35,605.563
11.637,0.1940,59.0056,25.124,1482.46,605.727
11.640,0.1940,58.9947,25.1727,1485.06,605.891
11.642,0.1940,58.984,25.1438,1483.08,606.055
11.645,0.1941,58.973,25.3146,1492.88,606.219
11.647,0.1941,58.9624,25.2893,1491.12,606.382
11.650,0.1942,58.9514,25.2914,1490.96,606.546
11.652,0.1942,58.9405,25.1972,1485.14,606.71
11.655,0.1942,58.9295,25.0004,1473.26,606.874
11.657,0.1943,58.9186,25.0036,1473.18,607.037
11.660,0.1943,58.9076,25.0066,1473.08,607.201
11.662,0.1944,58.8966,25.0106,1473.04,607.364
11.665,0.1944,58.8856,25.0144,1472.99,607.527
11.667,0.1945,58.8746,25.0189,1472.98,607.69
11.670,0.1945,58.8636,25.0233,1472.97,607.852
11.672,0.1945,58.8526,25.0284,1472.99,608.015
11.675,0.1946,60.9573,25.0821,1528.94,608.177
11.677,0.1946,60.9449,25.0867,1528.91,608.34
11.680,0.1947,60.9326,25.0972,1529.24,608.502
11.682,0.1947,60.9203,25.0943,1528.75,608.664
11.685,0.1947,60.908,25.1281,1530.5,608.826
11.687,0.1948,60.8957,25.1233,1529.9,608.988
11.690,0.1948,60.8834,25.15,1531.22,609.15
11.692,0.1949,60.8711,25.1474,1530.75,609.311
11.695,0.1949,60.8589,25.1615,1531.3,609.473
11.697,0.1950,60.8467,25.1585,1530.81,609.635
11.700,0.1950,60.8345,25.1728,1531.38,609.796
11.702,0.1950,60.8223,25.1703,1530.91,609.958
11.705,0.1951,60.8101,25.1836,1531.42,610.119
11.707,0.1951,60.798,25.1826,1531.05,610.28
11.710,0.1952,60.7859,25.141,1528.22,610.442
11.713,0.1952,60.7738,25.1434,1528.06,610.603
11.715,0.1953,60.7618,25.0739,1523.53,610.764
11.718,0.1953,60.7497,25.0672,1522.83,610.925
11.720,0.1953,60.7377,25.0773,1523.14,611.086
11.723,0.1954,60.7258,25.0777,1522.86,611.247
11.725,0.1954,60.7138,25.0841,1522.95,611.409
11.728,0.1955,60.7019,25.0888,1522.94,611.569
11.730,0.1955,60.6901,25.0894,1522.68,611.731
11.733,0.1955,60.6782,25.0991,1522.97,611.892
11.735,0.1956,60.6664,25.0931,1522.31,612.053
11.738,0.1956,60.6545,25.1081,1522.92,612.214
11.740,0.1957,60.6428,25.0951,1521.83,612.375
11.743,0.1957,60.631,25.1637,1525.7,612.536
11.745,0.1958,60.6192,25.1401,1523.97,612.697
11.748,0.1958,60.6074,25.1695,1525.46,612.858
11.750,0.1958,60.5957,25.1687,1525.12,613.019
11.753,0.1959,60.584,25.1659,1524.65,613.18
11.755,0.1959,60.5723,25.1651,1524.31,613.342
11.758,0.1960,60.5606,25.1605,1523.74,613.503
11.760,0.1960,60.5489,25.1595,1523.38,613.664
11.763,0.1960,60.5371,25.1537,1522.73,613.825
11.765,0.1961,60.5255,25.1523,1522.36,613.987
11.768,0.1961,60.5137,25.146,1521.68,614.148
11.770,0.1962,60.502,25.1671,1522.66,614.309
11.773,0.1962,60.4902,25.1587,1521.85,614.47
11.775,0.1963,60.4784,25.1582,1521.53,614.632
11.778,0.1963,60.4665,25.1508,1520.78,614.793
11.780,0.1963,60.4548,25.1486,1520.35,614.954
11.783,0.1964,60.4428,25.1435,1519.74,615.115
11.785,0.1964,60.431,25.1401,1519.24,615.277
11.788,0.1965,60.419,25.1386,1518.85,615.438
11.790,0.1965,60.407,25.1321,1518.15,615.599
11.793,0.1965,60.395,25.0612,1513.57,615.76
11.795,0.1966,60.383,25.0501,1512.6,615.921
11.798,0.1966,60.3708,25.0584,1512.79,616.082
11.800,0.1967,60.3587,25.044,1511.62,616.243
11.803,0.1967,60.3465,25.0581,1512.17,616.404
11.805,0.1968,60.3343,25.0404,1510.8,616.565
11.808,0.1968,60.3221,25.0607,1511.72,616.726
11.810,0.1968,60.3098,25.0398,1510.15,616.887
11.813,0.1969,60.2976,25.0664,1511.44,617.048
11.815,0.1969,60.2852,25.0496,1510.12,617.208
11.818,0.1970,60.2729,25.0842,1511.9,617.369
11.820,0.1970,60.2606,25.0334,1508.53,617.529
11.823,0.1970,60.2483,25.0693,1510.38,617.69
11.825,0.1971,60.2359,25.0409,1508.36,617.85
11.828,0.1971,60.2236,25.084,1510.65,618.011
11.830,0.1972,60.2112,25.0516,1508.39,618.171
11.833,0.1972,60.1989,25.1013,1511.07,618.332
11.835,0.1973,60.1865,25.0649,1508.57,618.492
11.838,0.1973,60.1742,25.1207,1511.62,618.653
11.840,0.1973,60.162,25.041,1506.52,618.813
11.843,0.1974,60.1497,25.0091,1504.29,618.974
11.845,0.1974,60.1375,24.9869,1502.65,619.134
11.848,0.1975,60.1253,25.0517,1506.24,619.295
11.851,0.1975,60.1132,24.8207,1492.05,619.455
11.853,0.1976,60.1011,24.8294,1492.27,619.615
11.856,0.1976,60.0891,24.8376,1492.47,619.776
11.858,0.1976,60.077,24.8457,1492.66,619.936
11.861,0.1977,60.065,24.853,1492.8,620.096
11.863,0.1977,60.053,24.8603,1492.94,620.257
11.866,0.1978,60.041,24.8664,1493,620.418
11.868,0.1978,60.0291,24.8725,1493.07,620.578
11.871,0.1978,60.0171,24.8945,1494.09,620.739
11.873,0.1979,60.0051,25.0342,1502.18,620.9
11.876,0.1979,59.9932,24.955,1497.13,621.061
11.878,0.1980,59.9812,24.9584,1497.03,621.222
11.881,0.1980,59.9693,24.9601,1496.84,621.384
11.883,0.1981,59.9573,24.9137,1493.76,621.545
11.886,0.1981,59.9454,24.914,1493.48,621.707
11.888,0.1981,59.9334,24.9145,1493.21,621.868
11.891,0.1982,59.9214,24.9517,1495.14,622.03
11.893,0.1982,59.9094,24.951,1494.8,622.192
11.896,0.1983,59.8974,25.0159,1498.38,622.354
11.898,0.1983,59.8853,25.0141,1497.98,622.516
11.901,0.1983,59.8732,25.0118,1497.54,622.678
11.903,0.1984,59.8612,25.01,1497.13,622.84
11.906,0.1984,59.8491,25.007,1496.65,623.003
11.908,0.1985,59.8369,25.0054,1496.25,623.165
11.911,0.1985,59.8248,25.0022,1495.76,623.328
11.913,0.1986,59.8127,24.9624,1493.07,623.49
11.916,0.1986,59.8005,24.956,1492.38,623.653
11.918,0.1986,59.7883,24.9578,1492.18,623.815
11.921,0.1987,59.7762,24.9512,1491.49,623.978
11.923,0.1987,59.7639,24.9534,1491.31,624.14
11.926,0.1988,59.7517,24.9692,1491.95,624.303
11.928,0.1988,59.7395,24.9699,1491.69,624.465
11.931,0.1988,59.7273,24.9656,1491.12,624.628
11.933,0.1989,59.715,24.9662,1490.86,624.79
11.936,0.1989,59.7028,24.9626,1490.34,624.952
11.938,0.1990,59.6904,24.8978,1486.16,625.115
11.941,0.1990,59.6782,24.8949,1485.69,625.277
11.943,0.1991,59.6658,24.8967,1485.48,625.439
11.946,0.1991,59.6536,24.86,1482.99,625.601
11.948,0.1991,59.6412,24.8268,1480.7,625.763
11.951,0.1992,59.6289,24.8256,1480.32,625.925
11.953,0.1992,59.6166,24.8252,1479.99,626.086
11.956,0.1993,59.6043,24.8247,1479.66,626.248
11.958,0.1993,59.592,24.825,1479.37,626.41
11.961,0.1993,59.5797,24.8252,1479.08,626.571
11.964,0.1994,59.5673,24.8262,1478.83,626.733
11.966,0.1994,59.5549,24.8273,1478.58,626.894
11.969,0.1995,59.5424,24.8571,1480.05,627.056
11.971,0.1995,59.53,24.8594,1479.88,627.217
11.974,0.1996,59.5175,24.8624,1479.75,627.379
11.976,0.1996,59.5049,24.8656,1479.63,627.541
11.979,0.1996,59.4924,24.8702,1479.58,627.702
11.981,0.1997,59.4798,24.8736,1479.47,627.864
11.984,0.1997,59.4671,24.8795,1479.51,628.026
11.986,0.1998,59.4545,24.8187,1475.58,628.188
11.989,0.1998,59.4418,24.7759,1472.72,628.349
11.991,0.1999,59.4291,24.7793,1472.61,628.511
11.994,0.1999,59.4163,24.7879,1472.81,628.673
11.996,0.1999,59.4036,24.8498,1476.17,628.835
11.999,0.2000,59.3908,24.8591,1476.4,628.997
12.001,0.2000,59.378,24.6178,1461.76,629.16
12.004,0.2001,59.3651,24.6157,1461.32,629.322
12.006,0.2001,59.3524,24.6335,1462.05,629.484
12.009,0.2001,59.3395,24.5978,1459.62,629.647
12.011,0.2002,59.3267,24.6141,1460.27,629.809
12.014,0.2002,59.3138,24.6138,1459.94,629.971
12.016,0.2003,59.301,24.6309,1460.64,630.134
12.019,0.2003,59.2881,24.6596,1462.02,630.297
12.021,0.2004,59.2754,24.6703,1462.34,630.459
12.024,0.2004,59.2625,24.6795,1462.57,630.622
12.026,0.2004,59.2498,24.6878,1462.75,630.785
12.029,0.2005,59.2371,24.7014,1463.24,630.948
12.031,0.2005,59.2244,24.7056,1463.17,631.111
12.034,0.2006,59.2118,24.7251,1464.02,631.274
12.036,0.2006,59.1992,24.7233,1463.6,631.437
12.039,0.2006,59.1867,24.6478,1458.82,631.6
12.041,0.2007,59.1742,24.6307,1457.5,631.763
12.044,0.2007,59.1618,24.6725,1459.67,631.927
12.046,0.2008,59.1494,24.6449,1457.73,632.09
12.049,0.2008,59.1371,24.6977,1460.55,632.253
12.051,0.2009,59.1249,24.7044,1460.64,632.416
12.054,0.2009,59.1127,24.7125,1460.82,632.579
12.056,0.2009,59.1006,24.608,1454.35,632.742
12.059,0.2010,59.0886,24.6175,1454.62,632.905
12.061,0.2010,59.0766,24.6202,1454.48,633.068
12.064,0.2011,59.0646,24.6304,1454.79,633.231
12.066,0.2011,59.0527,24.6313,1454.54,633.394
12.069,0.2011,59.0408,24.6744,1456.8,633.557
12.071,0.2012,59.029,24.742,1460.5,633.72
12.074,0.2012,59.0172,24.7429,1460.26,633.883
12.076,0.2013,59.0055,24.7515,1460.47,634.046
12.079,0.2013,58.9936,24.7502,1460.1,634.209
12.082,0.2014,58.982,24.9077,1469.1,634.372
12.084,0.2014,58.9701,24.8917,1467.87,634.536
12.087,0.2014,58.9585,24.9139,1468.88,634.699
12.089,0.2015,58.9466,24.7966,1461.68,634.862
12.092,0.2015,58.935,24.8177,1462.63,635.025
12.094,0.2016,58.9231,24.7186,1456.5,635.188
12.097,0.2016,58.9115,24.7369,1457.29,635.351
12.099,0.2017,58.8996,24.7551,1458.07,635.514
12.102,0.2017,58.8879,24.7726,1458.81,635.677
12.104,0.2017,58.876,24.7582,1457.66,635.841
12.107,0.2018,58.8643,24.7727,1458.23,636.003
12.109,0.2018,58.8523,24.7629,1457.35,636.167
12.112,0.2019,58.8406,24.7732,1457.67,636.33
12.114,0.2019,58.8285,24.7988,1458.87,636.493
12.117,0.2019,58.8168,24.8129,1459.42,636.656
12.119,0.2020,58.8047,24.8076,1458.8,636.82
12.122,0.2020,58.7929,24.8162,1459.02,636.983
12.124,0.2021,58.7808,24.8194,1458.91,637.147
12.127,0.2021,61.2782,24.8437,1522.38,637.31
12.129,0.2022,61.2679,24.8635,1523.33,637.474
12.132,0.2022,61.2569,24.8514,1522.32,637.637
12.134,0.2022,61.2466,24.8784,1523.72,637.801
12.137,0.2023,61.2357,24.8622,1522.45,637.964
12.139,0.2023,61.2254,24.8965,1524.3,638.128
12.142,0.2024,61.2146,24.876,1522.77,638.292
12.144,0.2024,61.2043,24.9175,1525.06,638.456
12.147,0.2024,61.1935,24.8927,1523.27,638.619
12.149,0.2025,61.1834,24.9407,1525.96,638.784
12.152,0.2025,61.1727,24.8918,1522.7,638.947
12.154,0.2026,61.162,24.9027,1523.1,639.111
12.157,0.2026,61.1513,24.9133,1523.48,639.274
12.159,0.2027,61.1407,24.9245,1523.9,639.438
12.162,0.2027,61.1302,24.8548,1519.38,639.601
12.164,0.2027,61.1196,24.8661,1519.81,639.765
12.167,0.2028,61.1091,24.8763,1520.17,639.929
12.169,0.2028,61.0987,24.8871,1520.57,640.092
12.172,0.2029,61.0883,24.8966,1520.89,640.256
12.174,0.2029,61.0779,24.9066,1521.24,640.42
12.177,0.2029,61.0675,24.8723,1518.89,640.584
12.179,0.2030,61.0572,24.8811,1519.17,640.748
12.182,0.2030,61.0469,24.8886,1519.37,640.912
12.184,0.2031,61.0367,24.8961,1519.57,641.076
12.187,0.2031,61.0265,24.9024,1519.71,641.24
12.190,0.2032,61.0163,24.9086,1519.83,641.404
12.192,0.2032,61.0062,24.9139,1519.9,641.568
12.195,0.2032,60.9961,24.9189,1519.95,641.732
12.197,0.2033,60.986,24.9232,1519.97,641.896
12.200,0.2033,60.976,24.9521,1521.48,642.061
12.202,0.2034,60.9661,24.9549,1521.4,642.225
12.205,0.2034,60.9562,24.9547,1521.14,642.389
12.207,0.2035,60.9464,24.9593,1521.18,642.554
12.210,0.2035,60.9366,24.9562,1520.75,642.718
12.212,0.2035,60.9269,24.9627,1520.9,642.882
12.215,0.2036,60.9172,24.888,1516.11,643.047
12.217,0.2036,60.9076,24.9018,1516.71,643.211
12.220,0.2037,60.898,24.7417,1506.72,643.376
12.222,0.2037,60.8885,24.6484,1500.8,643.54
12.225,0.2037,60.879,24.6377,1499.92,643.704
12.227,0.2038,60.8695,24.6498,1500.42,643.869
12.230,0.2038,60.86,24.6383,1499.49,644.033
12.232,0.2039,60.8505,24.6919,1502.52,644.197
12.235,0.2039,60.841,24.6829,1501.73,644.362
12.237,0.2040,60.8315,24.6926,1502.09,644.526
12.240,0.2040,60.822,24.725,1503.82,644.69
12.242,0.2040,60.8124,24.732,1504.02,644.854
12.245,0.2041,60.8029,24.7285,1503.57,645.018
12.247,0.2041,60.7932,24.7341,1503.66,645.182
12.250,0.2042,60.7836,24.7338,1503.41,645.346
12.252,0.2042,60.7737,24.6765,1499.68,645.511
12.255,0.2042,60.7638,24.6786,1499.56,645.675
12.257,0.2043,60.7538,24.6806,1499.44,645.839
12.260,0.2043,60.7438,24.6834,1499.36,646.003
12.262,0.2044,60.7338,24.7244,1501.6,646.167
12.265,0.2044,60.7237,24.7513,1502.99,646.331
12.267,0.2045,60.7135,24.7543,1502.92,646.495
12.270,0.2045,60.7033,24.9594,1515.12,646.659
12.272,0.2045,60.6931,24.8502,1508.24,646.823
12.275,0.2046,60.6828,24.8548,1508.26,646.987
12.277,0.2046,60.6725,24.8598,1508.31,647.152
12.280,0.2047,60.6622,24.8557,1507.8,647.316
12.282,0.2047,60.6519,24.9282,1511.94,647.48
12.285,0.2047,60.6416,24.9148,1510.87,647.645
12.287,0.2048,60.6313,24.9395,1512.11,647.809
12.290,0.2048,60.621,24.9174,1510.52,647.973
12.293,0.2049,60.6107,24.9509,1512.29,648.138
12.295,0.2049,60.6004,24.9209,1510.22,648.302
12.298,0.2050,60.5902,24.9623,1512.47,648.467
12.300,0.2050,60.58,24.9893,1513.85,648.632
12.303,0.2050,60.5699,24.9699,1512.42,648.797
12.305,0.2051,60.5596,24.9167,1508.95,648.961
12.308,0.2051,60.5496,24.9799,1512.52,649.126
12.310,0.2052,60.5395,24.9201,1508.65,649.291
12.313,0.2052,60.5296,24.9892,1512.58,649.456
12.315,0.2053,60.5195,24.9242,1508.4,649.621
12.318,0.2053,60.5098,24.9977,1512.61,649.786
12.320,0.2053,60.4998,24.9291,1508.2,649.951
12.323,0.2054,60.4901,25.0057,1512.6,650.116
12.325,0.2054,60.4802,24.9645,1509.86,650.281
12.328,0.2055,60.4706,25.046,1514.55,650.446
12.330,0.2055,60.4609,24.9709,1509.77,650.611
12.333,0.2055,60.4514,25.053,1514.49,650.776
12.335,0.2056,60.4417,24.9783,1509.73,650.941
12.338,0.2056,60.4323,25.0598,1514.42,651.106
12.340,0.2057,60.4227,24.9865,1509.75,651.272
12.343,0.2057,60.4133,25.0663,1514.34,651.437
12.345,0.2058,60.4039,24.9953,1509.81,651.602
12.348,0.2058,60.3945,25.1173,1516.95,651.767
12.350,0.2058,60.3851,24.9783,1508.32,651.933
12.353,0.2059,60.3757,24.9815,1508.27,652.098
12.355,0.2059,60.3663,24.9765,1507.74,652.263
12.358,0.2060,60.3569,24.9876,1508.17,652.428
12.360,0.2060,60.3476,24.9747,1507.16,652.593
12.363,0.2060,60.3382,24.9476,1505.29,652.758
12.365,0.2061,60.3288,24.9254,1503.72,652.924
12.368,0.2061,60.3194,24.9523,1505.11,653.089
12.370,0.2062,60.3099,24.9228,1503.09,653.254
12.373,0.2062,60.3004,24.9633,1505.3,653.42
12.375,0.2063,60.2909,24.9273,1502.89,653.585
12.378,0.2063,60.2813,24.87,1499.19,653.75
12.380,0.2063,60.2717,24.8221,1496.07,653.916
12.383,0.2064,60.2619,24.8724,1498.86,654.081
12.385,0.2064,60.2522,24.8701,1498.48,654.246
12.388,0.2065,60.2422,24.921,1501.3,654.412
12.391,0.2065,60.2323,24.8665,1497.77,654.577
12.393,0.2066,60.2221,24.8648,1497.41,654.742
12.396,0.2066,60.2121,24.8116,1493.96,654.908
12.398,0.2066,60.2017,24.86,1496.61,655.073
12.401,0.2067,60.1915,24.806,1493.11,655.238
12.403,0.2067,60.181,24.8537,1495.72,655.404
12.406,0.2068,60.1706,24.8,1492.23,655.569
12.408,0.2068,60.1599,24.8463,1494.75,655.734
12.411,0.2068,60.1493,24.7939,1491.33,655.899
12.413,0.2069,60.1385,24.8386,1493.76,656.065
12.416,0.2069,60.1278,24.7881,1490.46,656.23
12.418,0.2070,60.1168,24.8311,1492.77,656.395
12.421,0.2070,60.106,24.7832,1489.62,656.561
12.423,0.2071,60.095,24.8244,1491.82,656.726
12.426,0.2071,60.0841,24.7795,1488.86,656.892
12.428,0.2071,60.0731,24.8193,1490.97,657.057
12.431,0.2072,60.0621,24.7753,1488.06,657.222
12.433,0.2072,60.0512,24.8162,1490.24,657.388
12.436,0.2073,60.0402,24.7732,1487.39,657.553
12.438,0.2073,60.0293,24.8157,1489.67,657.718
12.441,0.2073,60.0184,24.7438,1485.08,657.884
12.443,0.2074,60.0076,24.6522,1479.32,658.049
12.446,0.2074,59.9968,24.7509,1484.97,658.215
12.448,0.2075,59.9861,24.7595,1485.23,658.381
12.451,0.2075,59.9753,24.6805,1480.22,658.546
12.453,0.2076,59.9648,24.6758,1479.68,658.712
12.456,0.2076,59.9543,24.6824,1479.81,658.877
12.458,0.2076,59.9438,24.6887,1479.94,659.043
12.461,0.2077,59.9333,24.6968,1480.16,659.208
12.463,0.2077,59.9229,24.7045,1480.37,659.374
12.466,0.2078,59.9125,24.7136,1480.66,659.54
12.468,0.2078,59.9021,24.7223,1480.92,659.705
12.471,0.2078,59.8918,24.732,1481.24,659.871
12.473,0.2079,59.8814,24.7412,1481.54,660.037
12.476,0.2079,59.871,24.7511,1481.87,660.203
12.478,0.2080,59.8606,24.7604,1482.17,660.369
12.481,0.2080,59.8502,24.7835,1483.3,660.534
12.483,0.2081,59.8398,24.7927,1483.59,660.7
12.486,0.2081,59.8293,24.8019,1483.88,660.866
12.489,0.2081,59.8188,24.8106,1484.14,661.032
12.491,0.2082,59.8083,24.8187,1484.36,661.198
12.494,0.2082,59.7977,24.8264,1484.56,661.365
12.496,0.2083,59.7871,24.8333,1484.71,661.531
12.499,0.2083,59.7765,24.8398,1484.84,661.697
12.501,0.2084,59.7658,24.8452,1484.89,661.863
12.504,0.2084,59.7551,24.8504,1484.94,662.029
12.506,0.2084,59.7444,24.8526,1484.8,662.196
12.509,0.2085,59.7338,24.8579,1484.86,662.362
12.511,0.2085,59.723,24.831,1482.98,662.528
12.514,0.2086,59.7123,24.8347,1482.94,662.694
12.516,0.2086,59.7014,24.8314,1482.47,662.861
12.519,0.2086,59.6907,24.8352,1482.43,663.027
12.521,0.2087,59.6798,24.829,1481.79,663.193
12.524,0.2087,59.6691,24.8334,1481.78,663.36
12.526,0.2088,59.6581,24.824,1480.95,663.526
12.529,0.2088,59.6474,24.8294,1481.01,663.692
12.531,0.2089,59.6363,24.8757,1483.49,663.858
12.534,0.2089,59.6255,24.8879,1483.96,664.024
12.536,0.2089,59.6143,24.8665,1482.4,664.191
12.539,0.2090,59.6034,24.8133,1478.96,664.357
12.541,0.2090,59.5922,24.7885,1477.2,664.523
12.544,0.2091,59.5812,24.8049,1477.91,664.689
12.546,0.2091,59.5698,24.7775,1475.99,664.855
12.549,0.2091,59.5588,24.8479,1479.91,665.021
12.551,0.2092,59.5473,24.8207,1478,665.187
12.554,0.2092,59.5361,24.7307,1472.37,665.353
12.556,0.2093,59.5248,24.661,1467.94,665.519
12.559,0.2093,59.5135,24.6579,1467.48,665.685
12.561,0.2094,59.5021,24.6554,1467.05,665.851
12.564,0.2094,59.4906,24.6533,1466.64,666.017
12.566,0.2094,59.4791,24.6517,1466.26,666.182
12.569,0.2095,61.0323,24.6776,1506.13,666.348
12.571,0.2095,61.0205,24.6874,1506.44,666.514
12.574,0.2096,61.0088,24.6876,1506.16,666.68
12.576,0.2096,60.997,24.7116,1507.33,666.846
12.579,0.2096,60.9852,24.7132,1507.14,667.012
12.581,0.2097,60.9734,24.7131,1506.84,667.178
12.584,0.2097,60.9616,24.7175,1506.82,667.344
12.587,0.2098,60.9497,24.7166,1506.47,667.51
12.589,0.2098,60.9378,24.7239,1506.62,667.676
12.592,0.2099,60.9259,24.4564,1490.03,667.842
12.594,0.2099,60.9139,24.4629,1490.13,668.008
12.597,0.2099,60.902,24.4062,1486.39,668.175
12.599,0.2100,60.89,24.4115,1486.41,668.341
12.602,0.2100,60.878,24.413,1486.22,668.507
12.604,0.2101,60.866,24.4196,1486.32,668.673
12.607,0.2101,60.854,24.4209,1486.11,668.84
12.609,0.2102,60.8419,24.4288,1486.3,669.006
12.612,0.2102,60.83,24.4299,1486.07,669.172
12.614,0.2102,60.8179,24.4366,1486.18,669.339
12.617,0.2103,60.806,24.4438,1486.33,669.505
12.619,0.2103,60.794,24.447,1486.23,669.672
12.622,0.2104,60.7822,24.4554,1486.45,669.839
12.624,0.2104,60.7702,24.4915,1488.35,670.005
12.627,0.2104,60.7585,24.503,1488.76,670.172
12.629,0.2105,60.7466,24.5042,1488.54,670.338
12.632,0.2105,60.735,24.5183,1489.12,670.505
12.634,0.2106,60.7232,24.4963,1487.5,670.672
12.637,0.2106,60.7119,24.5347,1489.55,670.838
12.639,0.2107,60.7001,24.5067,1487.56,671.005
12.642,0.2107,60.689,24.5523,1490.05,671.172
12.644,0.2107,60.6774,24.5169,1487.62,671.338
12.647,0.2108,60.6664,24.5703,1490.59,671.505
12.649,0.2108,60.6549,24.5028,1486.22,671.672
12.652,0.2109,60.6441,24.5647,1489.7,671.839
12.654,0.2109,60.6328,24.5697,1489.73,672.005
12.657,0.2109,60.6215,24.5763,1489.85,672.172
12.659,0.2110,60.6103,24.579,1489.74,672.338
12.662,0.2110,60.5992,24.587,1489.95,672.505
12.664,0.2111,60.5881,24.5156,1485.36,672.672
12.667,0.2111,60.577,24.5246,1485.62,672.838
12.669,0.2112,60.566,24.5231,1485.27,673.005
12.672,0.2112,60.555,24.533,1485.6,673.172
12.674,0.2112,60.544,24.5566,1486.75,673.338
12.677,0.2113,60.5331,24.5678,1487.17,673.505
12.679,0.2113,60.522,24.5617,1486.52,673.671
12.682,0.2114,60.5112,24.5741,1487.01,673.838
12.684,0.2114,60.5001,24.565,1486.19,674.004
12.687,0.2114,60.4893,24.579,1486.77,674.171
12.690,0.2115,60.4781,24.3222,1470.96,674.337
12.692,0.2115,60.4673,24.3188,1470.49,674.504
12.695,0.2116,60.4561,24.2905,1468.51,674.67
12.697,0.2116,60.4453,24.3921,1474.39,674.837
12.700,0.2117,60.4341,24.3654,1472.5,675.003
12.702,0.2117,60.4233,24.3958,1474.08,675.169
12.705,0.2117,60.412,24.3632,1471.83,675.336
12.707,0.2118,60.4013,24.4571,1477.24,675.502
12.710,0.2118,60.39,24.4038,1473.75,675.669
12.712,0.2119,60.3794,24.4918,1478.8,675.835
12.715,0.2119,60.3681,24.4303,1474.81,676.001
12.717,0.2120,60.3575,24.4959,1478.51,676.167
12.720,0.2120,60.3463,24.4262,1474.03,676.334
12.722,0.2120,60.3358,24.5007,1478.27,676.5
12.725,0.2121,60.3246,24.4232,1473.32,676.666
12.727,0.2121,60.3142,24.5065,1478.09,676.833
12.730,0.2122,60.3032,24.422,1472.73,676.999
12.732,0.2122,60.2929,24.5157,1478.12,677.165
12.735,0.2122,60.2821,24.4961,1476.67,677.331
12.737,0.2123,60.2719,24.6014,1482.77,677.498
12.740,0.2123,60.2613,24.4992,1476.35,677.664
12.742,0.2124,60.2513,24.613,1482.97,677.83
12.745,0.2124,60.2408,24.5054,1476.23,677.997
12.747,0.2125,60.231,24.6262,1483.26,678.163
12.750,0.2125,60.2206,24.5148,1476.29,678.329
12.752,0.2125,60.2109,24.6407,1483.64,678.496
12.755,0.2126,60.2007,24.6468,1483.76,678.662
12.757,0.2126,60.1906,24.6534,1483.9,678.828
12.760,0.2127,60.1805,24.4376,1470.66,678.995
12.762,0.2127,60.1704,24.4441,1470.81,679.161
12.765,0.2127,60.1604,24.4503,1470.94,679.327
12.767,0.2128,60.1504,24.4571,1471.11,679.494
12.770,0.2128,60.1405,24.4635,1471.24,679.66
12.772,0.2129,60.1305,24.4961,1472.96,679.826
12.775,0.2129,60.1205,24.5028,1473.12,679.992
12.777,0.2130,60.1106,24.5099,1473.31,680.158
12.780,0.2130,60.1006,24.5166,1473.46,680.325
12.782,0.2130,60.0906,24.5234,1473.63,680.491
12.785,0.2131,60.0806,24.5083,1472.47,680.657
12.787,0.2131,60.0705,24.5568,1475.14,680.823
12.790,0.2132,60.0605,24.5635,1475.3,680.989
12.793,0.2132,60.0504,24.5702,1475.45,681.156
12.795,0.2133,60.0403,24.4926,1470.54,681.322
12.798,0.2133,60.0302,24.3979,1464.61,681.488
12.800,0.2133,60.0201,24.3193,1459.65,681.654
12.803,0.2134,60.01,24.325,1459.75,681.82
12.805,0.2134,59.9999,24.3307,1459.84,681.986
12.808,0.2135,59.9898,24.3276,1459.41,682.152
12.810,0.2135,59.9798,24.3412,1459.98,682.318
12.813,0.2135,59.9697,24.3296,1459.04,682.484
12.815,0.2136,59.9597,24.3511,1460.09,682.65
12.818,0.2136,59.9497,24.3319,1458.69,682.816
12.820,0.2137,59.9398,24.3608,1460.18,682.982
12.823,0.2137,59.9299,24.3349,1458.39,683.148
12.825,0.2138,59.92,24.3706,1460.29,683.314
12.828,0.2138,59.9101,24.3393,1458.17,683.48
12.830,0.2138,59.9004,24.3807,1460.41,683.646
12.833,0.2139,59.8905,24.427,1462.95,683.812
12.835,0.2139,59.8808,24.4693,1465.24,683.978
12.838,0.2140,59.8711,24.4355,1462.98,684.143
12.840,0.2140,59.8614,24.4362,1462.79,684.309
12.843,0.2140,59.8517,24.3972,1460.21,684.475
12.845,0.2141,59.842,24.4488,1463.07,684.64
12.848,0.2141,59.8325,24.4091,1460.46,684.806
12.850,0.2142,59.8228,24.4615,1463.36,684.971
12.853,0.2142,59.8134,24.4224,1460.78,685.137
12.855,0.2143,59.8037,24.5803,1469.99,685.302
12.858,0.2143,59.7941,24.5856,1470.08,685.468
12.860,0.2143,59.7846,24.5907,1470.15,685.633
12.863,0.2144,59.7751,24.5961,1470.23,685.798
12.865,0.2144,59.7657,24.4937,1463.88,685.964
12.868,0.2145,59.7563,24.4983,1463.93,686.129
12.870,0.2145,59.747,24.5022,1463.93,686.294
12.873,0.2145,59.7377,24.5064,1463.95,686.46
12.875,0.2146,59.7285,24.4747,1461.84,686.625
12.878,0.2146,59.7193,24.4793,1461.88,686.79
12.880,0.2147,59.7102,24.4832,1461.89,686.955
12.883,0.2147,59.7011,24.4787,1461.41,687.12
12.886,0.2148,59.692,24.4905,1461.89,687.285
12.888,0.2148,59.683,24.4772,1460.88,687.45
12.891,0.2148,59.6741,24.4967,1461.82,687.615
12.893,0.2149,59.6651,24.5606,1465.41,687.78
12.896,0.2149,59.6562,24.6283,1469.23,687.945
12.898,0.2150,59.6473,24.599,1467.26,688.11
12.901,0.2150,59.6384,24.5776,1465.77,688.275
12.903,0.2151,59.6296,24.5414,1463.39,688.44
12.906,0.2151,59.6207,24.5799,1465.47,688.605
12.908,0.2151,59.6119,24.5393,1462.83,688.77
12.911,0.2152,59.6029,24.5098,1460.86,688.935
12.913,0.2152,59.5941,24.4645,1457.94,689.099
12.916,0.2153,59.5851,24.5115,1460.52,689.264
12.918,0.2153,59.5762,24.4655,1457.56,689.429
12.921,0.2153,59.5672,24.5135,1460.2,689.594
12.923,0.2154,59.5582,24.4685,1457.3,689.758
12.926,0.2154,59.5491,24.5158,1459.89,689.923
12.928,0.2155,59.54,24.4735,1457.15,690.087
12.931,0.2155,59.5308,24.5186,1459.61,690.252
12.933,0.2156,59.5217,24.4803,1457.11,690.416
12.936,0.2156,59.5124,24.5219,1459.36,690.581
12.938,0.2156,59.5032,24.4888,1457.16,690.745
12.941,0.2157,59.4938,24.5477,1460.44,690.91
12.943,0.2157,59.4846,24.5324,1459.3,691.074
12.946,0.2158,59.4751,24.465,1455.06,691.239
12.948,0.2158,59.4658,24.4935,1456.52,691.403
12.951,0.2158,59.4563,24.5039,1456.91,691.567
12.953,0.2159,59.447,24.5073,1456.89,691.731
12.956,0.2159,59.4375,24.4639,1454.07,691.896
12.958,0.2160,59.428,24.4628,1453.78,692.06
12.961,0.2160,59.4186,24.4702,1453.99,692.225
12.963,0.2161,59.4091,24.4655,1453.47,692.389
12.966,0.2161,59.3997,24.4771,1453.93,692.554
12.969,0.2161,59.3903,24.5709,1459.27,692.718
12.971,0.2162,59.3809,24.6144,1461.62,692.883
12.974,0.2162,59.3716,24.6116,1461.23,693.047
12.976,0.2163,59.3623,24.62,1461.5,693.212
12.979,0.2163,59.3531,24.6181,1461.16,693.376
12.981,0.2164,59.3439,24.625,1461.34,693.54
12.984,0.2164,59.3349,24.6252,1461.13,693.704
12.986,0.2164,59.3258,24.6291,1461.14,693.869
12.989,0.2165,59.3168,24.6326,1461.13,694.033
12.991,0.2165,59.3078,24.6319,1460.87,694.197
12.994,0.2166,59.299,24.6398,1461.12,694.361
12.996,0.2166,59.2901,24.6334,1460.51,694.525
12.999,0.2166,59.2813,24.6465,1461.08,694.689
13.001,0.2167,59.2725,24.633,1460.06,694.853
13.004,0.2167,59.2638,24.652,1460.97,695.016
13.006,0.2168,59.255,24.6308,1459.5,695.18
13.009,0.2168,61.1873,24.6819,1510.22,695.344
13.011,0.2169,61.1782,24.3711,1490.98,695.507
13.014,0.2169,61.169,24.4206,1493.78,695.671
13.016,0.2169,61.1599,24.2852,1485.28,695.834
13.019,0.2170,61.1507,24.204,1480.09,695.997
13.021,0.2170,61.1417,24.1228,1474.91,696.161
13.024,0.2171,61.1325,24.2508,1482.51,696.324
13.026,0.2171,61.1233,24.1754,1477.68,696.487
13.029,0.2171,61.1141,24.2419,1481.52,696.65
13.031,0.2172,61.1049,24.1612,1476.36,696.814
13.034,0.2172,61.0956,24.402,1490.85,696.977
13.036,0.2173,61.0863,24.3197,1485.6,697.14
13.039,0.2173,61.0768,24.3898,1489.65,697.303
13.041,0.2174,61.0674,24.3054,1484.27,697.466
13.044,0.2174,61.0579,24.3779,1488.46,697.629
13.046,0.2174,61.0483,24.2921,1482.99,697.792
13.049,0.2175,61.0386,24.3673,1487.35,697.955
13.051,0.2175,61.029,24.2807,1481.82,698.118
13.054,0.2176,61.0192,24.3588,1486.36,698.281
13.056,0.2176,61.0094,24.3236,1483.97,698.444
13.059,0.2177,60.9996,24.3199,1483.5,698.607
13.062,0.2177,60.9897,24.2569,1479.42,698.77
13.064,0.2177,60.9798,24.2548,1479.05,698.933
13.067,0.2178,60.9698,24.2532,1478.71,699.097
13.069,0.2178,60.9599,24.2526,1478.44,699.26
13.072,0.2179,60.9499,24.2526,1478.2,699.423
13.074,0.2179,60.9399,24.2534,1478,699.586
13.077,0.2179,60.9298,24.3707,1484.9,699.749
13.079,0.2180,60.9198,24.3724,1484.76,699.912
13.082,0.2180,60.9098,24.3749,1484.67,700.074
13.084,0.2181,60.8998,24.4032,1486.15,700.237
13.087,0.2181,60.8899,24.3186,1480.76,700.4
13.089,0.2182,60.8799,24.3196,1480.58,700.563
13.092,0.2182,60.87,24.3687,1483.32,700.726
13.094,0.2182,60.8601,24.3697,1483.14,700.889
13.097,0.2183,60.8503,24.3713,1483,701.052
13.099,0.2183,60.8405,24.3716,1482.78,701.214
13.102,0.2184,60.8308,24.3724,1482.59,701.377
13.104,0.2184,60.8211,24.3719,1482.33,701.54
13.107,0.2184,60.8115,24.3719,1482.09,701.703
13.109,0.2185,60.8019,24.3703,1481.76,701.866
13.112,0.2185,60.7924,24.3695,1481.48,702.028
13.114,0.2186,60.7829,24.3678,1481.14,702.191
13.117,0.2186,60.7735,24.3655,1480.78,702.354
13.119,0.2187,60.7641,24.3651,1480.52,702.517
13.122,0.2187,60.7547,24.2986,1476.25,702.68
13.124,0.2187,60.7454,24.2978,1475.98,702.842
13.127,0.2188,60.7361,24.3524,1479.07,703.005
13.129,0.2188,60.727,24.3586,1479.23,703.168
13.132,0.2189,60.7177,24.3445,1478.14,703.331
13.134,0.2189,60.7086,24.3593,1478.82,703.494
13.137,0.2189,60.6994,24.337,1477.24,703.656
13.139,0.2190,60.6903,24.4153,1481.77,703.819
13.142,0.2190,60.6811,24.3913,1480.09,703.982
13.144,0.2191,60.6721,24.4205,1481.64,704.144
13.147,0.2191,60.6629,24.3032,1474.3,704.307
13.149,0.2192,60.6539,24.2881,1473.17,704.469
13.152,0.2192,60.6447,24.2685,1471.76,704.632
13.154,0.2192,60.6358,24.2739,1471.86,704.795
13.157,0.2193,60.6265,24.2719,1471.52,704.957
13.159,0.2193,60.6172,24.2699,1471.17,705.12
13.162,0.2194,60.6079,24.2677,1470.81,705.282
13.165,0.2194,60.5987,24.2655,1470.46,705.445
13.167,0.2195,60.5894,24.2628,1470.07,705.608
13.170,0.2195,60.5801,24.2601,1469.68,705.77
13.172,0.2195,60.5708,24.2567,1469.25,705.932
13.175,0.2196,60.5614,24.2533,1468.82,706.095
13.177,0.2196,60.5521,24.2492,1468.34,706.257
13.180,0.2197,60.5427,24.245,1467.86,706.42
13.182,0.2197,60.5333,24.2401,1467.33,706.582
13.185,0.2197,60.5238,24.1629,1462.43,706.744
13.187,0.2198,60.5143,24.1583,1461.92,706.907
13.190,0.2198,60.5047,24.1477,1461.05,707.069
13.192,0.2199,60.495,24.1943,1463.63,707.231
13.195,0.2199,60.4853,24.1832,1462.73,707.394
13.197,0.2200,60.4755,24.203,1463.69,707.556
13.200,0.2200,60.4657,24.1972,1463.1,707.718
13.202,0.2200,60.4558,24.1885,1462.33,707.881
13.205,0.2201,60.4458,24.1889,1462.12,708.043
13.207,0.2201,60.4357,24.175,1461.04,708.206
13.210,0.2202,60.4256,24.1847,1461.38,708.368
13.212,0.2202,60.4154,24.1633,1459.83,708.53
13.215,0.2202,60.4052,24.1852,1460.91,708.693
13.217,0.2203,60.3949,24.1537,1458.76,708.855
13.220,0.2203,60.3846,24.1904,1460.73,709.017
13.222,0.2204,60.3742,24.0629,1452.78,709.18
13.225,0.2204,60.3638,24.0923,1454.3,709.342
13.227,0.2205,60.3534,24.0586,1452.02,709.505
13.230,0.2205,60.343,24.1036,1454.48,709.667
13.232,0.2205,60.3326,24.0583,1451.5,709.83
13.235,0.2206,60.3222,24.1185,1454.88,709.992
13.237,0.2206,60.3119,24.061,1451.16,710.155
13.240,0.2207,60.3016,24.1364,1455.46,710.317
13.242,0.2207,60.2913,24.0664,1450.99,710.48
13.245,0.2207,60.2811,24.1568,1456.2,710.642
13.247,0.2208,60.2709,24.0745,1450.99,710.805
13.250,0.2208,60.2609,24.179,1457.05,710.967
13.252,0.2209,60.2508,24.085,1451.14,711.13
13.255,0.2209,60.2409,24.1333,1453.81,711.292
13.257,0.2210,60.2309,24.1396,1453.95,711.455
13.260,0.2210,60.221,24.1467,1454.14,711.618
13.262,0.2210,60.2111,24.2044,1457.37,711.781
13.265,0.2211,60.2014,24.2126,1457.63,711.944
13.268,0.2211,60.1916,24.1586,1454.14,712.107
13.270,0.2212,60.182,24.167,1454.42,712.269
13.273,0.2212,60.1723,24.1966,1455.97,712.432
13.275,0.2213,60.1628,24.2016,1456.04,712.595
13.278,0.2213,60.1531,24.2088,1456.24,712.758
13.280,0.2213,60.1438,24.2148,1456.37,712.921
13.283,0.2214,60.1341,24.2192,1456.4,713.084
13.285,0.2214,60.1248,24.2269,1456.64,713.246
13.288,0.2215,60.1151,24.1692,1452.94,713.409
13.290,0.2215,60.1059,24.1118,1449.26,713.572
13.293,0.2215,60.0962,24.1064,1448.7,713.735
13.295,0.2216,60.087,24.1191,1449.24,713.898
13.298,0.2216,60.0773,24.157,1451.28,714.06
13.300,0.2217,60.0681,24.1689,1451.78,714.223
13.303,0.2217,60.0583,24.1527,1450.57,714.386
13.305,0.2218,60.0491,24.1698,1451.37,714.548
13.308,0.2218,60.0393,24.1442,1449.6,714.711
13.310,0.2218,60.03,24.1673,1450.76,714.873
13.313,0.2219,60.0202,24.1318,1448.4,715.036
13.315,0.2219,60.0108,24.1616,1449.96,715.199
13.318,0.2220,60.001,24.116,1446.99,715.361
13.320,0.2220,59.9916,24.1532,1448.99,715.524
13.323,0.2220,59.9818,24.0976,1445.42,715.686
13.325,0.2221,59.9723,24.1429,1447.91,715.848
13.328,0.2221,59.9625,24.0776,1443.76,716.011
13.330,0.2222,59.953,24.1317,1446.77,716.173
13.333,0.2222,59.9432,24.0575,1442.09,716.336
13.335,0.2223,59.9337,24.1187,1445.52,716.498
13.338,0.2223,59.9239,24.0389,1440.5,716.661
13.340,0.2223,59.9143,24.1075,1444.39,716.823
13.343,0.2224,59.9046,24.0582,1441.2,716.986
13.345,0.2224,59.895,24.138,1445.75,717.148
13.348,0.2225,59.8854,24.0483,1440.14,717.311
13.350,0.2225,59.8757,24.1362,1445.17,717.474
13.353,0.2225,59.8661,23.9758,1435.34,717.636
13.355,0.2226,59.8565,24.0035,1436.76,717.799
13.358,0.2226,59.8469,24.0806,1441.15,717.962
13.360,0.2227,59.8373,24.1152,1442.99,718.124
13.363,0.2227,59.8277,24.123,1443.22,718.287
13.366,0.2228,59.8181,24.1342,1443.66,718.45
13.368,0.2228,59.8085,24.1457,1444.12,718.613
13.371,0.2228,59.7989,24.2032,1447.32,718.776
13.373,0.2229,59.7893,24.2183,1448,718.939
13.376,0.2229,59.7797,24.2358,1448.81,719.101
13.378,0.2230,59.7702,24.2536,1449.64,719.264
13.381,0.2230,59.7606,24.273,1450.57,719.427
13.383,0.2231,59.7511,24.2927,1451.52,719.59
13.386,0.2231,59.7416,24.228,1447.42,719.753
13.388,0.2231,59.7321,24.2484,1448.41,719.915
13.391,0.2232,59.7226,24.269,1449.41,720.078
13.393,0.2232,59.7132,24.2896,1450.41,720.241
13.396,0.2233,59.7038,24.3095,1451.37,720.404
13.398,0.2233,59.6944,24.3295,1452.33,720.566
13.401,0.2233,59.6851,24.3481,1453.22,720.729
13.403,0.2234,59.6759,24.2945,1449.8,720.892
13.406,0.2234,59.6667,24.3108,1450.54,721.054
13.408,0.2235,59.6575,24.3268,1451.27,721.217
13.411,0.2235,59.6484,24.2681,1447.55,721.38
13.413,0.2236,59.6394,24.2871,1448.47,721.542
13.416,0.2236,59.6304,24.2858,1448.17,721.705
13.418,0.2236,59.6215,24.3076,1449.25,721.868
13.421,0.2237,59.6126,24.3329,1450.55,722.03
13.423,0.2237,59.6038,24.4302,1456.13,722.193
13.426,0.2238,59.595,24.4177,1455.18,722.356
13.428,0.2238,59.5863,24.436,1456.05,722.518
13.431,0.2238,59.5776,24.4183,1454.78,722.681
13.433,0.2239,59.569,24.4354,1455.59,722.844
13.436,0.2239,59.5604,24.4136,1454.08,723.006
13.438,0.2240,59.5517,24.4285,1454.76,723.169
13.441,0.2240,59.5432,24.4633,1456.63,723.332
13.443,0.2241,59.5346,24.4513,1455.7,723.495
13.446,0.2241,59.5261,24.4502,1455.42,723.657
13.449,0.2241,59.5174,24.4315,1454.1,723.82
13.451,0.2242,59.509,24.464,1455.83,723.983
13.454,0.2242,59.5003,24.473,1456.15,724.145
13.456,0.2243,59.4918,24.4811,1456.43,724.308
13.459,0.2243,59.4831,24.4663,1455.33,724.471
13.461,0.2244,59.4744,24.4507,1454.19,724.634
13.464,0.2244,59.4656,24.3695,1449.15,724.797
13.466,0.2244,59.4569,24.3534,1447.98,724.959
13.469,0.2245,59.4481,24.2716,1442.9,725.122
13.471,0.2245,59.4394,24.2902,1443.8,725.285
13.474,0.2246,59.4306,24.0985,1432.19,725.448
13.476,0.2246,59.4219,24.293,1443.54,725.61
13.479,0.2246,59.4131,24.2343,1439.84,725.773
13.481,0.2247,61.6571,24.259,1495.74,725.936
13.484,0.2247,61.6469,24.2505,1494.97,726.099
13.486,0.2248,61.6367,24.24,1494.08,726.261
13.489,0.2248,61.6265,24.2356,1493.56,726.424
13.491,0.2249,61.6162,24.226,1492.71,726.587
13.494,0.2249,61.606,24.2257,1492.45,726.749
13.496,0.2249,61.5957,24.2172,1491.68,726.912
13.499,0.2250,61.5855,24.2211,1491.67,727.075
13.501,0.2250,61.5752,24.2143,1491,727.238
13.504,0.2251,61.565,24.222,1491.23,727.4
13.506,0.2251,61.5548,24.2319,1491.59,727.563
13.509,0.2251,61.5445,24.2712,1493.76,727.726
13.511,0.2252,61.5343,24.2709,1493.49,727.889
13.514,0.2252,61.524,24.2854,1494.13,728.051
13.516,0.2253,61.5138,24.2856,1493.9,728.214
13.519,0.2253,61.5036,24.3042,1494.79,728.377
13.521,0.2254,61.4934,24.3046,1494.57,728.54
13.524,0.2254,61.4831,24.3267,1495.68,728.702
13.526,0.2254,61.4729,24.3271,1495.46,728.865
13.529,0.2255,61.4627,24.3492,1496.57,729.028
13.531,0.2255,61.4525,24.2854,1492.4,729.191
13.534,0.2256,61.4423,24.3324,1495.04,729.354
13.537,0.2256,61.4321,24.3121,1493.54,729.516
13.539,0.2257,61.4218,24.2711,1490.78,729.679
13.542,0.2257,61.4116,24.2535,1489.45,729.842
13.544,0.2257,61.4014,24.2977,1491.91,730.005
13.547,0.2258,61.3912,24.282,1490.7,730.167
13.549,0.2258,61.381,24.3223,1492.93,730.33
13.552,0.2259,61.3707,24.3103,1491.94,730.493
13.554,0.2259,61.3605,24.3441,1493.77,730.656
13.557,0.2259,61.3502,24.3375,1493.11,730.819
13.559,0.2260,61.3401,24.3466,1493.42,730.981
13.562,0.2260,61.3299,24.3534,1493.59,731.144
13.564,0.2261,61.3198,24.3627,1493.92,731.307
13.567,0.2261,61.3096,24.3667,1493.91,731.47
13.569,0.2262,61.2995,24.3761,1494.24,731.633
13.572,0.2262,61.2894,24.3766,1494.02,731.796
13.574,0.2262,61.2793,24.3861,1494.37,731.959
13.577,0.2263,61.2692,24.3825,1493.9,732.122
13.579,0.2263,61.2592,24.3925,1494.26,732.285
13.582,0.2264,61.2491,24.384,1493.5,732.448
13.584,0.2264,61.2392,24.3946,1493.9,732.611
13.587,0.2264,61.2291,24.3251,1489.4,732.774
13.589,0.2265,61.2192,24.4084,1494.27,732.937
13.592,0.2265,61.2092,24.3028,1487.55,733.1
13.594,0.2266,61.1994,24.3123,1487.9,733.263
13.597,0.2266,61.1894,24.2883,1486.19,733.427
13.599,0.2267,61.1796,24.3377,1488.97,733.59
13.602,0.2267,61.1697,24.3097,1487.02,733.753
13.604,0.2267,61.16,24.3178,1487.28,733.916
13.607,0.2268,61.1501,24.2877,1485.19,734.079
13.609,0.2268,61.1404,24.3305,1487.58,734.242
13.612,0.2269,61.1306,24.305,1485.78,734.405
13.614,0.2269,61.1209,24.301,1485.3,734.568
13.617,0.2269,61.1111,24.3031,1485.19,734.731
13.620,0.2270,61.1014,24.2896,1484.13,734.894
13.622,0.2270,61.0917,24.5249,1498.27,735.058
13.625,0.2271,61.082,24.5143,1497.38,735.221
13.627,0.2271,61.0723,24.5002,1496.28,735.384
13.630,0.2272,61.0626,24.4836,1495.03,735.547
13.632,0.2272,61.0529,24.4788,1494.5,735.71
13.635,0.2272,61.0432,24.4554,1492.84,735.873
13.637,0.2273,61.0335,24.4613,1492.96,736.036
13.640,0.2273,61.0237,24.4313,1490.89,736.199
13.642,0.2274,61.014,24.4043,1489,736.362
13.645,0.2274,61.0043,24.414,1489.36,736.525
13.647,0.2275,60.9946,24.4278,1489.97,736.688
13.650,0.2275,60.9848,24.403,1488.21,736.851
13.652,0.2275,60.975,24.4297,1489.6,737.014
13.655,0.2276,60.9652,24.3994,1487.52,737.177
13.657,0.2276,60.9554,24.438,1489.63,737.34
13.660,0.2277,60.9455,24.44,1489.51,737.503
13.662,0.2277,60.9356,24.4515,1489.97,737.666
13.665,0.2277,60.9256,24.4574,1490.08,737.829
13.667,0.2278,60.9156,24.4663,1490.38,737.992
13.670,0.2278,60.9056,24.4751,1490.67,738.155
13.672,0.2279,60.8956,24.4486,1488.81,738.318
13.675,0.2279,60.8855,24.46,1489.26,738.481
13.677,0.2280,60.8753,24.5226,1492.82,738.645
13.680,0.2280,60.8652,24.536,1493.39,738.808
13.682,0.2280,60.855,24.3697,1483.02,738.971
13.685,0.2281,60.8448,24.3826,1483.55,739.134
13.687,0.2281,60.8345,24.3967,1484.16,739.297
13.690,0.2282,60.8242,24.4105,1484.75,739.46
13.692,0.2282,60.8138,24.3457,1480.56,739.624
13.695,0.2282,60.8034,24.3602,1481.18,739.787
13.697,0.2283,60.793,24.4249,1484.86,739.95
13.700,0.2283,60.7825,24.3395,1479.41,740.113
13.703,0.2284,60.772,24.3546,1480.08,740.276
13.705,0.2284,60.7615,24.3741,1481.01,740.44
13.708,0.2285,60.751,24.3407,1478.72,740.603
13.710,0.2285,60.7404,24.3544,1479.3,740.766
13.713,0.2285,60.7299,24.3624,1479.53,740.929
13.715,0.2286,60.7194,24.3793,1480.3,741.093
13.718,0.2286,60.7089,24.3815,1480.17,741.256
13.720,0.2287,60.6985,24.4011,1481.11,741.419
13.723,0.2287,60.688,24.3972,1480.62,741.583
13.725,0.2288,60.6777,24.4254,1482.08,741.746
13.728,0.2288,60.6672,24.4156,1481.23,741.909
13.730,0.2288,60.657,24.4392,1482.41,742.073
13.733,0.2289,60.6467,24.3652,1477.67,742.236
13.735,0.2289,60.6366,24.388,1478.81,742.4
13.738,0.2290,60.6264,24.3674,1477.31,742.563
13.740,0.2290,60.6164,24.3903,1478.45,742.726
13.743,0.2290,60.6064,24.3643,1476.63,742.89
13.745,0.2291,60.5965,24.3865,1477.74,743.053
13.748,0.2291,60.5866,24.356,1475.64,743.217
13.750,0.2292,60.5768,24.3766,1476.66,743.38
13.753,0.2292,60.567,24.3427,1474.36,743.544
13.755,0.2293,60.5573,24.361,1475.24,743.707
13.758,0.2293,60.5477,24.325,1472.83,743.871
13.760,0.2293,60.5381,24.3146,1471.96,744.034
13.763,0.2294,60.5286,24.3025,1470.99,744.198
13.765,0.2294,60.5191,24.2908,1470.06,744.361
13.768,0.2295,60.5096,24.2775,1469.02,744.524
13.770,0.2295,60.5002,24.2435,1466.74,744.687
13.773,0.2295,60.4909,24.2291,1465.64,744.851
13.775,0.2296,60.4815,24.2163,1464.64,745.014
13.778,0.2296,60.4722,24.1493,1460.36,745.177
13.780,0.2297,60.4629,24.1378,1459.44,745.34
13.783,0.2297,60.4535,24.1257,1458.49,745.504
13.786,0.2298,60.4442,24.1159,1457.66,745.667
13.788,0.2298,60.4348,24.1066,1456.88,745.83
13.791,0.2298,60.4254,24.0983,1456.15,745.993
13.793,0.2299,60.416,24.0922,1455.55,746.157
13.796,0.2299,60.4065,24.086,1454.95,746.32
13.798,0.2300,60.3969,24.1464,1458.37,746.483
13.801,0.2300,60.3873,24.1433,1457.95,746.646
13.803,0.2301,60.3776,24.1437,1457.74,746.81
13.806,0.2301,60.3679,24.1438,1457.51,746.973
13.808,0.2301,60.3581,24.147,1457.47,747.136
13.811,0.2302,60.3481,24.1506,1457.44,747.299
13.813,0.2302,60.3382,24.0625,1451.89,747.463
13.816,0.2303,60.3281,24.0722,1452.23,747.626
13.818,0.2303,60.318,24.0769,1452.27,747.79
13.821,0.2303,60.3078,24.1107,1454.06,747.953
13.823,0.2304,60.2975,24.119,1454.32,748.117
13.826,0.2304,60.2872,24.1716,1457.24,748.28
13.828,0.2305,60.2768,24.1824,1457.64,748.444
13.831,0.2305,60.2663,24.2005,1458.48,748.607
13.833,0.2306,60.2559,24.2123,1458.93,748.771
13.836,0.2306,60.2453,24.1687,1456.05,748.934
13.838,0.2306,60.2348,24.1759,1456.23,749.098
13.841,0.2307,60.2242,24.1612,1455.09,749.262
13.843,0.2307,60.2136,24.1854,1456.29,749.426
13.846,0.2308,60.203,24.1964,1456.69,749.589
13.848,0.2308,60.1924,24.2234,1458.06,749.753
13.851,0.2308,60.1818,24.2315,1458.3,749.917
13.853,0.2309,60.1712,24.2615,1459.84,750.08
13.856,0.2309,60.1606,24.2655,1459.83,750.244
13.858,0.2310,60.1501,24.2985,1461.56,750.408
13.861,0.2310,60.1396,24.3143,1462.25,750.572
13.863,0.2311,60.129,24.3279,1462.81,750.736
13.866,0.2311,60.1186,24.3429,1463.46,750.899
13.869,0.2311,60.1081,24.3535,1463.84,751.063
13.871,0.2312,60.0977,24.3671,1464.41,751.227
13.874,0.2312,60.0873,24.3741,1464.58,751.39
13.876,0.2313,60.0771,24.3177,1460.94,751.554
13.879,0.2313,60.0668,24.3231,1461.01,751.718
13.881,0.2314,60.0567,24.3289,1461.11,751.882
13.884,0.2314,60.0465,24.3859,1464.29,752.046
13.886,0.2314,60.0364,24.3865,1464.08,752.209
13.889,0.2315,60.0263,24.1266,1448.23,752.373
13.891,0.2315,60.0164,24.1178,1447.46,752.537
13.894,0.2316,60.0064,24.2334,1454.16,752.701
13.896,0.2316,59.9966,24.2322,1453.85,752.864
13.899,0.2316,59.9867,24.2141,1452.52,753.028
13.901,0.2317,59.9769,24.2104,1452.07,753.192
13.904,0.2317,59.9671,24.1869,1450.42,753.356
13.906,0.2318,59.9574,24.1809,1449.83,753.52
13.909,0.2318,59.9477,24.1531,1447.92,753.683
13.911,0.2319,59.9381,24.1452,1447.22,753.847
13.914,0.2319,59.9285,24.1146,1445.15,754.011
13.916,0.2319,59.9189,24.0383,1440.35,754.175
13.919,0.2320,59.9094,23.9213,1433.11,754.339
13.921,0.2320,59.8998,23.9661,1435.57,754.502
13.924,0.2321,59.8903,23.9819,1436.28,754.666
13.926,0.2321,59.8808,23.9713,1435.42,754.83
13.929,0.2321,59.8714,23.943,1433.5,754.994
13.931,0.2322,61.1309,23.9786,1465.83,755.157
13.934,0.2322,61.1196,23.9793,1465.61,755.321
13.936,0.2323,61.1081,23.9689,1464.7,755.485
13.939,0.2323,61.0967,23.8994,1460.18,755.649
13.941,0.2324,61.0852,24.0951,1471.85,755.812
13.944,0.2324,61.0737,24.0793,1470.61,755.976
13.946,0.2324,61.0621,24.0802,1470.39,756.14
13.949,0.2325,61.0506,24.0773,1469.93,756.304
13.952,0.2325,61.039,24.0535,1468.2,756.468
13.954,0.2326,61.0275,24.0616,1468.42,756.632
13.957,0.2326,61.0159,24.0607,1468.08,756.795
13.959,0.2327,61.0044,24.081,1469.05,756.959
13.962,0.2327,60.9929,24.0898,1469.31,757.123
13.964,0.2327,60.9814,24.103,1469.83,757.287
13.967,0.2328,60.9699,24.1156,1470.32,757.451
13.969,0.2328,60.9584,24.1323,1471.07,757.615
13.972,0.2329,60.9469,24.148,1471.75,757.779
13.974,0.2329,60.9355,24.1674,1472.65,757.943
13.977,0.2329,60.9241,24.1853,1473.47,758.107
13.979,0.2330,60.9128,24.2063,1474.47,758.271
13.982,0.2330,60.9015,24.2126,1474.58,758.435
13.984,0.2331,60.8903,24.2343,1475.64,758.599
13.987,0.2331,60.8791,24.2544,1476.58,758.763
13.989,0.2332,60.868,24.2757,1477.61,758.927
13.992,0.2332,60.8569,24.3037,1479.05,759.091
13.994,0.2332,60.8459,24.3243,1480.03,759.255
13.997,0.2333,60.835,24.3433,1480.92,759.419
13.999,0.2333,60.8241,24.3096,1478.61,759.583
14.002,0.2334,60.8132,24.3268,1479.39,759.747
14.004,0.2334,60.8024,24.3427,1480.1,759.912
14.007,0.2334,60.7917,24.3577,1480.75,760.076
14.009,0.2335,60.781,24.3708,1481.28,760.24
14.012,0.2335,60.7703,24.3834,1481.78,760.404
14.014,0.2336,60.7597,24.3909,1481.98,760.568
14.017,0.2336,60.7492,24.4035,1482.49,760.732
14.019,0.2337,60.7386,24.3379,1478.25,760.896
14.022,0.2337,60.7282,24.3529,1478.91,761.06
14.024,0.2337,60.7177,24.3444,1478.14,761.225
14.027,0.2338,60.7074,24.2966,1474.98,761.389
14.030,0.2338,60.6969,24.2792,1473.67,761.553
14.032,0.2339,60.6867,24.2991,1474.63,761.717
14.035,0.2339,60.6762,24.0633,1460.07,761.881
14.037,0.2340,60.666,24.0293,1457.76,762.045
14.040,0.2340,60.6555,23.9199,1450.87,762.209
14.042,0.2340,60.6452,23.954,1452.7,762.374
14.045,0.2341,60.6347,23.9351,1451.3,762.538
14.047,0.2341,60.6244,23.9764,1453.55,762.702
14.050,0.2342,60.6138,23.8413,1445.11,762.866
14.052,0.2342,60.6034,23.898,1448.3,763.03
14.055,0.2342,60.5928,23.7258,1437.61,763.195
14.057,0.2343,60.5823,23.7936,1441.47,763.359
14.060,0.2343,60.5716,23.691,1435,763.523
14.062,0.2344,60.561,23.6783,1433.98,763.687
14.065,0.2344,60.5503,23.6651,1432.93,763.851
14.067,0.2345,60.5396,23.6521,1431.89,764.016
14.070,0.2345,60.5289,23.6386,1430.82,764.18
14.072,0.2345,60.5181,23.6258,1429.79,764.344
14.075,0.2346,60.5073,23.6125,1428.73,764.508
14.077,0.2346,60.4964,23.6002,1427.73,764.672
14.080,0.2347,60.4855,23.5876,1426.71,764.836
14.082,0.2347,60.4745,23.6301,1429.02,765
14.085,0.2347,60.4635,23.6189,1428.08,765.164
14.087,0.2348,60.4524,23.6095,1427.25,765.329
14.090,0.2348,60.4413,23.5963,1426.19,765.493
14.092,0.2349,60.4302,23.5927,1425.71,765.657
14.095,0.2349,60.419,23.6219,1427.21,765.821
14.097,0.2350,60.4077,23.6265,1427.22,765.985
14.100,0.2350,60.3964,23.6091,1425.91,766.15
14.102,0.2350,60.385,23.6222,1426.43,766.314
14.105,0.2351,60.3737,23.6019,1424.93,766.478
14.108,0.2351,60.3623,23.6248,1426.04,766.642
14.110,0.2352,60.3509,23.6007,1424.32,766.807
14.113,0.2352,60.3394,23.6347,1426.1,766.971
14.115,0.2353,60.328,23.762,1433.51,767.135
14.118,0.2353,60.3164,23.7944,1435.19,767.3
14.120,0.2353,60.305,23.7732,1433.64,767.464
14.123,0.2354,60.2935,23.8176,1436.05,767.628
14.125,0.2354,60.282,23.7913,1434.19,767.793
14.128,0.2355,60.2705,23.8486,1437.37,767.957
14.130,0.2355,60.2591,23.9855,1445.34,768.122
14.133,0.2355,60.2477,24.0456,1448.69,768.286
14.135,0.2356,60.2363,24.0159,1446.63,768.451
14.138,0.2356,60.2249,24.089,1450.76,768.615
14.140,0.2357,60.2135,24.0515,1448.23,768.78
14.143,0.2357,60.2023,24.1594,1454.45,768.944
14.145,0.2358,60.191,24.1408,1453.06,769.109
14.148,0.2358,60.1799,24.2229,1457.73,769.273
14.150,0.2358,60.1687,24.1833,1455.08,769.438
14.153,0.2359,60.1577,24.1912,1455.29,769.602
14.155,0.2359,60.1466,24.1384,1451.84,769.767
14.158,0.2360,60.1358,24.244,1457.93,769.931
14.160,0.2360,60.1248,24.1827,1453.98,770.095
14.163,0.2360,60.1141,24.2076,1455.22,770.26
14.165,0.2361,60.1035,24.226,1456.07,770.424
14.168,0.2361,60.093,24.2542,1457.5,770.589
14.170,0.2362,60.0824,24.3122,1460.73,770.753
14.173,0.2362,60.0721,24.3433,1462.35,770.917
14.175,0.2363,60.0617,24.3436,1462.12,771.082
14.178,0.2363,60.0515,24.4361,1467.42,771.246
14.181,0.2363,60.0411,24.3712,1463.28,771.411
14.183,0.2364,60.031,24.4024,1464.9,771.575
14.186,0.2364,60.0207,24.4036,1464.72,771.739
14.188,0.2365,60.0107,24.4308,1466.11,771.904
14.191,0.2365,60.0004,24.4007,1464.05,772.068
14.193,0.2366,59.9904,24.4286,1465.48,772.233
14.196,0.2366,59.9801,24.2527,1454.68,772.397
14.198,0.2366,59.9701,24.2829,1456.25,772.562
14.201,0.2367,59.9598,24.2284,1452.73,772.726
14.203,0.2367,59.9497,24.2614,1454.46,772.891
14.206,0.2368,59.9394,24.2293,1452.29,773.055
14.208,0.2368,59.9292,24.2537,1453.51,773.22
14.211,0.2368,59.9189,24.19,1449.44,773.384
14.213,0.2369,59.9086,24.2179,1450.86,773.549
14.216,0.2369,59.8983,24.1472,1446.37,773.713
14.218,0.2370,59.8878,24.1793,1448.05,773.877
14.221,0.2370,59.8775,24.1031,1443.23,774.042
14.223,0.2371,59.8669,24.1401,1445.19,774.206
14.226,0.2371,59.8565,24.0601,1440.16,774.371
14.228,0.2371,59.8459,24.1022,1442.42,774.535
14.231,0.2372,59.8355,24.0206,1437.28,774.699
14.233,0.2372,59.8248,24.034,1437.83,774.863
14.236,0.2373,59.8144,23.9438,1432.18,775.028
14.238,0.2373,59.8037,23.9962,1435.06,775.192
14.241,0.2373,59.7932,23.9196,1430.23,775.356
14.243,0.2374,59.7825,23.9739,1433.22,775.52
14.246,0.2374,59.772,23.8217,1423.87,775.685
14.248,0.2375,59.7613,23.8807,1427.14,775.849
14.251,0.2375,59.7509,23.8146,1422.94,776.013
14.253,0.2376,59.7402,23.8271,1423.43,776.177
14.256,0.2376,59.7298,23.7733,1419.97,776.342
14.259,0.2376,59.7192,23.8279,1422.98,776.506
14.261,0.2377,59.7088,23.7859,1420.23,776.67
14.264,0.2377,59.6982,23.82,1422.01,776.835
14.266,0.2378,59.6876,23.8296,1422.33,776.999
14.269,0.2378,59.6771,23.8389,1422.64,777.163
14.271,0.2379,59.6666,23.8523,1423.18,777.328
14.274,0.2379,59.656,23.8099,1420.4,777.492
14.276,0.2379,59.6455,23.8267,1421.16,777.656
14.279,0.2380,59.635,23.8428,1421.87,777.821
14.281,0.2380,59.6245,23.862,1422.76,777.985
14.284,0.2381,59.614,23.8803,1423.6,778.15
14.286,0.2381,59.6035,23.9009,1424.58,778.314
14.289,0.2381,59.593,23.9802,1429.05,778.479
14.291,0.2382,59.5825,24.0011,1430.05,778.643
14.294,0.2382,59.572,23.9563,1427.12,778.808
14.296,0.2383,59.5615,23.9762,1428.06,778.972
14.299,0.2383,59.551,23.995,1428.92,779.137
14.301,0.2384,59.5405,24.0135,1429.78,779.301
14.304,0.2384,59.53,24.0308,1430.55,779.466
14.306,0.2384,59.5195,24.0471,1431.27,779.63
14.309,0.2385,59.509,23.998,1428.1,779.795
14.311,0.2385,59.4985,24.0105,1428.59,779.959
14.314,0.2386,59.4881,24.022,1429.02,780.124
14.316,0.2386,59.4776,23.8584,1419.04,780.288
14.319,0.2386,59.4672,23.8696,1419.46,780.453
14.321,0.2387,59.4568,23.7593,1412.65,780.617
14.324,0.2387,59.4465,23.7699,1413.04,780.782
14.326,0.2388,59.4361,23.8172,1415.6,780.947
14.329,0.2388,59.4259,23.8294,1416.08,781.111
14.331,0.2389,59.4156,23.8317,1415.97,781.276
14.334,0.2389,59.4054,23.8424,1416.37,781.441
14.337,0.2389,59.3952,23.8221,1414.92,781.605
14.339,0.2390,59.3851,23.8345,1415.42,781.77
14.342,0.2390,59.3749,23.8053,1413.44,781.935
14.344,0.2391,59.3649,23.8207,1414.12,782.099
14.347,0.2391,59.3548,23.7823,1411.6,782.264
14.349,0.2392,59.3448,23.8023,1412.54,782.429
14.352,0.2392,59.3347,23.7547,1409.48,782.593
14.354,0.2392,59.3247,23.7806,1410.78,782.758
14.357,0.2393,59.3147,23.9341,1419.65,782.923
14.359,0.2393,59.3047,23.9501,1420.36,783.087
14.362,0.2394,59.2947,23.9021,1417.27,783.252
14.364,0.2394,59.2848,23.7989,1410.91,783.416
14.367,0.2394,59.2749,23.7872,1409.98,783.579
14.369,0.2395,59.265,23.7759,1409.08,783.742
14.372,0.2395,59.2551,23.7656,1408.23,783.905
14.374,0.2396,59.2451,23.7715,1408.35,784.07
14.377,0.2396,59.235,23.7626,1407.58,784.234
14.379,0.2397,59.225,23.7555,1406.92,784.399
14.382,0.2397,59.215,23.7492,1406.31,784.563
14.384,0.2397,59.2049,23.7452,1405.83,784.728
14.387,0.2398,59.1949,23.7415,1405.37,784.892
14.389,0.2398,59.1848,23.7404,1405.07,785.056
14.392,0.2399,59.1746,23.7397,1404.79,785.221
14.394,0.2399,59.1645,23.741,1404.62,785.385
14.397,0.2399,59.1543,23.7749,1406.39,785.549
14.399,0.2400,59.1441,23.7785,1406.36,785.714
14.402,0.2400,59.1339,23.782,1406.33,785.878
14.404,0.2401,59.1236,23.8259,1408.67,786.042
14.407,0.2401,59.1134,23.7211,1402.23,786.206
14.409,0.2402,59.1031,23.7314,1402.6,786.371
14.412,0.2402,61.1107,23.7851,1453.52,786.535
14.414,0.2402,61.1007,23.8004,1454.22,786.7
14.417,0.2403,61.0906,23.7964,1453.74,786.864
14.419,0.2403,61.0806,23.8169,1454.75,787.029
14.422,0.2404,61.0705,23.8088,1454.02,787.193
14.424,0.2404,61.0605,23.8355,1455.41,787.358
14.427,0.2405,61.0505,23.8228,1454.39,787.522
14.430,0.2405,61.0405,23.8568,1456.23,787.687
14.432,0.2405,61.0305,23.8389,1454.9,787.851
14.435,0.2406,61.0206,23.881,1457.23,788.016
14.437,0.2406,61.0106,24.0188,1465.4,788.18
14.440,0.2407,61.0009,24.1024,1470.27,788.342
14.442,0.2407,60.9909,24.0414,1466.31,788.507
14.445,0.2407,60.9813,24.1344,1471.75,788.669
14.447,0.2408,60.9714,24.1121,1470.15,788.834
14.450,0.2408,60.9617,24.211,1475.94,788.999
14.452,0.2409,60.9518,24.1429,1471.55,789.163
14.455,0.2409,60.9422,24.2488,1477.77,789.328
14.457,0.2410,60.9324,24.1765,1473.13,789.493
14.460,0.2410,60.9229,24.287,1479.64,789.657
14.462,0.2410,60.9132,24.2118,1474.82,789.822
14.465,0.2411,60.9037,24.1507,1470.87,789.987
14.467,0.2411,60.8944,24.1648,1471.5,790.151
14.470,0.2412,60.8851,24.1858,1472.55,790.316
14.472,0.2412,60.8758,24.1947,1472.87,790.48
14.475,0.2412,60.8666,24.2178,1474.06,790.645
14.477,0.2413,60.8574,24.2201,1473.97,790.81
14.480,0.2413,60.8483,24.1995,1472.5,790.975
14.482,0.2414,60.8391,24.1931,1471.89,791.139
14.485,0.2414,60.8302,24.2186,1473.22,791.304
14.487,0.2415,60.821,24.205,1472.17,791.469
14.490,0.2415,60.8121,24.2833,1476.72,791.634
14.492,0.2415,60.803,24.254,1474.72,791.799
14.495,0.2416,60.7941,24.2,1471.22,791.964
14.497,0.2416,60.785,24.163,1468.75,792.129
14.500,0.2417,60.7762,24.1905,1470.2,792.294
14.502,0.2417,60.7671,24.1428,1467.09,792.458
14.505,0.2417,60.7582,24.1322,1466.23,792.624
14.507,0.2418,60.7492,23.9694,1456.12,792.788
14.510,0.2418,60.7406,24.0156,1458.72,792.947
14.512,0.2419,60.7315,23.8692,1449.61,793.112
14.515,0.2419,60.7229,23.9053,1451.6,793.268
14.517,0.2420,60.7139,23.8346,1447.09,793.433
14.520,0.2420,60.7052,23.8755,1449.37,793.591
14.522,0.2420,60.6961,23.743,1441.11,793.755
14.525,0.2421,60.6872,23.9289,1452.17,793.916
14.527,0.2421,60.6781,23.8666,1448.18,794.081
14.530,0.2422,60.6688,23.8992,1449.94,794.246
14.532,0.2422,60.6597,23.8405,1446.16,794.41
14.535,0.2422,60.6503,23.7996,1443.45,794.575
14.537,0.2423,60.6412,23.7469,1440.04,794.739
14.540,0.2423,60.6317,23.8179,1444.12,794.904
14.542,0.2424,60.6225,23.7771,1441.43,795.068
14.545,0.2424,60.613,23.8069,1443.01,795.233
14.547,0.2425,60.6037,23.7757,1440.89,795.397
14.550,0.2425,60.5942,23.8033,1442.34,795.561
14.552,0.2425,60.5848,23.781,1440.77,795.726
14.555,0.2426,60.5752,23.8065,1442.08,795.89
14.557,0.2426,60.5657,23.7916,1440.96,796.055
14.560,0.2427,60.5561,23.8152,1442.16,796.219
14.562,0.2427,60.5466,23.8058,1441.36,796.384
14.565,0.2427,60.537,23.8122,1441.52,796.548
14.567,0.2428,60.5273,23.8196,1441.74,796.712
14.570,0.2428,60.5176,23.8262,1441.91,796.877
14.572,0.2429,60.5079,23.834,1442.14,797.041
14.575,0.2429,60.4981,23.8402,1442.29,797.205
14.577,0.2430,60.4883,23.8958,1445.41,797.37
14.580,0.2430,60.4785,23.9014,1445.52,797.534
14.582,0.2430,60.4686,23.9085,1445.72,797.699
14.585,0.2431,60.4588,23.9134,1445.78,797.864
14.587,0.2431,60.4489,23.92,1445.94,798.028
14.590,0.2432,60.439,23.9243,1445.96,798.193
14.593,0.2432,60.4292,23.9304,1446.09,798.358
14.595,0.2433,60.4193,23.9027,1444.18,798.523
14.598,0.2433,60.4095,23.9077,1444.25,798.688
14.600,0.2433,60.3997,23.9112,1444.23,798.852
14.603,0.2434,60.3899,23.9161,1444.29,799.017
14.605,0.2434,60.3801,23.9583,1446.6,799.182
14.608,0.2435,60.3704,23.9627,1446.64,799.347
14.610,0.2435,60.3607,24.003,1448.84,799.513
14.613,0.2435,60.3511,24.0063,1448.81,799.678
14.615,0.2436,60.3415,24.0101,1448.81,799.843
14.618,0.2436,60.3319,23.8043,1436.16,800.008
14.620,0.2437,60.3224,23.8096,1436.25,800.173
14.623,0.2437,60.313,23.8107,1436.09,800.338
14.625,0.2438,60.3036,23.8172,1436.26,800.503
14.628,0.2438,60.2942,23.8166,1436,800.669
14.630,0.2438,60.2849,23.8242,1436.24,800.834
14.633,0.2439,60.2756,23.756,1431.91,800.999
14.635,0.2439,60.2665,23.7645,1432.2,801.163
14.638,0.2440,60.2573,23.8218,1435.44,801.328
14.640,0.2440,60.2483,23.835,1436.02,801.491
14.643,0.2440,60.2392,23.8225,1435.05,801.656
14.645,0.2441,60.2301,23.8376,1435.74,801.821
14.648,0.2441,60.221,23.8206,1434.5,801.986
14.650,0.2442,60.212,23.8379,1435.33,802.151
14.653,0.2442,60.203,23.8163,1433.81,802.316
14.655,0.2443,60.1939,23.8364,1434.81,802.481
14.658,0.2443,60.1849,23.8106,1433.04,802.646
14.660,0.2443,60.1763,23.8339,1434.24,802.804
14.663,0.2444,60.1673,23.7014,1426.05,802.969
14.665,0.2444,60.1588,23.7006,1425.8,803.122
14.667,0.2445,60.1504,23.7562,1428.95,803.275
14.670,0.2445,60.1419,23.7569,1428.79,803.43
14.672,0.2445,60.1334,23.7579,1428.64,803.585
14.675,0.2446,60.1247,23.7595,1428.53,803.743
14.677,0.2446,60.1158,23.6854,1423.87,803.902
14.679,0.2447,60.1068,23.6882,1423.82,804.065
14.682,0.2447,60.0976,23.6913,1423.79,804.23
14.684,0.2447,60.0884,23.6949,1423.79,804.395
14.687,0.2448,60.0792,23.7447,1426.56,804.559
14.690,0.2448,60.07,23.7486,1426.58,804.724
14.692,0.2449,60.0607,23.7507,1426.48,804.888
14.695,0.2449,60.0516,23.7563,1426.61,805.051
14.697,0.2450,60.0423,23.7562,1426.38,805.216
14.699,0.2450,60.0334,23.7629,1426.57,805.373
14.702,0.2450,60.0241,23.76,1426.17,805.537
14.704,0.2451,60.0153,23.7674,1426.41,805.692
14.707,0.2451,60.006,23.761,1425.8,805.857
14.709,0.2452,59.9972,23.7689,1426.07,806.012
14.712,0.2452,59.9879,23.758,1425.19,806.177
14.714,0.2452,59.9788,23.808,1427.98,806.336
14.717,0.2453,59.9695,23.7933,1426.87,806.501
14.719,0.2453,59.9601,23.8009,1427.11,806.666
14.722,0.2454,59.9508,23.7805,1425.66,806.83
14.724,0.2454,59.9415,23.79,1426.01,806.995
14.727,0.2454,59.9322,23.7639,1424.23,807.16
14.729,0.2455,59.9229,23.7761,1424.73,807.325
14.732,0.2455,59.9136,23.6793,1418.72,807.49
14.734,0.2456,59.9043,23.7844,1424.79,807.655
14.737,0.2456,59.895,23.7453,1422.23,807.819
14.739,0.2457,59.8858,23.748,1422.17,807.984
14.742,0.2457,59.8765,23.7256,1420.61,808.149
14.744,0.2457,59.8672,23.8693,1428.99,808.314
14.747,0.2458,59.8579,23.8416,1427.11,808.479
14.749,0.2458,59.8486,23.8604,1428.01,808.644
14.752,0.2459,59.8392,23.7766,1422.77,808.809
14.754,0.2459,59.8298,23.8352,1426.05,808.974
14.757,0.2459,59.8204,23.5393,1408.13,809.139
14.759,0.2460,59.811,23.5308,1407.4,809.304
14.762,0.2460,59.8015,23.5553,1408.64,809.469
14.764,0.2461,59.792,23.5621,1408.83,809.633
14.767,0.2461,59.7825,23.5751,1409.38,809.798
14.769,0.2462,59.7729,23.584,1409.68,809.963
14.772,0.2462,59.7633,23.6026,1410.57,810.128
14.774,0.2462,59.754,23.5403,1406.63,810.287
14.777,0.2463,59.7443,23.5664,1407.96,810.452
14.779,0.2463,59.7352,23.5742,1408.21,810.607
14.782,0.2464,59.7254,23.6007,1409.56,810.772
14.784,0.2464,59.7163,23.6004,1409.33,810.926
14.787,0.2464,59.7063,23.6451,1411.76,811.09
14.789,0.2465,59.697,23.6408,1411.28,811.247
14.792,0.2465,59.6871,23.6897,1413.97,811.412
14.794,0.2466,59.6773,23.6823,1413.3,811.575
14.797,0.2466,59.6673,23.9209,1427.3,811.74
14.799,0.2467,59.6574,23.8974,1425.66,811.905
14.802,0.2467,59.6475,23.9615,1429.24,812.069
14.804,0.2467,59.6379,23.9306,1427.17,812.229
14.806,0.2468,59.628,23.9976,1430.93,812.394
14.809,0.2468,59.619,23.9574,1428.32,812.546
14.811,0.2469,59.6091,24.0286,1432.32,812.71
14.814,0.2469,59.6004,23.9783,1429.12,812.859
14.816,0.2469,59.5907,24.1007,1436.17,813.024
14.818,0.2470,59.5821,23.9877,1429.23,813.172
14.821,0.2470,59.5725,24.0733,1434.11,813.337
14.823,0.2471,59.5639,24.0514,1432.6,813.487
14.826,0.2471,59.5546,24.0916,1434.76,813.651
14.828,0.2471,59.546,24.0605,1432.7,813.804
14.831,0.2472,59.5369,24.1043,1435.1,813.969
14.833,0.2472,59.5282,24.0643,1432.5,814.126
14.835,0.2473,59.5193,24.1118,1435.12,814.29
14.838,0.2473,59.5106,24.0631,1432.01,814.452
14.840,0.2473,59.502,24.1147,1434.87,814.617
14.843,0.2474,59.4934,24.0572,1431.25,814.781
14.845,0.2474,59.485,24.1126,1434.34,814.945
14.848,0.2475,59.4768,24.0475,1430.27,815.107
14.850,0.2475,59.4685,24.1034,1433.39,815.272
14.853,0.2475,59.4606,23.9813,1425.94,815.432
14.855,0.2476,59.4525,24.0318,1428.75,815.596
14.858,0.2476,59.4449,23.9645,1424.57,815.754
14.860,0.2477,59.4369,24.015,1427.38,815.919
14.863,0.2477,59.4293,23.921,1421.61,816.077
14.865,0.2478,59.4217,23.9099,1420.76,816.237
14.868,0.2478,59.4139,23.8986,1419.91,816.4
14.870,0.2478,59.4062,23.8859,1418.97,816.564
14.873,0.2479,59.3983,23.8735,1418.05,816.728
14.875,0.2479,59.3905,23.9106,1420.06,816.893
14.878,0.2480,59.3826,23.8975,1419.1,817.057
14.880,0.2480,59.3747,23.8835,1418.08,817.221
14.883,0.2480,59.3667,23.8808,1417.73,817.385
14.885,0.2481,59.3588,23.8696,1416.87,817.546
14.888,0.2481,59.3509,23.8602,1416.12,817.705
14.890,0.2482,59.3432,23.9001,1418.31,817.862
14.893,0.2482,59.3353,23.8932,1417.71,818.018
14.895,0.2482,59.3275,23.8183,1413.08,818.174
14.897,0.2483,59.3195,23.8144,1412.66,818.33
14.900,0.2483,59.3114,23.811,1412.27,818.488
14.902,0.2484,59.3032,23.8103,1412.03,818.648
14.905,0.2484,59.2948,23.8103,1411.83,818.809
14.907,0.2485,59.2863,23.8133,1411.8,818.973
14.910,0.2485,59.2777,23.7486,1407.76,819.138
14.912,0.2485,59.2691,23.7557,1407.98,819.302
14.915,0.2486,59.2604,23.7585,1407.94,819.466
14.917,0.2486,59.2517,23.7744,1408.67,819.63
14.920,0.2487,59.243,23.7758,1408.55,819.795
14.922,0.2487,59.2345,23.799,1409.72,819.956
14.925,0.2487,61.249,23.8022,1457.86,820.12
14.927,0.2488,61.2398,23.8312,1459.42,820.274
14.930,0.2488,61.2302,23.8303,1459.13,820.437
14.932,0.2489,61.2213,23.8916,1462.68,820.588
14.934,0.2489,61.2119,23.8911,1462.42,820.75
14.937,0.2489,61.2031,23.9247,1464.27,820.9
14.939,0.2490,61.1937,24.1671,1478.87,821.063
14.941,0.2490,61.185,24.2085,1481.19,821.215
14.944,0.2491,61.1756,24.199,1480.39,821.379
14.946,0.2491,61.1669,24.2395,1482.66,821.533
14.949,0.2491,61.1576,24.2258,1481.59,821.697
14.951,0.2492,61.1489,24.2628,1483.65,821.852
14.954,0.2492,61.1397,24.2458,1482.38,822.016
14.956,0.2493,61.1308,24.3195,1486.67,822.176
14.959,0.2493,61.1216,24.2977,1485.11,822.339
14.961,0.2494,61.1125,24.3024,1485.18,822.503
14.964,0.2494,61.1034,24.3027,1484.98,822.665
14.966,0.2494,61.0945,24.303,1484.78,822.825
14.969,0.2495,61.0856,24.0909,1471.61,822.983
14.971,0.2495,61.0768,24.0879,1471.21,823.14
14.973,0.2496,61.0678,24.1071,1472.17,823.297
14.976,0.2496,61.0588,24.1011,1471.59,823.453
14.978,0.2496,61.0497,24.0925,1470.84,823.611
14.981,0.2497,61.0404,24.0827,1470.02,823.771
14.983,0.2497,61.0309,24.0707,1469.05,823.933
14.986,0.2498,61.0211,23.9893,1463.86,824.096
14.988,0.2498,61.0114,23.9755,1462.78,824.26
14.991,0.2498,61.0015,23.8961,1457.7,824.423
14.993,0.2499,60.9915,23.8148,1452.5,824.586
14.996,0.2499,60.9816,23.7931,1450.94,824.749
14.998,0.2500,60.9715,23.7779,1449.77,824.912
15.001,0.2500,60.9619,23.7563,1448.23,825.067
15.003,0.2501,60.9517,23.739,1446.93,825.23
15.006,0.2501,60.9424,23.7203,1445.57,825.379
15.008,0.2501,60.9321,23.6994,1444.06,825.542
15.010,0.2502,60.923,23.6855,1442.99,825.688
15.013,0.2502,60.9126,23.7039,1443.87,825.85
15.015,0.2503,60.9034,23.6941,1443.05,825.997
15.018,0.2503,60.8931,23.6639,1440.97,826.16
15.020,0.2503,60.8836,23.6599,1440.5,826.311
15.022,0.2504,60.8733,23.626,1438.19,826.474
15.025,0.2504,60.8632,23.5763,1434.93,826.635
15.027,0.2505,60.8529,23.5445,1432.75,826.797
15.030,0.2505,60.8427,23.5433,1432.44,826.961
15.032,0.2505,60.8324,23.511,1430.23,827.124
15.035,0.2506,60.8224,23.5153,1430.26,827.284
15.037,0.2506,60.8122,23.4818,1427.98,827.447
15.040,0.2507,60.8026,23.4935,1428.47,827.6
15.042,0.2507,60.7924,23.4577,1426.05,827.763
15.045,0.2507,60.7829,23.4775,1427.03,827.914
15.047,0.2508,60.7727,23.4394,1424.47,828.077
15.050,0.2508,60.7631,23.4676,1425.96,828.23
15.052,0.2509,60.7527,23.4279,1423.31,828.393
15.054,0.2509,60.7428,23.436,1423.57,828.55
15.057,0.2509,60.7324,23.3401,1417.5,828.713
15.059,0.2510,60.722,23.3456,1417.59,828.876
15.062,0.2510,60.7117,23.3536,1417.84,829.038
15.065,0.2511,60.7013,23.3671,1418.41,829.201
15.067,0.2511,60.6908,23.3776,1418.81,829.363
15.070,0.2512,60.6803,23.3164,1414.85,829.526
15.072,0.2512,60.6696,23.3364,1415.81,829.689
15.074,0.2512,60.6596,23.356,1416.77,829.842
15.077,0.2513,60.6487,23.3826,1418.12,830.005
15.079,0.2513,60.6392,23.4033,1419.16,830.151
15.082,0.2514,60.6281,23.4378,1420.99,830.313
15.084,0.2514,60.6189,23.4579,1421.99,830.455
15.086,0.2514,60.6077,23.501,1424.34,830.617
15.089,0.2515,60.5984,23.52,1425.27,830.758
15.091,0.2515,60.5873,23.6581,1433.38,830.921
15.093,0.2516,60.5776,23.4821,1422.49,831.068
15.096,0.2516,60.5665,23.4723,1421.63,831.23
15.098,0.2516,60.5565,23.4859,1422.22,831.382
15.101,0.2517,60.5455,23.55,1425.85,831.544
15.103,0.2517,60.5356,23.5648,1426.51,831.697
15.106,0.2518,60.5249,23.6267,1430,831.857
15.108,0.2518,60.516,23.6353,1430.31,831.995
15.110,0.2518,60.5056,23.6724,1432.31,832.155
15.112,0.2519,60.4974,23.6501,1430.77,832.286
15.115,0.2519,60.4871,23.7401,1435.97,832.448
15.117,0.2519,60.4792,23.7049,1433.65,832.577
15.119,0.2520,60.4692,23.7985,1439.07,832.739
15.121,0.2520,60.4613,23.7509,1436.01,832.87
15.124,0.2521,60.4517,23.8438,1441.4,833.033
15.126,0.2521,60.4437,23.7854,1437.68,833.17
15.128,0.2521,60.4344,23.9139,1445.22,833.332
15.131,0.2522,60.4261,23.8931,1443.77,833.478
15.133,0.2522,60.4171,24.0018,1450.12,833.64
15.136,0.2523,60.4087,23.9701,1448,833.792
15.138,0.2523,60.4,23.9683,1447.69,833.954
15.141,0.2523,60.3913,23.9305,1445.2,834.113
15.143,0.2524,60.3828,23.9106,1443.79,834.275
15.145,0.2524,60.3745,23.8683,1441.04,834.427
15.148,0.2525,60.3662,23.8327,1438.69,834.588
15.150,0.2525,60.3582,23.7879,1435.79,834.735
15.153,0.2525,60.3497,23.739,1432.64,834.896
15.155,0.2526,60.3418,23.6917,1429.6,835.039
15.157,0.2526,60.3339,23.5447,1420.55,835.181
15.159,0.2527,60.3259,23.4952,1417.37,835.323
15.162,0.2527,60.3178,23.4421,1413.97,835.466
15.164,0.2527,60.3094,23.3918,1410.74,835.611
15.166,0.2528,60.3007,23.3377,1407.28,835.758
15.169,0.2528,60.2915,23.331,1406.66,835.909
15.171,0.2528,60.2819,23.2838,1403.59,836.066
15.173,0.2529,60.2717,23.238,1400.59,836.228
15.176,0.2529,60.2613,23.1933,1397.66,836.39
15.178,0.2530,60.2507,23.1581,1395.29,836.551
15.181,0.2530,60.24,23.1261,1393.12,836.711
15.183,0.2531,60.2292,23.1038,1391.52,836.869
15.186,0.2531,60.2183,23.0858,1390.19,837.024
15.188,0.2531,60.2074,23.0766,1389.39,837.178
15.191,0.2532,60.1964,23.0008,1384.56,837.331
15.193,0.2532,60.1851,23.0407,1386.71,837.484
15.195,0.2533,60.1736,23.0522,1387.14,837.639
15.198,0.2533,60.1619,23.0716,1388.03,837.796
15.200,0.2533,60.1499,23.0689,1387.59,837.955
15.203,0.2534,60.1377,23.1027,1389.34,838.115
15.204,0.2534,60.1325,23.0999,1389.05,838.183
15.205,0.2534,60.126,23.1402,1391.33,838.268
15.207,0.2534,60.1184,23.1525,1391.89,838.366
15.208,0.2535,60.1136,23.1737,1393.06,838.43
15.210,0.2535,60.1012,23.247,1397.17,838.591
15.211,0.2535,60.0969,23.2109,1394.9,838.648
15.213,0.2536,60.0869,23.3275,1401.68,838.778
15.214,0.2536,60.0826,23.2541,1397.17,838.836
15.214,0.2536,60.0809,23.3421,1402.41,838.859
15.215,0.2536,60.0787,23.2762,1398.4,838.888
15.217,0.2536,60.0666,23.4465,1408.35,839.046
15.218,0.2536,60.0646,23.2997,1399.49,839.074
15.220,0.2537,60.0526,23.551,1414.3,839.232
15.221,0.2537,60.0506,23.3256,1400.72,839.26
15.223,0.2537,60.0388,23.6551,1420.22,839.417
15.223,0.2537,60.0367,23.354,1402.1,839.445
15.226,0.2538,60.025,23.8868,1433.81,839.602
15.226,0.2538,60.0229,23.5249,1412.03,839.631
15.229,0.2538,60.0113,23.9869,1439.49,839.788
15.229,0.2538,60.0092,24.004,1440.46,839.818
15.230,0.2538,60.0071,24.0207,1441.41,839.848
15.230,0.2538,60.005,24.0374,1442.36,839.878
15.231,0.2538,60.0029,24.0538,1443.3,839.908
15.231,0.2539,60.0008,24.0702,1444.23,839.939
15.232,0.2539,59.9988,24.0862,1445.15,839.969
15.232,0.2539,59.9967,24.1022,1446.05,839.999
15.232,0.2539,59.9947,24.1179,1446.95,840.029
15.233,0.2539,59.9926,24.1335,1447.83,840.059
15.233,0.2539,59.9906,24.1488,1448.7,840.09
15.234,0.2539,59.9886,24.164,1449.56,840.12
15.234,0.2539,59.9866,24.1757,1450.22,840.15
15.235,0.2539,59.9846,24.1936,1451.24,840.181
15.235,0.2539,59.9826,24.2018,1451.69,840.211
15.236,0.2539,59.9806,24.2223,1452.87,840.242
15.236,0.2539,59.9787,24.227,1453.1,840.272
15.237,0.2539,59.9767,24.2502,1454.45,840.303
15.237,0.2540,59.9747,24.2514,1454.47,840.334
15.238,0.2540,59.9728,24.2772,1455.97,840.365
15.238,0.2540,59.9708,24.2749,1455.78,840.396
15.239,0.2540,59.9689,24.3032,1457.43,840.427
15.239,0.2540,59.9669,24.2973,1457.04,840.459
15.240,0.2540,59.965,24.3281,1458.83,840.49
15.240,0.2540,59.9631,24.3187,1458.22,840.522
15.241,0.2540,59.9611,24.3518,1460.16,840.553
15.241,0.2540,59.9592,24.339,1459.35,840.585
15.242,0.2540,59.9573,24.3744,1461.42,840.617
15.242,0.2540,59.9554,24.3581,1460.4,840.649
15.243,0.2540,59.9535,24.4585,1466.37,840.682
15.243,0.2541,59.9516,24.4437,1465.44,840.714
15.244,0.2541,59.9497,24.4768,1467.38,840.747
15.244,0.2541,59.9477,24.459,1466.26,840.78
15.245,0.2541,59.9459,24.4937,1468.3,840.813
15.245,0.2541,59.9439,24.473,1467.01,840.846
15.246,0.2541,59.9421,24.5091,1469.13,840.88
15.246,0.2541,59.9402,24.4853,1467.66,840.913
15.247,0.2541,59.9383,24.5229,1469.86,840.947
15.247,0.2541,59.9364,24.4961,1468.21,840.981
15.248,0.2541,59.9346,24.535,1470.49,841.015
15.248,0.2541,59.9327,24.5052,1468.66,841.048
15.249,0.2541,59.9308,24.5104,1468.93,841.082
15.249,0.2542,59.929,24.5135,1469.07,841.116
15.250,0.2542,59.9272,24.519,1469.36,841.15
15.250,0.2542,59.9254,24.52,1469.37,841.184
15.251,0.2542,59.9236,24.5259,1469.68,841.218
15.251,0.2542,59.9218,24.5248,1469.57,841.252
15.252,0.2542,59.92,24.539,1470.38,841.287
15.253,0.2542,59.9182,24.5349,1470.09,841.321
15.253,0.2542,59.9165,24.5429,1470.52,841.356
15.254,0.2542,59.9147,24.4892,1467.26,841.39
15.254,0.2542,59.9129,24.4996,1467.84,841.425
15.255,0.2542,59.9111,24.4881,1467.11,841.46
15.255,0.2543,59.9094,24.4995,1467.75,841.495
15.256,0.2543,59.9076,24.4852,1466.85,841.53
15.256,0.2543,59.9058,24.4975,1467.54,841.566
15.257,0.2543,59.904,24.4804,1466.48,841.601
15.257,0.2543,59.9023,24.4937,1467.23,841.637
15.258,0.2543,59.9005,24.4738,1466,841.672
15.259,0.2543,59.8987,24.4881,1466.81,841.708
15.259,0.2543,59.897,24.4654,1465.41,841.744
15.260,0.2543,59.8952,24.4806,1466.27,841.78
15.260,0.2543,59.8934,24.4552,1464.71,841.816
15.261,0.2543,59.8917,24.4713,1465.63,841.852
15.261,0.2544,59.8899,24.4432,1463.9,841.888
15.262,0.2544,59.8882,24.4602,1464.87,841.924
15.262,0.2544,59.8864,24.4295,1462.99,841.96
15.263,0.2544,59.8846,24.4593,1464.73,841.997
15.264,0.2544,59.8829,24.4268,1462.75,842.033
15.264,0.2544,59.8811,24.4439,1463.73,842.07
15.265,0.2544,59.8793,24.409,1461.59,842.106
15.265,0.2544,59.8776,24.4268,1462.62,842.143
15.266,0.2544,59.8758,24.3907,1460.41,842.179
15.266,0.2544,59.874,24.4081,1461.41,842.216
15.267,0.2544,59.8722,24.2707,1453.14,842.253
15.268,0.2545,59.8704,24.287,1454.07,842.29
15.268,0.2545,59.8686,24.2486,1451.73,842.327
15.269,0.2545,59.8668,24.2644,1452.63,842.365
15.269,0.2545,59.8649,24.2251,1450.23,842.402
15.270,0.2545,59.8631,24.2403,1451.1,842.44
15.270,0.2545,59.8612,24.2,1448.64,842.478
15.271,0.2545,59.8594,24.1872,1447.83,842.516
15.272,0.2545,59.8575,24.1736,1446.97,842.554
15.272,0.2545,59.8556,24.1601,1446.12,842.593
15.273,0.2545,59.8538,24.146,1445.23,842.631
15.273,0.2546,59.8519,24.1319,1444.34,842.67
15.274,0.2546,59.85,24.1171,1443.41,842.708
15.275,0.2546,59.848,24.1024,1442.48,842.747
15.275,0.2546,59.8461,24.0871,1441.52,842.786
15.276,0.2546,59.8441,24.0719,1440.56,842.825
15.276,0.2546,59.8422,24.0559,1439.56,842.864
15.277,0.2546,59.8402,24.0401,1438.57,842.903
15.278,0.2546,59.8382,24.0236,1437.53,842.943
15.278,0.2546,59.8361,24.0072,1436.5,842.983
15.279,0.2546,59.834,23.9901,1435.42,843.023
15.280,0.2547,59.8319,23.9721,1434.3,843.063
15.280,0.2547,59.8298,24.2361,1450.04,843.104
15.281,0.2547,59.8276,24.217,1448.85,843.145
15.281,0.2547,59.8255,24.197,1447.6,843.186
15.282,0.2547,59.8232,24.1775,1446.37,843.227
15.283,0.2547,59.821,24.157,1445.1,843.269
15.283,0.2547,59.8187,24.1372,1443.85,843.311
15.284,0.2547,59.8164,24.1199,1442.76,843.353
15.285,0.2547,59.814,24.0966,1441.32,843.396
15.285,0.2548,59.8116,24.0823,1440.4,843.438
15.286,0.2548,59.8093,24.0559,1438.77,843.481
15.287,0.2548,59.8068,24.0445,1438.03,843.524
15.287,0.2548,59.8044,24.0152,1436.22,843.567
15.288,0.2548,59.8019,24.0067,1435.64,843.61
15.289,0.2548,59.7994,23.9746,1433.67,843.653
15.289,0.2548,59.7968,23.969,1433.27,843.698
15.290,0.2548,59.7942,23.9343,1431.14,843.741
15.291,0.2548,59.7915,23.9319,1430.92,843.786
15.292,0.2549,59.7889,23.8947,1428.64,843.831
15.292,0.2549,59.7861,23.8956,1428.63,843.876
15.293,0.2549,59.7834,23.8563,1426.21,843.921
15.294,0.2549,59.7806,23.861,1426.42,843.967
15.294,0.2549,59.7778,23.82,1423.91,844.013
15.295,0.2549,59.7748,23.8289,1424.37,844.06
15.296,0.2549,59.772,23.7871,1421.8,844.106
15.297,0.2549,59.7689,23.7313,1418.39,844.153
15.297,0.2550,59.766,23.7176,1417.5,844.2
15.298,0.2550,59.7631,23.7068,1416.79,844.246
15.299,0.2550,59.7601,23.6975,1416.16,844.293
15.299,0.2550,59.7571,23.6918,1415.75,844.34
15.300,0.2550,59.754,23.6635,1413.99,844.387
15.301,0.2550,59.7509,23.6668,1414.11,844.435
15.302,0.2550,59.7477,23.6757,1414.57,844.483
15.302,0.2550,59.7445,23.6929,1415.52,844.532
15.303,0.2551,59.7412,23.7194,1417.02,844.581
15.304,0.2551,59.7379,23.7584,1419.28,844.631
15.305,0.2551,59.7345,24.0108,1434.27,844.681
15.306,0.2551,59.7311,24.2424,1448.02,844.732
15.306,0.2551,59.7276,24.3115,1452.07,844.783
15.307,0.2551,59.724,24.6885,1474.49,844.835
15.308,0.2551,59.7205,24.7627,1478.84,844.887
15.309,0.2551,59.7167,25.445,1519.49,844.941
15.310,0.2552,59.7131,25.5874,1527.9,844.993
15.310,0.2552,59.7092,26.5736,1586.69,845.049
15.311,0.2552,59.7055,26.8689,1604.22,845.103
15.312,0.2552,61.4874,28.0964,1727.57,845.161
15.313,0.2552,61.4838,28.6143,1759.32,845.216
15.314,0.2552,61.4799,30.3418,1865.41,845.276
15.315,0.2552,61.4761,31.1558,1915.34,845.333
15.316,0.2553,61.4721,33.3658,2051.07,845.395
15.317,0.2553,61.4684,34.5586,2124.26,845.454
15.318,0.2553,61.4642,39.3949,2421.38,845.519
15.319,0.2553,61.4604,41.0756,2524.52,845.58
15.320,0.2553,61.4561,51.1329,3142.43,845.648
15.321,0.2553,61.4521,53.7511,3303.12,845.712
15.322,0.2554,61.4477,57.8905,3557.24,845.785
15.323,0.2554,61.4437,60.6123,3724.24,845.852
15.324,0.2554,61.439,65.2003,4005.84,845.932
15.325,0.2554,61.4349,67.8398,4167.73,846.003
15.327,0.2554,61.43,73.0246,4485.9,846.093
15.328,0.2555,61.4258,82.4986,5067.54,846.17
15.329,0.2555,61.4211,95.9498,5893.34,846.263
15.331,0.2555,61.417,90.8155,5577.62,846.347
15.332,0.2555,61.4133,100.322,6161.1,846.432
15.333,0.2556,61.4097,93.9146,5767.27,846.518
15.334,0.2556,61.4069,102.171,6273.99,846.597
15.336,0.2556,61.4042,103.423,6350.6,846.685
15.337,0.2556,61.4021,105.001,6447.26,846.775
15.339,0.2556,61.4012,105.944,6505.07,846.865
15.340,0.2557,61.4006,104.415,6411.12,846.963
15.342,0.2557,61.4024,104.343,6406.92,847.058
15.343,0.2557,61.4045,102.003,6263.42,847.155
15.345,0.2557,61.41,102.971,6323.46,847.252
15.346,0.2558,61.4158,99.9145,6136.33,847.349
15.348,0.2558,61.4264,100.645,6182.28,847.448
15.349,0.2558,61.4375,97.0307,5961.32,847.544
15.351,0.2558,61.4549,91.5053,5623.45,847.644
15.352,0.2559,61.4731,88.7494,5455.7,847.74
15.354,0.2559,61.4992,87.1803,5361.52,847.839
15.355,0.2559,61.5257,84.6319,5207.03,847.931
15.357,0.2559,61.5619,83.1831,5120.91,848.029
15.358,0.2560,61.6038,79.8797,4920.9,848.13
15.360,0.2560,61.653,78.3994,4833.56,848.226
15.361,0.2560,61.7114,75.7841,4676.75,848.329
15.363,0.2560,61.7757,72.6037,4485.15,848.424
15.364,0.2561,61.8515,70.7956,4378.82,848.526
15.366,0.2561,61.9331,68.2677,4228.03,848.619
15.367,0.2561,62.028,65.9273,4089.33,848.72
15.369,0.2561,62.1292,64.9004,4032.21,848.814
15.370,0.2562,62.2361,62.8484,3911.44,848.907
15.371,0.2562,62.3369,63.4048,3952.46,848.987
15.373,0.2562,62.4619,61.2638,3826.65,849.081
15.374,0.2562,62.5824,62.102,3886.49,849.164
15.376,0.2563,62.728,59.3627,3723.7,849.261
15.377,0.2563,62.8677,60.4703,3801.63,849.346
15.378,0.2563,63.0347,57.4914,3623.95,849.445
15.380,0.2563,63.194,58.7425,3712.18,849.533
15.381,0.2564,63.3705,55.5354,3519.31,849.629
15.383,0.2564,63.5434,56.8792,3614.3,849.718
15.384,0.2564,63.7317,53.7136,3423.26,849.814
15.386,0.2564,63.9163,55.0487,3518.51,849.903
15.387,0.2565,64.1159,51.9935,3333.61,849.999
15.388,0.2565,64.3104,53.2548,3424.84,850.09
15.390,0.2565,64.5196,50.3557,3248.93,850.187
15.391,0.2565,64.7219,51.4816,3331.99,850.279
15.393,0.2565,64.9395,48.7692,3167.05,850.377
15.394,0.2566,65.1478,47.8793,3119.23,850.47
15.396,0.2566,65.3591,46.9539,3068.86,850.564
15.397,0.2566,65.5725,45.5775,2988.63,850.659
15.399,0.2566,65.7876,42.7106,2809.83,850.755
15.400,0.2567,66.0033,42.6093,2812.36,850.851
15.402,0.2567,66.2191,41.6237,2756.29,850.948
15.403,0.2567,66.4314,40.6946,2703.4,851.044
15.405,0.2567,66.6413,39.7629,2649.85,851.14
15.406,0.2568,66.8476,38.8917,2599.82,851.235
15.408,0.2568,67.0531,37.9985,2547.92,851.332
15.409,0.2568,67.2549,37.1813,2500.63,851.428
15.411,0.2568,67.4526,36.2687,2446.42,851.524
15.412,0.2569,67.6458,35.549,2404.74,851.62
15.414,0.2569,67.8345,34.8117,2361.43,851.716
15.415,0.2569,68.0181,34.1693,2324.13,851.812
15.417,0.2569,68.1969,33.522,2286.1,851.908
15.418,0.2570,68.3705,32.9788,2254.78,852.005
15.420,0.2570,68.5389,32.4484,2223.98,852.101
15.421,0.2570,68.7018,36.3897,2500.04,852.198
15.423,0.2570,68.8593,37.1698,2559.49,852.295
15.424,0.2571,69.0111,43.4996,3001.96,852.393
15.426,0.2571,69.1566,42.9503,2970.29,852.491
15.427,0.2571,69.2943,42.6663,2956.53,852.589
15.429,0.2571,69.428,42.0932,2922.44,852.689
15.430,0.2572,69.5512,42.053,2924.84,852.788
15.432,0.2572,69.6727,41.518,2892.67,852.89
15.434,0.2572,69.781,41.7086,2910.47,852.989
15.435,0.2573,69.8895,40.7256,2846.29,853.093
15.437,0.2573,69.9825,41.2088,2883.89,853.194
15.438,0.2573,70.0773,40.937,2868.76,853.299
15.440,0.2573,70.1548,41.4351,2906.87,853.402
15.442,0.2574,70.2353,43.2967,3040.96,853.508
15.443,0.2574,70.2973,43.9549,3089.91,853.612
15.445,0.2574,70.3633,43.8069,3082.4,853.719
15.447,0.2574,70.4104,44.0478,3101.42,853.824
15.448,0.2575,70.4624,44.088,3106.55,853.932
15.450,0.2575,70.4956,42.7544,3014,854.037
15.452,0.2575,70.5347,43.1662,3044.72,854.145
15.453,0.2576,70.5557,39.6032,2794.23,854.251
15.455,0.2576,70.5833,40.3899,2850.85,854.36
15.457,0.2576,70.5941,39.7112,2803.38,854.467
15.458,0.2576,70.6003,38.8701,2744.24,854.575
15.460,0.2577,70.6032,44.864,3167.54,854.682
15.462,0.2577,70.6028,45.0971,3183.98,854.79
15.463,0.2577,70.6005,44.5333,3144.07,854.898
15.465,0.2578,70.5967,43.8639,3096.65,855.007
15.467,0.2578,70.5926,43.381,3062.38,855.115
15.468,0.2578,70.5889,42.8473,3024.54,855.225
15.470,0.2578,70.5866,42.3281,2987.8,855.334
15.472,0.2579,70.5866,40.4357,2854.22,855.445
15.474,0.2579,70.59,40.4577,2855.91,855.555
15.475,0.2579,70.5976,40.6623,2870.67,855.667
15.477,0.2580,70.6103,40.747,2877.16,855.778
15.479,0.2580,70.6295,41.3083,2917.58,855.89
15.481,0.2580,70.6552,42.1568,2978.6,856.002
15.482,0.2580,70.6892,42.3711,2995.18,856.115
15.484,0.2581,70.7314,42.8358,3029.84,856.227
15.486,0.2581,70.7829,43.85,3103.83,856.34
15.488,0.2581,70.8441,44.3511,3142.01,856.454
15.489,0.2582,70.9147,45.6147,3234.75,856.568
15.491,0.2582,70.9969,46.093,3272.46,856.682
15.493,0.2582,71.0874,47.5879,3382.9,856.796
15.495,0.2582,71.1912,47.978,3415.61,856.912
15.497,0.2583,71.3014,52.0604,3711.98,857.027
15.498,0.2583,71.4265,53.3418,3810.02,857.145
15.500,0.2583,71.5547,54.1512,3874.77,857.261
15.502,0.2584,71.6998,55.1604,3954.99,857.38
15.504,0.2584,71.8403,55.7572,4005.62,857.494
15.506,0.2584,72.0024,56.4958,4067.83,857.616
15.507,0.2585,72.1521,55.2934,3989.54,857.728
15.509,0.2585,72.3235,55.7089,4029.07,857.849
15.511,0.2585,72.4806,55.3533,4012.04,857.962
15.513,0.2585,72.6565,55.4057,4025.58,858.081
15.515,0.2586,72.8215,54.6761,3981.6,858.197
15.517,0.2586,72.999,54.4332,3973.57,858.315
15.518,0.2586,73.1722,57.8774,4235.02,858.436
15.520,0.2587,73.3491,57.0111,4181.71,858.554
15.522,0.2587,73.5217,55.4514,4076.88,858.676
15.524,0.2587,73.6953,54.9847,4052.11,858.793
15.526,0.2588,73.86,53.326,3938.66,858.912
15.528,0.2588,74.0291,51.0099,3776.22,859.029
15.529,0.2588,74.1971,49.9092,3703.12,859.148
15.531,0.2589,74.3618,48.1397,3579.75,859.266
15.533,0.2589,74.5291,47.3726,3530.64,859.388
15.535,0.2589,74.6901,45.2737,3381.5,859.509
15.537,0.2590,74.8572,43.2485,3237.46,859.637
15.539,0.2590,75.0148,38.3677,2878.14,859.76
15.541,0.2590,75.1802,38.7294,2911.69,859.891
15.543,0.2590,75.3346,35.3532,2663.32,860.018
15.545,0.2591,75.4947,35.3428,2668.2,860.148
15.547,0.2591,75.6464,30.7712,2327.73,860.276
15.549,0.2591,75.8024,33.033,2503.98,860.404
15.551,0.2592,75.9528,28.6877,2178.91,860.533
15.553,0.2592,76.11,31.8483,2423.98,860.66
15.555,0.2592,76.2598,27.1813,2072.84,860.788
15.557,0.2593,76.4215,31.075,2374.8,860.914
15.559,0.2593,76.572,28.2491,2163.09,861.042
15.561,0.2593,76.7394,30.1157,2311.06,861.166
15.563,0.2594,76.8931,31.4761,2420.29,861.292
15.564,0.2594,77.0705,33.6424,2592.84,861.416
15.566,0.2594,77.2302,32.4836,2508.72,861.543
15.568,0.2595,77.4216,34.3053,2655.97,861.669
15.570,0.2595,77.5891,34.2519,2657.57,861.798
15.572,0.2595,77.7914,35.7412,2780.36,861.925
15.574,0.2596,77.9669,36.5476,2849.5,862.056
15.576,0.2596,78.1774,37.3685,2921.37,862.184
15.578,0.2596,78.3592,39.6962,3110.56,862.317
15.580,0.2597,78.5752,39.5038,3104.02,862.447
15.582,0.2597,78.7577,42.632,3357.6,862.581
15.584,0.2597,78.9723,41.6933,3292.62,862.711
15.587,0.2598,79.1509,45.3911,3592.74,862.845
15.588,0.2598,79.356,43.3408,3439.35,862.973
15.591,0.2598,79.5277,47.7055,3793.91,863.106
15.593,0.2599,79.7197,44.7036,3563.75,863.234
15.595,0.2599,80.7845,50.5811,4086.17,863.364
15.596,0.2599,80.8813,46.8089,3785.97,863.488
15.598,0.2600,80.9925,53.3784,4323.25,863.615
15.600,0.2600,81.0756,47.4301,3845.42,863.737
15.602,0.2600,81.1789,53.7391,4362.48,863.862
15.604,0.2601,81.2511,46.9875,3817.79,863.984
15.606,0.2601,81.3473,46.8813,3813.67,864.108
15.608,0.2601,81.4384,46.5499,3790.95,864.23
15.610,0.2602,81.525,46.2259,3768.57,864.353
15.612,0.2602,81.6075,45.6879,3728.47,864.475
15.614,0.2602,81.6865,45.1612,3689.06,864.598
15.615,0.2603,81.7626,44.2994,3622.03,864.72
15.617,0.2603,81.8362,43.5986,3567.95,864.843
15.619,0.2603,81.9081,42.7475,3501.36,864.967
15.621,0.2604,81.979,41.8867,3433.83,864.499
15.623,0.2604,82.0498,40.929,3358.22,864.623
15.625,0.2604,82.1211,39.9616,3281.69,864.749
15.627,0.2605,82.1943,38.9619,3202.45,864.875
15.629,0.2605,82.2698,37.9548,3122.53,861.876
15.631,0.2605,82.3493,36.2444,2984.7,862.003
15.633,0.2605,82.4335,35.1745,2899.55,862.131
15.635,0.2606,82.5239,34.2183,2823.83,862.259
15.637,0.2606,82.6214,33.2809,2749.71,862.389
15.639,0.2606,82.7273,32.5249,2690.7,862.519
15.641,0.2607,82.8425,31.8126,2635.43,862.651
15.643,0.2607,82.9682,31.3351,2599.82,862.784
15.645,0.2608,83.1051,30.9256,2570.08,862.918
15.645,0.2608,83.113,31.3066,2601.99,862.925
15.645,0.2608,83.1298,30.8177,2561.87,862.942
15.646,0.2608,83.141,31.2732,2600.08,862.953
15.646,0.2608,83.1513,30.7561,2557.41,862.963
15.646,0.2608,83.1666,31.2331,2597.55,862.977
15.646,0.2608,83.1747,30.7124,2554.5,862.985
15.646,0.2608,83.1942,31.1874,2594.61,863.003
15.647,0.2608,83.2014,30.6791,2552.54,863.01
15.647,0.2608,83.2151,31.1586,2592.87,863.023
15.647,0.2608,83.2221,30.6503,2550.79,863.03
15.647,0.2608,83.2444,31.1171,2590.33,863.05
15.647,0.2608,83.251,30.6285,2549.86,863.056
15.648,0.2608,83.2722,31.0822,2588.28,863.075
15.648,0.2608,83.2787,30.6121,2549.34,863.081
15.648,0.2608,83.3004,31.0508,2586.55,863.101
15.648,0.2608,83.3068,30.6007,2549.24,863.107
15.648,0.2608,83.3307,31.0212,2585.01,863.128
15.648,0.2608,83.3371,30.5942,2549.63,863.134
15.649,0.2608,83.3653,30.9915,2583.61,863.159
15.649,0.2608,83.3716,30.9911,2583.78,863.164
15.649,0.2608,83.3779,30.9913,2583.99,863.17
15.649,0.2608,83.3842,30.9916,2584.21,863.176
15.649,0.2608,83.3905,30.9925,2584.48,863.181
15.649,0.2608,83.3969,30.9933,2584.75,863.187
15.649,0.2608,83.4033,30.9948,2585.07,863.193
15.649,0.2608,83.4096,30.9963,2585.39,863.198
15.650,0.2608,83.4161,30.9983,2585.76,863.204
15.650,0.2608,83.4225,31.0004,2586.13,863.21
15.650,0.2608,83.4289,31.0031,2586.56,863.215
15.650,0.2608,83.4354,31.0058,2586.98,863.221
15.650,0.2608,83.4419,31.0009,2586.78,863.227
15.650,0.2608,83.4484,31.0124,2587.94,863.232
15.650,0.2608,83.4549,30.9999,2587.09,863.238
15.650,0.2608,83.4614,31.0203,2589,863.244
15.650,0.2608,83.4679,31,2587.5,863.249
15.650,0.2608,83.4745,31.0293,2590.16,863.255
15.650,0.2608,83.4811,31.0012,2588.01,863.261
15.650,0.2608,83.4877,31.0396,2591.42,863.266
15.651,0.2608,83.4943,31.0036,2588.62,863.272
15.651,0.2608,83.5009,31.051,2592.79,863.278
15.651,0.2608,83.5076,31.0071,2589.33,863.283
15.651,0.2608,83.5142,31.0637,2594.26,863.289
15.651,0.2608,83.5209,31.0118,2590.13,863.295
15.651,0.2608,83.5276,31.0776,2595.83,863.301
15.651,0.2609,83.5343,31.0176,2591.03,863.306
15.651,0.2609,83.541,31.0926,2597.51,863.312
15.651,0.2609,83.5478,31.0246,2592.03,863.318
15.651,0.2609,83.5545,31.1089,2599.29,863.323
15.651,0.2609,83.5613,31.0327,2593.13,863.329
15.652,0.2609,83.5681,31.1263,2601.17,863.335
15.652,0.2609,83.5749,31.0419,2594.33,863.34
15.652,0.2609,83.5817,31.145,2603.15,863.346
15.652,0.2609,83.5886,31.0524,2595.62,863.352
15.652,0.2609,83.5954,31.1648,2605.23,863.357
15.652,0.2609,83.6024,31.0639,2597.02,863.363
15.652,0.2609,83.6092,31.1857,2607.41,863.369
15.652,0.2609,83.6162,31.0766,2598.51,863.375
15.652,0.2609,83.623,31.2078,2609.69,863.38
15.652,0.2609,83.6301,31.0905,2600.1,863.386
15.652,0.2609,83.6369,32.9711,2757.6,863.392
15.652,0.2609,83.6438,32.9674,2757.52,863.397
15.653,0.2609,83.6507,32.9854,2759.25,863.403
15.653,0.2609,83.6577,32.9712,2758.29,863.409
15.653,0.2609,83.6646,33.0007,2760.99,863.415
15.653,0.2609,83.6716,32.9759,2759.15,863.42
15.653,0.2609,83.6785,33.0168,2762.8,863.426
15.653,0.2609,83.6856,32.9815,2760.07,863.432
15.653,0.2609,83.6926,33.034,2764.7,863.437
15.653,0.2609,83.6996,32.9879,2761.08,863.443
15.653,0.2609,83.7066,33.052,2766.67,863.449
15.653,0.2609,83.7137,32.9953,2762.16,863.455
15.653,0.2609,83.7208,33.071,2768.73,863.46
15.654,0.2609,83.7279,33.0035,2763.31,863.466
15.654,0.2609,83.735,33.0909,2770.86,863.472
15.654,0.2609,83.7421,33.0126,2764.55,863.477
15.654,0.2609,83.7492,33.1117,2773.08,863.483
15.654,0.2609,83.7564,33.0226,2765.85,863.489
15.654,0.2609,83.7636,33.1333,2775.37,863.495
15.654,0.2609,83.7708,33.0334,2767.23,863.5
15.654,0.2609,83.778,33.1559,2777.74,863.506
15.654,0.2609,83.7852,33.0451,2768.69,863.512
15.654,0.2609,83.7924,33.1794,2780.18,863.518
15.654,0.2609,83.7997,33.0576,2770.22,863.523
15.655,0.2609,83.8069,33.2038,2782.71,863.529
15.655,0.2609,83.8143,33.071,2771.82,863.535
15.655,0.2609,83.8215,33.229,2785.3,863.54
15.655,0.2609,83.8289,33.0853,2773.5,863.546
15.655,0.2609,83.8362,33.2551,2787.98,863.552
15.655,0.2609,83.8436,33.1004,2775.26,863.558
15.655,0.2609,83.8509,33.282,2790.73,863.563
15.655,0.2609,83.8583,33.1055,2776.17,863.569
15.655,0.2609,83.8656,33.3098,2793.55,863.575
15.655,0.2609,83.8731,33.1115,2777.17,863.581
15.655,0.2609,83.8804,33.3384,2796.44,863.586
15.656,0.2609,83.888,33.1183,2778.23,863.592
15.656,0.2609,83.8953,33.3679,2799.41,863.598
15.656,0.2609,83.9029,33.126,2779.36,863.604
15.656,0.2609,83.9102,33.3982,2802.45,863.609
15.656,0.2609,83.9179,33.1344,2780.57,863.615
15.656,0.2609,83.9252,33.15,2782.12,863.621
15.656,0.2609,83.9326,33.166,2783.71,863.626
15.656,0.2609,83.94,33.182,2785.3,863.632
15.656,0.2609,83.9475,33.1984,2786.92,863.638
15.656,0.2609,83.9549,33.2149,2788.55,863.644
15.656,0.2609,83.9624,33.2317,2790.21,863.649
15.656,0.2609,83.9699,33.2486,2791.88,863.655
15.657,0.2609,83.9774,33.2659,2793.58,863.661
15.657,0.2609,83.9849,33.2832,2795.28,863.667
15.657,0.2609,83.9924,33.3009,2797.02,863.672
15.657,0.2609,84,33.3186,2798.76,863.678
15.657,0.2609,84.0076,33.3367,2800.53,863.684
15.657,0.2610,84.0151,33.3548,2802.31,863.69
15.657,0.2610,84.0228,33.3733,2804.12,863.695
15.657,0.2610,84.0304,33.3918,2805.93,863.701
15.657,0.2610,84.038,33.4108,2807.78,863.707
15.657,0.2610,84.0457,33.4297,2809.62,863.713
15.657,0.2610,84.0534,33.449,2811.5,863.718
15.658,0.2610,84.0611,33.4683,2813.38,863.724
15.658,0.2610,84.0688,33.4881,2815.3,863.73
15.658,0.2610,84.0765,33.5078,2817.22,863.736
15.658,0.2610,84.0842,33.5084,2817.53,863.741
15.658,0.2610,84.092,33.548,2821.11,863.747
15.658,0.2610,84.0998,33.5294,2819.82,863.753
15.658,0.2610,84.1075,32.8576,2763.58,863.758
15.658,0.2610,84.1153,32.8165,2760.37,863.764
15.658,0.2610,84.1231,32.9042,2768,863.77
15.658,0.2610,84.131,32.8418,2763.01,863.776
15.658,0.2610,84.1388,32.9515,2772.5,863.781
15.659,0.2610,84.1467,32.8679,2765.73,863.787
15.659,0.2610,84.1545,32.9996,2777.06,863.793
15.659,0.2610,84.1624,32.8948,2768.51,863.799
15.659,0.2610,84.1703,33.0485,2781.7,863.804
15.659,0.2610,84.1782,32.9225,2771.36,863.81
15.659,0.2610,84.1861,33.0981,2786.4,863.816
15.659,0.2610,84.1941,32.9509,2774.27,863.822
15.659,0.2610,84.202,33.1486,2791.17,863.827
15.659,0.2610,84.21,32.98,2777.25,863.833
15.659,0.2610,84.2179,33.1997,2796.01,863.839
15.659,0.2610,84.226,33.0099,2780.29,863.845
15.659,0.2610,84.2287,33.0189,2781.14,863.847
15.660,0.2610,84.2367,33.0619,2785.03,863.852
15.660,0.2610,84.2447,33.0715,2786.1,863.858
15.660,0.2610,84.2527,33.1147,2790,863.864
15.660,0.2610,84.2607,33.1249,2791.13,863.87
15.660,0.2610,84.2687,33.1682,2795.04,863.875
15.660,0.2610,84.2768,33.1791,2796.23,863.881
15.660,0.2610,84.2848,33.2225,2800.15,863.887
15.660,0.2610,84.2929,33.2339,2801.39,863.893
15.660,0.2610,84.301,33.2774,2805.32,863.898
15.660,0.2610,84.3092,33.2895,2806.61,863.904
15.660,0.2610,84.3173,33.308,2808.44,863.91
15.660,0.2610,84.3254,33.3458,2811.9,863.915
15.661,0.2610,84.3335,33.3393,2811.62,863.921
15.661,0.2610,84.3417,33.4028,2817.25,863.927
15.661,0.2610,84.3499,33.3712,2814.86,863.933
15.661,0.2610,84.3581,33.4604,2822.65,863.938
15.661,0.2610,84.3663,33.4037,2818.15,863.944
15.661,0.2610,84.3745,33.5187,2828.12,863.95
15.661,0.2610,84.3827,33.4369,2821.5,863.956
15.661,0.2610,84.3909,33.5776,2833.64,863.961
15.661,0.2610,84.3992,33.4707,2824.9,863.967
15.661,0.2610,84.4074,33.6371,2839.22,863.973
15.661,0.2610,84.4157,33.5051,2828.36,863.979
15.662,0.2610,84.424,33.6972,2844.86,863.984
15.662,0.2610,84.4323,33.5401,2831.87,863.99
15.662,0.2610,84.4406,33.758,2850.54,863.996
15.662,0.2610,84.449,33.5756,2835.43,864.002
15.662,0.2610,84.4573,33.8193,2856.29,864.007
15.662,0.2610,84.4657,33.6118,2839.04,864.013
15.662,0.2610,84.474,33.8812,2862.08,864.019
15.662,0.2610,84.4824,33.6485,2842.71,864.025
15.662,0.2610,84.4908,33.9436,2867.92,864.03
15.662,0.2610,84.4992,33.6858,2846.43,864.036
15.662,0.2610,84.5076,34.0065,2873.81,864.042
15.663,0.2610,84.516,33.7237,2850.19,864.048
15.663,0.2610,84.5244,34.07,2879.74,864.053
15.663,0.2610,84.5329,33.762,2854,864.059
15.663,0.2610,84.5413,34.1339,2885.73,864.065
15.663,0.2610,84.5498,33.801,2857.86,864.071
15.663,0.2610,84.5583,33.8332,2860.87,864.076
15.663,0.2611,84.5667,33.8377,2861.55,864.082
15.663,0.2611,84.5751,33.8981,2866.94,864.088
15.663,0.2611,84.5836,33.8751,2865.27,864.094
15.663,0.2611,84.592,33.9636,2873.05,864.099
15.663,0.2611,84.6005,33.9129,2869.05,864.105
15.664,0.2611,84.609,34.0296,2879.21,864.111
15.664,0.2611,84.6175,33.9512,2872.86,864.117
15.664,0.2611,84.626,34.0961,2885.42,864.122
15.664,0.2611,84.6345,33.9899,2876.72,864.128
15.664,0.2611,84.6431,34.1631,2891.67,864.134
15.664,0.2611,84.6516,34.0292,2880.62,864.139
15.664,0.2611,84.6602,34.2305,2897.96,864.145
15.664,0.2611,84.6687,34.0689,2884.57,864.151
15.664,0.2611,84.6773,34.2984,2904.29,864.157
15.664,0.2611,84.6859,34.109,2888.55,864.162
15.664,0.2611,84.6945,34.3666,2910.67,864.168
15.664,0.2611,84.7031,34.1496,2892.58,864.174
15.665,0.2611,84.7117,34.4353,2917.08,864.18
15.665,0.2611,84.7204,34.1906,2896.64,864.185
15.665,0.2611,84.729,34.5044,2923.52,864.191
15.665,0.2611,84.7377,34.232,2900.74,864.197
