t_s,t_min,depth_m,u_mean_ms,q_unit_m2s,front_x_m
0.002,0.0000,0,0,0,-1.99921
0.005,0.0001,0,0,0,-1.99703
0.007,0.0001,0,0,0,-1.99351
0.009,0.0002,0,0,0,-1.98881
0.011,0.0002,0,0,0,-1.98294
0.014,0.0002,0,0,0,-1.97609
0.016,0.0003,0,0,0,-1.96832
0.018,0.0003,0,0,0,-1.95991
0.021,0.0003,0,0,0,-1.95087
0.023,0.0004,0,0,0,-1.94154
0.025,0.0004,0,0,0,-1.9319
0.027,0.0005,0,0,0,-1.92226
0.030,0.0005,0,0,0,-1.91261
0.032,0.0005,0,0,0,-1.9032
0.034,0.0006,0,0,0,-1.89401
0.037,0.0006,0,0,0,-1.88523
0.039,0.0006,0,0,0,-1.87683
0.041,0.0007,0,0,0,-1.86889
0.043,0.0007,0,0,0,-1.8614
0.046,0.0008,0,0,0,-1.85436
0.048,0.0008,0,0,0,-1.84774
0.050,0.0008,0,0,0,-1.84145
0.053,0.0009,0,0,0,-1.83547
0.055,0.0009,0,0,0,-1.82964
0.057,0.0010,0,0,0,-1.82397
0.059,0.0010,0,0,0,-1.81826
0.062,0.0010,0,0,0,-1.81253
0.064,0.0011,0,0,0,-1.80659
0.066,0.0011,0,0,0,-1.80045
0.069,0.0011,0,0,0,-1.79396
0.071,0.0012,0,0,0,-1.78715
0.073,0.0012,0,0,0,-1.7799
0.075,0.0013,0,0,0,-1.7723
0.078,0.0013,0,0,0,-1.76421
0.080,0.0013,0,0,0,-1.75576
0.082,0.0014,0,0,0,-1.74687
0.085,0.0014,0,0,0,-1.73764
0.087,0.0014,0,0,0,-1.72812
0.089,0.0015,0,0,0,-1.71826
0.091,0.0015,0,0,0,-1.70834
0.094,0.0016,0,0,0,-1.69805
0.096,0.0016,0,0,0,-1.68769
0.098,0.0016,0,0,0,-1.67737
0.101,0.0017,0,0,0,-1.66708
0.103,0.0017,0,0,0,-1.65693
0.105,0.0018,0,0,0,-1.64689
0.107,0.0018,0,0,0,-1.63703
0.110,0.0018,0,0,0,-1.62731
0.112,0.0019,0,0,0,-1.61777
0.114,0.0019,0,0,0,-1.60837
0.117,0.0019,0,0,0,-1.59909
0.119,0.0020,0,0,0,-1.58991
0.121,0.0020,0,0,0,-1.58076
0.123,0.0021,0,0,0,-1.57164
0.126,0.0021,0,0,0,-1.56243
0.128,0.0021,0,0,0,-1.55315
0.130,0.0022,0,0,0,-1.54368
0.133,0.0022,0,0,0,-1.53404
0.135,0.0022,0,0,0,-1.52412
0.137,0.0023,0,0,0,-1.51395
0.139,0.0023,0,0,0,-1.50344
0.142,0.0024,0,0,0,-1.49272
0.144,0.0024,0,0,0,-1.48186
0.146,0.0024,0,0,0,-1.47046
0.148,0.0025,0,0,0,-1.45923
0.151,0.0025,0,0,0,-1.44718
0.153,0.0026,0,0,0,-1.43561
0.155,0.0026,0,0,0,-1.42303
0.158,0.0026,0,0,0,-1.41118
0.160,0.0027,0,0,0,-1.39827
0.162,0.0027,0,0,0,-1.38622
0.164,0.0027,0,0,0,-1.37318
0.167,0.0028,0,0,0,-1.36105
0.169,0.0028,0,0,0,-1.3481
0.171,0.0029,0,0,0,-1.33598
0.173,0.0029,0,0,0,-1.32328
0.176,0.0029,0,0,0,-1.31124
0.178,0.0030,0,0,0,-1.29889
0.180,0.0030,0,0,0,-1.28697
0.183,0.0030,0,0,0,-1.27499
0.185,0.0031,0,0,0,-1.26319
0.187,0.0031,0,0,0,-1.25154
0.189,0.0032,0,0,0,-1.24001
0.192,0.0032,0,0,0,-1.22858
0.194,0.0032,0,0,0,-1.21722
0.196,0.0033,0,0,0,-1.20586
0.199,0.0033,0,0,0,-1.19448
0.201,0.0033,0,0,0,-1.18301
0.203,0.0034,0,0,0,-1.17143
0.205,0.0034,0,0,0,-1.15965
0.208,0.0035,0,0,0,-1.14768
0.210,0.0035,0,0,0,-1.13547
0.212,0.0035,0,0,0,-1.12307
0.214,0.0036,0,0,0,-1.11028
0.217,0.0036,0,0,0,-1.09736
0.219,0.0037,0,0,0,-1.08395
0.221,0.0037,0,0,0,-1.07048
0.224,0.0037,0,0,0,-1.05647
0.226,0.0038,0,0,0,-1.04249
0.228,0.0038,0,0,0,-1.02798
0.230,0.0038,0,0,0,-1.01359
0.233,0.0039,0,0,0,-0.998712
0.235,0.0039,0,0,0,-0.984051
0.237,0.0040,0,0,0,-0.968988
0.239,0.0040,0,0,0,-0.954211
0.242,0.0040,0,0,0,-0.939133
0.244,0.0041,0,0,0,-0.92439
0.246,0.0041,0,0,0,-0.909447
0.249,0.0041,0,0,0,-0.894857
0.251,0.0042,0,0,0,-0.880151
0.253,0.0042,0,0,0,-0.865787
0.255,0.0043,0,0,0,-0.851363
0.258,0.0043,0,0,0,-0.837238
0.260,0.0043,0,0,0,-0.823078
0.262,0.0044,0,0,0,-0.809147
0.264,0.0044,0,0,0,-0.79518
0.267,0.0044,0,0,0,-0.781348
0.269,0.0045,0,0,0,-0.767459
0.271,0.0045,0,0,0,-0.753601
0.274,0.0046,0,0,0,-0.739657
0.276,0.0046,0,0,0,-0.725635
0.278,0.0046,0,0,0,-0.711513
0.280,0.0047,0,0,0,-0.697236
0.283,0.0047,0,0,0,-0.682818
0.285,0.0047,0,0,0,-0.668195
0.287,0.0048,0,0,0,-0.653411
0.289,0.0048,0,0,0,-0.638395
0.292,0.0049,0,0,0,-0.623221
0.294,0.0049,0,0,0,-0.607817
0.296,0.0049,0,0,0,-0.59228
0.298,0.0050,0,0,0,-0.576539
0.301,0.0050,0,0,0,-0.560705
0.303,0.0051,0,0,0,-0.544712
0.305,0.0051,0,0,0,-0.528674
0.308,0.0051,0,0,0,-0.51253
0.310,0.0052,0,0,0,-0.496384
0.312,0.0052,0,0,0,-0.480187
0.314,0.0052,0,0,0,-0.464014
0.317,0.0053,0,0,0,-0.447837
0.319,0.0053,0,0,0,-0.431685
0.321,0.0054,0,0,0,-0.415564
0.323,0.0054,0,0,0,-0.399437
0.326,0.0054,0,0,0,-0.383359
0.328,0.0055,0,0,0,-0.367214
0.330,0.0055,0,0,0,-0.351114
0.332,0.0055,0,0,0,-0.334864
0.335,0.0056,0,0,0,-0.318634
0.337,0.0056,0,0,0,-0.302161
0.339,0.0057,0,0,0,-0.285665
0.342,0.0057,0,0,0,-0.268836
0.344,0.0057,0,0,0,-0.251928
0.346,0.0058,0,0,0,-0.234652
0.348,0.0058,0,0,0,-0.217284
0.351,0.0058,0,0,0,-0.199425
0.353,0.0059,0,0,0,-0.181488
0.355,0.0059,0,0,0,-0.162985
0.357,0.0060,0,0,0,-0.144414
0.360,0.0060,0,0,0,-0.125258
0.362,0.0060,0,0,0,-0.106036
0.364,0.0061,0,0,0,-0.0862695
0.366,0.0061,0,0,0,-0.0664368
0.369,0.0061,0,0,0,-0.0463426
0.371,0.0062,0,0,0,-0.0260293
0.373,0.0062,0,0,0,-0.00551269
0.375,0.0063,0,0,0,0.0151716
0.378,0.0063,0,0,0,0.0359938
0.380,0.0063,0,0,0,0.0569304
0.382,0.0064,0,0,0,0.0779422
0.384,0.0064,0,0,0,0.0990208
0.387,0.0064,0,0,0,0.120123
0.389,0.0065,0,0,0,0.141256
0.391,0.0065,0,0,0,0.162378
0.393,0.0066,0,0,0,0.183511
0.396,0.0066,0,0,0,0.204621
0.398,0.0066,0,0,0,0.225739
0.400,0.0067,0,0,0,0.246841
0.403,0.0067,0,0,0,0.267966
0.405,0.0067,0,0,0,0.289102
0.407,0.0068,0,0,0,0.310284
0.409,0.0068,0,0,0,0.331517
0.412,0.0069,0,0,0,0.352828
0.414,0.0069,0,0,0,0.374226
0.416,0.0069,0,0,0,0.395708
0.418,0.0070,0,0,0,0.417351
0.421,0.0070,0,0,0,0.439077
0.423,0.0070,0,0,0,0.461022
0.425,0.0071,0,0,0,0.483047
0.427,0.0071,0,0,0,0.505323
0.430,0.0072,0,0,0,0.527677
0.432,0.0072,0,0,0,0.550283
0.434,0.0072,0,0,0,0.572966
0.436,0.0073,0,0,0,0.59587
0.439,0.0073,0,0,0,0.618854
0.441,0.0073,0,0,0,0.642002
0.443,0.0074,0,0,0,0.665236
0.445,0.0074,0,0,0,0.688559
0.448,0.0075,0,0,0,0.711982
0.450,0.0075,0,0,0,0.735413
0.452,0.0075,0,0,0,0.758959
0.454,0.0076,0,0,0,0.782445
0.457,0.0076,0,0,0,0.806063
0.459,0.0076,0,0,0,0.829693
0.461,0.0077,0,0,0,0.853318
0.463,0.0077,0,0,0,0.876954
0.466,0.0078,0,0,0,0.900587
0.468,0.0078,0,0,0,0.924244
0.470,0.0078,0,0,0,0.947917
0.472,0.0079,0,0,0,0.971639
0.475,0.0079,0,0,0,0.99541
0.477,0.0079,0,0,0,1.01926
0.479,0.0080,0,0,0,1.04321
0.481,0.0080,0,0,0,1.06726
0.484,0.0081,0,0,0,1.09142
0.486,0.0081,0,0,0,1.11576
0.488,0.0081,0,0,0,1.14021
0.490,0.0082,0,0,0,1.16489
0.493,0.0082,0,0,0,1.18968
0.495,0.0082,0,0,0,1.21474
0.497,0.0083,0,0,0,1.23989
0.499,0.0083,0,0,0,1.26533
0.501,0.0084,0,0,0,1.29084
0.504,0.0084,0,0,0,1.31663
0.506,0.0084,0,0,0,1.34246
0.508,0.0085,0,0,0,1.36855
0.510,0.0085,0,0,0,1.39464
0.513,0.0085,0,0,0,1.42095
0.515,0.0086,0,0,0,1.44722
0.517,0.0086,0,0,0,1.47367
0.519,0.0087,0,0,0,1.50005
0.522,0.0087,0,0,0,1.52657
0.524,0.0087,0,0,0,1.55301
0.526,0.0088,0,0,0,1.57953
0.528,0.0088,0,0,0,1.606
0.531,0.0088,0,0,0,1.63249
0.533,0.0089,0,0,0,1.65898
0.535,0.0089,0,0,0,1.68545
0.537,0.0090,0,0,0,1.71198
0.540,0.0090,0,0,0,1.73846
0.542,0.0090,0,0,0,1.7651
0.544,0.0091,0,0,0,1.79162
0.546,0.0091,0,0,0,1.81844
0.549,0.0091,0,0,0,1.84535
0.551,0.0092,0,0,0,1.87241
0.553,0.0092,0,0,0,1.89952
0.555,0.0093,0,0,0,1.9269
0.558,0.0093,0,0,0,1.95429
0.560,0.0093,0,0,0,1.98205
0.562,0.0094,0,0,0,2.00975
0.564,0.0094,0,0,0,2.03791
0.566,0.0094,0,0,0,2.06596
0.569,0.0095,0,0,0,2.09452
0.571,0.0095,0,0,0,2.1229
0.573,0.0096,0,0,0,2.15182
0.575,0.0096,0,0,0,2.1805
0.578,0.0096,0,0,0,2.20971
0.580,0.0097,0,0,0,2.23864
0.582,0.0097,0,0,0,2.26808
0.584,0.0097,0,0,0,2.29718
0.587,0.0098,0,0,0,2.32676
0.589,0.0098,0,0,0,2.35599
0.591,0.0099,0,0,0,2.38565
0.593,0.0099,0,0,0,2.41495
0.596,0.0099,0,0,0,2.44463
0.598,0.0100,0,0,0,2.47399
0.600,0.0100,0,0,0,2.50367
0.602,0.0100,0,0,0,2.53308
0.604,0.0101,0,0,0,2.56278
0.607,0.0101,0,0,0,2.59227
0.609,0.0101,0,0,0,2.62202
0.611,0.0102,0,0,0,2.65164
0.613,0.0102,0,0,0,2.68149
0.616,0.0103,0,0,0,2.71131
0.618,0.0103,0,0,0,2.74138
0.620,0.0103,0,0,0,2.77144
0.622,0.0104,0,0,0,2.80182
0.625,0.0104,0,0,0,2.83216
0.627,0.0104,0,0,0,2.86289
0.629,0.0105,0,0,0,2.89354
0.631,0.0105,0,0,0,2.92465
0.634,0.0106,0,0,0,2.95562
0.636,0.0106,0,0,0,2.98713
0.638,0.0106,0,0,0,3.01879
0.640,0.0107,0,0,0,3.05059
0.642,0.0107,0,0,0,3.08251
0.645,0.0107,0,0,0,3.11453
0.647,0.0108,0,0,0,3.14666
0.649,0.0108,0,0,0,3.17886
0.651,0.0109,0,0,0,3.21113
0.654,0.0109,0,0,0,3.24345
0.656,0.0109,0,0,0,3.2758
0.658,0.0110,0,0,0,3.30817
0.660,0.0110,0,0,0,3.34055
0.662,0.0110,0,0,0,3.37293
0.665,0.0111,0,0,0,3.40529
0.667,0.0111,0,0,0,3.43764
0.669,0.0112,0,0,0,3.46997
0.671,0.0112,0,0,0,3.50229
0.674,0.0112,0,0,0,3.53459
0.676,0.0113,0,0,0,3.56689
0.678,0.0113,0,0,0,3.5992
0.680,0.0113,0,0,0,3.63152
0.683,0.0114,0,0,0,3.6639
0.685,0.0114,0,0,0,3.69636
0.687,0.0114,0,0,0,3.72884
0.689,0.0115,0,0,0,3.7615
0.691,0.0115,0,0,0,3.79415
0.694,0.0116,0,0,0,3.82709
0.696,0.0116,0,0,0,3.85997
0.698,0.0116,0,0,0,3.89326
0.700,0.0117,0,0,0,3.92639
0.703,0.0117,0,0,0,3.96009
0.705,0.0117,0,0,0,3.99349
0.707,0.0118,0,0,0,4.02763
0.709,0.0118,0,0,0,4.06129
0.711,0.0119,0,0,0,4.09585
0.714,0.0119,0,0,0,4.12976
0.716,0.0119,0,0,0,4.1647
0.718,0.0120,0,0,0,4.19883
0.720,0.0120,0,0,0,4.23406
0.723,0.0120,0,0,0,4.26838
0.725,0.0121,0,0,0,4.30383
0.727,0.0121,0,0,0,4.33935
0.729,0.0122,0,0,0,4.37491
0.731,0.0122,0,0,0,4.41051
0.734,0.0122,0,0,0,4.4461
0.736,0.0123,0,0,0,4.4817
0.738,0.0123,0,0,0,4.51728
0.740,0.0123,0,0,0,4.55284
0.743,0.0124,0,0,0,4.58838
0.745,0.0124,0,0,0,4.62391
0.747,0.0124,0,0,0,4.65943
0.749,0.0125,0,0,0,4.69498
0.751,0.0125,0,0,0,4.73061
0.754,0.0126,0,0,0,4.7662
0.756,0.0126,0,0,0,4.80201
0.758,0.0126,0,0,0,4.83771
0.760,0.0127,0,0,0,4.87378
0.762,0.0127,0,0,0,4.90965
0.765,0.0127,0,0,0,4.94605
0.767,0.0128,0,0,0,4.98213
0.769,0.0128,0,0,0,5.0189
0.771,0.0129,0,0,0,5.05522
0.774,0.0129,0,0,0,5.09238
0.776,0.0129,0,0,0,5.12894
0.778,0.0130,0,0,0,5.16646
0.780,0.0130,0,0,0,5.20322
0.782,0.0130,0,0,0,5.24103
0.785,0.0131,0,0,0,5.27796
0.787,0.0131,0,0,0,5.31598
0.789,0.0131,0,0,0,5.35302
0.791,0.0132,0,0,0,5.39112
0.793,0.0132,0,0,0,5.42823
0.796,0.0133,0,0,0,5.46632
0.798,0.0133,0,0,0,5.50346
0.800,0.0133,0,0,0,5.54145
0.802,0.0134,0,0,0,5.57862
0.804,0.0134,0,0,0,5.61644
0.807,0.0134,0,0,0,5.65366
0.809,0.0135,0,0,0,5.6913
0.811,0.0135,0,0,0,5.7286
0.813,0.0136,0,0,0,5.7661
0.815,0.0136,0,0,0,5.80369
0.818,0.0136,0,0,0,5.84144
0.820,0.0137,0,0,0,5.87925
0.822,0.0137,0,0,0,5.91732
0.824,0.0137,0,0,0,5.95541
0.827,0.0138,0,0,0,5.99387
0.829,0.0138,0,0,0,6.03229
0.831,0.0138,0,0,0,6.0712
0.833,0.0139,0,0,0,6.10999
0.835,0.0139,0,0,0,6.14936
0.838,0.0140,0,0,0,6.18851
0.840,0.0140,0,0,0,6.22834
0.842,0.0140,0,0,0,6.26782
0.844,0.0141,0,0,0,6.30803
0.846,0.0141,0,0,0,6.34778
0.849,0.0141,0,0,0,6.38831
0.851,0.0142,0,0,0,6.42825
0.853,0.0142,0,0,0,6.46897
0.855,0.0143,0,0,0,6.50903
0.857,0.0143,0,0,0,6.54983
0.860,0.0143,0,0,0,6.58993
0.862,0.0144,0,0,0,6.63069
0.864,0.0144,0,0,0,6.67078
0.866,0.0144,0,0,0,6.71142
0.868,0.0145,0,0,0,6.75146
0.871,0.0145,0,0,0,6.79194
0.873,0.0145,0,0,0,6.83191
0.875,0.0146,0,0,0,6.87221
0.877,0.0146,0,0,0,6.91215
0.879,0.0147,0,0,0,6.95231
0.882,0.0147,0,0,0,6.99231
0.884,0.0147,0,0,0,7.03257
0.886,0.0148,0,0,0,7.07263
0.888,0.0148,0,0,0,7.11308
0.890,0.0148,0,0,0,7.15324
0.893,0.0149,0,0,0,7.19395
0.895,0.0149,0,0,0,7.23428
0.897,0.0150,0,0,0,7.27533
0.899,0.0150,0,0,0,7.31585
0.901,0.0150,0,0,0,7.35728
0.904,0.0151,0,0,0,7.39883
0.906,0.0151,0,0,0,7.44049
0.908,0.0151,0,0,0,7.48226
0.910,0.0152,0,0,0,7.52414
0.912,0.0152,0,0,0,7.56612
0.915,0.0152,0,0,0,7.60821
0.917,0.0153,0,0,0,7.65037
0.919,0.0153,0,0,0,7.69262
0.921,0.0154,0,0,0,7.73492
0.923,0.0154,0,0,0,7.77727
0.926,0.0154,0,0,0,7.81966
0.928,0.0155,0,0,0,7.86207
0.930,0.0155,0,0,0,7.90451
0.932,0.0155,0,0,0,7.94694
0.934,0.0156,0,0,0,7.98938
0.937,0.0156,0,0,0,8.0318
0.939,0.0156,0,0,0,8.07422
0.941,0.0157,0,0,0,8.11662
0.943,0.0157,0,0,0,8.15903
0.945,0.0158,0,0,0,8.20142
0.948,0.0158,0,0,0,8.24387
0.950,0.0158,0,0,0,8.28641
0.952,0.0159,0,0,0,8.32889
0.954,0.0159,0,0,0,8.37162
0.956,0.0159,0,0,0,8.41417
0.959,0.0160,0,0,0,8.45714
0.961,0.0160,0,0,0,8.49981
0.963,0.0160,0,0,0,8.54308
0.965,0.0161,0,0,0,8.5859
0.967,0.0161,0,0,0,8.62952
0.970,0.0162,0,0,0,8.67252
0.972,0.0162,0,0,0,8.71653
0.974,0.0162,0,0,0,8.75972
0.976,0.0163,0,0,0,8.80413
0.978,0.0163,0,0,0,8.84753
0.981,0.0163,0,0,0,8.89231
0.983,0.0164,0,0,0,8.9359
0.985,0.0164,0,0,0,8.98103
0.987,0.0165,0,0,0,9.0248
0.989,0.0165,0,0,0,9.07021
0.992,0.0165,0,0,0,9.11569
0.994,0.0166,0,0,0,9.16123
0.996,0.0166,0,0,0,9.20681
0.998,0.0166,0,0,0,9.25241
1.000,0.0167,0,0,0,9.29803
1.002,0.0167,0,0,0,9.34366
1.005,0.0167,0,0,0,9.38929
1.007,0.0168,0,0,0,9.43492
1.009,0.0168,0,0,0,9.48055
1.011,0.0169,0,0,0,9.52617
1.013,0.0169,0,0,0,9.57184
1.016,0.0169,0,0,0,9.61762
1.018,0.0170,0,0,0,9.66329
1.020,0.0170,0,0,0,9.70926
1.022,0.0170,0,0,0,9.75497
1.024,0.0171,0,0,0,9.80116
1.027,0.0171,0,0,0,9.84692
1.029,0.0171,0,0,0,9.89336
1.031,0.0172,0,0,0,9.93921
1.033,0.0172,0,0,0,9.98594
1.035,0.0173,0,0,0,10.0319
1.038,0.0173,0,0,0,10.0789
1.040,0.0173,0,0,0,10.125
1.042,0.0174,0,0,0,10.1723
1.044,0.0174,0,0,0,10.2185
1.046,0.0174,0,0,0,10.2661
1.049,0.0175,0,0,0,10.3123
1.051,0.0175,0,0,0,10.3602
1.053,0.0175,0,0,0,10.4065
1.055,0.0176,0,0,0,10.4546
1.057,0.0176,0,0,0,10.501
1.059,0.0177,0,0,0,10.5493
1.062,0.0177,0,0,0,10.5957
1.064,0.0177,0,0,0,10.6441
1.066,0.0178,0,0,0,10.6905
1.068,0.0178,0,0,0,10.739
1.070,0.0178,0,0,0,10.7855
1.073,0.0179,0,0,0,10.834
1.075,0.0179,0,0,0,10.8806
1.077,0.0179,0,0,0,10.9292
1.079,0.0180,0,0,0,10.9778
1.081,0.0180,0,0,0,11.0266
1.083,0.0181,0,0,0,11.0754
1.086,0.0181,0,0,0,11.1244
1.088,0.0181,0,0,0,11.1733
1.090,0.0182,0,0,0,11.2225
1.092,0.0182,0,0,0,11.2716
1.094,0.0182,0,0,0,11.3211
1.097,0.0183,0,0,0,11.3704
1.099,0.0183,0,0,0,11.4203
1.101,0.0183,0,0,0,11.4698
1.103,0.0184,0,0,0,11.5201
1.105,0.0184,0,0,0,11.5697
1.108,0.0185,0,0,0,11.6204
1.110,0.0185,0,0,0,11.6703
1.112,0.0185,0,0,0,11.7213
1.114,0.0186,0,0,0,11.7714
1.116,0.0186,0,0,0,11.8228
1.118,0.0186,0,0,0,11.8731
1.121,0.0187,0,0,0,11.9248
1.123,0.0187,0,0,0,11.978
1.125,0.0187,0,0,0,12.0326
1.127,0.0188,0,0,0,12.0862
1.129,0.0188,0,0,0,12.141
1.132,0.0189,0,0,0,12.1946
1.134,0.0189,0,0,0,12.2495
1.136,0.0189,0,0,0,12.3033
1.138,0.0190,0,0,0,12.3583
1.140,0.0190,0,0,0,12.4121
1.142,0.0190,0,0,0,12.4672
1.145,0.0191,0,0,0,12.5212
1.147,0.0191,0,0,0,12.5764
1.149,0.0191,0,0,0,12.6305
1.151,0.0192,0,0,0,12.6859
1.153,0.0192,0,0,0,12.7401
1.155,0.0193,0,0,0,12.7957
1.158,0.0193,0,0,0,12.8501
1.160,0.0193,0,0,0,12.9058
1.162,0.0194,0,0,0,12.9605
1.164,0.0194,0,0,0,13.0163
1.166,0.0194,0,0,0,13.0723
1.169,0.0195,0,0,0,13.1283
1.171,0.0195,0,0,0,13.1845
1.173,0.0195,0,0,0,13.2407
1.175,0.0196,0,0,0,13.297
1.177,0.0196,0,0,0,13.3534
1.179,0.0197,0,0,0,13.4099
1.182,0.0197,0,0,0,13.4665
1.184,0.0197,0,0,0,13.5231
1.186,0.0198,0,0,0,13.5798
1.188,0.0198,0,0,0,13.6366
1.190,0.0198,0,0,0,13.6934
1.192,0.0199,0,0,0,13.7503
1.195,0.0199,0,0,0,13.8073
1.197,0.0199,0,0,0,13.8643
1.199,0.0200,0,0,0,13.9214
1.201,0.0200,0,0,0,13.9786
1.203,0.0201,0,0,0,14.0359
1.206,0.0201,0,0,0,14.0932
1.208,0.0201,0,0,0,14.1506
1.210,0.0202,0,0,0,14.2081
1.212,0.0202,0,0,0,14.2656
1.214,0.0202,0,0,0,14.3233
1.216,0.0203,0,0,0,14.381
1.219,0.0203,0,0,0,14.4388
1.221,0.0203,0,0,0,14.4967
1.223,0.0204,0,0,0,14.5546
1.225,0.0204,0,0,0,14.6126
1.227,0.0205,0,0,0,14.6707
1.229,0.0205,0,0,0,14.7288
1.232,0.0205,0,0,0,14.7871
1.234,0.0206,0,0,0,14.8453
1.236,0.0206,0,0,0,14.9036
1.238,0.0206,0,0,0,14.9619
1.240,0.0207,0,0,0,15.0203
1.242,0.0207,0,0,0,15.0787
1.245,0.0207,0,0,0,15.137
1.247,0.0208,0,0,0,15.1955
1.249,0.0208,0,0,0,15.2539
1.251,0.0209,0,0,0,15.3125
1.253,0.0209,0,0,0,15.3711
1.255,0.0209,0,0,0,15.4297
1.258,0.0210,0,0,0,15.4884
1.260,0.0210,0,0,0,15.5471
1.262,0.0210,0,0,0,15.6058
1.264,0.0211,0,0,0,15.6646
1.266,0.0211,0,0,0,15.7235
1.269,0.0211,0,0,0,15.7824
1.271,0.0212,0,0,0,15.8414
1.273,0.0212,0,0,0,15.9006
1.275,0.0213,0,0,0,15.9598
1.277,0.0213,0,0,0,16.0192
1.279,0.0213,0,0,0,16.0786
1.282,0.0214,0,0,0,16.1382
1.284,0.0214,0,0,0,16.1979
1.286,0.0214,0,0,0,16.2578
1.288,0.0215,0,0,0,16.3177
1.290,0.0215,0,0,0,16.3777
1.292,0.0215,0,0,0,16.4378
1.295,0.0216,0,0,0,16.498
1.297,0.0216,0,0,0,16.5582
1.299,0.0216,0,0,0,16.6185
1.301,0.0217,0,0,0,16.6788
1.303,0.0217,0,0,0,16.7391
1.305,0.0218,0,0,0,16.7993
1.308,0.0218,0,0,0,16.8596
1.310,0.0218,0,0,0,16.9198
1.312,0.0219,0,0,0,16.9801
1.314,0.0219,0,0,0,17.0401
1.316,0.0219,0,0,0,17.1003
1.318,0.0220,0,0,0,17.1602
1.321,0.0220,0,0,0,17.2203
1.323,0.0220,0,0,0,17.2801
1.325,0.0221,0,0,0,17.3401
1.327,0.0221,0,0,0,17.3999
1.329,0.0222,0,0,0,17.4599
1.331,0.0222,0,0,0,17.5197
1.333,0.0222,0,0,0,17.5797
1.336,0.0223,0,0,0,17.6396
1.338,0.0223,0,0,0,17.6997
1.340,0.0223,0,0,0,17.7599
1.342,0.0224,0,0,0,17.8202
1.344,0.0224,0,0,0,17.8806
1.346,0.0224,0,0,0,17.9412
1.349,0.0225,0,0,0,18.0019
1.351,0.0225,0,0,0,18.0628
1.353,0.0225,0,0,0,18.1237
1.355,0.0226,0,0,0,18.1849
1.357,0.0226,0,0,0,18.246
1.359,0.0227,0,0,0,18.3074
1.362,0.0227,0,0,0,18.3688
1.364,0.0227,0,0,0,18.4303
1.366,0.0228,0,0,0,18.4919
1.368,0.0228,0,0,0,18.5535
1.370,0.0228,0,0,0,18.6151
1.372,0.0229,0,0,0,18.6768
1.375,0.0229,0,0,0,18.7384
1.377,0.0229,0,0,0,18.8001
1.379,0.0230,0,0,0,18.8616
1.381,0.0230,0,0,0,18.9233
1.383,0.0231,0,0,0,18.9847
1.385,0.0231,0,0,0,19.0464
1.388,0.0231,0,0,0,19.1078
1.390,0.0232,0,0,0,19.1694
1.392,0.0232,0,0,0,19.2307
1.394,0.0232,0,0,0,19.2923
1.396,0.0233,0,0,0,19.3537
1.398,0.0233,0,0,0,19.4154
1.401,0.0233,0,0,0,19.4769
1.403,0.0234,0,0,0,19.5386
1.405,0.0234,0,0,0,19.6003
1.407,0.0234,0,0,0,19.6622
1.409,0.0235,0,0,0,19.7241
1.411,0.0235,0,0,0,19.7862
1.413,0.0236,0,0,0,19.8483
1.416,0.0236,0,0,0,19.9106
1.418,0.0236,0,0,0,19.973
1.420,0.0237,0,0,0,20.0356
1.422,0.0237,0,0,0,20.0982
1.424,0.0237,0,0,0,20.1609
1.426,0.0238,0,0,0,20.2238
1.429,0.0238,0,0,0,20.2867
1.431,0.0238,0,0,0,20.3497
1.433,0.0239,0,0,0,20.4127
1.435,0.0239,0,0,0,20.4758
1.437,0.0240,0,0,0,20.5389
1.439,0.0240,0,0,0,20.602
1.442,0.0240,0,0,0,20.6652
1.444,0.0241,0,0,0,20.7283
1.446,0.0241,0,0,0,20.7914
1.448,0.0241,0,0,0,20.8545
1.450,0.0242,0,0,0,20.9176
1.452,0.0242,0,0,0,20.9806
1.454,0.0242,0,0,0,21.0436
1.457,0.0243,0,0,0,21.1066
1.459,0.0243,0,0,0,21.1696
1.461,0.0243,0,0,0,21.2325
1.463,0.0244,0,0,0,21.2955
1.465,0.0244,0,0,0,21.3584
1.467,0.0245,0,0,0,21.4214
1.470,0.0245,0,0,0,21.4844
1.472,0.0245,0,0,0,21.5474
1.474,0.0246,0,0,0,21.6104
1.476,0.0246,0,0,0,21.6735
1.478,0.0246,0,0,0,21.7366
1.480,0.0247,0,0,0,21.7998
1.482,0.0247,0,0,0,21.8631
1.485,0.0247,0,0,0,21.9265
1.487,0.0248,0,0,0,21.9898
1.489,0.0248,0,0,0,22.0534
1.491,0.0249,0,0,0,22.1168
1.493,0.0249,0,0,0,22.1806
1.495,0.0249,0,0,0,22.2441
1.498,0.0250,0,0,0,22.308
1.500,0.0250,0,0,0,22.3716
1.502,0.0250,0,0,0,22.4358
1.504,0.0251,0,0,0,22.4994
1.506,0.0251,0,0,0,22.5638
1.508,0.0251,0,0,0,22.6274
1.510,0.0252,0,0,0,22.6919
1.513,0.0252,0,0,0,22.7564
1.515,0.0252,0,0,0,22.8209
1.517,0.0253,0,0,0,22.8855
1.519,0.0253,0,0,0,22.95
1.521,0.0254,0,0,0,23.0145
1.523,0.0254,0,0,0,23.079
1.526,0.0254,0,0,0,23.1435
1.528,0.0255,0,0,0,23.208
1.530,0.0255,0,0,0,23.2726
1.532,0.0255,0,0,0,23.3371
1.534,0.0256,0,0,0,23.4016
1.536,0.0256,0,0,0,23.4662
1.538,0.0256,0,0,0,23.5308
1.541,0.0257,0,0,0,23.5954
1.543,0.0257,0,0,0,23.6601
1.545,0.0257,0,0,0,23.7249
1.547,0.0258,0,0,0,23.7896
1.549,0.0258,0,0,0,23.8545
1.551,0.0259,0,0,0,23.9193
1.554,0.0259,0,0,0,23.9844
1.556,0.0259,0,0,0,24.0493
1.558,0.0260,0,0,0,24.1145
1.560,0.0260,0,0,0,24.1795
1.562,0.0260,0,0,0,24.2449
1.564,0.0261,0,0,0,24.31
1.566,0.0261,0,0,0,24.3756
1.569,0.0261,0,0,0,24.4407
1.571,0.0262,0,0,0,24.5064
1.573,0.0262,0,0,0,24.5715
1.575,0.0263,0,0,0,24.6374
1.577,0.0263,0,0,0,24.7026
1.579,0.0263,0,0,0,24.7686
1.582,0.0264,0,0,0,24.8338
1.584,0.0264,0,0,0,24.8999
1.586,0.0264,0,0,0,24.9651
1.588,0.0265,0,0,0,25.0314
1.590,0.0265,0,0,0,25.0966
1.592,0.0265,0,0,0,25.163
1.594,0.0266,0,0,0,25.2283
1.597,0.0266,0,0,0,25.2948
1.599,0.0266,0,0,0,25.3614
1.601,0.0267,0,0,0,25.428
1.603,0.0267,0,0,0,25.4946
1.605,0.0268,0,0,0,25.5614
1.607,0.0268,0,0,0,25.6281
1.609,0.0268,0,0,0,25.695
1.612,0.0269,0,0,0,25.7619
1.614,0.0269,0,0,0,25.8289
1.616,0.0269,0,0,0,25.8958
1.618,0.0270,0,0,0,25.963
1.620,0.0270,0,0,0,26.0301
1.622,0.0270,0,0,0,26.0974
1.624,0.0271,0,0,0,26.1645
1.627,0.0271,0,0,0,26.232
1.629,0.0271,0,0,0,26.2992
1.631,0.0272,0,0,0,26.3668
1.633,0.0272,0,0,0,26.4341
1.635,0.0273,0,0,0,26.5019
1.637,0.0273,0,0,0,26.5693
1.639,0.0273,0,0,0,26.6371
1.642,0.0274,0,0,0,26.7046
1.644,0.0274,0,0,0,26.7726
1.646,0.0274,0,0,0,26.8401
1.648,0.0275,0,0,0,26.9083
1.650,0.0275,0,0,0,26.9759
1.652,0.0275,0,0,0,27.0443
1.655,0.0276,0,0,0,27.112
1.657,0.0276,0,0,0,27.1805
1.659,0.0276,0,0,0,27.2484
1.661,0.0277,0,0,0,27.3171
1.663,0.0277,0,0,0,27.3851
1.665,0.0278,0,0,0,27.454
1.667,0.0278,0,0,0,27.5222
1.670,0.0278,0,0,0,27.5912
1.672,0.0279,0,0,0,27.6596
1.674,0.0279,0,0,0,27.7288
1.676,0.0279,0,0,0,27.7973
1.678,0.0280,0,0,0,27.8668
1.680,0.0280,0,0,0,27.9354
1.682,0.0280,0,0,0,28.0051
1.685,0.0281,0,0,0,28.0748
1.687,0.0281,0,0,0,28.1445
1.689,0.0281,0,0,0,28.2144
1.691,0.0282,0,0,0,28.2843
1.693,0.0282,0,0,0,28.3542
1.695,0.0283,0,0,0,28.4242
1.697,0.0283,0,0,0,28.4943
1.700,0.0283,0,0,0,28.5644
1.702,0.0284,0,0,0,28.6345
1.704,0.0284,0,0,0,28.7046
1.706,0.0284,0,0,0,28.7747
1.708,0.0285,0,0,0,28.8449
1.710,0.0285,0,0,0,28.9151
1.712,0.0285,0,0,0,28.9853
1.715,0.0286,0,0,0,29.0555
1.717,0.0286,0,0,0,29.1257
1.719,0.0286,0,0,0,29.196
1.721,0.0287,0,0,0,29.2662
1.723,0.0287,0,0,0,29.3365
1.725,0.0288,0,0,0,29.4069
1.727,0.0288,0,0,0,29.4772
1.730,0.0288,0,0,0,29.5477
1.732,0.0289,0,0,0,29.6181
1.734,0.0289,0,0,0,29.6886
1.736,0.0289,0,0,0,29.7592
1.738,0.0290,0,0,0,29.8299
1.740,0.0290,0,0,0,29.9006
1.742,0.0290,0,0,0,29.9715
1.745,0.0291,0,0,0,30.0423
1.747,0.0291,0,0,0,30.1134
1.749,0.0291,0,0,0,30.1845
1.751,0.0292,0,0,0,30.2557
1.753,0.0292,0,0,0,30.327
1.755,0.0293,0,0,0,30.3985
1.757,0.0293,0,0,0,30.4699
1.760,0.0293,0,0,0,30.5416
1.762,0.0294,0,0,0,30.6132
1.764,0.0294,0,0,0,30.6852
1.766,0.0294,0,0,0,30.7569
1.768,0.0295,0,0,0,30.8291
1.770,0.0295,0,0,0,30.9015
1.772,0.0295,0,0,0,30.9739
1.775,0.0296,0,0,0,31.0463
1.777,0.0296,0,0,0,31.1188
1.779,0.0296,0,0,0,31.1913
1.781,0.0297,0,0,0,31.2638
1.783,0.0297,0,0,0,31.3364
1.785,0.0298,0,0,0,31.4091
1.787,0.0298,0,0,0,31.4817
1.790,0.0298,0,0,0,31.5544
1.792,0.0299,0,0,0,31.6271
1.794,0.0299,0,0,0,31.6999
1.796,0.0299,0,0,0,31.7727
1.798,0.0300,0,0,0,31.8456
1.800,0.0300,0,0,0,31.9184
1.802,0.0300,0,0,0,31.9914
1.805,0.0301,0,0,0,32.0644
1.807,0.0301,0,0,0,32.1374
1.809,0.0301,0,0,0,32.2105
1.811,0.0302,0,0,0,32.2838
1.813,0.0302,0,0,0,32.3569
1.815,0.0303,0,0,0,32.4304
1.817,0.0303,0,0,0,32.5037
1.820,0.0303,0,0,0,32.5773
1.822,0.0304,0,0,0,32.6508
1.824,0.0304,0,0,0,32.7247
1.826,0.0304,0,0,0,32.7984
1.828,0.0305,0,0,0,32.8725
1.830,0.0305,0,0,0,32.9463
1.832,0.0305,0,0,0,33.0207
1.834,0.0306,0,0,0,33.0947
1.837,0.0306,0,0,0,33.1694
1.839,0.0306,0,0,0,33.2435
1.841,0.0307,0,0,0,33.3184
1.843,0.0307,0,0,0,33.3928
1.845,0.0308,0,0,0,33.4679
1.847,0.0308,0,0,0,33.5424
1.849,0.0308,0,0,0,33.6178
1.852,0.0309,0,0,0,33.6924
1.854,0.0309,0,0,0,33.768
1.856,0.0309,0,0,0,33.8436
1.858,0.0310,0,0,0,33.9194
1.860,0.0310,0,0,0,33.9952
1.862,0.0310,0,0,0,34.0711
1.864,0.0311,0,0,0,34.147
1.867,0.0311,0,0,0,34.2231
1.869,0.0311,0,0,0,34.2991
1.871,0.0312,0,0,0,34.3753
1.873,0.0312,0,0,0,34.4514
1.875,0.0313,0,0,0,34.5277
1.877,0.0313,0,0,0,34.604
1.879,0.0313,0,0,0,34.6804
1.881,0.0314,0,0,0,34.7567
1.884,0.0314,0,0,0,34.8332
1.886,0.0314,0,0,0,34.9097
1.888,0.0315,0,0,0,34.9863
1.890,0.0315,0,0,0,35.0629
1.892,0.0315,0,0,0,35.1396
1.894,0.0316,0,0,0,35.2163
1.896,0.0316,0,0,0,35.2933
1.898,0.0316,0,0,0,35.3701
1.901,0.0317,0,0,0,35.4472
1.903,0.0317,0,0,0,35.5242
1.905,0.0317,0,0,0,35.6015
1.907,0.0318,0,0,0,35.6787
1.909,0.0318,0,0,0,35.7562
1.911,0.0319,0,0,0,35.8336
1.913,0.0319,0,0,0,35.9113
1.916,0.0319,0,0,0,35.9889
1.918,0.0320,0,0,0,36.0669
1.920,0.0320,0,0,0,36.1448
1.922,0.0320,0,0,0,36.223
1.924,0.0321,0,0,0,36.301
1.926,0.0321,0,0,0,36.3795
1.928,0.0321,0,0,0,36.4578
1.930,0.0322,0,0,0,36.5365
1.933,0.0322,0,0,0,36.615
1.935,0.0322,0,0,0,36.694
1.937,0.0323,0,0,0,36.7727
1.939,0.0323,0,0,0,36.8519
1.941,0.0324,0,0,0,36.9311
1.943,0.0324,0,0,0,37.0105
1.945,0.0324,0,0,0,37.0899
1.947,0.0325,0,0,0,37.1694
1.950,0.0325,0,0,0,37.249
1.952,0.0325,0,0,0,37.3287
1.954,0.0326,0,0,0,37.4084
1.956,0.0326,0,0,0,37.4882
1.958,0.0326,0,0,0,37.568
1.960,0.0327,0,0,0,37.6478
1.962,0.0327,0,0,0,37.7278
1.964,0.0327,0,0,0,37.8077
1.967,0.0328,0,0,0,37.8878
1.969,0.0328,0,0,0,37.9678
1.971,0.0328,0,0,0,38.0479
1.973,0.0329,0,0,0,38.1281
1.975,0.0329,0,0,0,38.2083
1.977,0.0330,0,0,0,38.2885
1.979,0.0330,0,0,0,38.3689
1.981,0.0330,0,0,0,38.4492
1.984,0.0331,0,0,0,38.5297
1.986,0.0331,0,0,0,38.6102
1.988,0.0331,0,0,0,38.6907
1.990,0.0332,0,0,0,38.7714
1.992,0.0332,0,0,0,38.8521
1.994,0.0332,0,0,0,38.9329
1.996,0.0333,0,0,0,39.0138
1.998,0.0333,0,0,0,39.0948
2.001,0.0333,0,0,0,39.1758
2.003,0.0334,0,0,0,39.257
2.005,0.0334,0,0,0,39.3382
2.007,0.0334,0,0,0,39.4196
2.009,0.0335,0,0,0,39.501
2.011,0.0335,0,0,0,39.5825
2.013,0.0336,0,0,0,39.6641
2.015,0.0336,0,0,0,39.7459
2.018,0.0336,0,0,0,39.8276
2.020,0.0337,0,0,0,39.9096
2.022,0.0337,0,0,0,39.9916
2.024,0.0337,0,0,0,40.0736
2.026,0.0338,0,0,0,40.1558
2.028,0.0338,0,0,0,40.2381
2.030,0.0338,0,0,0,40.3204
2.032,0.0339,0,0,0,40.4029
2.035,0.0339,0,0,0,40.4854
2.037,0.0339,0,0,0,40.568
2.039,0.0340,0,0,0,40.6506
2.041,0.0340,0,0,0,40.7333
2.043,0.0341,0,0,0,40.8161
2.045,0.0341,0,0,0,40.899
2.047,0.0341,0,0,0,40.9819
2.049,0.0342,0,0,0,41.0649
2.051,0.0342,0,0,0,41.1479
2.054,0.0342,0,0,0,41.231
2.056,0.0343,0,0,0,41.3141
2.058,0.0343,0,0,0,41.3973
2.060,0.0343,0,0,0,41.4806
2.062,0.0344,0,0,0,41.5639
2.064,0.0344,0,0,0,41.6472
2.066,0.0344,0,0,0,41.7307
2.068,0.0345,0,0,0,41.8141
2.071,0.0345,0,0,0,41.8977
2.073,0.0345,0,0,0,41.9813
2.075,0.0346,10.4067,39.5406,411.489,42.065
2.077,0.0346,10.4033,39.6013,411.985,42.1487
2.079,0.0347,10.3994,39.6189,412.012,42.2326
2.081,0.0347,10.3961,39.6737,412.452,42.3165
2.083,0.0347,10.3923,40.1634,417.388,42.4005
2.085,0.0348,10.3892,40.0089,415.658,42.4846
2.087,0.0348,10.3854,40.2664,418.182,42.5688
2.090,0.0348,10.3824,40.0986,416.321,42.6531
2.092,0.0349,10.3788,40.373,419.021,42.7374
2.094,0.0349,10.376,40.1932,417.043,42.8219
2.096,0.0349,10.3724,40.4812,419.886,42.9064
2.098,0.0350,10.3697,40.2911,417.806,42.9911
2.100,0.0350,10.3662,40.5889,420.754,43.0758
2.102,0.0350,10.3637,40.3902,418.593,43.1607
2.104,0.0351,10.3604,40.6937,421.601,43.2456
2.106,0.0351,10.358,40.4889,419.383,43.3306
2.109,0.0351,10.3547,40.5387,419.768,43.4157
2.111,0.0352,10.3516,40.5684,419.946,43.5008
2.113,0.0352,12.722,40.2801,512.444,43.586
2.115,0.0352,12.7186,40.2751,512.242,43.6712
2.117,0.0353,12.7152,40.3334,512.848,43.7566
2.119,0.0353,12.712,40.3132,512.46,43.842
2.121,0.0354,12.7088,40.3818,513.206,43.9275
2.123,0.0354,12.7058,40.3503,512.682,44.0131
2.126,0.0354,12.7028,40.4263,513.528,44.0987
2.128,0.0355,12.6999,40.388,512.924,44.1844
2.130,0.0355,12.6971,40.4679,513.825,44.2701
2.132,0.0355,12.6943,40.4279,513.205,44.3559
2.134,0.0356,12.6916,40.5077,514.109,44.4417
2.136,0.0356,12.689,40.4712,513.538,44.5276
2.138,0.0356,12.6864,40.5469,514.394,44.6136
2.140,0.0357,12.6838,40.519,513.935,44.6995
2.142,0.0357,12.6813,40.5863,514.689,44.7855
2.145,0.0357,12.6788,40.5717,514.401,44.8715
2.147,0.0358,12.6764,40.627,515.005,44.9577
2.149,0.0358,12.6739,40.6295,514.935,45.0437
2.151,0.0358,12.6716,40.6696,515.348,45.13
2.153,0.0359,12.6691,40.692,515.533,45.2161
2.155,0.0359,12.6669,40.7143,515.723,45.3024
2.157,0.0360,12.6645,40.7583,516.182,45.3886
2.159,0.0360,12.6623,40.7613,516.131,45.475
2.161,0.0360,12.6599,40.8274,516.872,45.5612
2.164,0.0361,12.6578,40.8104,516.571,45.6477
2.166,0.0361,12.6555,40.8981,517.587,45.734
2.168,0.0361,12.6535,40.8616,517.04,45.8206
2.170,0.0362,12.6512,40.9695,518.313,45.907
2.172,0.0362,12.6492,40.9143,517.535,45.9937
2.174,0.0362,12.6471,41.0118,518.68,46.0801
2.176,0.0363,12.6452,40.9684,518.054,46.1669
2.178,0.0363,12.6431,41.0552,519.066,46.2534
2.180,0.0363,12.6414,41.0234,518.591,46.3404
2.183,0.0364,12.6394,41.1009,519.49,46.427
2.185,0.0364,12.6377,41.0786,519.14,46.514
2.187,0.0364,12.6358,41.1503,519.968,46.6007
2.189,0.0365,12.6343,41.1335,519.692,46.6879
2.191,0.0365,12.6325,41.2042,520.513,46.7746
2.193,0.0366,12.631,41.2312,520.794,46.8619
2.195,0.0366,12.6296,41.2608,521.109,46.9492
2.197,0.0366,12.6283,41.29,521.422,47.0366
2.199,0.0367,12.627,41.3215,521.767,47.124
2.201,0.0367,12.6258,41.3524,522.106,47.2115
2.204,0.0367,13.6698,40.9181,559.343,47.299
2.206,0.0368,13.6645,40.9452,559.498,47.3865
2.208,0.0368,13.6593,40.9738,559.674,47.4741
2.210,0.0368,13.6541,41.0012,559.835,47.5617
2.212,0.0369,13.6489,41.0287,559.998,47.6493
2.214,0.0369,13.6438,41.0548,560.144,47.7369
2.216,0.0369,13.6387,41.0798,560.276,47.8246
2.218,0.0370,13.6337,41.1033,560.389,47.9123
2.220,0.0370,13.6286,41.1246,560.472,48.0001
2.223,0.0370,13.6236,41.1445,560.537,48.0878
2.225,0.0371,13.6187,41.1612,560.56,48.1756
2.227,0.0371,13.6137,41.1766,560.566,48.2634
2.229,0.0371,13.6088,41.1885,560.524,48.3511
2.231,0.0372,13.6038,41.1991,560.465,48.4389
2.233,0.0372,13.5989,41.206,560.356,48.5267
2.235,0.0373,13.594,41.2119,560.233,48.6145
2.237,0.0373,13.589,41.1959,559.81,48.7023
2.239,0.0373,13.5839,41.2156,559.87,48.7901
2.241,0.0374,13.5789,41.1815,559.201,48.8779
2.244,0.0374,13.5738,41.2115,559.395,48.9657
2.246,0.0374,13.5687,41.1682,558.6,49.0535
2.248,0.0375,13.5634,41.2014,558.831,49.1413
2.250,0.0375,13.5583,41.1608,558.07,49.229
2.252,0.0375,13.5528,41.1873,558.205,49.3169
2.254,0.0376,13.5477,41.1628,557.661,49.4046
2.256,0.0376,13.5421,41.171,557.543,49.4925
2.258,0.0376,13.5369,41.1766,557.402,49.5802
2.260,0.0377,13.5312,41.1543,556.868,49.6682
2.263,0.0377,13.5259,41.2028,557.306,49.7558
2.265,0.0377,13.5202,41.1385,556.202,49.8438
2.267,0.0378,13.5148,41.2408,557.361,49.9314
2.269,0.0378,15.8673,41.1128,652.347,50.0196
2.271,0.0378,15.857,41.1845,653.063,50.1071
2.273,0.0379,15.848,41.1347,651.902,50.1954
2.275,0.0379,15.8376,41.2461,653.241,50.2829
2.277,0.0380,15.8288,41.2579,653.063,50.3714
2.279,0.0380,15.8199,41.2693,652.877,50.4599
2.281,0.0380,15.811,41.2801,652.68,50.5484
2.284,0.0381,15.802,41.2909,652.48,50.6368
2.286,0.0381,15.793,41.3008,652.264,50.7253
2.288,0.0381,15.7839,40.5917,640.696,50.8138
2.290,0.0382,15.7748,40.5887,640.279,50.9024
2.292,0.0382,15.7656,40.5863,639.868,50.9909
2.294,0.0382,15.7564,40.5821,639.426,51.0795
2.296,0.0383,15.7471,40.5796,639.009,51.168
2.298,0.0383,15.7377,40.5756,638.566,51.2566
2.300,0.0383,15.7283,40.5541,637.846,51.3452
2.302,0.0384,15.7188,40.5719,637.741,51.4339
2.305,0.0384,15.7093,40.5385,636.832,51.5225
2.307,0.0384,15.6997,40.5732,636.987,51.6112
2.309,0.0385,15.6901,40.5407,636.089,51.6999
2.311,0.0385,15.6805,40.5807,636.326,51.7887
2.313,0.0385,15.6709,40.5658,635.701,51.8774
2.315,0.0386,15.6612,40.5946,635.762,51.9663
2.317,0.0386,15.6516,40.6157,635.7,52.055
2.319,0.0387,15.642,40.6135,635.278,52.1439
2.321,0.0387,15.6323,40.6887,636.059,52.2326
2.324,0.0387,15.623,40.6353,634.843,52.3216
2.326,0.0388,18.5337,40.7269,754.821,52.4103
2.328,0.0388,18.524,40.6749,753.459,52.4994
2.330,0.0388,18.5145,40.8194,755.753,52.588
2.332,0.0389,18.5049,40.7079,753.298,52.6772
2.334,0.0389,18.4957,40.914,756.732,52.7658
2.336,0.0389,18.4862,40.7363,753.06,52.8551
2.338,0.0390,18.477,41.0039,757.631,52.9437
2.340,0.0390,18.4677,40.7582,752.711,53.0331
2.342,0.0390,18.4586,41.0831,758.338,53.1215
2.345,0.0391,18.4494,40.7726,752.229,53.2111
2.347,0.0391,18.4403,41.1476,758.775,53.2995
2.349,0.0391,18.4311,40.7794,751.609,53.3891
2.351,0.0392,18.4221,41.1955,758.905,53.4774
2.353,0.0392,18.4128,40.7796,750.867,53.5672
2.355,0.0393,18.4038,41.2273,758.737,53.6555
2.357,0.0393,18.3944,40.775,750.034,53.7453
2.359,0.0393,18.3854,41.2458,758.319,53.8335
2.361,0.0394,18.3759,41.2423,757.867,53.9235
2.363,0.0394,18.3665,40.9573,752.241,54.0134
2.366,0.0394,18.3569,40.9611,751.919,54.1034
2.368,0.0395,18.3474,40.295,739.309,54.1932
2.370,0.0395,18.3377,40.2965,738.945,54.2831
2.372,0.0395,18.3282,40.2839,738.332,54.3729
2.374,0.0396,18.3184,40.2804,737.872,54.4627
2.376,0.0396,18.309,40.2872,737.618,54.5525
2.378,0.0396,18.2992,40.2689,736.886,54.6422
2.380,0.0397,18.2898,39.4827,722.13,54.7318
2.382,0.0397,18.28,39.3206,718.781,54.8215
2.384,0.0397,18.2708,39.5263,722.175,54.9111
2.386,0.0398,20.8697,39.7207,828.96,55.0008
2.389,0.0398,20.8572,39.862,831.409,55.0902
2.391,0.0398,20.8447,39.7217,827.989,55.1799
2.393,0.0399,20.8322,39.9591,832.435,55.2693
2.395,0.0399,20.8198,39.7238,827.04,55.359
2.397,0.0399,20.8072,40.0116,832.53,55.4483
2.399,0.0400,20.7948,39.7259,826.094,55.538
2.401,0.0400,20.7823,40.0691,832.73,55.6273
2.403,0.0401,20.77,39.7332,825.257,55.7171
2.405,0.0401,20.7575,40.1288,832.974,55.8063
2.407,0.0401,20.7451,39.5386,820.233,55.8962
2.410,0.0402,20.7327,40.016,829.639,55.9853
2.412,0.0402,20.7203,39.5576,819.646,56.0754
2.414,0.0402,20.7079,40.0752,829.873,56.1645
2.416,0.0403,20.6956,39.5791,819.112,56.2547
2.418,0.0403,20.6832,40.129,829.994,56.3438
2.420,0.0403,20.6709,39.4666,815.811,56.4341
2.422,0.0404,20.6585,39.811,822.437,56.5232
2.424,0.0404,20.6463,39.4916,815.356,56.6136
2.426,0.0404,20.634,39.8499,822.263,56.7027
2.428,0.0405,20.6219,39.5164,814.903,56.7933
2.431,0.0405,20.6097,39.8855,822.027,56.8824
2.433,0.0405,20.5976,39.5405,814.44,56.973
2.435,0.0406,20.5855,39.7361,817.987,57.0621
2.437,0.0406,20.5735,39.5547,813.779,57.1529
2.439,0.0406,20.5615,39.7716,817.762,57.242
2.441,0.0407,20.5496,39.5885,813.528,57.3328
2.443,0.0407,20.5377,39.8057,817.518,57.4219
2.445,0.0408,20.5259,39.8211,817.365,57.5127
2.447,0.0408,20.5142,39.8366,817.215,57.6036
2.449,0.0408,20.5025,39.852,817.066,57.6944
2.452,0.0409,20.4909,39.8675,816.921,57.7852
2.454,0.0409,20.4793,39.8829,816.774,57.8761
2.456,0.0409,20.4677,39.8986,816.634,57.9668
2.458,0.0410,20.4562,39.9139,816.488,58.0576
2.460,0.0410,20.4447,39.9298,816.354,58.1483
2.462,0.0410,20.4333,39.9452,816.21,58.239
2.464,0.0411,20.4218,39.9613,816.082,58.3297
2.466,0.0411,23.0435,39.9126,919.726,58.4203
2.468,0.0411,23.0289,39.9268,919.47,58.5109
2.470,0.0412,23.0143,39.9407,919.207,58.6014
2.473,0.0412,22.9997,39.9569,918.995,58.6919
2.475,0.0412,22.985,39.9726,918.771,58.7824
2.477,0.0413,22.9704,39.9908,918.603,58.8728
2.479,0.0413,22.9558,40.0082,918.419,58.9631
2.481,0.0413,22.9412,40.0279,918.287,59.0534
2.483,0.0414,22.9267,40.0466,918.134,59.1437
2.485,0.0414,22.9122,40.0669,918.02,59.234
2.487,0.0415,22.8978,40.0861,917.884,59.3242
2.489,0.0415,22.8835,40.0534,916.564,59.4143
2.491,0.0415,22.8693,40.0853,916.723,59.5045
2.493,0.0416,22.8552,40.0806,916.049,59.5946
2.496,0.0416,22.8411,40.1213,916.416,59.6847
2.498,0.0416,22.8272,40.1066,915.523,59.7753
2.500,0.0417,22.8133,40.1517,915.993,59.8674
2.502,0.0417,22.7996,40.1315,914.982,59.9596
2.504,0.0417,22.7858,40.1283,914.357,60.0518
2.506,0.0418,22.7723,40.1007,913.182,60.144
2.508,0.0418,22.7586,40.1524,913.81,60.2362
2.510,0.0418,22.7451,40.1272,912.696,60.3285
2.512,0.0419,22.7314,40.1686,913.089,60.4208
2.514,0.0419,22.718,40.1527,912.187,60.5131
2.517,0.0419,22.7043,40.1779,912.212,60.6055
2.519,0.0420,22.6908,40.1784,911.682,60.6979
2.521,0.0420,22.6772,40.1822,911.219,60.7903
2.523,0.0420,22.6636,40.206,911.214,60.8827
2.525,0.0421,22.6499,40.1841,910.167,60.9754
2.527,0.0421,22.6363,40.2373,910.825,61.0678
2.529,0.0422,22.6226,40.2386,910.3,61.1606
2.531,0.0422,22.6088,40.2426,909.835,61.2533
2.533,0.0422,22.595,40.2481,909.403,61.3461
2.535,0.0423,22.5811,39.9539,902.205,61.4389
2.538,0.0423,25.233,39.781,1003.79,61.5317
2.540,0.0423,25.2166,39.7974,1003.56,61.6245
2.542,0.0424,25.2003,39.8165,1003.39,61.7174
2.544,0.0424,25.184,39.8369,1003.25,61.8102
2.546,0.0424,25.1677,39.8605,1003.2,61.903
2.548,0.0425,25.1516,39.8849,1003.17,61.9959
2.550,0.0425,25.1355,39.8921,1002.71,62.0887
2.552,0.0425,25.1195,39.914,1002.62,62.1815
2.554,0.0426,25.1036,39.945,1002.76,62.2743
2.556,0.0426,25.0879,39.716,996.389,62.3671
2.559,0.0426,25.0721,39.7511,996.645,62.4598
2.561,0.0427,25.0566,39.7763,996.659,62.5526
2.563,0.0427,25.041,39.8138,996.978,62.6453
2.565,0.0427,25.0257,39.8397,997.017,62.7379
2.567,0.0428,25.0103,39.8777,997.352,62.8306
2.569,0.0428,24.995,39.9053,997.434,62.9232
2.571,0.0429,24.9797,39.9417,997.731,63.0158
2.573,0.0429,24.9646,39.9722,997.888,63.1083
2.575,0.0429,24.9493,40.0047,998.088,63.2009
2.577,0.0430,24.9341,40.0402,998.368,63.2933
2.579,0.0430,24.9188,40.0663,998.403,63.3859
2.582,0.0430,24.9036,40.1095,998.872,63.4784
2.584,0.0431,24.8882,40.1261,998.666,63.571
2.586,0.0431,24.8729,40.1804,999.405,63.6634
2.588,0.0431,24.8574,40.1842,998.876,63.7561
2.590,0.0432,24.8421,40.2534,999.977,63.8486
2.592,0.0432,24.8265,40.2407,999.035,63.9414
2.594,0.0432,24.811,40.3288,1000.6,64.0339
2.596,0.0433,24.7953,40.296,999.151,64.1268
2.598,0.0433,24.7797,40.4067,1001.27,64.2193
2.600,0.0433,24.764,40.4105,1000.72,64.3124
2.603,0.0434,24.7483,40.394,999.684,64.405
2.605,0.0434,24.7327,40.4599,1000.68,64.4983
2.607,0.0434,27.3415,40.2366,1100.13,64.5909
2.609,0.0435,27.3235,40.2804,1100.6,64.6844
2.611,0.0435,27.3057,39.8615,1088.45,64.7771
2.613,0.0435,27.2878,39.8891,1088.48,64.8708
2.615,0.0436,27.2699,39.9264,1088.79,64.9644
2.617,0.0436,27.2521,39.9445,1088.57,65.0581
2.619,0.0437,27.2343,40.0375,1090.39,65.1519
2.621,0.0437,27.2167,40.0456,1089.91,65.2457
2.623,0.0437,27.1989,40.0955,1090.55,65.3395
2.626,0.0438,27.1814,40.1012,1090.01,65.4333
2.628,0.0438,27.1637,40.148,1090.57,65.5272
2.630,0.0438,27.1463,40.1585,1090.16,65.621
2.632,0.0439,27.1287,40.1946,1090.43,65.7149
2.634,0.0439,27.1114,40.2177,1090.36,65.8088
2.636,0.0439,27.0938,40.2359,1090.15,65.9026
2.638,0.0440,27.0765,40.2788,1090.61,65.9965
2.640,0.0440,27.0591,40.2736,1089.77,66.0903
2.642,0.0440,27.0418,40.1519,1085.78,66.1842
2.644,0.0441,27.0244,39.6998,1072.86,66.278
2.646,0.0441,27.0071,39.756,1073.69,66.3719
2.649,0.0441,26.9897,39.7525,1072.91,66.4656
2.651,0.0442,26.9724,39.8226,1074.11,66.5594
2.653,0.0442,26.9551,39.8082,1073.03,66.6531
2.655,0.0442,26.9377,39.8885,1074.51,66.7469
2.657,0.0443,26.9204,39.8691,1073.29,66.8405
2.659,0.0443,26.9031,39.9537,1074.88,66.9343
2.661,0.0444,26.8858,39.9366,1073.73,67.0278
2.663,0.0444,26.8684,40.0184,1075.23,67.1217
2.665,0.0444,26.8512,39.6505,1064.66,67.2151
2.667,0.0445,26.8339,39.6967,1065.22,67.3089
2.670,0.0445,26.8168,39.7389,1065.67,67.4023
2.672,0.0445,26.7995,39.7404,1065.02,67.4962
2.674,0.0446,26.7825,39.7241,1063.91,67.5896
2.676,0.0446,26.7653,39.8098,1065.52,67.6835
2.678,0.0446,29.3169,39.6331,1161.92,67.7769
2.680,0.0447,29.2974,39.6864,1162.71,67.8709
2.682,0.0447,29.2782,39.7184,1162.88,67.9643
2.684,0.0447,29.2589,39.7557,1163.21,68.0584
2.686,0.0448,29.2397,39.8448,1165.05,68.1519
2.688,0.0448,29.2205,39.8554,1164.59,68.2461
2.690,0.0448,29.2014,39.9293,1165.99,68.3397
2.693,0.0449,29.1824,39.7895,1161.15,68.434
2.695,0.0449,29.1633,39.8421,1161.93,68.5277
2.697,0.0449,29.1445,39.8828,1162.37,68.6222
2.699,0.0450,29.1258,39.9227,1162.78,68.7167
2.701,0.0450,29.1071,39.9626,1163.2,68.8113
2.703,0.0450,29.0885,40.11,1166.74,68.906
2.705,0.0451,29.0698,40.1492,1167.13,69.0007
2.707,0.0451,29.0512,40.1876,1167.5,69.0955
2.709,0.0452,29.0327,40.2263,1167.88,69.1904
2.711,0.0452,29.0141,39.625,1149.68,69.2853
2.713,0.0452,28.9955,39.6675,1150.18,69.3803
2.716,0.0453,28.977,39.7102,1150.68,69.4753
2.718,0.0453,28.9584,39.7518,1151.15,69.5703
2.720,0.0453,28.9399,39.7938,1151.63,69.6654
2.722,0.0454,28.9213,39.8347,1152.07,69.7605
2.724,0.0454,28.9028,39.7394,1148.58,69.8556
2.726,0.0454,28.8843,39.7809,1149.04,69.9507
2.728,0.0455,28.8659,39.6121,1143.44,70.0458
2.730,0.0455,28.8474,39.6527,1143.88,70.1409
2.732,0.0455,28.829,39.6935,1144.33,70.2359
2.734,0.0456,28.8107,39.7391,1144.91,70.3309
2.736,0.0456,28.7924,39.7789,1145.33,70.4259
2.739,0.0456,28.7742,39.8181,1145.73,70.5209
2.741,0.0457,28.756,39.8695,1146.49,70.6158
2.743,0.0457,28.738,39.8973,1146.57,70.7106
2.745,0.0457,28.72,39.9593,1147.63,70.8054
2.747,0.0458,31.2883,39.7757,1244.51,70.9002
2.749,0.0458,31.2682,39.8565,1246.24,70.9949
2.751,0.0459,31.2483,39.8583,1245.5,71.0896
2.753,0.0459,31.2283,39.9451,1247.42,71.1842
2.755,0.0459,31.2086,39.6347,1236.95,71.2789
2.757,0.0460,31.1888,39.7203,1238.83,71.3734
2.759,0.0460,31.1692,39.716,1237.92,71.468
2.762,0.0460,31.1495,39.8464,1241.2,71.5625
2.764,0.0461,31.13,39.8564,1240.73,71.6571
2.766,0.0461,31.1104,39.9207,1241.95,71.7515
2.768,0.0461,31.091,39.9438,1241.89,71.8461
2.770,0.0462,31.0715,39.9937,1242.66,71.9406
2.772,0.0462,31.052,40.0346,1243.16,72.0352
2.774,0.0462,31.0326,40.0659,1243.35,72.1297
2.776,0.0463,31.0131,40.1027,1243.71,72.2244
2.778,0.0463,30.9938,40.0665,1241.81,72.319
2.780,0.0463,30.9742,40.1147,1242.52,72.4139
2.782,0.0464,30.9546,40.1626,1243.22,72.5087
2.785,0.0464,30.9351,40.1509,1242.07,72.6037
2.787,0.0464,30.9156,40.1981,1242.75,72.6987
2.789,0.0465,30.8961,40.2437,1243.37,72.7938
2.791,0.0465,30.8766,40.2884,1243.97,72.889
2.793,0.0465,30.8572,40.331,1244.5,72.9842
2.795,0.0466,30.8377,40.3726,1245,73.0795
2.797,0.0466,30.8183,40.4119,1245.43,73.1749
2.799,0.0467,30.7989,40.4503,1245.83,73.2703
2.801,0.0467,30.7796,40.4864,1246.15,73.3657
2.803,0.0467,30.7602,40.5302,1246.72,73.4612
2.805,0.0468,30.741,40.5552,1246.71,73.5568
2.808,0.0468,30.7218,40.6045,1247.44,73.6523
2.810,0.0468,30.7027,40.6199,1247.14,73.7479
2.812,0.0469,30.6835,40.6743,1248.03,73.8435
2.814,0.0469,30.6646,40.6825,1247.51,73.9391
2.816,0.0469,33.2633,40.5183,1347.77,74.0347
2.818,0.0470,33.2426,40.5156,1346.84,74.1302
2.820,0.0470,33.2219,40.5874,1348.39,74.2257
2.822,0.0470,33.2013,40.5836,1347.43,74.3212
2.824,0.0471,33.1807,40.6563,1349,74.4166
2.826,0.0471,33.1602,40.6561,1348.16,74.5121
2.828,0.0471,33.1397,40.7939,1351.9,74.6073
2.830,0.0472,33.1193,40.3407,1336.05,74.7027
2.833,0.0472,33.0989,40.4437,1338.64,74.7977
2.835,0.0472,33.0785,40.3358,1334.25,74.893
2.837,0.0473,33.0583,40.4327,1336.64,74.988
2.839,0.0473,33.0379,40.4136,1335.18,75.0832
2.841,0.0473,33.0178,40.3197,1331.27,75.178
2.843,0.0474,32.9974,40.3621,1331.85,75.2732
2.845,0.0474,32.9775,40.4148,1332.78,75.3678
2.847,0.0475,32.9571,40.4721,1333.84,75.463
2.849,0.0475,32.9373,40.5088,1334.25,75.5576
2.851,0.0475,32.917,40.1983,1323.21,75.6527
2.853,0.0476,32.8972,40.1594,1321.13,75.7472
2.856,0.0476,32.877,40.3166,1325.49,75.8423
2.858,0.0476,32.8574,40.2532,1322.61,75.9368
2.860,0.0477,32.8372,40.4325,1327.69,76.032
2.862,0.0477,32.8177,40.3456,1324.05,76.1265
2.864,0.0477,32.7976,40.4016,1325.08,76.2218
2.866,0.0478,32.7776,40.4516,1325.91,76.317
2.868,0.0478,32.7577,40.5117,1327.07,76.4123
2.870,0.0478,32.7378,40.5552,1327.69,76.5077
2.872,0.0479,32.718,40.6189,1328.97,76.6031
2.874,0.0479,32.6982,40.6556,1329.36,76.6985
2.876,0.0479,32.6786,40.7229,1330.77,76.794
2.878,0.0480,32.659,40.7525,1330.94,76.8895
2.881,0.0480,32.6395,40.8236,1332.46,76.9851
2.883,0.0480,32.6201,40.8461,1332.4,77.0807
2.885,0.0481,32.6008,40.9212,1334.06,77.1764
2.887,0.0481,35.2434,40.6771,1433.6,77.272
2.889,0.0481,35.2216,40.7264,1434.45,77.3678
2.891,0.0482,35.1999,40.7635,1434.87,77.4635
2.893,0.0482,35.1782,40.7568,1433.75,77.5594
2.895,0.0483,35.1566,40.7793,1433.66,77.6551
2.897,0.0483,35.1349,40.8404,1434.93,77.7511
2.899,0.0483,35.1134,40.8596,1434.72,77.8468
2.901,0.0484,35.0918,40.8016,1431.8,77.9428
2.903,0.0484,35.0703,40.8166,1431.45,78.0385
2.906,0.0484,35.0487,40.6758,1425.63,78.1346
2.908,0.0485,35.0272,40.6936,1425.38,78.2302
2.910,0.0485,35.0056,40.7569,1426.72,78.3263
2.912,0.0485,34.9842,40.7735,1426.43,78.4218
2.914,0.0486,34.9626,40.8363,1427.74,78.5178
2.916,0.0486,34.9413,40.8517,1427.41,78.6133
2.918,0.0486,34.9197,40.9665,1430.54,78.7092
2.920,0.0487,34.8983,40.9003,1427.35,78.8046
2.922,0.0487,34.8768,41.0455,1431.53,78.9005
2.924,0.0487,34.8555,40.9757,1428.23,78.9957
2.926,0.0488,34.834,40.6934,1417.51,79.0914
2.928,0.0488,34.8127,40.7092,1417.2,79.1865
2.931,0.0488,34.7913,40.7661,1418.31,79.2822
2.933,0.0489,34.7702,40.7848,1418.09,79.3772
2.935,0.0489,34.7489,40.8368,1419.03,79.4728
2.937,0.0489,34.7278,40.6989,1413.39,79.5677
2.939,0.0490,34.7067,40.7414,1414,79.6632
2.941,0.0490,34.6857,40.771,1414.17,79.758
2.943,0.0491,34.6647,40.809,1414.63,79.8535
2.945,0.0491,34.6439,40.8415,1414.91,79.9481
2.947,0.0491,34.623,40.8741,1415.18,80.0436
2.949,0.0492,34.6023,40.906,1415.44,80.139
2.951,0.0492,34.5815,40.938,1415.7,80.2345
2.953,0.0492,34.5609,40.9694,1415.94,80.3299
2.956,0.0493,34.5403,40.9246,1413.54,80.4253
2.958,0.0493,37.1941,40.7496,1515.64,80.5208
2.960,0.0493,37.1707,40.7804,1515.83,80.6162
2.962,0.0494,37.1473,40.811,1516.02,80.7117
2.964,0.0494,37.124,40.8419,1516.21,80.8072
2.966,0.0494,37.1007,40.7551,1512.04,80.9027
2.968,0.0495,37.0774,40.7867,1512.27,80.9983
2.970,0.0495,37.0543,40.819,1512.52,81.0939
2.972,0.0495,37.0311,40.5833,1502.84,81.1895
2.974,0.0496,37.008,40.2255,1488.67,81.2851
2.976,0.0496,36.985,40.2659,1489.23,81.3808
2.978,0.0496,36.962,40.3079,1489.86,81.4765
2.981,0.0497,36.939,40.3516,1490.55,81.5722
2.983,0.0497,36.9161,40.2748,1486.79,81.668
2.985,0.0497,36.8933,40.3214,1487.59,81.7638
2.987,0.0498,36.8705,40.3692,1488.43,81.8596
2.989,0.0498,36.8477,40.4185,1489.33,81.9554
2.991,0.0498,36.8251,40.4628,1490.04,82.0513
2.993,0.0499,36.8025,40.5192,1491.21,82.1472
2.995,0.0499,36.7799,40.5592,1491.76,82.243
2.997,0.0500,36.7574,40.6213,1493.13,82.3389
2.999,0.0500,36.735,40.6562,1493.51,82.4348
3.001,0.0500,36.7127,40.722,1495.01,82.5307
3.003,0.0501,36.6905,40.7515,1495.19,82.6265
3.005,0.0501,36.6683,40.8185,1496.74,82.7223
3.008,0.0501,36.6461,40.8428,1496.73,82.8181
3.010,0.0502,36.6241,40.9085,1498.24,82.9139
3.012,0.0502,36.6021,40.9281,1498.05,83.0095
3.014,0.0502,36.5801,40.9901,1499.42,83.1053
3.016,0.0503,36.5582,41.006,1499.11,83.2008
3.018,0.0503,36.5364,40.9527,1496.26,83.2966
3.020,0.0503,36.5146,40.9578,1495.56,83.392
3.022,0.0504,36.4928,40.9878,1495.76,83.4877
3.024,0.0504,36.4711,41.0214,1496.1,83.583
3.026,0.0504,36.4494,41.0408,1495.91,83.6787
3.028,0.0505,39.1724,40.7735,1597.2,83.774
3.030,0.0505,39.1475,40.7975,1597.12,83.8697
3.032,0.0505,39.1227,40.4114,1581,83.9653
3.035,0.0506,39.0978,40.5224,1584.34,84.061
3.037,0.0506,39.073,40.5363,1583.88,84.1566
3.039,0.0506,39.0482,40.5519,1583.48,84.2522
3.041,0.0507,39.0234,40.5318,1581.69,84.3478
3.043,0.0507,38.9987,40.6118,1583.81,84.4435
3.045,0.0507,38.9739,40.311,1571.08,84.5391
3.047,0.0508,38.9492,40.3271,1570.71,84.6348
3.049,0.0508,38.9245,40.3419,1570.29,84.7304
3.051,0.0509,38.8999,40.3594,1569.98,84.8262
3.053,0.0509,38.8752,40.3835,1569.92,84.9219
3.055,0.0509,38.8506,40.3954,1569.38,85.0177
3.057,0.0510,38.826,40.4292,1569.71,85.1135
3.060,0.0510,38.8015,40.4347,1568.92,85.2094
3.062,0.0510,38.7769,40.4789,1569.65,85.3054
3.064,0.0511,38.7524,40.4765,1568.56,85.4014
3.066,0.0511,38.728,40.5315,1569.7,85.4974
3.068,0.0511,38.7036,40.5196,1568.25,85.5935
3.070,0.0512,38.6792,40.4968,1566.38,85.6896
3.072,0.0512,38.6548,40.4583,1563.91,85.7859
3.074,0.0512,38.6305,40.4803,1563.77,85.882
3.076,0.0513,38.6062,40.4239,1560.62,85.9784
3.078,0.0513,38.582,40.5339,1563.88,86.0746
3.080,0.0513,38.5578,40.4619,1560.12,86.1711
3.082,0.0514,38.5336,40.5864,1563.94,86.2673
3.084,0.0514,38.5095,40.4987,1559.59,86.3639
3.086,0.0514,38.4854,40.6114,1562.95,86.4601
3.089,0.0515,38.4612,40.5268,1558.71,86.5567
3.091,0.0515,38.4372,40.662,1562.93,86.653
3.093,0.0515,38.4131,40.5647,1558.22,86.7497
3.095,0.0516,38.3892,40.7117,1562.89,86.8459
3.097,0.0516,38.3651,40.6035,1557.76,86.9426
3.099,0.0516,38.3412,40.7615,1562.85,87.0388
3.101,0.0517,41.0972,40.5002,1664.44,87.1356
3.103,0.0517,41.0707,40.668,1670.26,87.2317
3.105,0.0518,41.0439,40.2174,1650.68,87.3285
3.107,0.0518,41.0176,40.4112,1657.57,87.4246
3.109,0.0518,40.9909,40.266,1650.54,87.5214
3.111,0.0519,40.9646,40.4711,1657.88,87.6174
3.113,0.0519,40.938,40.4445,1655.71,87.7143
3.116,0.0519,40.9114,40.3974,1652.72,87.8112
3.118,0.0520,40.8849,40.4264,1652.83,87.9081
3.120,0.0520,40.8584,40.2427,1644.25,88.0049
3.122,0.0520,40.832,40.2169,1642.14,88.1019
3.124,0.0521,40.8056,40.242,1642.1,88.1988
3.126,0.0521,40.7793,40.2712,1642.23,88.2958
3.128,0.0521,40.753,40.196,1638.11,88.3927
3.130,0.0522,40.7268,40.2234,1638.17,88.4898
3.132,0.0522,40.7007,40.1399,1633.72,88.5867
3.134,0.0522,40.6746,40.164,1633.66,88.6839
3.136,0.0523,40.6486,40.1893,1633.64,88.781
3.138,0.0523,40.6226,40.2103,1633.45,88.8783
3.140,0.0523,40.5967,40.2381,1633.53,88.9755
3.143,0.0524,40.5708,40.2542,1633.15,89.0729
3.145,0.0524,40.545,40.2857,1633.38,89.1702
3.147,0.0524,40.5192,40.2949,1632.72,89.2677
3.149,0.0525,40.4935,40.0318,1621.03,89.3651
3.151,0.0525,40.4678,39.9666,1617.36,89.4628
3.153,0.0525,40.4421,40.0158,1618.32,89.5604
3.155,0.0526,40.4165,39.9746,1615.63,89.6582
3.157,0.0526,40.3909,40.0299,1616.84,89.7559
3.159,0.0527,40.3653,40.0142,1615.18,89.8539
3.161,0.0527,40.3397,40.0765,1616.67,89.9517
3.163,0.0527,40.3141,40.0507,1614.61,90.0498
3.165,0.0528,40.2885,40.1207,1616.4,90.1477
3.167,0.0528,40.2629,40.0835,1613.88,90.2459
3.170,0.0528,40.2373,40.2176,1618.25,90.3439
3.172,0.0529,40.2117,40.1774,1615.6,90.4422
3.174,0.0529,43.0189,40.13,1726.35,90.5402
3.176,0.0529,42.9907,40.0863,1723.34,90.6386
3.178,0.0530,42.9625,40.1636,1725.53,90.7367
3.180,0.0530,42.9342,39.9414,1714.85,90.8352
3.182,0.0530,42.906,40.0103,1716.68,90.9333
3.184,0.0531,42.8777,39.7068,1702.54,91.0319
3.186,0.0531,42.8495,39.7736,1704.28,91.13
3.188,0.0531,42.8212,39.7215,1700.92,91.2287
3.190,0.0532,42.7929,39.7976,1703.05,91.3268
3.192,0.0532,42.7646,39.5533,1691.48,91.4255
3.194,0.0532,42.7363,39.6487,1694.44,91.5237
3.196,0.0533,42.708,39.6164,1691.94,91.6224
3.199,0.0533,42.6797,39.6249,1691.18,91.7212
3.201,0.0533,42.6513,39.6341,1690.45,91.8199
3.203,0.0534,42.623,39.6438,1689.74,91.9187
3.205,0.0534,42.5947,39.655,1689.09,92.0175
3.207,0.0534,42.5663,39.6665,1688.46,92.1163
3.209,0.0535,42.538,39.68,1687.91,92.2152
3.211,0.0535,42.5097,39.6935,1687.36,92.314
3.213,0.0536,42.4814,39.7094,1686.91,92.413
3.215,0.0536,42.4531,39.7251,1686.45,92.512
3.217,0.0536,42.4249,39.7432,1686.1,92.611
3.219,0.0537,42.3966,39.7608,1685.72,92.7101
3.221,0.0537,42.3685,39.7807,1685.45,92.8093
3.223,0.0537,42.3403,39.7614,1683.51,92.9085
3.226,0.0538,42.3122,39.7832,1683.31,93.0078
3.228,0.0538,42.2842,39.8041,1683.08,93.1072
3.230,0.0538,42.2561,39.8264,1682.91,93.2067
3.232,0.0539,42.2282,39.75,1678.57,93.3063
3.234,0.0539,42.2002,39.7744,1678.49,93.4059
3.236,0.0539,42.1723,39.7981,1678.38,93.5057
3.238,0.0540,42.1445,39.822,1678.28,93.6055
3.240,0.0540,42.1167,39.8449,1678.13,93.7054
3.242,0.0540,42.0889,39.7232,1671.9,93.8055
3.244,0.0541,42.0611,39.7451,1671.72,93.9056
3.246,0.0541,42.0334,39.7678,1671.58,94.0058
3.248,0.0541,42.0057,39.7881,1671.33,94.1061
3.250,0.0542,44.8248,39.6788,1778.6,94.2065
3.252,0.0542,44.7944,39.699,1778.29,94.3068
3.255,0.0542,44.764,39.7185,1777.96,94.4074
3.257,0.0543,44.7337,39.5773,1770.44,94.5078
3.259,0.0543,44.7034,39.5905,1769.83,94.6084
3.261,0.0543,44.6731,39.4672,1763.12,94.7089
3.263,0.0544,44.6428,39.4825,1762.61,94.8096
3.265,0.0544,44.6126,39.2116,1749.33,94.9101
3.267,0.0544,44.5823,39.0856,1742.53,95.0109
3.269,0.0545,44.5521,39.1158,1742.69,95.1114
3.271,0.0545,44.5219,39.1222,1741.79,95.2122
3.273,0.0546,44.4918,39.156,1742.12,95.3128
3.275,0.0546,44.4616,39.1614,1741.18,95.4136
3.277,0.0546,44.4316,39.1992,1741.68,95.5142
3.279,0.0547,44.4014,39.2205,1741.44,95.615
3.281,0.0547,44.3713,39.2433,1741.28,95.7158
3.284,0.0547,44.3412,39.2662,1741.11,95.8166
3.286,0.0548,44.3112,39.193,1736.69,95.9175
3.288,0.0548,44.2812,39.0761,1730.34,96.0184
3.290,0.0548,44.2512,39.1022,1730.32,96.1193
3.292,0.0549,44.2213,39.128,1730.29,96.2203
3.294,0.0549,44.1914,39.1107,1728.36,96.3213
3.296,0.0549,44.1615,39.1358,1728.3,96.4224
3.298,0.0550,44.1317,39.1688,1728.59,96.5235
3.300,0.0550,44.1019,39.1931,1728.49,96.6247
3.302,0.0550,44.0721,39.2197,1728.49,96.726
3.304,0.0551,44.0423,39.0489,1719.81,96.8274
3.306,0.0551,44.0126,39.0783,1719.94,96.9289
3.308,0.0551,43.9828,39.096,1719.55,97.0304
3.310,0.0552,43.9531,39.1273,1719.76,97.1321
3.313,0.0552,43.9234,39.0062,1713.28,97.2339
3.315,0.0552,43.8936,39.0465,1713.89,97.3356
3.317,0.0553,43.8639,39.0494,1712.86,97.4376
3.319,0.0553,43.8342,39.0926,1713.59,97.5396
3.321,0.0553,43.8044,39.0933,1712.46,97.6418
3.323,0.0554,43.7747,39.1694,1714.63,97.7439
3.325,0.0554,43.745,39.1628,1713.17,97.8462
3.327,0.0555,43.7152,39.2146,1714.28,97.9485
3.329,0.0555,43.6855,39.1158,1708.79,98.051
3.331,0.0555,46.5558,38.7904,1805.92,98.1533
3.333,0.0556,46.5235,38.7042,1800.65,98.256
3.335,0.0556,46.4911,38.7405,1801.09,98.3584
3.337,0.0556,46.4587,38.7618,1800.82,98.4611
3.339,0.0557,46.4264,38.7995,1801.32,98.5636
3.342,0.0557,46.3942,38.8217,1801.1,98.6664
3.344,0.0557,46.362,38.8596,1801.61,98.7689
3.346,0.0558,46.3298,38.8835,1801.46,98.8718
3.348,0.0558,46.2977,38.9204,1801.93,98.9743
3.350,0.0558,46.2657,38.9462,1801.87,99.0772
3.352,0.0559,46.2338,38.9811,1802.24,99.1797
3.354,0.0559,46.2018,39.009,1802.29,99.2827
3.356,0.0559,46.1701,38.9211,1796.99,99.3852
3.358,0.0560,46.1382,38.9526,1797.2,99.4882
3.360,0.0560,46.1067,38.9671,1796.64,99.5908
3.362,0.0560,46.075,38.9962,1796.75,99.6938
3.364,0.0561,46.0434,39.0242,1796.8,99.7968
3.366,0.0561,46.0118,39.0532,1796.91,99.8999
3.368,0.0561,45.9804,39.0409,1795.12,100.003
3.371,0.0562,45.949,38.7496,1780.5,100.106
3.373,0.0562,45.9176,38.6636,1775.34,100.209
3.375,0.0562,45.8863,38.5034,1766.78,100.313
3.377,0.0563,45.8551,38.521,1766.39,100.416
3.379,0.0563,45.8239,38.5551,1766.75,100.52
3.381,0.0563,45.7928,38.569,1766.18,100.623
3.383,0.0564,45.7617,38.607,1766.72,100.727
3.385,0.0564,45.7306,38.6164,1765.95,100.83
3.387,0.0565,45.6995,38.7113,1769.09,100.934
3.389,0.0565,45.6685,38.7384,1769.13,101.038
3.391,0.0565,45.6374,38.7607,1768.94,101.142
3.393,0.0566,45.6064,38.7849,1768.84,101.246
3.395,0.0566,45.5752,38.8991,1772.83,101.35
3.397,0.0566,45.5442,38.9634,1774.56,101.454
3.400,0.0567,45.513,38.9422,1772.38,101.559
3.402,0.0567,45.482,39.0097,1774.24,101.663
3.404,0.0567,45.4508,38.8562,1766.04,101.767
3.406,0.0568,45.4197,38.7203,1758.67,101.871
3.408,0.0568,45.3884,38.6799,1755.62,101.976
3.410,0.0568,45.3573,38.7682,1758.42,102.08
3.412,0.0569,45.326,38.6579,1752.21,102.185
3.414,0.0569,48.2048,38.6311,1862.21,102.289
3.416,0.0569,48.171,38.5874,1858.8,102.393
3.418,0.0570,48.1373,38.6769,1861.8,102.498
3.420,0.0570,48.1035,38.5339,1853.62,102.602
3.422,0.0570,48.0699,38.6268,1856.78,102.706
3.424,0.0571,48.0361,38.5721,1852.85,102.811
3.426,0.0571,48.0024,38.6707,1856.29,102.915
3.428,0.0571,47.9687,38.6089,1852.02,103.019
3.431,0.0572,47.9351,38.7137,1855.74,103.123
3.433,0.0572,47.9014,38.6386,1850.84,103.228
3.435,0.0572,47.8678,38.7475,1854.76,103.332
3.437,0.0573,47.8342,38.6739,1849.94,103.437
3.439,0.0573,47.8007,38.6827,1849.06,103.541
3.441,0.0573,47.7671,38.6722,1847.26,103.645
3.443,0.0574,47.7337,38.7231,1848.4,103.749
3.445,0.0574,47.7003,38.7011,1846.05,103.854
3.447,0.0575,47.6669,38.5671,1838.37,103.959
3.449,0.0575,47.6335,38.5854,1837.96,104.064
3.451,0.0575,47.6001,38.604,1837.55,104.169
3.453,0.0576,47.5668,38.6228,1837.16,104.273
3.455,0.0576,47.5335,38.6559,1837.45,104.378
3.457,0.0576,47.5003,38.5933,1833.19,104.484
3.460,0.0577,47.467,38.6134,1832.87,104.589
3.462,0.0577,47.4338,38.5259,1827.43,104.694
3.464,0.0577,47.4006,38.5446,1827.04,104.799
3.466,0.0578,47.3674,38.5632,1826.64,104.904
3.468,0.0578,47.3343,38.5815,1826.23,105.01
3.470,0.0578,47.3012,38.5998,1825.81,105.115
3.472,0.0579,47.2681,38.6176,1825.38,105.221
3.474,0.0579,47.235,38.6354,1824.94,105.326
3.476,0.0579,47.2019,38.6528,1824.48,105.432
3.478,0.0580,47.1689,38.6294,1822.11,105.537
3.480,0.0580,47.1358,38.6075,1819.8,105.643
3.482,0.0580,47.1029,38.4751,1812.29,105.749
3.484,0.0581,47.0699,38.4182,1808.34,105.854
3.486,0.0581,47.037,38.4345,1807.84,105.96
3.488,0.0581,47.0041,38.448,1807.22,106.066
3.491,0.0582,46.9713,38.4667,1806.83,106.171
3.493,0.0582,46.9385,38.3889,1801.92,106.277
3.495,0.0582,46.9058,38.3513,1798.9,106.382
3.497,0.0583,46.8731,38.3615,1798.12,106.488
3.499,0.0583,46.8404,38.2931,1793.67,106.594
3.501,0.0583,46.8079,38.1832,1787.28,106.699
3.503,0.0584,49.7156,38.0927,1893.8,106.805
3.505,0.0584,49.6805,38.1044,1893.05,106.91
3.507,0.0585,49.6456,38.1308,1893.03,107.016
3.509,0.0585,49.6106,38.1621,1893.24,107.121
3.511,0.0585,49.5757,38.1893,1893.26,107.227
3.513,0.0586,49.5408,38.2015,1892.53,107.332
3.515,0.0586,49.506,38.1535,1888.83,107.438
3.517,0.0586,49.4712,38.1684,1888.24,107.544
3.519,0.0587,49.4364,38.052,1881.15,107.649
3.522,0.0587,49.4016,38.0738,1880.91,107.755
3.524,0.0587,49.3669,38.0617,1878.99,107.861
3.526,0.0588,49.3321,38.0847,1878.8,107.966
3.528,0.0588,49.2974,38.1038,1878.42,108.072
3.530,0.0588,49.2627,38.1226,1878.02,108.178
3.532,0.0589,49.228,38.1413,1877.62,108.284
3.534,0.0589,49.1934,38.0945,1874,108.391
3.536,0.0589,49.1587,38.1131,1873.59,108.497
3.538,0.0590,49.124,38.1316,1873.17,108.603
3.540,0.0590,49.0893,38.1496,1872.74,108.709
3.542,0.0590,49.0546,38.1676,1872.3,108.815
3.544,0.0591,49.0199,38.1852,1871.83,108.922
3.546,0.0591,48.9852,38.2029,1871.37,109.028
3.548,0.0591,48.9505,38.2201,1870.89,109.134
3.550,0.0592,48.9158,38.0947,1863.43,109.241
3.553,0.0592,48.8811,38.1064,1862.68,109.347
3.555,0.0592,48.8464,38.1339,1862.7,109.453
3.557,0.0593,48.8117,38.1406,1861.71,109.56
3.559,0.0593,48.777,38.0312,1855.05,109.666
3.561,0.0593,48.7424,38.0308,1853.71,109.773
3.563,0.0594,48.7077,38.0715,1854.38,109.879
3.565,0.0594,48.6731,38.0127,1850.2,109.985
3.567,0.0595,48.6385,38.0575,1851.06,110.092
3.569,0.0595,48.604,38.049,1849.33,110.198
3.571,0.0595,48.5695,38.0992,1850.46,110.304
3.573,0.0596,48.535,37.9609,1842.43,110.411
3.575,0.0596,48.5006,38.0163,1843.81,110.517
3.577,0.0596,48.4662,37.8407,1834,110.624
3.579,0.0597,48.4319,37.9082,1835.96,110.73
3.581,0.0597,48.3977,37.7575,1827.37,110.836
3.584,0.0597,48.3634,37.8253,1829.36,110.943
3.586,0.0598,48.3293,37.8036,1827.02,111.049
3.588,0.0598,48.2952,37.8749,1829.18,111.155
3.590,0.0598,48.2612,37.8519,1826.78,111.262
3.592,0.0599,48.2273,37.9265,1829.09,111.368
3.594,0.0599,51.1263,37.792,1932.17,111.475
3.596,0.0599,51.09,37.6602,1924.06,111.581
3.598,0.0600,51.0538,37.6461,1921.98,111.688
3.600,0.0600,51.0176,37.6575,1921.2,111.795
3.602,0.0600,50.9815,37.6341,1918.65,111.901
3.604,0.0601,50.9455,37.7131,1921.31,112.008
3.606,0.0601,50.9096,37.6599,1917.25,112.115
3.608,0.0601,50.8738,37.7403,1919.99,112.221
3.610,0.0602,50.8381,37.77,1920.15,112.328
3.612,0.0602,50.8024,37.8012,1920.39,112.435
3.615,0.0602,50.7668,37.8299,1920.5,112.542
3.617,0.0603,50.7313,37.8622,1920.8,112.649
3.619,0.0603,50.6959,37.8252,1917.58,112.756
3.621,0.0603,50.6605,37.8594,1917.98,112.863
3.623,0.0604,50.6252,37.8832,1917.84,112.97
3.625,0.0604,50.5899,37.7735,1910.96,113.077
3.627,0.0604,50.5547,37.701,1905.96,113.184
3.629,0.0605,50.5196,37.8719,1913.27,113.291
3.631,0.0605,50.4845,37.9,1913.36,113.399
3.633,0.0606,50.4494,37.9271,1913.4,113.506
3.635,0.0606,50.4143,37.9573,1913.59,113.613
3.637,0.0606,50.3793,37.9824,1913.52,113.72
3.639,0.0607,50.3444,37.8781,1906.95,113.827
3.641,0.0607,50.3094,37.9053,1906.99,113.934
3.643,0.0607,50.2745,37.9346,1907.14,114.042
3.646,0.0608,50.2396,37.9613,1907.16,114.149
3.648,0.0608,50.2048,37.9642,1905.98,114.256
3.650,0.0608,50.1699,37.9355,1903.22,114.363
3.652,0.0609,50.1352,37.9582,1903.04,114.471
3.654,0.0609,50.1004,37.9939,1903.51,114.578
3.656,0.0609,50.0657,38.0132,1903.16,114.685
3.658,0.0610,50.0311,38.0028,1901.32,114.792
3.660,0.0610,49.9964,37.907,1895.22,114.9
3.662,0.0610,49.9619,37.9413,1895.62,115.007
3.664,0.0611,49.9274,37.9676,1895.62,115.114
3.666,0.0611,49.893,38.0097,1896.42,115.221
3.668,0.0611,49.8586,37.8909,1889.19,115.329
3.670,0.0612,49.8243,37.8606,1886.38,115.436
3.672,0.0612,49.79,37.6643,1875.31,115.543
3.674,0.0612,49.7559,37.7128,1876.44,115.65
3.677,0.0613,49.7218,37.7279,1875.9,115.758
3.679,0.0613,49.6878,37.6927,1872.87,115.865
3.681,0.0613,49.6538,37.7109,1872.49,115.972
3.683,0.0614,49.6199,37.7621,1873.75,116.079
3.685,0.0614,49.5861,37.7724,1872.99,116.187
3.687,0.0614,49.5523,37.8306,1874.59,116.294
3.689,0.0615,49.5186,37.8327,1873.42,116.401
3.691,0.0615,52.4531,37.6827,1976.58,116.509
3.693,0.0616,52.4173,37.7123,1976.78,116.616
3.695,0.0616,52.3815,37.741,1976.93,116.723
3.697,0.0616,52.3458,37.7698,1977.09,116.831
3.699,0.0617,52.31,37.7978,1977.2,116.938
3.701,0.0617,52.2743,37.8257,1977.31,117.046
3.703,0.0617,52.2386,37.8529,1977.39,117.153
3.705,0.0618,52.203,37.8801,1977.45,117.261
3.708,0.0618,52.1673,37.9068,1977.5,117.368
3.710,0.0618,52.1317,37.9333,1977.53,117.476
3.712,0.0619,52.0961,37.9595,1977.54,117.583
3.714,0.0619,52.0604,37.9856,1977.55,117.691
3.716,0.0619,52.0249,37.9224,1972.91,117.798
3.718,0.0620,51.9893,37.9478,1972.88,117.906
3.720,0.0620,51.9537,37.8622,1967.08,118.014
3.722,0.0620,51.9182,37.8869,1967.02,118.121
3.724,0.0621,51.8827,37.9118,1966.97,118.229
3.726,0.0621,51.8472,37.8918,1964.58,118.337
3.728,0.0621,51.8118,37.9165,1964.52,118.444
3.730,0.0622,51.7764,37.9411,1964.46,118.552
3.732,0.0622,51.741,37.9662,1964.41,118.66
3.734,0.0622,51.7057,37.8665,1957.91,118.767
3.736,0.0623,51.6704,37.8427,1955.35,118.875
3.738,0.0623,51.6352,37.872,1955.53,118.982
3.741,0.0623,51.6,37.8927,1955.26,119.09
3.743,0.0624,51.5649,37.8882,1953.7,119.198
3.745,0.0624,51.5298,37.9745,1956.82,119.305
3.747,0.0624,51.4948,38.0045,1957.04,119.413
3.749,0.0625,51.4598,38.0183,1956.41,119.521
3.751,0.0625,51.4249,37.9607,1952.13,119.628
3.753,0.0625,51.39,37.8563,1945.44,119.736
3.755,0.0626,51.3552,37.8775,1945.21,119.844
3.757,0.0626,51.3205,37.907,1945.41,119.951
3.759,0.0627,51.2858,37.8365,1940.47,120.059
3.761,0.0627,51.2511,37.7601,1935.25,120.167
3.763,0.0627,51.2165,37.7423,1933.03,120.275
3.765,0.0628,51.1819,37.7857,1933.95,120.382
3.767,0.0628,51.1474,37.7987,1933.3,120.49
3.769,0.0628,51.1129,37.8491,1934.58,120.598
3.772,0.0629,51.0785,37.8585,1933.75,120.705
3.774,0.0629,51.0441,37.9152,1935.34,120.813
3.776,0.0629,51.0098,37.9464,1935.64,120.921
3.778,0.0630,50.9755,37.9782,1935.96,121.029
3.780,0.0630,50.9413,37.8803,1929.67,121.137
3.782,0.0630,50.9071,37.8148,1925.04,121.244
3.784,0.0631,50.873,37.8277,1924.41,121.352
3.786,0.0631,50.8389,37.858,1924.66,121.46
3.788,0.0631,50.8049,37.8868,1924.84,121.568
3.790,0.0632,50.7709,37.9157,1925.02,121.676
3.792,0.0632,53.6655,37.8264,2029.97,121.784
3.794,0.0632,53.6296,37.8537,2030.08,121.891
3.796,0.0633,53.5937,37.8793,2030.09,121.999
3.798,0.0633,53.5579,37.9025,2029.98,122.107
3.800,0.0633,53.5221,37.9131,2029.19,122.215
3.802,0.0634,53.4863,37.9332,2028.91,122.323
3.805,0.0634,53.4506,37.838,2022.47,122.431
3.807,0.0634,53.4149,37.7644,2017.18,122.539
3.809,0.0635,53.3794,37.7933,2017.38,122.647
3.811,0.0635,53.3438,37.8069,2016.76,122.754
3.813,0.0635,53.3083,37.7158,2010.56,122.862
3.815,0.0636,53.2728,37.599,2003,122.97
3.817,0.0636,53.2373,37.6229,2002.94,123.078
3.819,0.0636,53.2019,37.6412,2002.58,123.186
3.821,0.0637,53.1666,37.6023,1999.18,123.294
3.823,0.0637,53.1312,37.5404,1994.57,123.402
3.825,0.0638,53.096,37.5198,1992.15,123.51
3.827,0.0638,53.0607,37.5291,1991.32,123.618
3.829,0.0638,53.0255,37.4538,1986.01,123.726
3.831,0.0639,52.9903,37.4062,1982.16,123.834
3.833,0.0639,52.9552,37.4523,1983.29,123.942
3.835,0.0639,52.9201,37.4155,1980.03,124.05
3.838,0.0640,52.8851,37.4544,1980.78,124.158
3.840,0.0640,52.8501,37.4733,1980.47,124.266
3.842,0.0640,52.8151,37.383,1974.38,124.374
3.844,0.0641,52.7802,37.3898,1973.44,124.482
3.846,0.0641,52.7453,37.4364,1974.59,124.59
3.848,0.0641,52.7105,37.438,1973.38,124.698
3.850,0.0642,52.6757,37.4879,1974.7,124.806
3.852,0.0642,52.641,37.4839,1973.19,124.914
3.854,0.0642,52.6063,37.553,1975.52,125.022
3.856,0.0643,52.5718,37.5635,1974.78,125.13
3.858,0.0643,52.5372,37.5859,1974.66,125.238
3.860,0.0643,52.5026,37.5293,1970.38,125.347
3.862,0.0644,52.4681,37.5526,1970.32,125.455
3.864,0.0644,52.4337,37.5683,1969.84,125.563
3.866,0.0644,52.3993,37.5923,1969.81,125.671
3.868,0.0645,52.365,37.6042,1969.14,125.779
3.870,0.0645,52.3308,37.5972,1967.49,125.888
3.873,0.0645,52.2965,37.6033,1966.52,125.996
3.875,0.0646,52.2624,37.633,1966.79,126.104
3.877,0.0646,52.2283,37.6349,1965.61,126.212
3.879,0.0646,52.1943,37.6668,1965.99,126.32
3.881,0.0647,52.1603,37.6648,1964.61,126.429
3.883,0.0647,52.1264,37.6991,1965.12,126.537
3.885,0.0647,52.0924,37.6935,1963.55,126.645
3.887,0.0648,52.0586,37.5888,1956.82,126.753
3.889,0.0648,52.0248,37.581,1955.14,126.861
3.891,0.0649,51.991,37.507,1950.03,126.97
3.893,0.0649,51.9573,37.4804,1947.38,127.078
3.895,0.0649,51.9236,37.5046,1947.37,127.186
3.897,0.0650,51.89,37.4177,1941.61,127.294
3.899,0.0650,51.8563,37.3751,1938.14,127.402
3.901,0.0650,54.7965,37.2898,2043.35,127.511
3.903,0.0651,54.7608,37.2834,2041.67,127.619
3.905,0.0651,54.7253,37.3168,2042.17,127.727
3.908,0.0651,54.6896,37.305,2040.19,127.835
3.910,0.0652,54.6541,37.3439,2041,127.943
3.912,0.0652,54.6185,37.326,2038.69,128.052
3.914,0.0652,54.5831,37.3252,2037.32,128.16
3.916,0.0653,54.5475,37.0931,2023.34,128.268
3.918,0.0653,54.5123,37.1196,2023.47,128.376
3.920,0.0653,54.4767,37.0528,2018.52,128.485
3.922,0.0654,54.4415,37.0851,2018.97,128.593
3.924,0.0654,54.4061,37.0746,2017.08,128.701
3.926,0.0654,54.371,37.1102,2017.72,128.809
3.928,0.0655,54.3356,37.0207,2011.55,128.918
3.930,0.0655,54.3006,37.0594,2012.35,129.026
3.932,0.0655,54.2653,37.0462,2010.32,129.135
3.934,0.0656,54.2304,37.0894,2011.37,129.243
3.936,0.0656,54.1952,37.0744,2009.25,129.351
3.938,0.0656,54.1603,37.1219,2010.54,129.46
3.940,0.0657,54.1252,37.1375,2010.07,129.568
3.943,0.0657,54.0901,37.1056,2007.05,129.677
3.945,0.0657,54.0551,37.0006,2000.07,129.785
3.947,0.0658,54.02,37.0192,1999.78,129.894
3.949,0.0658,53.985,37.0376,1999.48,130.002
3.951,0.0658,53.95,37.0571,1999.23,130.111
3.953,0.0659,53.915,37.0763,1998.97,130.219
3.955,0.0659,53.88,37.0963,1998.75,130.328
3.957,0.0659,53.8451,37.0315,1993.96,130.436
3.959,0.0660,53.8101,37.0521,1993.77,130.545
3.961,0.0660,53.7751,36.9939,1989.35,130.653
3.963,0.0661,53.7401,37.0139,1989.13,130.762
3.965,0.0661,53.7052,37.0214,1988.24,130.87
3.967,0.0661,53.6702,36.9286,1981.97,130.979
3.969,0.0662,53.6353,36.9468,1981.65,131.087
3.971,0.0662,53.6003,36.9269,1979.29,131.196
3.973,0.0662,53.5654,36.9444,1978.94,131.304
3.975,0.0663,53.5305,36.9613,1978.56,131.413
3.977,0.0663,53.4956,36.9777,1978.14,131.521
3.980,0.0663,53.4608,36.9933,1977.69,131.63
3.982,0.0664,53.426,36.9111,1972.01,131.738
3.984,0.0664,53.3913,36.8307,1966.44,131.847
3.986,0.0664,53.3566,36.7627,1961.53,131.955
3.988,0.0665,53.3219,36.7696,1960.63,132.064
3.990,0.0665,53.2874,36.7185,1956.63,132.172
3.992,0.0665,53.2529,36.7242,1955.67,132.281
3.994,0.0666,53.2185,36.7452,1955.52,132.39
3.996,0.0666,53.1841,36.7488,1954.45,132.498
3.998,0.0666,53.1499,36.715,1951.4,132.607
4.000,0.0667,53.1157,36.6,1944.03,132.716
4.002,0.0667,53.0816,36.5478,1940.02,132.825
4.004,0.0667,53.0476,36.537,1938.2,132.933
4.006,0.0668,53.0137,36.5277,1936.47,133.042
4.008,0.0668,52.9798,36.5646,1937.19,133.151
4.010,0.0668,52.946,36.5512,1935.24,133.26
4.012,0.0669,52.9123,36.5928,1936.21,133.369
4.014,0.0669,52.8786,36.5749,1934.03,133.478
4.017,0.0669,52.8451,36.4174,1924.48,133.586
4.019,0.0670,52.8115,36.3878,1921.69,133.695
4.021,0.0670,55.6869,36.2715,2019.85,133.804
4.023,0.0670,55.6512,36.2834,2019.21,133.913
4.025,0.0671,55.6157,36.2955,2018.6,134.022
4.027,0.0671,55.5802,36.3075,2017.98,134.131
4.029,0.0671,55.5447,36.3198,2017.37,134.24
4.031,0.0672,55.5094,36.3319,2016.76,134.349
4.033,0.0672,55.474,36.3445,2016.17,134.457
4.035,0.0673,55.4387,36.369,2016.25,134.566
4.037,0.0673,55.4035,36.1969,2005.43,134.675
4.039,0.0673,55.3683,36.2096,2004.86,134.784
4.041,0.0674,55.3331,36.2228,2004.32,134.892
4.043,0.0674,55.298,36.2113,2002.41,135.001
4.045,0.0674,55.2629,36.2242,2001.85,135.11
4.047,0.0675,55.2278,36.2445,2001.71,135.219
4.049,0.0675,55.1927,36.2556,2001.05,135.327
4.051,0.0675,55.1577,36.2768,2000.94,135.436
4.054,0.0676,55.1226,36.2866,2000.21,135.545
4.056,0.0676,55.0876,36.2223,1995.4,135.654
4.058,0.0676,55.0526,36.2288,1994.49,135.762
4.060,0.0677,55.0176,36.2372,1993.68,135.871
4.062,0.0677,54.9826,36.245,1992.85,135.98
4.064,0.0677,54.9476,36.2765,1993.3,136.089
4.066,0.0678,54.9127,36.2845,1992.48,136.198
4.068,0.0678,54.8777,36.3182,1993.06,136.307
4.070,0.0678,54.8428,36.3269,1992.27,136.416
4.072,0.0679,54.8078,36.362,1992.92,136.525
4.074,0.0679,54.773,36.347,1990.84,136.634
4.076,0.0679,54.738,36.3896,1991.9,136.743
4.078,0.0680,54.7033,36.2866,1984.99,136.852
4.080,0.0680,54.6683,36.2492,1981.68,136.962
4.082,0.0680,54.6336,36.178,1976.53,137.071
4.084,0.0681,54.5986,36.2259,1977.88,137.18
4.086,0.0681,54.564,36.2256,1976.61,137.289
4.088,0.0681,54.5291,36.2719,1977.87,137.399
4.090,0.0682,54.4946,36.2724,1976.65,137.508
4.092,0.0682,54.4597,36.2396,1973.6,137.618
4.095,0.0682,54.4252,36.1091,1965.25,137.727
4.097,0.0683,54.3904,36.1433,1965.85,137.836
4.099,0.0683,54.3561,36.1476,1964.84,137.946
4.101,0.0683,54.3213,36.1784,1965.26,138.055
4.103,0.0684,54.287,36.1852,1964.39,138.165
4.105,0.0684,54.2523,36.2012,1964,138.274
4.107,0.0684,54.2176,36.1747,1961.31,138.384
4.109,0.0685,54.183,36.1878,1960.76,138.493
4.111,0.0685,54.1484,36.0848,1953.93,138.602
4.113,0.0686,54.1139,36.0953,1953.26,138.712
4.115,0.0686,54.0794,36.1075,1952.67,138.821
4.117,0.0686,54.0449,36.1116,1951.65,138.93
4.119,0.0687,54.0105,36.1349,1951.67,139.04
4.121,0.0687,53.9761,36.1449,1950.96,139.149
4.123,0.0687,53.9419,36.1678,1950.96,139.258
4.125,0.0688,53.9075,36.1645,1949.54,139.368
4.127,0.0688,53.8734,36.1517,1947.61,139.477
4.129,0.0688,53.8391,36.1463,1946.08,139.586
4.131,0.0689,53.805,36.1583,1945.5,139.696
4.134,0.0689,53.7708,36.0062,1936.08,139.805
4.136,0.0689,53.7369,36.0191,1935.55,139.914
4.138,0.0690,53.7027,35.9378,1929.96,140.024
4.140,0.0690,53.6688,35.9451,1929.13,140.133
4.142,0.0690,53.6346,35.9641,1928.92,140.243
4.144,0.0691,53.6008,35.9715,1928.1,140.352
4.146,0.0691,53.5667,35.9928,1928.02,140.462
4.148,0.0691,53.533,35.9332,1923.62,140.571
4.150,0.0692,53.499,35.9428,1922.9,140.681
4.152,0.0692,53.4653,35.8866,1918.69,140.79
4.154,0.0692,56.3933,35.7769,2017.57,140.9
4.156,0.0693,56.3582,35.7928,2017.22,141.01
4.158,0.0693,56.3226,35.7603,2014.11,141.12
4.160,0.0693,56.2876,35.7859,2014.31,141.23
4.162,0.0694,56.2521,35.7939,2013.48,141.339
4.164,0.0694,56.2173,35.8192,2013.66,141.449
4.166,0.0694,56.1818,35.7145,2006.5,141.559
4.168,0.0695,56.1472,35.7307,2006.18,141.669
4.170,0.0695,56.1117,35.7548,2006.26,141.779
4.172,0.0695,56.0772,35.7701,2005.89,141.889
4.175,0.0696,56.0418,35.743,2003.1,141.999
4.177,0.0696,56.0074,35.7845,2004.19,142.109
4.179,0.0696,55.972,35.7865,2003.04,142.219
4.181,0.0697,55.9377,35.7962,2002.36,142.329
4.183,0.0697,55.9024,35.779,2000.13,142.439
4.185,0.0697,55.8681,35.8438,2002.52,142.549
4.187,0.0698,55.8328,35.8037,1999.02,142.659
4.189,0.0698,55.7976,35.6788,1990.79,142.769
4.191,0.0698,55.7623,35.7039,1990.93,142.879
4.193,0.0699,55.7272,35.7303,1991.15,142.989
4.195,0.0699,55.692,35.7568,1991.37,143.099
4.197,0.0700,55.6569,35.7845,1991.66,143.209
4.199,0.0700,55.6219,35.7246,1987.07,143.319
4.201,0.0700,55.5869,35.7529,1987.4,143.429
4.203,0.0701,55.5519,35.6739,1981.75,143.539
4.205,0.0701,55.517,35.702,1982.07,143.649
4.207,0.0701,55.4822,35.7298,1982.37,143.759
4.209,0.0702,55.4473,35.4717,1966.81,143.869
4.211,0.0702,55.4126,35.5001,1967.15,143.979
4.213,0.0702,55.3779,35.5286,1967.5,144.09
4.216,0.0703,55.3432,35.5039,1964.9,144.2
4.218,0.0703,55.3086,35.5335,1965.31,144.31
4.220,0.0703,55.2741,35.5623,1965.67,144.42
4.222,0.0704,55.2396,35.5418,1963.32,144.531
4.224,0.0704,55.2052,35.4263,1955.72,144.641
4.226,0.0704,55.1708,35.4527,1955.96,144.751
4.228,0.0705,55.1366,35.4149,1952.65,144.862
4.230,0.0705,55.1023,35.4054,1950.92,144.973
4.232,0.0705,55.0681,35.3315,1945.64,145.083
4.234,0.0706,55.0341,35.3401,1944.91,145.194
4.236,0.0706,54.9999,35.3773,1945.75,145.305
4.238,0.0706,54.966,35.3779,1944.58,145.415
4.240,0.0707,54.932,35.4203,1945.71,145.526
4.242,0.0707,54.8982,35.4142,1944.18,145.637
4.244,0.0707,54.8643,35.4609,1945.54,145.748
4.246,0.0708,54.8307,35.4154,1941.85,145.859
4.248,0.0708,54.7969,35.465,1943.37,145.97
4.250,0.0708,54.7635,35.4496,1941.34,146.081
4.252,0.0709,54.7298,35.502,1943.02,146.192
4.254,0.0709,54.6965,35.482,1940.74,146.303
4.257,0.0709,54.663,35.5377,1942.59,146.415
4.259,0.0710,54.6299,35.5171,1940.29,146.526
4.261,0.0710,54.5964,35.4478,1935.32,146.637
4.263,0.0710,54.5635,35.4009,1931.6,146.748
4.265,0.0711,54.5302,35.422,1931.57,146.859
4.267,0.0711,54.4975,35.4406,1931.42,146.97
4.269,0.0711,54.4642,35.4584,1931.21,147.081
4.271,0.0712,54.4311,35.5069,1932.68,147.192
4.273,0.0712,54.398,35.5252,1932.5,147.303
4.275,0.0712,54.3651,35.5437,1932.34,147.414
4.277,0.0713,54.3321,35.5623,1932.17,147.525
4.279,0.0713,54.2993,35.581,1932.02,147.636
4.281,0.0714,54.2665,35.5998,1931.88,147.747
4.283,0.0714,54.2338,35.6188,1931.74,147.858
4.285,0.0714,54.2011,35.6379,1931.62,147.969
4.287,0.0715,54.1686,35.5996,1928.38,148.08
4.289,0.0715,54.136,35.6199,1928.32,148.191
4.291,0.0715,54.1035,35.5589,1923.86,148.302
4.293,0.0716,54.071,35.4901,1918.98,148.413
4.295,0.0716,54.0386,35.3678,1911.22,148.524
4.297,0.0716,54.0061,35.3894,1911.24,148.635
4.300,0.0717,53.9738,35.4067,1911.03,148.747
4.302,0.0717,56.8705,35.2897,2006.94,148.858
4.304,0.0717,56.8358,35.3039,2006.53,148.969
4.306,0.0718,56.8007,35.2094,1999.92,149.081
4.308,0.0718,56.7661,35.1964,1997.96,149.192
4.310,0.0718,56.7311,35.2227,1998.22,149.304
4.312,0.0719,56.6965,35.2435,1998.18,149.416
4.314,0.0719,56.6615,35.2705,1998.48,149.527
4.316,0.0719,56.627,35.293,1998.54,149.639
4.318,0.0720,56.5921,35.3203,1998.85,149.751
4.320,0.0720,56.5577,35.3446,1999.01,149.863
4.322,0.0720,56.5229,35.2405,1991.89,149.975
4.324,0.0721,56.4886,35.2761,1992.7,150.087
4.326,0.0721,56.4539,35.1064,1981.89,150.199
4.328,0.0721,56.4196,35.1585,1983.63,150.311
4.330,0.0722,56.385,35.1542,1982.17,150.423
4.332,0.0722,56.3508,35.1695,1981.83,150.535
4.334,0.0722,56.3163,35.1734,1980.84,150.647
4.336,0.0723,56.2822,35.2195,1982.23,150.76
4.338,0.0723,56.2479,35.2195,1981.02,150.872
4.341,0.0723,56.2138,35.179,1977.55,150.984
4.343,0.0724,56.1796,35.1703,1975.85,151.096
4.345,0.0724,56.1457,35.2258,1977.77,151.208
4.347,0.0724,56.1115,35.2129,1975.85,151.32
4.349,0.0725,56.0777,35.2708,1977.9,151.433
4.351,0.0725,56.0436,35.2911,1977.84,151.545
4.353,0.0725,56.0096,35.3103,1977.72,151.657
4.355,0.0726,55.9756,35.2314,1972.1,151.769
4.357,0.0726,55.9417,35.2423,1971.51,151.881
4.359,0.0726,55.9076,35.2966,1973.35,151.993
4.361,0.0727,55.8738,35.286,1971.56,152.105
4.363,0.0727,55.8398,35.2947,1970.85,152.217
4.365,0.0728,55.806,35.3222,1971.19,152.329
4.367,0.0728,55.7721,35.3263,1970.22,152.441
4.369,0.0728,55.7384,35.2587,1965.26,152.553
4.371,0.0729,55.7044,35.2657,1964.46,152.665
4.373,0.0729,55.6709,35.2889,1964.56,152.778
4.375,0.0729,55.637,35.2931,1963.6,152.89
4.377,0.0730,55.6035,35.3207,1963.95,153.002
4.379,0.0730,55.5697,35.2773,1960.35,153.115
4.381,0.0730,55.5363,35.314,1961.21,153.227
4.384,0.0731,55.5026,35.3018,1959.34,153.34
4.386,0.0731,55.4693,35.347,1960.67,153.452
4.388,0.0731,55.4357,35.2626,1954.81,153.565
4.390,0.0732,55.4025,35.3197,1956.8,153.678
4.392,0.0732,55.3691,35.2838,1953.63,153.791
4.394,0.0732,55.336,35.3785,1957.71,153.903
4.396,0.0733,55.3027,35.3461,1954.73,154.016
4.398,0.0733,55.2698,35.4076,1956.97,154.129
4.400,0.0733,55.2366,35.0386,1935.41,154.242
4.402,0.0734,55.2038,35.1026,1937.79,154.355
4.404,0.0734,55.1708,35.0605,1934.31,154.468
4.406,0.0734,55.1381,35.1314,1937.08,154.582
4.408,0.0735,55.1052,34.859,1920.91,154.694
4.410,0.0735,55.0726,34.9415,1924.32,154.808
4.412,0.0735,55.0398,34.8792,1919.74,154.921
4.414,0.0736,55.0073,34.8869,1919.03,155.034
4.416,0.0736,54.9745,34.8171,1914.05,155.147
4.418,0.0736,54.9421,34.9146,1918.28,155.26
4.420,0.0737,54.9094,34.7877,1910.17,155.373
4.422,0.0737,54.8771,34.895,1914.94,155.486
4.424,0.0737,54.8444,34.7526,1905.99,155.599
4.427,0.0738,54.8122,34.8132,1908.19,155.713
4.429,0.0738,54.7795,34.7106,1901.43,155.826
4.431,0.0738,54.7473,34.839,1907.34,155.939
4.433,0.0739,54.7146,34.8505,1906.83,156.052
4.435,0.0739,54.6819,34.7731,1901.46,156.165
4.437,0.0739,54.6493,34.6653,1894.44,156.278
4.439,0.0740,54.6167,34.6768,1893.93,156.391
4.441,0.0740,54.584,34.6882,1893.42,156.504
4.443,0.0740,54.5515,34.6474,1890.07,156.618
4.445,0.0741,54.5189,34.659,1889.57,156.731
4.447,0.0741,54.4863,34.6703,1889.06,156.844
4.449,0.0742,54.4538,34.6369,1886.11,156.958
4.451,0.0742,54.4213,34.6478,1885.58,157.071
4.453,0.0742,54.3888,34.6589,1885.05,157.185
4.455,0.0743,54.3564,34.532,1877.04,157.298
4.457,0.0743,54.3239,34.5426,1876.49,157.412
4.459,0.0743,54.2915,34.552,1875.88,157.526
4.461,0.0744,54.2591,34.5618,1875.29,157.639
4.463,0.0744,54.2268,34.5703,1874.63,157.753
4.465,0.0744,54.1944,34.5793,1874.01,157.867
4.467,0.0745,54.1621,34.587,1873.31,157.981
4.470,0.0745,57.1654,34.3999,1966.49,158.095
4.472,0.0745,57.1316,34.4079,1965.78,158.21
4.474,0.0746,57.0977,34.4177,1965.17,158.324
4.476,0.0746,57.0639,34.4227,1964.29,158.438
4.478,0.0746,57.03,34.3794,1960.66,158.553
4.480,0.0747,56.9962,34.3793,1959.49,158.667
4.482,0.0747,56.9624,34.398,1959.39,158.782
4.484,0.0747,56.9286,34.3953,1958.08,158.896
4.486,0.0748,56.8947,34.4454,1959.76,159.011
4.488,0.0748,56.861,34.4404,1958.31,159.125
4.490,0.0748,56.8271,34.4668,1958.65,159.24
4.492,0.0749,56.7935,34.3919,1953.23,159.354
4.494,0.0749,56.7596,34.4183,1953.57,159.469
4.496,0.0749,56.726,34.3886,1950.73,159.583
4.498,0.0750,56.6923,34.4017,1950.31,159.698
4.500,0.0750,56.6587,34.4201,1950.2,159.813
4.502,0.0750,56.6251,34.3588,1945.57,159.927
4.504,0.0751,56.5916,34.3673,1944.9,160.042
4.506,0.0751,56.5581,34.3876,1944.9,160.156
4.508,0.0751,56.5247,34.4694,1948.37,160.271
4.510,0.0752,56.4913,34.2982,1937.55,160.385
4.512,0.0752,56.458,34.3787,1940.95,160.5
4.515,0.0752,56.4248,34.3938,1940.66,160.614
4.517,0.0753,56.3916,34.4033,1940.06,160.729
4.519,0.0753,56.3585,34.4177,1939.73,160.844
4.521,0.0753,56.3253,34.328,1933.54,160.958
4.523,0.0754,56.2923,34.3409,1933.13,161.073
4.525,0.0754,56.2592,34.2068,1924.45,161.188
4.527,0.0754,56.2262,34.2195,1924.03,161.302
4.529,0.0755,56.1932,34.1967,1921.62,161.417
4.531,0.0755,56.1602,34.2078,1921.12,161.532
4.533,0.0755,56.1273,34.219,1920.62,161.647
4.535,0.0756,56.0943,34.229,1920.05,161.762
4.537,0.0756,56.0613,34.2481,1920,161.877
4.539,0.0757,56.0283,34.261,1919.59,161.992
4.541,0.0757,55.9954,34.2655,1918.71,162.108
4.543,0.0757,55.9624,34.1107,1908.92,162.223
4.545,0.0758,55.9294,34.1121,1907.87,162.338
4.547,0.0758,55.8963,34.0826,1905.09,162.454
4.549,0.0758,55.8634,34.083,1903.99,162.569
4.551,0.0759,55.8303,34.1004,1903.83,162.685
4.553,0.0759,55.7974,34.1044,1902.93,162.801
4.555,0.0759,55.7642,34.1183,1902.58,162.916
4.558,0.0760,55.7313,34.1292,1902.07,163.032
4.560,0.0760,55.6982,34.0177,1894.72,163.148
4.562,0.0760,55.6653,34.0373,1894.7,163.263
4.564,0.0761,55.6323,33.9911,1891,163.379
4.566,0.0761,55.5994,34.0218,1891.59,163.495
4.568,0.0761,55.5664,33.9075,1884.12,163.611
4.570,0.0762,55.5335,33.9522,1885.49,163.726
4.572,0.0762,55.5007,33.8164,1876.83,163.842
4.574,0.0762,55.4678,33.9163,1881.26,163.958
4.576,0.0763,55.4351,33.9379,1881.35,164.073
4.578,0.0763,55.4023,34.0335,1885.53,164.189
4.580,0.0763,55.3697,33.9631,1880.53,164.305
4.582,0.0764,55.337,33.9719,1879.9,164.42
4.584,0.0764,55.3045,33.8861,1874.06,164.536
4.586,0.0764,55.2718,34.0092,1879.75,164.652
4.588,0.0765,55.2395,33.911,1873.23,164.768
4.590,0.0765,55.2069,33.9406,1873.76,164.883
4.592,0.0765,55.1747,33.8391,1867.06,164.999
4.594,0.0766,55.1421,33.9682,1873.08,165.115
4.596,0.0766,55.1101,33.9549,1871.26,165.231
4.598,0.0766,55.0781,33.8469,1864.22,165.347
4.600,0.0767,55.0461,33.862,1863.97,165.463
4.603,0.0767,55.0141,33.8608,1862.82,165.579
4.605,0.0767,54.9821,33.9942,1869.08,165.695
4.607,0.0768,54.9502,33.9927,1867.91,165.812
4.609,0.0768,54.9183,34.0077,1867.64,165.928
4.611,0.0768,54.8864,34.0054,1866.44,166.044
4.613,0.0769,54.8544,33.9489,1862.25,166.161
4.615,0.0769,54.8226,33.9488,1861.16,166.277
4.617,0.0769,54.7906,33.9573,1860.54,166.394
4.619,0.0770,54.7587,33.9335,1858.16,166.511
4.621,0.0770,54.7268,33.9231,1856.5,166.628
4.623,0.0770,54.6949,33.95,1856.89,166.744
4.625,0.0771,54.663,33.93,1854.72,166.861
4.627,0.0771,54.6311,33.9695,1855.79,166.978
4.629,0.0772,54.5993,33.9386,1853.02,167.095
4.631,0.0772,54.5673,33.9921,1854.86,167.211
4.633,0.0772,54.5355,33.9492,1851.44,167.328
4.635,0.0773,54.5035,33.9733,1851.66,167.445
4.637,0.0773,54.4718,33.9103,1847.16,167.562
4.639,0.0773,54.4398,33.9357,1847.45,167.678
4.641,0.0774,54.4081,33.8613,1842.33,167.795
4.643,0.0774,54.3761,33.965,1846.88,167.912
4.645,0.0774,54.3445,33.8787,1841.12,168.029
4.648,0.0775,54.3125,33.8782,1840.01,168.145
4.650,0.0775,54.281,33.7678,1832.95,168.262
4.652,0.0775,54.249,33.9051,1839.32,168.379
4.654,0.0776,57.0576,33.6876,1922.13,168.495
4.656,0.0776,57.0237,33.8229,1928.71,168.612
4.658,0.0776,56.9902,33.704,1920.8,168.728
4.660,0.0777,56.9564,33.8472,1927.81,168.845
4.662,0.0777,56.923,33.6472,1915.3,168.962
4.664,0.0777,56.8892,33.8002,1922.87,169.078
4.666,0.0778,56.8558,33.5757,1908.97,169.195
4.668,0.0778,56.822,33.5744,1907.77,169.312
4.670,0.0778,56.7887,33.3878,1896.05,169.429
4.672,0.0779,56.755,33.5736,1905.47,169.546
4.674,0.0779,56.7217,33.394,1894.17,169.663
4.676,0.0779,56.688,33.5855,1903.9,169.78
4.678,0.0780,56.6548,33.5879,1902.91,169.897
4.680,0.0780,56.6216,33.4823,1895.82,170.014
4.682,0.0780,56.5883,33.4299,1891.74,170.132
4.684,0.0781,56.5551,33.4342,1890.87,170.249
4.686,0.0781,56.5218,33.4393,1890.05,170.366
4.688,0.0781,56.4885,33.3421,1883.45,170.484
4.690,0.0782,56.4552,33.3471,1882.62,170.601
4.692,0.0782,56.4219,33.3515,1881.75,170.719
4.695,0.0782,56.3886,33.3029,1877.91,170.836
4.697,0.0783,56.3552,33.3072,1877.04,170.954
4.699,0.0783,56.3218,33.2718,1873.93,171.072
4.701,0.0783,56.2884,33.2757,1873.04,171.189
4.703,0.0784,56.255,33.2804,1872.19,171.307
4.705,0.0784,56.2215,33.1951,1866.28,171.424
4.707,0.0784,56.1881,33.2016,1865.53,171.542
4.709,0.0785,56.1546,33.1287,1860.33,171.66
4.711,0.0785,56.1211,33.1029,1857.77,171.777
4.713,0.0785,56.0876,33.1084,1856.97,171.895
4.715,0.0786,56.0541,33.0493,1852.55,172.012
4.717,0.0786,56.0206,33.053,1851.65,172.13
4.719,0.0787,55.9871,33.0562,1850.72,172.247
4.721,0.0787,55.9537,33.0631,1850,172.365
4.723,0.0787,55.9203,33.0617,1848.82,172.482
4.725,0.0788,55.8869,32.9912,1843.78,172.6
4.727,0.0788,55.8535,32.9866,1842.42,172.717
4.729,0.0788,55.8202,33.0017,1842.16,172.835
4.731,0.0789,55.787,32.9916,1840.5,172.953
4.733,0.0789,55.7538,33.0143,1840.67,173.07
4.735,0.0789,55.7207,32.9852,1837.96,173.188
4.737,0.0790,55.6876,33.0164,1838.6,173.305
4.739,0.0790,55.6546,32.9926,1836.19,173.423
4.742,0.0790,55.6217,33.0358,1837.5,173.541
4.744,0.0791,55.5888,32.9625,1832.35,173.659
4.746,0.0791,55.556,33.0143,1834.14,173.776
4.748,0.0791,55.5233,32.9764,1830.96,173.894
4.750,0.0792,55.4906,32.8006,1820.13,174.012
4.752,0.0792,55.4581,32.7684,1817.27,174.13
4.754,0.0792,55.4255,32.7959,1817.73,174.248
4.756,0.0793,55.3931,32.7665,1815.04,174.366
4.758,0.0793,55.3606,32.7461,1812.84,174.484
4.760,0.0793,55.3284,32.7589,1812.5,174.602
4.762,0.0794,55.2961,32.772,1812.17,174.72
4.764,0.0794,55.264,32.7338,1809,174.838
4.766,0.0794,55.2318,32.7469,1808.67,174.957
4.768,0.0795,55.1997,32.7594,1808.31,175.075
4.770,0.0795,55.1676,32.6999,1803.98,175.193
4.772,0.0795,55.1356,32.5452,1794.4,175.311
4.774,0.0796,55.1036,32.5454,1793.37,175.43
4.776,0.0796,55.0716,32.5565,1792.94,175.548
4.778,0.0796,55.0396,32.5678,1792.52,175.666
4.780,0.0797,55.0076,32.5781,1792.04,175.784
4.782,0.0797,54.9756,32.5892,1791.61,175.903
4.784,0.0797,54.9437,32.5981,1791.06,176.021
4.786,0.0798,54.9117,32.6097,1790.66,176.139
4.789,0.0798,54.8797,32.6169,1790.01,176.257
4.791,0.0798,54.8478,32.6304,1789.71,176.375
4.793,0.0799,54.8159,32.5513,1784.33,176.493
4.795,0.0799,54.784,32.5056,1780.79,176.612
4.797,0.0799,54.752,32.4053,1774.25,176.73
4.799,0.0800,54.7201,32.4483,1775.57,176.848
4.801,0.0800,54.6882,32.4205,1773.02,176.966
4.803,0.0800,54.6564,32.4755,1774.99,177.084
4.805,0.0801,54.6245,32.4373,1771.87,177.203
4.807,0.0801,54.5927,32.5056,1774.57,177.321
4.809,0.0801,54.5608,32.4559,1770.82,177.439
4.811,0.0802,54.5291,32.5386,1774.3,177.557
4.813,0.0802,54.4974,32.2842,1759.41,177.676
4.815,0.0803,54.4657,32.4868,1769.42,177.794
4.817,0.0803,54.434,32.4322,1765.42,177.912
4.819,0.0803,54.4025,32.4899,1767.53,178.03
4.821,0.0804,54.3709,32.4816,1766.05,178.149
4.823,0.0804,54.3394,32.4045,1760.84,178.267
4.825,0.0804,54.308,32.39,1759.04,178.386
4.827,0.0805,54.2767,32.3778,1757.36,178.504
4.829,0.0805,54.2453,32.3539,1755.05,178.623
4.831,0.0805,54.2142,32.4126,1757.22,178.741
4.833,0.0806,54.183,32.3817,1754.54,178.86
4.835,0.0806,54.152,32.4446,1756.94,178.978
4.838,0.0806,54.1209,32.3648,1751.61,179.097
4.840,0.0807,54.0901,32.4347,1754.39,179.215
4.842,0.0807,54.0592,32.447,1754.06,179.334
4.844,0.0807,54.0284,32.4239,1751.81,179.453
4.846,0.0808,53.9977,32.4367,1751.51,179.572
4.848,0.0808,53.967,32.4436,1750.89,179.691
4.850,0.0808,53.9364,32.4565,1750.59,179.809
4.852,0.0809,53.906,32.463,1749.95,179.928
4.854,0.0809,53.8755,32.475,1749.61,180.047
4.856,0.0809,53.8452,32.4377,1746.61,180.166
4.858,0.0810,53.8149,32.4523,1746.42,180.285
4.860,0.0810,53.7848,32.4594,1745.82,180.403
4.862,0.0810,53.7545,32.4712,1745.47,180.522
4.864,0.0811,53.7245,32.424,1741.96,180.641
4.866,0.0811,53.6944,32.4205,1740.8,180.76
4.868,0.0811,56.5522,32.3559,1829.8,180.878
4.870,0.0812,56.521,32.3467,1828.27,180.997
4.872,0.0812,56.4899,32.386,1829.48,181.116
4.874,0.0812,56.4587,32.3692,1827.52,181.235
4.876,0.0813,56.4277,32.4187,1829.31,181.353
4.878,0.0813,56.3966,32.3242,1822.97,181.472
4.880,0.0813,56.3656,32.3808,1825.17,181.591
4.882,0.0814,56.3346,32.1939,1813.63,181.71
4.884,0.0814,56.3037,32.2307,1814.71,181.829
4.887,0.0814,56.2727,32.1999,1811.98,181.947
4.889,0.0815,56.2418,32.1817,1809.96,182.066
4.891,0.0815,56.2109,32.1509,1807.23,182.185
4.893,0.0815,56.18,32.2167,1809.94,182.304
4.895,0.0816,56.1491,32.183,1807.04,182.423
4.897,0.0816,56.1183,32.2492,1809.77,182.542
4.899,0.0816,56.0874,32.2143,1806.82,182.661
4.901,0.0817,56.0567,32.2788,1809.44,182.78
4.903,0.0817,56.0258,32.2442,1806.51,182.899
4.905,0.0817,55.9951,32.3002,1808.65,183.017
4.907,0.0818,55.9643,32.2725,1806.1,183.137
4.909,0.0818,55.9336,32.3575,1809.87,183.255
4.911,0.0819,55.9028,32.2346,1802,183.374
4.913,0.0819,55.8722,32.2874,1803.97,183.493
4.915,0.0819,55.8414,32.2583,1801.35,183.612
4.917,0.0820,55.8109,32.3083,1803.15,183.731
4.919,0.0820,55.7802,32.2462,1798.7,183.85
4.921,0.0820,55.7497,32.3063,1801.06,183.969
4.923,0.0821,55.7191,32.3179,1800.72,184.088
4.925,0.0821,55.6884,32.3304,1800.43,184.207
4.927,0.0821,55.6579,32.3433,1800.16,184.326
4.929,0.0822,55.6274,32.3568,1799.92,184.445
4.931,0.0822,55.5969,32.336,1797.78,184.565
4.933,0.0822,55.5665,32.3032,1794.98,184.684
4.936,0.0823,55.5361,32.3185,1794.84,184.803
4.938,0.0823,55.5058,32.3338,1794.71,184.922
4.940,0.0823,55.4755,32.2582,1789.54,185.041
4.942,0.0824,55.4453,32.2736,1789.42,185.16
4.944,0.0824,55.4152,32.2071,1784.76,185.279
4.946,0.0824,55.3851,32.1268,1779.35,185.398
4.948,0.0825,55.355,32.0295,1773,185.517
4.950,0.0825,55.325,31.9849,1769.56,185.636
4.952,0.0825,55.2951,31.9244,1765.26,185.756
4.954,0.0826,55.2652,31.9183,1763.97,185.875
4.956,0.0826,55.2353,31.9322,1763.79,185.994
4.958,0.0826,55.2055,31.8834,1760.14,186.113
4.960,0.0827,55.1758,31.8962,1759.9,186.232
4.962,0.0827,55.1461,31.9085,1759.63,186.351
4.964,0.0827,55.1165,31.9205,1759.35,186.47
4.966,0.0828,55.087,31.9305,1758.96,186.59
4.968,0.0828,55.0575,31.9944,1761.53,186.709
4.970,0.0828,55.028,32.0029,1761.06,186.828
4.972,0.0829,54.9986,32.0189,1760.99,186.947
4.974,0.0829,54.9693,32.0268,1760.49,187.066
4.976,0.0829,54.9401,32.0429,1760.44,187.185
4.978,0.0830,54.9109,31.9943,1756.83,187.304
4.980,0.0830,54.8818,32.0025,1756.35,187.423
4.982,0.0830,54.8528,32.0229,1756.55,187.543
4.984,0.0831,54.8238,31.993,1753.98,187.662
4.987,0.0831,54.7949,31.9447,1750.4,187.781
4.989,0.0831,54.766,31.9617,1750.42,187.9
4.991,0.0832,54.7373,31.9805,1750.52,188.019
4.993,0.0832,54.7086,31.9923,1750.25,188.138
4.995,0.0832,54.68,32.0191,1750.81,188.257
4.997,0.0833,54.6514,32.0243,1750.17,188.376
4.999,0.0833,54.623,32.0601,1751.22,188.495
5.001,0.0833,54.5945,31.9835,1746.12,188.614
5.003,0.0834,54.5662,32.0236,1747.41,188.733
5.005,0.0834,54.5379,32.0405,1747.42,188.852
5.007,0.0834,54.5095,32.0574,1747.43,188.971
5.009,0.0835,54.4813,32.074,1747.43,189.09
5.011,0.0835,54.4531,32.0905,1747.43,189.21
5.013,0.0836,54.425,32.1063,1747.39,189.329
5.015,0.0836,54.3969,32.1219,1747.33,189.448
5.017,0.0836,54.3689,32.1366,1747.23,189.567
5.019,0.0837,54.341,32.1508,1747.11,189.687
5.021,0.0837,54.3131,32.164,1746.92,189.806
5.023,0.0837,54.2852,32.1764,1746.7,189.925
5.025,0.0838,54.2574,32.1876,1746.42,190.044
5.027,0.0838,54.2297,32.1931,1745.82,190.164
5.029,0.0838,54.2019,32.2072,1745.69,190.283
5.031,0.0839,54.1742,32.1452,1741.44,190.402
5.033,0.0839,54.1465,32.1589,1741.29,190.522
5.035,0.0839,54.1188,32.1552,1740.2,190.641
5.038,0.0840,54.0911,32.1425,1738.62,190.76
5.040,0.0840,54.0635,32.065,1733.55,190.879
5.042,0.0840,54.0358,32.0847,1733.72,190.999
5.044,0.0841,54.0083,31.9471,1725.41,191.118
5.046,0.0841,53.9806,31.9749,1726.03,191.237
5.048,0.0841,53.9531,31.8998,1721.09,191.357
5.050,0.0842,53.9254,31.9438,1722.58,191.476
5.052,0.0842,53.898,31.9054,1719.63,191.595
5.054,0.0842,53.8703,31.9512,1721.22,191.715
5.056,0.0843,53.8429,31.9095,1718.1,191.834
5.058,0.0843,53.8153,31.896,1716.49,191.953
5.060,0.0843,53.7879,31.8458,1712.92,192.072
5.062,0.0844,53.7603,31.9079,1715.38,192.192
5.064,0.0844,53.7329,31.8559,1711.71,192.311
5.066,0.0844,53.7054,31.9222,1714.39,192.43
5.068,0.0845,53.6781,31.8691,1710.67,192.549
5.070,0.0845,53.6506,31.8015,1706.17,192.668
5.072,0.0845,53.6233,31.7597,1703.06,192.787
5.074,0.0846,53.5959,31.8215,1705.51,192.907
5.076,0.0846,53.5687,31.7791,1702.37,193.026
5.078,0.0846,53.5414,31.8448,1705.01,193.145
5.080,0.0847,53.5142,31.5369,1687.67,193.264
5.082,0.0847,55.7714,31.5404,1759.05,193.384
5.084,0.0847,55.7427,31.4169,1751.27,193.503
5.086,0.0848,55.7139,31.4305,1751.12,193.622
5.089,0.0848,55.6851,31.4407,1750.78,193.742
5.091,0.0848,55.6563,31.4583,1750.85,193.862
5.093,0.0849,55.6276,31.3362,1743.16,193.981
5.095,0.0849,55.5987,31.3586,1743.5,194.101
5.097,0.0849,55.57,31.3599,1742.67,194.221
5.099,0.0850,55.5412,31.3283,1740.01,194.341
5.101,0.0850,55.5125,31.3281,1739.1,194.46
5.103,0.0850,55.4836,31.3651,1740.25,194.58
5.105,0.0851,55.455,31.3593,1739.03,194.7
5.107,0.0851,55.4262,31.3897,1739.81,194.82
5.109,0.0851,55.3976,31.3003,1733.96,194.939
5.111,0.0852,55.3689,31.3292,1734.66,195.059
5.113,0.0852,55.3403,31.3183,1733.17,195.179
5.115,0.0853,55.3117,31.348,1733.91,195.298
5.117,0.0853,55.2833,31.3308,1732.07,195.418
5.119,0.0853,55.2548,31.3229,1730.74,195.538
5.121,0.0854,55.2265,31.2875,1727.9,195.657
5.123,0.0854,55.1981,31.34,1729.91,195.777
5.125,0.0854,55.1699,31.3016,1726.91,195.897
5.127,0.0855,55.1416,31.3562,1729.03,196.016
5.129,0.0855,55.1136,31.3156,1725.91,196.136
5.131,0.0855,55.0855,31.3413,1726.45,196.256
5.133,0.0856,55.0576,31.2236,1719.09,196.375
5.135,0.0856,55.0297,31.2639,1720.44,196.495
5.137,0.0856,55.0019,31.2388,1718.19,196.614
5.140,0.0857,54.9741,31.28,1719.59,196.734
5.142,0.0857,54.9464,31.1799,1713.22,196.853
5.144,0.0857,54.9187,31.198,1713.36,196.973
5.146,0.0858,54.8912,31.1995,1712.58,197.092
5.148,0.0858,54.8636,31.2177,1712.72,197.212
5.150,0.0858,54.8362,31.1889,1710.28,197.332
5.152,0.0859,54.8087,31.2078,1710.46,197.451
5.154,0.0859,54.7813,31.2125,1709.86,197.571
5.156,0.0859,54.7539,31.2316,1710.05,197.691
5.158,0.0860,54.7266,31.1884,1706.83,197.811
5.160,0.0860,54.6991,31.1946,1706.32,197.93
5.162,0.0860,54.6719,31.216,1706.64,198.05
5.164,0.0861,54.6445,31.1839,1704.03,198.17
5.166,0.0861,54.6173,31.1346,1700.49,198.29
5.168,0.0861,54.5898,31.1472,1700.32,198.41
5.170,0.0862,54.5624,31.16,1700.17,198.53
5.172,0.0862,54.535,31.1354,1697.97,198.65
5.174,0.0862,54.5075,31.1483,1697.82,198.77
5.176,0.0863,54.4801,31.1605,1697.63,198.891
5.178,0.0863,54.4526,31.0367,1690.03,199.011
5.180,0.0863,54.4252,31.0486,1689.83,199.131
5.182,0.0864,54.3977,30.9925,1685.92,199.251
5.184,0.0864,54.3703,31.0022,1685.6,199.371
5.186,0.0864,54.3428,31.0122,1685.29,199.491
5.188,0.0865,54.3153,31.0213,1684.93,199.611
5.190,0.0865,54.2879,30.9604,1680.78,199.731
5.193,0.0865,54.2604,30.9247,1677.98,199.851
5.195,0.0866,54.2329,30.9315,1677.51,199.971
5.197,0.0866,54.2055,30.9379,1677.01,200.091
5.199,0.0866,54.178,30.9445,1676.51,200.211
5.201,0.0867,54.1506,30.8856,1672.48,200.331
5.203,0.0867,54.1232,30.8912,1671.93,200.451
5.205,0.0867,54.0958,30.8972,1671.41,200.571
5.207,0.0868,54.0685,30.9031,1670.88,200.691
5.209,0.0868,54.0412,30.8479,1667.06,200.811
5.211,0.0868,54.0139,30.8602,1666.88,200.93
5.213,0.0869,53.9866,30.8601,1666.03,201.05
5.215,0.0869,53.9594,30.8794,1666.24,201.17
5.217,0.0869,53.9322,30.874,1665.1,201.29
5.219,0.0870,53.9051,30.9,1665.67,201.41
5.221,0.0870,53.8779,30.8899,1664.29,201.53
5.223,0.0871,53.8509,30.922,1665.18,201.65
5.225,0.0871,53.8238,30.9079,1663.58,201.77
5.227,0.0871,53.797,30.8953,1662.08,201.89
5.229,0.0872,53.7701,30.8836,1660.62,202.01
5.231,0.0872,53.7434,30.9191,1661.7,202.13
5.233,0.0872,53.7166,30.9049,1660.11,202.25
5.235,0.0873,53.6901,30.9439,1661.38,202.37
5.237,0.0873,53.6635,30.9269,1659.64,202.49
5.239,0.0873,53.6371,30.9695,1661.11,202.611
5.241,0.0874,53.6107,30.9489,1659.19,202.731
5.243,0.0874,53.5844,30.9956,1660.88,202.851
5.246,0.0874,53.5582,30.9704,1658.72,202.971
5.248,0.0875,53.5321,30.9298,1655.74,203.092
5.250,0.0875,53.506,30.8918,1652.9,203.212
5.252,0.0875,53.48,30.902,1652.64,203.332
5.254,0.0876,53.4541,30.8353,1648.27,203.453
5.256,0.0876,53.4282,30.8451,1648,203.573
5.258,0.0876,53.4023,30.8545,1647.7,203.693
5.260,0.0877,53.3765,30.8478,1646.54,203.814
5.262,0.0877,53.3506,30.7841,1642.35,203.934
5.264,0.0877,53.3248,30.7931,1642.04,204.054
5.266,0.0878,53.299,30.8012,1641.67,204.174
5.268,0.0878,53.2731,30.8093,1641.31,204.294
5.270,0.0878,53.2473,30.8164,1640.89,204.414
5.272,0.0879,53.2214,30.7664,1637.43,204.534
5.274,0.0879,53.1955,30.769,1636.77,204.654
5.276,0.0879,53.1696,30.6638,1630.38,204.774
5.278,0.0880,53.1436,30.6657,1629.69,204.894
5.280,0.0880,53.1176,30.6773,1629.5,205.014
5.282,0.0880,53.0914,30.6763,1628.65,205.134
5.284,0.0881,53.0654,30.6892,1628.53,205.254
5.286,0.0881,53.0392,30.6851,1627.51,205.374
5.288,0.0881,53.013,30.7,1627.5,205.494
5.290,0.0882,52.9868,30.6901,1626.17,205.614
5.292,0.0882,52.9606,30.6374,1622.57,205.734
5.294,0.0882,52.9342,30.6274,1621.24,205.854
5.296,0.0883,52.9079,30.6344,1620.8,205.974
5.298,0.0883,52.8816,30.6389,1620.23,206.094
5.300,0.0883,52.8552,30.6481,1619.91,206.214
5.303,0.0884,52.8289,30.5703,1614.99,206.334
5.305,0.0884,52.8025,30.5936,1615.42,206.455
5.307,0.0884,52.7761,30.583,1614.05,206.575
5.309,0.0885,52.7497,30.5224,1610.05,206.695
5.311,0.0885,52.7234,30.4381,1604.8,206.816
5.313,0.0885,52.6969,30.4853,1606.48,206.936
5.315,0.0886,52.6706,30.4142,1601.93,207.057
5.317,0.0886,52.6441,30.4802,1604.6,207.177
5.319,0.0886,52.6179,30.3666,1597.83,207.297
5.321,0.0887,52.5915,30.4389,1600.83,207.418
5.323,0.0887,52.5653,30.3848,1597.19,207.538
5.325,0.0887,52.5389,30.4656,1600.63,207.659
5.327,0.0888,52.5127,30.3752,1595.08,207.779
5.329,0.0888,52.4864,30.4171,1596.48,207.9
5.331,0.0889,52.4603,30.4277,1596.24,208.02
5.333,0.0889,52.4343,30.438,1595.99,208.141
5.335,0.0889,52.4083,30.4458,1595.61,208.261
5.337,0.0890,52.3823,30.4558,1595.34,208.381
5.339,0.0890,52.3564,30.4662,1595.1,208.502
5.341,0.0890,52.3305,30.4765,1594.85,208.622
5.343,0.0891,52.3046,30.5092,1595.77,208.742
5.345,0.0891,52.2789,30.4685,1592.86,208.863
5.347,0.0891,52.2531,30.4736,1592.34,208.983
5.349,0.0892,52.2274,30.4872,1592.27,209.103
5.351,0.0892,52.2017,30.4877,1591.51,209.223
5.353,0.0892,52.1761,30.5048,1591.62,209.344
5.355,0.0893,52.1506,30.4991,1590.55,209.464
5.357,0.0893,52.1251,30.2233,1575.39,209.584
5.359,0.0893,52.0997,30.2308,1575.02,209.705
5.362,0.0894,52.0743,30.2399,1574.72,209.825
5.364,0.0894,52.0491,30.2407,1574,209.945
5.366,0.0894,52.0238,30.2554,1574,210.066
5.368,0.0895,51.9988,30.2487,1572.9,210.186
5.370,0.0895,51.9736,30.2309,1571.21,210.307
5.372,0.0895,51.9487,30.2189,1569.83,210.427
5.374,0.0896,51.9236,30.2463,1570.5,210.548
5.376,0.0896,56.7157,30.1938,1712.46,210.668
5.378,0.0896,56.6889,30.1852,1711.17,210.789
5.380,0.0897,56.6622,30.177,1709.9,210.91
5.382,0.0897,56.6354,30.2077,1710.82,211.03
5.384,0.0897,56.6088,30.1891,1708.97,211.151
5.386,0.0898,56.5821,30.2231,1710.08,211.272
5.388,0.0898,56.5555,30.2133,1708.73,211.393
5.390,0.0898,56.5287,30.2396,1709.41,211.513
5.392,0.0899,56.5022,30.2295,1708.03,211.634
5.394,0.0899,56.4754,30.1967,1705.37,211.755
5.396,0.0899,56.4489,30.1897,1704.18,211.876
5.398,0.0900,56.422,30.2122,1704.63,211.997
5.400,0.0900,56.3955,30.1605,1700.91,212.117
5.402,0.0900,56.3686,30.1698,1700.63,212.238
5.404,0.0901,56.342,30.18,1700.4,212.359
5.406,0.0901,56.3151,30.1852,1699.88,212.479
5.408,0.0901,56.2885,30.1995,1699.89,212.6
5.410,0.0902,56.2615,30.2004,1699.12,212.721
5.412,0.0902,56.2349,30.2099,1698.85,212.841
5.414,0.0902,56.2082,30.2194,1698.58,212.962
5.416,0.0903,56.1816,30.2286,1698.29,213.083
5.418,0.0903,56.1549,30.2378,1698,213.203
5.420,0.0903,56.1281,30.2466,1697.69,213.324
5.423,0.0904,56.1014,30.1906,1693.74,213.445
5.425,0.0904,56.0746,30.1778,1692.21,213.565
5.427,0.0904,56.0478,30.1141,1687.83,213.686
5.429,0.0905,56.0209,30.1223,1687.48,213.807
5.431,0.0905,55.9941,30.1306,1687.13,213.927
5.433,0.0905,55.9672,30.18,1689.09,214.048
5.435,0.0906,55.9403,30.1249,1685.19,214.169
5.437,0.0906,55.9134,30.1343,1684.91,214.29
5.439,0.0906,55.8865,30.1044,1682.43,214.411
5.441,0.0907,55.8596,30.1136,1682.13,214.532
5.443,0.0907,55.8326,30.1234,1681.87,214.653
5.445,0.0907,55.8057,30.1332,1681.61,214.773
5.447,0.0908,55.7789,30.0713,1677.34,214.895
5.449,0.0908,55.752,30.0182,1673.57,215.016
5.451,0.0908,55.7251,30.0302,1673.44,215.137
5.453,0.0909,55.6983,30.0507,1673.77,215.258
5.455,0.0909,55.6716,30.0574,1673.34,215.379
5.457,0.0910,55.6448,30.0796,1673.77,215.5
5.459,0.0910,55.6181,30.0807,1673.03,215.621
5.461,0.0910,55.5914,30.1115,1673.94,215.742
5.463,0.0911,55.5649,30.1073,1672.91,215.864
5.465,0.0911,55.5383,30.1464,1674.28,215.985
5.467,0.0911,55.5118,30.137,1672.96,216.106
5.469,0.0912,55.4853,30.1838,1674.76,216.227
5.471,0.0912,55.459,30.1695,1673.17,216.348
5.473,0.0912,55.4326,30.1479,1671.18,216.47
5.475,0.0913,55.4064,30.134,1669.61,216.591
5.477,0.0913,55.3801,30.0241,1662.74,216.712
5.479,0.0913,55.354,30.0086,1661.09,216.833
5.481,0.0914,55.3279,30.0631,1663.33,216.954
5.483,0.0914,55.3019,30.0446,1661.52,217.075
5.486,0.0914,55.2759,30.1015,1663.89,217.196
5.488,0.0915,55.2499,30.0802,1661.93,217.317
5.490,0.0915,55.2241,30.1262,1663.69,217.439
5.492,0.0915,55.1982,30.0596,1659.24,217.56
5.494,0.0916,55.1725,29.962,1653.08,217.681
5.496,0.0916,55.1468,29.9785,1653.22,217.802
5.498,0.0916,55.1211,29.9948,1653.35,217.923
5.500,0.0917,55.0955,30.0104,1653.44,218.045
5.502,0.0917,55.0698,30.0258,1653.51,218.166
5.504,0.0917,55.0442,30.0131,1652.05,218.287
5.506,0.0918,55.0186,29.949,1647.75,218.409
5.508,0.0918,54.9931,29.8557,1641.86,218.53
5.510,0.0918,54.9675,29.8678,1641.76,218.651
5.512,0.0919,54.942,29.8798,1641.65,218.773
5.514,0.0919,54.9164,29.8788,1640.83,218.894
5.516,0.0919,54.8909,29.8947,1640.95,219.016
5.518,0.0920,54.8654,29.9023,1640.6,219.138
5.520,0.0920,54.8399,29.8823,1638.74,219.259
5.522,0.0920,54.8143,29.8841,1638.08,219.381
5.524,0.0921,54.7888,29.9085,1638.65,219.503
5.526,0.0921,54.7633,29.906,1637.75,219.624
5.528,0.0921,54.7378,29.9337,1638.51,219.746
5.530,0.0922,54.7123,29.9276,1637.41,219.868
5.532,0.0922,54.6868,29.9259,1636.55,219.989
5.534,0.0922,54.6613,29.7278,1624.96,220.111
5.536,0.0923,54.6358,29.7595,1625.93,220.233
5.538,0.0923,54.6104,29.6073,1616.87,220.355
5.540,0.0923,54.5849,29.642,1618.01,220.476
5.542,0.0924,54.5595,29.6514,1617.76,220.598
5.544,0.0924,54.5341,29.6778,1618.45,220.72
5.547,0.0924,54.5087,29.6292,1615.05,220.842
5.549,0.0925,54.4833,29.644,1615.1,220.963
5.551,0.0925,54.4579,29.6565,1615.03,221.085
5.553,0.0925,54.4326,29.6679,1614.9,221.207
5.555,0.0926,54.4073,29.6855,1615.11,221.328
5.557,0.0926,54.382,29.6936,1614.8,221.45
5.559,0.0926,54.3569,29.7164,1615.29,221.572
5.561,0.0927,54.3316,29.7217,1614.83,221.693
5.563,0.0927,54.3066,29.7496,1615.6,221.815
5.565,0.0927,54.2814,29.7525,1615.01,221.937
5.567,0.0928,54.2565,29.7192,1612.46,222.059
5.569,0.0928,54.2314,29.7155,1611.51,222.18
5.571,0.0928,54.2066,29.7374,1611.97,222.302
5.573,0.0929,54.1816,29.753,1612.07,222.424
5.575,0.0929,54.1569,29.7728,1612.4,222.546
5.577,0.0929,54.1323,29.7942,1612.83,222.668
5.579,0.0930,54.1078,29.8144,1613.19,222.79
5.581,0.0930,54.0832,29.7832,1610.77,222.912
5.583,0.0931,54.0588,29.7816,1609.96,223.034
5.585,0.0931,54.0344,29.8032,1610.4,223.156
5.587,0.0931,54.01,29.8258,1610.89,223.279
5.589,0.0932,53.9856,29.812,1609.42,223.401
5.591,0.0932,53.9614,29.8253,1609.41,223.523
5.593,0.0932,53.9371,29.8548,1610.28,223.645
5.595,0.0933,53.9129,29.8664,1610.18,223.768
5.597,0.0933,53.8886,29.8955,1611.03,223.89
5.599,0.0933,53.8645,29.9055,1610.85,224.012
5.601,0.0934,53.8403,29.9334,1611.62,224.135
5.603,0.0934,53.8163,29.9366,1611.08,224.257
5.605,0.0934,53.7921,29.9732,1612.32,224.379
5.607,0.0935,53.7681,29.9681,1611.33,224.502
5.610,0.0935,53.744,30.0036,1612.51,224.624
5.612,0.0935,53.7201,29.9906,1611.1,224.746
5.614,0.0936,53.6961,30.019,1611.9,224.869
5.616,0.0936,53.6722,30.018,1611.13,224.991
5.618,0.0936,53.6482,30.0442,1611.82,225.113
5.620,0.0937,53.6244,29.9813,1607.73,225.236
5.622,0.0937,53.6005,29.9093,1603.15,225.358
5.624,0.0937,53.5767,29.9578,1605.04,225.48
5.626,0.0938,53.5529,29.936,1603.16,225.603
5.628,0.0938,53.5293,29.9028,1600.67,225.725
5.630,0.0938,53.5055,29.8764,1598.55,225.848
5.632,0.0939,53.4819,29.9275,1600.58,225.97
5.634,0.0939,53.4583,29.8241,1594.35,226.092
5.636,0.0939,53.4348,29.8839,1596.84,226.215
5.638,0.0940,53.4112,29.8507,1594.36,226.337
5.640,0.0940,53.3878,29.9107,1596.87,226.46
5.642,0.0940,53.3643,29.878,1594.42,226.582
5.644,0.0941,53.341,29.9375,1596.89,226.705
5.646,0.0941,53.3175,29.8415,1591.07,226.827
5.648,0.0941,53.2943,29.872,1592.01,226.95
5.650,0.0942,53.2709,29.8245,1588.78,227.073
5.652,0.0942,53.2477,29.8826,1591.18,227.195
5.654,0.0942,53.2243,29.8017,1586.18,227.318
5.656,0.0943,53.2011,29.7805,1584.35,227.441
5.658,0.0943,53.1779,29.7905,1584.19,227.564
5.660,0.0943,53.1547,29.7439,1581.03,227.686
5.662,0.0944,53.1315,29.7528,1580.81,227.809
5.664,0.0944,53.1083,29.7613,1580.57,227.932
5.666,0.0944,53.0851,29.7691,1580.3,228.055
5.668,0.0945,53.0619,29.7448,1578.31,228.178
5.671,0.0945,53.0386,29.7515,1577.98,228.3
5.673,0.0945,53.0153,29.7074,1574.95,228.423
5.675,0.0946,52.9921,29.7126,1574.53,228.546
5.677,0.0946,52.9688,29.6817,1572.2,228.669
5.679,0.0946,52.9454,29.6863,1571.75,228.792
5.681,0.0947,52.9221,29.6908,1571.3,228.915
5.683,0.0947,52.8987,29.6953,1570.84,229.037
5.685,0.0947,52.8754,29.6999,1570.39,229.16
5.687,0.0948,52.852,29.6837,1568.84,229.283
5.689,0.0948,52.8286,29.689,1568.43,229.406
5.691,0.0948,55.9938,29.6691,1661.29,229.529
5.693,0.0949,55.97,29.6756,1660.94,229.652
5.695,0.0949,55.9462,29.6821,1660.6,229.775
5.697,0.0949,55.9224,29.6897,1660.32,229.897
5.699,0.0950,55.8986,29.6957,1659.95,230.02
5.701,0.0950,55.8748,29.6432,1656.31,230.143
5.703,0.0951,55.851,29.6464,1655.78,230.266
5.705,0.0951,55.8272,29.6633,1656.02,230.389
5.707,0.0951,55.8035,29.581,1650.72,230.512
5.709,0.0952,55.7797,29.6077,1651.51,230.636
5.711,0.0952,55.7561,29.6002,1650.39,230.759
5.713,0.0952,55.7324,29.6334,1651.54,230.882
5.715,0.0953,55.7088,29.6205,1650.12,231.005
5.717,0.0953,55.6851,29.6604,1651.64,231.128
5.719,0.0953,55.6616,29.5984,1647.5,231.251
5.721,0.0954,55.6381,29.6393,1649.07,231.374
5.723,0.0954,55.6147,29.537,1642.69,231.497
5.725,0.0954,55.5913,29.5772,1644.23,231.621
5.727,0.0955,55.568,29.5361,1641.26,231.744
5.729,0.0955,55.5448,29.5807,1643.06,231.867
5.731,0.0955,55.5216,29.5499,1640.66,231.99
5.734,0.0956,55.4985,29.5373,1639.27,232.113
5.736,0.0956,55.4754,29.5113,1637.15,232.236
5.738,0.0956,55.4524,29.5196,1636.93,232.36
5.740,0.0957,55.4294,29.5269,1636.66,232.483
5.742,0.0957,55.4065,29.5342,1636.39,232.606
5.744,0.0957,55.3836,29.5516,1636.67,232.729
5.746,0.0958,55.3607,29.5578,1636.34,232.853
5.748,0.0958,55.3378,29.5633,1635.97,232.976
5.750,0.0958,55.3149,29.5687,1635.59,233.099
5.752,0.0959,55.2921,29.5737,1635.19,233.222
5.754,0.0959,55.2692,29.5785,1634.78,233.346
5.756,0.0959,55.2463,29.5832,1634.36,233.469
5.758,0.0960,55.2235,29.5877,1633.93,233.592
5.760,0.0960,55.2005,29.5947,1633.64,233.716
5.762,0.0960,55.1776,29.5968,1633.08,233.839
5.764,0.0961,55.1547,29.5145,1627.86,233.963
5.766,0.0961,55.1316,29.4185,1621.89,234.086
5.768,0.0961,55.1086,29.4322,1621.97,234.21
5.770,0.0962,55.0856,29.3535,1616.95,234.333
5.772,0.0962,55.0625,29.3714,1617.26,234.457
5.774,0.0962,55.0394,29.284,1611.77,234.58
5.776,0.0963,55.0163,29.3018,1612.08,234.704
5.778,0.0963,54.9931,29.2962,1611.09,234.827
5.780,0.0963,54.97,29.2821,1609.64,234.951
5.782,0.0964,54.9468,29.2742,1608.53,235.075
5.784,0.0964,54.9237,29.2288,1605.36,235.198
5.786,0.0964,54.9005,29.1934,1602.73,235.322
5.788,0.0965,54.8774,29.2019,1602.52,235.445
5.790,0.0965,54.8542,29.2103,1602.31,235.569
5.792,0.0965,54.8311,28.9237,1585.92,235.693
5.794,0.0966,54.808,28.9623,1587.37,235.816
5.796,0.0966,54.785,28.9333,1585.11,235.94
5.798,0.0966,54.762,28.9802,1587.01,236.064
5.801,0.0967,54.739,28.944,1584.37,236.187
5.803,0.0967,54.716,28.9045,1581.54,236.311
5.805,0.0967,54.6931,28.8643,1578.68,236.435
5.807,0.0968,54.6703,28.8637,1577.99,236.558
5.809,0.0968,54.6474,28.849,1576.52,236.682
5.811,0.0968,54.6247,28.9015,1578.74,236.806
5.813,0.0969,54.6019,28.8741,1576.58,236.929
5.815,0.0969,54.5792,28.9212,1578.5,237.053
5.817,0.0969,54.5566,28.8958,1576.45,237.176
5.819,0.0970,54.534,28.8879,1575.37,237.3
5.821,0.0970,54.5115,28.9011,1575.44,237.424
5.823,0.0970,54.489,28.9128,1575.43,237.548
5.825,0.0971,54.4665,28.8177,1569.6,237.672
5.827,0.0971,54.444,28.8332,1569.79,237.795
5.829,0.0971,54.4216,28.8466,1569.88,237.919
5.831,0.0972,54.3992,28.8641,1570.18,238.043
5.833,0.0972,54.3769,28.8752,1570.14,238.167
5.835,0.0973,54.3544,28.8954,1570.59,238.291
5.837,0.0973,54.3321,28.9026,1570.34,238.415
5.839,0.0973,54.3097,28.797,1563.96,238.539
5.841,0.0974,54.2875,28.7872,1562.79,238.663
5.843,0.0974,54.2651,28.8282,1564.36,238.787
5.845,0.0974,54.2429,28.8098,1562.72,238.911
5.847,0.0975,54.2205,28.8577,1564.68,239.035
5.849,0.0975,54.1983,28.8297,1562.52,239.159
5.851,0.0975,54.176,28.8853,1564.89,239.283
5.853,0.0976,54.1539,28.8472,1562.19,239.408
5.855,0.0976,54.1316,28.8712,1562.84,239.532
5.857,0.0976,54.1095,28.8266,1559.79,239.656
5.859,0.0977,54.0873,28.8947,1562.83,239.78
5.861,0.0977,54.0653,28.8405,1559.27,239.904
5.863,0.0977,54.0431,28.917,1562.76,240.028
5.865,0.0978,54.0211,28.8394,1557.94,240.152
5.867,0.0978,53.9991,28.8956,1560.33,240.276
5.870,0.0978,53.9771,28.8533,1557.42,240.4
5.872,0.0979,53.9551,28.9156,1560.14,240.525
5.874,0.0979,53.9332,28.8581,1556.41,240.648
5.876,0.0979,53.9113,28.8688,1556.35,240.773
5.878,0.0980,53.8894,28.8202,1553.1,240.897
5.880,0.0980,53.8675,28.8894,1556.2,241.021
5.882,0.0980,53.8457,28.8382,1552.81,241.145
5.884,0.0981,53.8239,28.9112,1556.12,241.269
5.886,0.0981,53.8021,28.8583,1552.64,241.393
5.888,0.0981,53.7804,28.9344,1556.1,241.517
5.890,0.0982,53.7586,28.8689,1551.95,241.641
5.892,0.0982,53.7369,28.953,1555.85,241.765
5.894,0.0982,53.7151,28.8935,1552.02,241.889
5.896,0.0983,53.6935,28.9798,1556.03,242.014
5.898,0.0983,53.6717,28.8845,1550.28,242.138
5.900,0.0983,53.65,28.8988,1550.42,242.262
5.902,0.0984,53.6284,28.9093,1550.36,242.386
5.904,0.0984,53.6067,28.9313,1550.91,242.511
5.906,0.0984,53.585,28.9466,1551.1,242.635
5.908,0.0985,53.5633,28.9614,1551.27,242.76
5.910,0.0985,53.5831,28.8942,1548.24,242.884
5.912,0.0985,53.5615,28.9091,1548.42,243.009
5.914,0.0986,53.5399,28.9247,1548.63,243.133
5.916,0.0986,53.5183,28.9397,1548.8,243.258
5.918,0.0986,53.4967,28.9554,1549.02,243.382
5.920,0.0987,53.4751,28.9705,1549.2,243.507
5.922,0.0987,53.4535,28.9863,1549.42,243.631
5.924,0.0987,53.4318,29.0017,1549.61,243.756
5.926,0.0988,53.4102,28.9942,1548.59,243.88
5.928,0.0988,53.3886,29.0097,1548.79,244.005
5.930,0.0988,53.3669,28.9679,1545.93,244.129
5.932,0.0989,53.3453,28.9836,1546.14,244.254
5.934,0.0989,53.3237,28.9999,1546.38,244.378
5.936,0.0989,53.302,29.0166,1546.65,244.503
5.938,0.0990,53.2804,28.9727,1543.68,244.627
5.940,0.0990,53.2588,28.9912,1544.03,244.751
5.943,0.0990,53.2372,28.9418,1540.78,244.876
5.945,0.0991,53.2156,28.9565,1540.94,245
5.947,0.0991,53.1941,28.9789,1541.51,245.125
5.949,0.0991,53.1726,28.9511,1539.4,245.249
5.951,0.0992,53.1511,28.8866,1535.36,245.373
5.953,0.0992,53.1296,28.8997,1535.43,245.498
5.955,0.0992,53.1082,28.9242,1536.11,245.622
5.957,0.0993,53.0868,28.9373,1536.19,245.747
5.959,0.0993,53.0655,28.962,1536.88,245.871
5.961,0.0993,53.0442,28.9758,1537,245.995
5.963,0.0994,53.0229,28.9995,1537.64,246.12
5.965,0.0994,53.0018,29.0144,1537.81,246.244
5.967,0.0994,52.9806,29.036,1538.35,246.369
5.969,0.0995,52.9595,29.0522,1538.59,246.493
5.971,0.0995,52.9384,29.043,1537.49,246.618
5.973,0.0995,52.9174,29.0553,1537.53,246.742
5.975,0.0996,52.8964,29.0755,1537.99,246.867
5.977,0.0996,52.8755,29.0884,1538.07,246.992
5.979,0.0997,52.8545,29.1054,1538.35,247.116
5.981,0.0997,52.8337,29.1206,1538.55,247.241
5.983,0.0997,52.8129,29.1344,1538.67,247.366
5.985,0.0998,52.7921,29.1495,1538.86,247.49
5.987,0.0998,52.7714,29.1624,1538.94,247.615
5.989,0.0998,52.7506,29.1373,1537.01,247.74
5.991,0.0999,52.7299,29.1493,1537.04,247.865
5.993,0.0999,56.4466,29.1234,1643.92,247.989
5.995,0.0999,56.4255,28.9415,1633.04,248.114
5.997,0.1000,56.4044,28.9501,1632.92,248.239
5.999,0.1000,56.3834,28.9583,1632.77,248.364
6.001,0.1000,56.3623,28.9658,1632.58,248.488
6.003,0.1001,56.3412,28.9351,1630.24,248.613
6.005,0.1001,56.3202,28.9371,1629.74,248.738
6.007,0.1001,56.2991,28.8938,1626.7,248.863
6.009,0.1002,56.278,28.8957,1626.19,248.987
6.011,0.1002,56.2568,28.8229,1621.48,249.112
6.013,0.1002,56.2356,28.8192,1620.66,249.237
6.016,0.1003,56.2144,28.8399,1621.22,249.361
6.018,0.1003,56.1931,28.8337,1620.25,249.486
6.020,0.1003,56.1718,28.8323,1619.56,249.611
6.022,0.1004,56.1504,28.8234,1618.45,249.736
6.024,0.1004,56.129,28.8481,1619.21,249.86
6.026,0.1004,56.1075,28.838,1618.03,249.985
6.028,0.1005,56.086,28.8637,1618.85,250.11
6.030,0.1005,56.0644,28.8532,1617.64,250.235
6.032,0.1005,56.0428,28.8408,1616.32,250.359
6.034,0.1006,56.0212,28.8276,1614.96,250.484
6.036,0.1006,55.9995,28.8575,1616.01,250.609
6.038,0.1006,55.9778,28.824,1613.5,250.734
6.040,0.1007,55.956,28.8528,1614.49,250.858
6.042,0.1007,55.9343,28.842,1613.25,250.984
6.044,0.1007,55.9125,28.8712,1614.26,251.108
6.046,0.1008,55.8907,28.8605,1613.03,251.233
6.048,0.1008,55.869,28.8295,1610.67,251.358
6.050,0.1008,55.8472,28.8249,1609.79,251.483
6.052,0.1009,55.8255,28.849,1610.51,251.608
6.054,0.1009,55.8038,28.7688,1605.41,251.733
6.056,0.1009,55.7822,28.8001,1606.53,251.857
6.058,0.1010,55.7606,28.7881,1605.24,251.983
6.060,0.1010,55.7391,28.8198,1606.39,252.107
6.062,0.1010,55.7176,28.8294,1606.3,252.232
6.064,0.1011,55.6962,28.8418,1606.38,252.357
6.066,0.1011,55.6748,28.8482,1606.12,252.482
6.068,0.1011,55.6536,28.8635,1606.36,252.608
6.070,0.1012,55.6324,28.7208,1597.81,252.733
6.072,0.1012,55.6112,28.7071,1596.44,252.858
6.074,0.1012,55.5902,28.6711,1593.83,252.983
6.076,0.1013,55.5692,28.6955,1594.59,253.108
6.078,0.1013,55.5483,28.6877,1593.55,253.233
6.080,0.1013,55.5275,28.6625,1591.56,253.358
6.082,0.1014,55.5067,28.6496,1590.25,253.483
6.084,0.1014,55.486,28.6817,1591.43,253.608
6.086,0.1014,55.4654,28.6654,1589.94,253.733
6.088,0.1015,55.4448,28.7006,1591.3,253.858
6.090,0.1015,55.4242,28.6813,1589.64,253.983
6.093,0.1015,55.4037,28.6686,1588.34,254.108
6.095,0.1016,55.3832,28.644,1586.39,254.233
6.097,0.1016,55.3627,28.6248,1584.75,254.358
6.099,0.1016,55.3423,28.659,1586.05,254.484
6.101,0.1017,55.3218,28.6303,1583.88,254.609
6.103,0.1017,55.3014,28.6446,1584.09,254.734
6.105,0.1017,55.281,28.6597,1584.34,254.859
6.107,0.1018,55.2605,28.6621,1583.88,254.984
6.109,0.1018,55.2401,28.6774,1584.14,255.109
6.111,0.1018,55.2197,28.641,1581.55,255.234
6.113,0.1019,55.1992,28.6721,1582.68,255.359
6.115,0.1019,55.1788,28.6585,1581.34,255.485
6.117,0.1019,55.1583,28.6894,1582.46,255.61
6.119,0.1020,55.1379,28.6229,1578.21,255.735
6.121,0.1020,55.1174,28.676,1580.55,255.86
6.123,0.1020,55.0969,28.6369,1577.8,255.985
6.125,0.1021,55.0764,28.6952,1580.43,256.11
6.127,0.1021,55.056,28.6508,1577.4,256.236
6.129,0.1021,55.0355,28.7138,1580.28,256.36
6.131,0.1022,55.0151,28.6645,1576.98,256.486
6.133,0.1022,54.9946,28.7317,1580.09,256.611
6.135,0.1023,54.9742,28.678,1576.55,256.736
6.137,0.1023,54.9538,28.7488,1579.85,256.861
6.139,0.1023,54.9334,28.6911,1576.1,256.986
6.141,0.1024,54.913,28.7649,1579.57,257.111
6.143,0.1024,54.8927,28.6977,1575.29,257.236
6.145,0.1024,54.8724,28.7045,1575.08,257.362
6.147,0.1025,54.8522,28.7111,1574.87,257.487
6.149,0.1025,54.8319,28.6825,1572.72,257.612
6.151,0.1025,54.8117,28.6649,1571.17,257.738
6.153,0.1026,54.7915,28.6695,1570.84,257.863
6.155,0.1026,54.7713,28.6738,1570.5,257.989
6.157,0.1026,54.751,28.6777,1570.13,258.114
6.159,0.1027,54.7308,28.6813,1569.75,258.239
6.161,0.1027,54.7106,28.6845,1569.35,258.365
6.163,0.1027,54.6904,28.6874,1568.92,258.49
6.165,0.1028,54.6702,28.6899,1568.48,258.616
6.167,0.1028,54.6499,28.6921,1568.02,258.741
6.170,0.1028,54.6297,28.6941,1567.55,258.866
6.172,0.1029,54.6094,28.6957,1567.05,258.992
6.174,0.1029,54.5891,28.6978,1566.59,259.117
6.176,0.1029,54.5688,28.6995,1566.1,259.242
6.178,0.1030,54.5484,28.701,1565.59,259.368
6.180,0.1030,54.5281,28.684,1564.08,259.493
6.182,0.1030,54.5077,28.6852,1563.57,259.618
6.184,0.1031,54.4874,28.6866,1563.06,259.744
6.186,0.1031,54.467,28.691,1562.71,259.869
6.188,0.1031,54.4467,28.6892,1562.03,259.994
6.190,0.1032,54.4263,28.6468,1559.14,260.119
6.192,0.1032,54.406,28.4128,1545.83,260.245
6.194,0.1032,54.3856,28.4231,1545.81,260.37
6.196,0.1033,54.3654,28.4163,1544.86,260.495
6.198,0.1033,54.3451,28.4302,1545.04,260.62
6.200,0.1033,54.3249,28.4275,1544.32,260.745
6.202,0.1034,54.3047,28.3834,1541.35,260.87
6.204,0.1034,54.2846,28.3562,1539.3,260.995
6.206,0.1034,54.2644,28.2523,1533.09,261.12
6.208,0.1035,54.2444,28.2393,1531.82,261.245
6.210,0.1035,54.2244,28.2073,1529.52,261.37
6.212,0.1035,54.2045,28.1375,1525.18,261.495
6.214,0.1036,54.1845,28.1559,1525.61,261.62
6.216,0.1036,54.1647,28.0765,1520.76,261.745
6.218,0.1036,54.1449,27.981,1515.03,261.87
6.220,0.1037,54.1252,27.9688,1513.82,261.996
6.222,0.1037,54.1055,27.9957,1514.72,262.12
6.224,0.1037,54.0859,28.0014,1514.48,262.246
6.226,0.1038,54.0663,28.0084,1514.31,262.371
6.228,0.1038,54.0468,28.0153,1514.14,262.497
6.230,0.1038,54.0273,28.0234,1514.03,262.622
6.232,0.1039,54.0079,28.0313,1513.91,262.748
6.234,0.1039,53.9885,28.0402,1513.85,262.873
6.236,0.1039,53.9691,28.0488,1513.77,262.998
6.238,0.1040,53.9497,28.0448,1513.01,263.124
6.240,0.1040,53.9303,28.0543,1512.98,263.249
6.242,0.1040,53.9319,28.0297,1511.7,263.375
6.244,0.1041,53.9121,28.0393,1511.66,263.5
6.246,0.1041,53.8922,28.0481,1511.57,263.625
6.249,0.1041,53.8723,28.0591,1511.61,263.751
6.251,0.1042,53.8525,28.0665,1511.45,263.876
6.253,0.1042,53.8326,28.0787,1511.55,264.002
6.255,0.1042,53.8127,28.0847,1511.31,264.127
6.257,0.1043,53.7928,28.0979,1511.47,264.252
6.259,0.1043,53.7729,28.1027,1511.17,264.377
6.261,0.1043,53.753,28.1165,1511.35,264.503
6.263,0.1044,53.7331,28.1206,1511,264.628
6.265,0.1044,53.7132,28.1345,1511.19,264.753
6.267,0.1044,53.6932,28.1383,1510.84,264.878
6.269,0.1045,53.6733,28.172,1512.08,265.003
6.271,0.1045,53.6533,28.1531,1510.51,265.128
6.273,0.1045,53.6333,28.1616,1510.4,265.253
6.275,0.1046,53.6134,28.1721,1510.4,265.378
6.277,0.1046,53.5934,28.1781,1510.16,265.504
6.279,0.1046,53.5734,28.1916,1510.32,265.629
6.281,0.1047,53.5534,28.1943,1509.9,265.754
6.283,0.1047,53.5334,28.1568,1507.33,265.879
6.285,0.1047,53.5134,28.1588,1506.87,266.004
6.287,0.1048,53.4935,28.1771,1507.29,266.129
6.289,0.1048,53.4735,28.1023,1502.73,266.255
6.291,0.1049,53.4536,28.1079,1502.47,266.38
6.293,0.1049,53.4336,28.1191,1502.51,266.505
6.295,0.1049,53.4137,28.1291,1502.48,266.63
6.297,0.1050,56.8304,28.0561,1594.44,266.756
6.299,0.1050,56.8092,28.1758,1600.64,266.881
6.301,0.1050,56.788,28.1308,1597.49,267.007
6.303,0.1051,56.7668,28.198,1600.71,267.132
6.305,0.1051,56.7457,28.1372,1596.66,267.257
6.307,0.1051,56.7245,28.1216,1595.19,267.383
6.309,0.1052,56.7035,28.1283,1594.97,267.509
6.311,0.1052,56.6825,28.0921,1592.33,267.635
6.313,0.1052,56.6615,28.0937,1591.83,267.76
6.315,0.1053,56.6406,28.1132,1592.35,267.886
6.317,0.1053,56.6199,28.1113,1591.66,268.012
6.319,0.1053,56.5991,28.0676,1588.6,268.138
6.321,0.1054,56.5785,28.0611,1587.65,268.263
6.323,0.1054,56.5579,28.0894,1588.68,268.389
6.325,0.1054,56.5374,28.0791,1587.52,268.514
6.327,0.1055,56.517,28.1116,1588.78,268.64
6.329,0.1055,56.4966,28.0974,1587.41,268.765
6.332,0.1055,56.4763,28.1341,1588.91,268.891
6.334,0.1056,56.456,28.116,1587.32,269.016
6.336,0.1056,56.4358,28.1433,1588.29,269.141
6.338,0.1056,56.4157,28.1145,1586.1,269.267
6.340,0.1057,56.3956,28.028,1580.65,269.392
6.342,0.1057,56.3755,28.0032,1578.69,269.518
6.344,0.1057,56.3554,28.0506,1580.8,269.643
6.346,0.1058,56.3354,28.0209,1578.57,269.769
6.348,0.1058,56.3154,28.0737,1580.98,269.894
6.350,0.1058,56.2954,28.039,1578.47,270.019
6.352,0.1059,56.2754,28.0973,1581.19,270.145
6.354,0.1059,56.2554,28.0576,1578.39,270.27
6.356,0.1059,56.2355,28.074,1578.75,270.396
6.358,0.1060,56.2155,28.0358,1576.05,270.521
6.360,0.1060,56.1955,28.0975,1578.95,270.647
6.362,0.1060,56.1755,28.0554,1576.02,270.773
6.364,0.1061,56.1555,28.1215,1579.18,270.898
6.366,0.1061,56.1355,28.0754,1576.03,271.024
6.368,0.1061,56.1155,28.114,1577.63,271.15
6.370,0.1062,56.0955,28.0747,1574.87,271.275
6.372,0.1062,56.0755,28.1458,1578.29,271.401
6.374,0.1062,56.0555,28.0951,1574.88,271.527
6.376,0.1063,56.0354,28.1707,1578.56,271.653
6.378,0.1063,56.0154,28.1156,1574.91,271.779
6.380,0.1063,55.9954,28.196,1578.85,271.904
6.382,0.1064,55.9754,28.1375,1575.01,272.03
6.384,0.1064,55.9554,28.1338,1574.24,272.156
6.386,0.1064,55.9354,28.1092,1572.3,272.281
6.388,0.1065,55.9154,28.0283,1567.21,272.407
6.390,0.1065,55.8954,28.0403,1567.32,272.533
6.392,0.1065,55.8754,28.0524,1567.44,272.659
6.394,0.1066,55.8554,28.0645,1567.55,272.785
6.396,0.1066,55.8354,28.0768,1567.68,272.911
6.398,0.1066,55.8154,28.0891,1567.8,273.037
6.400,0.1067,55.7954,28.1015,1567.93,273.163
6.402,0.1067,55.7754,28.1138,1568.06,273.289
6.404,0.1067,55.7554,28.1263,1568.19,273.414
6.406,0.1068,55.7355,28.1781,1570.52,273.54
6.408,0.1068,55.7155,28.1903,1570.64,273.666
6.410,0.1068,55.6955,28.2025,1570.75,273.792
6.412,0.1069,55.6755,28.1149,1565.31,273.918
6.415,0.1069,55.6555,28.0512,1561.2,274.043
6.417,0.1069,55.6355,27.9974,1557.65,274.169
6.419,0.1070,55.6155,27.9957,1556.99,274.295
6.421,0.1070,55.5955,28.0076,1557.09,274.421
6.423,0.1070,55.5755,28.0194,1557.19,274.547
6.425,0.1071,55.5556,28.0313,1557.29,274.672
6.427,0.1071,55.5356,28.0431,1557.39,274.798
6.429,0.1071,55.5157,28.0579,1557.65,274.924
6.431,0.1072,55.4958,28.0666,1557.58,275.05
6.433,0.1072,55.4759,28.0305,1555.02,275.176
6.435,0.1072,55.4561,28.0434,1555.18,275.302
6.437,0.1073,55.4363,28.0582,1555.44,275.427
6.439,0.1073,55.4166,28.0707,1555.58,275.553
6.441,0.1073,55.3969,28.0638,1554.65,275.679
6.443,0.1074,55.3773,28.0835,1555.18,275.805
6.445,0.1074,55.3576,28.0541,1553.01,275.931
6.447,0.1074,55.3382,28.0017,1549.56,276.057
6.449,0.1075,55.3187,28.0202,1550.04,276.182
6.451,0.1075,55.2993,28.031,1550.09,276.308
6.453,0.1075,55.2799,28.0513,1550.67,276.434
6.455,0.1076,55.2607,28.0608,1550.66,276.56
6.457,0.1076,55.2415,28.083,1551.34,276.685
6.459,0.1077,55.2224,28.0909,1551.25,276.811
6.461,0.1077,55.2032,28.0654,1549.3,276.937
6.463,0.1077,55.1843,28.0638,1548.68,277.063
6.465,0.1078,55.1653,28.0444,1547.08,277.188
6.467,0.1078,55.1464,28.0594,1547.38,277.314
6.469,0.1078,55.1276,28.0515,1546.41,277.44
6.471,0.1079,55.1088,28.0662,1546.69,277.566
6.473,0.1079,55.09,28.0807,1546.97,277.692
6.475,0.1079,55.0713,28.0951,1547.23,277.818
6.477,0.1080,55.0527,28.1093,1547.49,277.944
6.479,0.1080,55.034,28.1231,1547.73,278.07
6.481,0.1080,55.0154,28.077,1544.67,278.196
6.483,0.1081,54.9968,28.0904,1544.89,278.322
6.485,0.1081,54.9782,28.1038,1545.1,278.448
6.487,0.1081,54.9596,28.1166,1545.28,278.574
6.489,0.1082,54.941,28.1286,1545.42,278.7
6.491,0.1082,54.9224,28.1414,1545.59,278.826
6.493,0.1082,54.9038,28.1522,1545.67,278.952
6.495,0.1083,54.8852,28.1647,1545.82,279.078
6.497,0.1083,54.8665,28.1748,1545.85,279.205
6.499,0.1083,54.8478,28.1866,1545.98,279.331
6.502,0.1084,54.8291,28.2266,1547.64,279.457
6.504,0.1084,54.8104,28.2462,1548.18,279.583
6.506,0.1084,54.7916,28.2464,1547.67,279.709
6.508,0.1085,54.7728,28.2664,1548.23,279.835
6.510,0.1085,54.754,28.2661,1547.68,279.961
6.512,0.1085,54.7351,28.2888,1548.39,280.087
6.514,0.1086,54.7162,28.2155,1543.85,280.213
6.516,0.1086,54.6973,28.249,1545.14,280.339
6.518,0.1086,54.6783,28.2354,1543.87,280.465
6.520,0.1087,54.6594,28.2699,1545.22,280.591
6.522,0.1087,54.6404,28.196,1540.64,280.717
6.524,0.1087,54.6214,28.1703,1538.7,280.843
6.526,0.1088,54.6024,28.1626,1537.75,280.969
6.528,0.1088,54.5834,28.1895,1538.68,281.095
6.530,0.1088,54.5644,28.1829,1537.78,281.221
6.532,0.1089,54.5454,28.2108,1538.77,281.347
6.534,0.1089,54.5265,28.2027,1537.79,281.473
6.536,0.1089,54.5075,28.2149,1537.92,281.6
6.538,0.1090,54.4886,28.1969,1536.41,281.725
6.540,0.1090,54.4697,28.2358,1538,281.852
6.542,0.1090,54.4509,28.1407,1532.29,281.978
6.544,0.1091,54.4321,28.1797,1533.88,282.104
6.546,0.1091,54.4133,28.159,1532.23,282.23
6.548,0.1091,54.3946,28.1681,1532.19,282.357
6.550,0.1092,54.376,28.1751,1532.05,282.483
6.552,0.1092,54.3574,28.1857,1532.1,282.61
6.554,0.1092,54.3389,28.1907,1531.85,282.736
6.556,0.1093,54.3204,28.2028,1531.99,282.863
6.558,0.1093,54.302,28.2061,1531.65,282.99
6.560,0.1093,54.2837,28.2194,1531.85,283.116
6.562,0.1094,54.2654,28.2635,1533.73,283.243
6.564,0.1094,54.2472,28.2842,1534.34,283.369
6.566,0.1094,54.2289,28.2531,1532.13,283.496
6.568,0.1095,54.2109,28.2362,1530.71,283.623
6.570,0.1095,54.1927,28.229,1529.81,283.749
6.572,0.1095,54.1747,28.2504,1530.46,283.876
6.574,0.1096,54.1567,28.2441,1529.61,284.002
6.576,0.1096,54.1989,28.2491,1531.07,284.129
6.578,0.1096,54.1804,28.1644,1525.96,284.255
6.580,0.1097,54.1621,28.1802,1526.3,284.382
6.582,0.1097,54.1437,28.165,1524.96,284.508
6.584,0.1097,54.1254,28.1729,1524.87,284.635
6.586,0.1098,54.1071,28.1851,1525.01,284.761
6.588,0.1098,54.0889,28.1919,1524.87,284.887
6.591,0.1098,54.0706,28.1425,1521.68,285.014
6.593,0.1099,54.0525,28.1488,1521.51,285.14
6.595,0.1099,57.2167,28.1397,1610.06,285.267
6.597,0.1099,57.1981,28.1443,1609.8,285.393
6.599,0.1100,57.1796,28.1626,1610.32,285.52
6.601,0.1100,57.161,28.1447,1608.78,285.646
6.603,0.1100,57.1425,28.1175,1606.7,285.773
6.605,0.1101,57.1239,28.1128,1605.91,285.899
6.607,0.1101,57.1053,28.0727,1603.1,286.026
6.609,0.1101,57.0867,28.064,1602.08,286.153
6.611,0.1102,57.0682,28.0003,1597.93,286.279
6.613,0.1102,57.0496,28.0222,1598.65,286.406
6.615,0.1102,57.031,27.9864,1596.09,286.533
6.617,0.1103,57.0124,27.9254,1592.09,286.66
6.619,0.1103,56.9938,27.9252,1591.56,286.787
6.621,0.1103,56.9752,27.9372,1591.73,286.913
6.623,0.1104,56.9565,27.9389,1591.3,287.04
6.625,0.1104,56.9379,27.9148,1589.41,287.167
6.627,0.1104,56.9192,27.9138,1588.83,287.294
6.629,0.1105,56.9006,27.9183,1588.57,287.421
6.631,0.1105,56.8819,27.9225,1588.29,287.548
6.633,0.1105,56.8632,27.8815,1585.43,287.675
6.635,0.1106,56.8446,27.8563,1583.48,287.802
6.637,0.1106,56.8258,27.8603,1583.18,287.929
6.639,0.1107,56.8071,27.8641,1582.88,288.056
6.641,0.1107,56.7883,27.8682,1582.59,288.183
6.643,0.1107,56.7695,27.8721,1582.28,288.31
6.645,0.1108,56.7507,27.8764,1582.01,288.437
6.647,0.1108,56.7318,27.8806,1581.72,288.564
6.649,0.1108,56.7129,27.8852,1581.45,288.691
6.651,0.1109,56.6939,27.8972,1581.6,288.818
6.653,0.1109,56.675,27.9022,1581.36,288.945
6.655,0.1109,56.656,27.8573,1578.28,289.072
6.657,0.1110,56.637,27.8628,1578.06,289.199
6.659,0.1110,56.6179,27.8684,1577.85,289.326
6.661,0.1110,56.5989,27.8742,1577.65,289.452
6.663,0.1111,56.5798,27.8802,1577.46,289.579
6.665,0.1111,56.5608,27.8862,1577.26,289.706
6.667,0.1111,56.5417,27.8727,1575.97,289.833
6.669,0.1112,56.5227,27.8484,1574.06,289.96
6.671,0.1112,56.5036,27.8565,1573.99,290.087
6.673,0.1112,56.4846,27.8616,1573.75,290.214
6.675,0.1113,56.4657,27.8712,1573.77,290.341
6.677,0.1113,56.4467,27.8752,1573.46,290.469
6.679,0.1113,56.4278,27.8858,1573.53,290.596
6.681,0.1114,56.4089,27.8406,1570.46,290.723
6.684,0.1114,56.3902,27.872,1571.71,290.85
6.686,0.1114,56.3714,27.8728,1571.23,290.977
6.688,0.1115,56.3528,27.8844,1571.36,291.104
6.690,0.1115,56.3341,27.8849,1570.87,291.231
6.692,0.1115,56.3156,27.6775,1558.68,291.359
6.694,0.1116,56.2971,27.6632,1557.36,291.486
6.696,0.1116,56.2788,27.6901,1558.36,291.613
6.698,0.1116,56.2604,27.6752,1557.02,291.74
6.700,0.1117,56.2423,27.6621,1555.78,291.867
6.702,0.1117,56.2241,27.6563,1554.95,291.995
6.704,0.1117,56.206,27.6727,1555.37,292.122
6.706,0.1118,56.1879,27.7419,1558.76,292.249
6.708,0.1118,56.1701,27.7406,1558.19,292.376
6.710,0.1118,56.1521,27.7458,1557.99,292.503
6.712,0.1119,56.1342,27.7511,1557.79,292.631
6.714,0.1119,56.1163,27.7565,1557.59,292.758
6.716,0.1119,56.0985,27.7146,1554.75,292.885
6.718,0.1120,56.0807,27.7202,1554.57,293.012
6.720,0.1120,56.063,27.6927,1552.53,293.14
6.722,0.1120,56.0453,27.662,1550.32,293.267
6.724,0.1121,56.0276,27.6683,1550.18,293.394
6.726,0.1121,56.0099,27.6247,1547.26,293.521
6.728,0.1121,55.9921,27.6313,1547.14,293.649
6.730,0.1122,55.9744,27.6382,1547.03,293.776
6.732,0.1122,55.9567,27.6463,1547,293.903
6.734,0.1122,55.939,27.6526,1546.86,294.03
6.736,0.1123,55.9212,27.6618,1546.88,294.158
6.738,0.1123,55.9034,27.6678,1546.72,294.285
6.740,0.1123,55.8855,27.6775,1546.77,294.413
6.742,0.1124,55.8676,27.6837,1546.62,294.54
6.744,0.1124,55.8497,27.6929,1546.64,294.667
6.746,0.1124,55.8317,27.7252,1547.94,294.795
6.748,0.1125,55.8137,27.7315,1547.8,294.922
6.750,0.1125,55.7956,27.7426,1547.91,295.05
6.752,0.1125,55.7775,27.7461,1547.6,295.177
6.754,0.1126,55.7593,27.7602,1547.89,295.305
6.756,0.1126,55.7411,27.7599,1547.36,295.433
6.758,0.1126,55.7228,27.7681,1547.31,295.56
6.760,0.1127,55.7045,27.7511,1545.86,295.688
6.762,0.1127,55.6861,27.7865,1547.32,295.815
6.764,0.1127,55.6677,27.7003,1542.01,295.943
6.766,0.1128,55.6493,27.7459,1544.04,296.07
6.768,0.1128,55.6309,27.6962,1540.77,296.198
6.770,0.1128,55.6124,27.7641,1544.03,296.325
6.772,0.1129,55.594,27.7066,1540.32,296.453
6.774,0.1129,55.5755,27.7814,1543.96,296.58
6.777,0.1129,55.557,27.717,1539.88,296.708
6.779,0.1130,55.5385,27.742,1540.75,296.835
6.781,0.1130,55.5201,27.6038,1532.57,296.963
6.783,0.1130,55.649,27.6679,1539.69,297.091
6.785,0.1131,55.6301,27.6012,1535.45,297.218
6.787,0.1131,55.6112,27.6576,1538.07,297.346
6.789,0.1131,55.5923,27.5971,1534.19,297.473
6.791,0.1132,55.5735,27.6038,1534.04,297.601
6.793,0.1132,55.5546,27.5059,1528.08,297.728
6.795,0.1132,55.5359,27.5183,1528.25,297.856
6.797,0.1133,55.5171,27.5167,1527.65,297.984
6.799,0.1133,55.4984,27.5345,1528.12,298.112
6.801,0.1133,55.4797,27.5277,1527.23,298.24
6.803,0.1134,55.461,27.5515,1528.03,298.368
6.805,0.1134,55.4424,27.5386,1526.81,298.495
6.807,0.1134,55.4238,27.5767,1528.41,298.623
6.809,0.1135,55.4052,27.4808,1522.58,298.751
6.811,0.1135,55.3867,27.5185,1524.16,298.879
6.813,0.1135,55.3681,27.5035,1522.82,299.007
6.815,0.1136,55.3496,27.5501,1524.89,299.135
6.817,0.1136,55.3311,27.514,1522.38,299.263
6.819,0.1136,55.3127,27.5701,1524.97,299.391
6.821,0.1137,55.2942,27.5242,1521.93,299.519
6.823,0.1137,55.2758,27.5905,1525.08,299.647
6.825,0.1138,55.2574,27.5345,1521.49,299.775
6.827,0.1138,55.239,27.6111,1525.21,299.903
6.829,0.1138,55.2206,27.5451,1521.05,300.031
6.831,0.1139,55.2023,27.632,1525.35,300.159
6.833,0.1139,55.1838,27.5561,1520.65,300.287
6.835,0.1139,55.1655,27.5811,1521.53,300.415
6.837,0.1140,55.1471,27.4972,1516.39,300.543
6.839,0.1140,55.1287,27.6,1521.55,300.671
6.841,0.1140,55.1104,27.5646,1519.1,300.799
6.843,0.1141,55.092,27.668,1524.29,300.927
6.845,0.1141,55.0736,27.5602,1517.84,301.054
6.847,0.1141,55.0552,27.5037,1514.22,301.182
6.849,0.1142,55.0368,27.4588,1511.24,301.31
6.851,0.1142,55.0183,27.5187,1514.03,301.438
6.853,0.1142,54.9999,27.4139,1507.76,301.566
6.855,0.1143,54.9815,27.4805,1510.92,301.694
6.857,0.1143,54.963,27.3993,1505.95,301.822
6.859,0.1143,54.9445,27.4558,1508.55,301.95
6.861,0.1144,54.9261,27.4179,1505.96,302.078
6.863,0.1144,54.9076,27.4704,1508.33,302.206
6.865,0.1144,54.8891,27.4372,1506.01,302.335
6.867,0.1145,54.8706,27.4858,1508.16,302.463
6.869,0.1145,54.8521,27.4168,1503.87,302.591
6.871,0.1145,54.8335,27.4248,1503.8,302.719
6.874,0.1146,54.815,27.4327,1503.72,302.847
6.876,0.1146,54.7964,27.4405,1503.64,302.976
6.878,0.1146,54.7778,27.4482,1503.55,303.104
6.880,0.1147,54.7592,27.4558,1503.46,303.233
6.882,0.1147,54.7406,27.4635,1503.37,303.361
6.884,0.1147,54.722,27.471,1503.27,303.489
6.886,0.1148,54.7034,27.4542,1501.84,303.618
6.888,0.1148,58.0235,27.4406,1592.2,303.746
6.890,0.1148,58.0041,27.4485,1592.13,303.874
6.892,0.1149,57.9848,27.4038,1589,304.003
6.894,0.1149,57.9655,27.4118,1588.94,304.131
6.896,0.1149,57.9462,27.4028,1587.89,304.259
6.898,0.1150,57.9269,27.4112,1587.85,304.388
6.900,0.1150,57.9076,27.4194,1587.8,304.516
6.902,0.1150,57.8883,27.4454,1588.77,304.644
6.904,0.1151,57.869,27.4335,1587.55,304.772
6.906,0.1151,57.8497,27.4423,1587.53,304.901
6.908,0.1151,57.8304,27.451,1587.5,305.029
6.910,0.1152,57.8111,27.5148,1590.66,305.157
6.912,0.1152,57.7919,27.523,1590.6,305.285
6.914,0.1152,57.7726,27.5314,1590.56,305.414
6.916,0.1153,57.7533,27.54,1590.52,305.542
6.918,0.1153,57.734,27.5479,1590.45,305.67
6.920,0.1153,57.7148,27.5571,1590.45,305.798
6.922,0.1154,57.6955,27.5176,1587.64,305.927
6.924,0.1154,57.6763,27.5274,1587.68,306.055
6.926,0.1154,57.657,27.5323,1587.43,306.183
6.928,0.1155,57.6378,27.5442,1587.59,306.312
6.930,0.1155,57.6186,27.5454,1587.13,306.44
6.932,0.1155,57.5995,27.5607,1587.48,306.569
6.934,0.1156,57.5803,27.5168,1584.43,306.697
6.936,0.1156,57.5612,27.5372,1585.08,306.825
6.938,0.1156,57.5421,27.4547,1579.8,306.954
6.940,0.1157,57.5231,27.482,1580.85,307.082
6.942,0.1157,57.504,27.4638,1579.28,307.211
6.944,0.1157,57.485,27.4976,1580.7,307.339
6.946,0.1158,57.466,27.472,1578.71,307.468
6.948,0.1158,57.4471,27.3675,1572.19,307.596
6.950,0.1158,57.4282,27.3134,1568.56,307.725
6.952,0.1159,57.4094,27.3208,1568.47,307.853
6.954,0.1159,57.3906,27.3372,1568.9,307.982
6.956,0.1159,57.3718,27.3451,1568.84,308.11
6.958,0.1160,57.3531,27.3535,1568.8,308.239
6.960,0.1160,57.3344,27.362,1568.78,308.367
6.962,0.1160,57.3157,27.3709,1568.78,308.496
6.964,0.1161,57.2971,27.38,1568.79,308.625
6.966,0.1161,57.2784,27.3895,1568.83,308.753
6.968,0.1161,57.2599,27.3768,1567.59,308.882
6.970,0.1162,57.2413,27.3579,1566,309.01
6.973,0.1162,57.2227,27.3685,1566.1,309.138
6.975,0.1162,57.2042,27.3788,1566.18,309.267
6.977,0.1163,57.1856,27.3907,1566.35,309.395
6.979,0.1163,57.1671,27.4005,1566.41,309.524
6.981,0.1163,57.1485,27.4138,1566.66,309.652
6.983,0.1164,57.13,27.4225,1566.65,309.781
6.985,0.1164,57.1114,27.4376,1567,309.91
6.987,0.1164,57.0928,27.3858,1563.53,310.038
6.989,0.1165,57.0741,27.4037,1564.04,310.167
6.991,0.1165,57.0555,27.4075,1563.75,310.295
6.993,0.1165,57.0368,27.4289,1564.46,310.424
6.995,0.1166,57.0182,27.4285,1563.92,310.553
6.997,0.1166,56.9994,27.3146,1556.92,310.681
6.999,0.1166,56.9807,27.3036,1555.78,310.81
7.001,0.1167,56.9619,27.3628,1558.63,310.939
7.003,0.1167,56.9431,27.3441,1557.06,311.067
7.005,0.1167,56.9243,27.3871,1558.99,311.196
7.007,0.1168,56.9055,27.2549,1550.95,311.325
7.009,0.1168,56.8866,27.3025,1553.15,311.454
7.011,0.1168,56.8677,27.2698,1550.77,311.582
7.013,0.1169,56.8489,27.3258,1553.44,311.711
7.015,0.1169,56.83,27.2846,1550.58,311.84
7.017,0.1169,56.8111,27.3488,1553.72,311.969
7.019,0.1170,56.7922,27.2994,1550.39,312.097
7.021,0.1170,56.7734,27.3377,1552.05,312.226
7.023,0.1171,56.7546,27.2793,1548.23,312.355
7.025,0.1171,56.7358,27.3606,1552.33,312.484
7.027,0.1171,56.717,27.2969,1548.2,312.612
7.029,0.1172,56.6983,27.3384,1550.04,312.741
7.031,0.1172,56.6796,27.2825,1546.36,312.87
7.033,0.1172,56.661,27.251,1544.07,312.998
7.035,0.1173,56.6424,27.2586,1543.99,313.127
7.037,0.1173,56.6239,27.2848,1544.97,313.256
7.039,0.1173,56.6055,27.2897,1544.75,313.385
7.041,0.1174,56.5871,27.3057,1545.15,313.514
7.043,0.1174,56.5688,27.3076,1544.76,313.643
7.045,0.1174,56.5505,27.2796,1542.67,313.771
7.047,0.1175,56.5323,27.2803,1542.22,313.9
7.049,0.1175,56.5142,27.2988,1542.77,314.029
7.051,0.1175,56.496,27.2668,1540.46,314.158
7.053,0.1176,56.478,27.2892,1541.24,314.287
7.055,0.1176,56.4599,27.2808,1540.27,314.416
7.057,0.1176,56.442,27.3058,1541.19,314.545
7.059,0.1177,56.424,27.2928,1539.97,314.674
7.061,0.1177,56.406,27.3202,1541.03,314.803
7.063,0.1177,56.3881,27.3024,1539.53,314.932
7.065,0.1178,56.3702,27.3325,1540.74,315.061
7.067,0.1178,56.3522,27.3098,1538.97,315.19
7.069,0.1178,56.3343,27.3426,1540.33,315.319
7.071,0.1179,56.3164,27.333,1539.29,315.448
7.073,0.1179,56.2985,27.37,1540.89,315.577
7.076,0.1179,56.2805,27.2862,1535.68,315.706
7.078,0.1180,56.2625,27.3322,1537.78,315.835
7.080,0.1180,56.2446,27.2887,1534.84,315.964
7.082,0.1180,56.2266,27.3381,1537.13,316.093
7.084,0.1181,56.2086,27.2647,1532.51,316.222
7.086,0.1181,56.1905,27.2888,1533.37,316.351
7.088,0.1181,56.1725,27.2617,1531.36,316.48
7.090,0.1182,56.1544,27.2275,1528.94,316.609
7.092,0.1182,56.1363,27.2039,1527.13,316.738
7.094,0.1182,56.1182,27.2323,1528.23,316.867
7.096,0.1183,56.1001,27.209,1526.43,316.996
7.098,0.1183,56.0835,27.2188,1526.53,317.125
7.100,0.1183,56.0653,27.1933,1524.6,317.254
7.102,0.1184,56.047,27.2281,1526.05,317.383
7.104,0.1184,56.0288,27.2034,1524.17,317.511
7.106,0.1184,56.0105,27.2396,1525.7,317.641
7.108,0.1185,55.9922,27.2163,1523.9,317.769
7.110,0.1185,55.9739,27.2531,1525.47,317.899
7.112,0.1185,55.9557,27.2065,1522.36,318.027
7.114,0.1186,55.9374,27.2149,1522.33,318.157
7.116,0.1186,55.9192,27.2243,1522.36,318.286
7.118,0.1186,55.9012,27.2336,1522.39,318.415
7.120,0.1187,55.8831,27.2437,1522.46,318.544
7.122,0.1187,55.8651,27.2528,1522.48,318.673
7.124,0.1187,55.8471,27.2627,1522.54,318.803
7.126,0.1188,55.8291,27.2719,1522.57,318.932
7.128,0.1188,55.8111,27.2816,1522.62,319.061
7.130,0.1188,55.7932,27.2906,1522.63,319.191
7.132,0.1189,55.7752,27.2996,1522.64,319.32
7.134,0.1189,55.7572,27.1865,1515.84,319.449
7.136,0.1189,55.7392,27.1952,1515.84,319.579
7.138,0.1190,55.7212,27.1602,1513.4,319.708
7.140,0.1190,55.7033,27.167,1513.29,319.837
7.142,0.1190,55.6853,27.1731,1513.14,319.966
7.144,0.1191,55.6673,27.1787,1512.97,320.096
7.146,0.1191,55.6493,27.1838,1512.76,320.225
7.148,0.1191,55.6314,27.1882,1512.52,320.354
7.150,0.1192,55.6134,27.2034,1512.88,320.483
7.152,0.1192,55.5954,27.2071,1512.59,320.612
7.154,0.1192,55.5775,27.2108,1512.31,320.741
7.156,0.1193,55.5595,27.2164,1512.13,320.871
7.158,0.1193,55.5416,27.2169,1511.67,321
7.160,0.1193,55.5237,27.2244,1511.6,321.129
7.162,0.1194,55.5059,27.2224,1511,321.258
7.164,0.1194,55.488,27.2316,1511.03,321.387
7.166,0.1194,55.4702,27.1909,1508.28,321.516
7.168,0.1195,55.4524,27.1617,1506.18,321.645
7.170,0.1195,55.4347,27.1612,1505.67,321.774
7.172,0.1195,55.417,27.1673,1505.53,321.903
7.174,0.1196,55.3993,27.113,1502.04,322.032
7.176,0.1196,55.3817,27.1218,1502.05,322.161
7.178,0.1196,55.3641,27.1211,1501.54,322.29
7.180,0.1197,55.3466,27.1285,1501.47,322.419
7.182,0.1197,55.3291,27.1311,1501.14,322.548
7.185,0.1197,58.362,27.0898,1581.01,322.678
7.187,0.1198,58.3434,27.1307,1582.9,322.807
7.189,0.1198,58.3248,27.1276,1582.21,322.936
7.191,0.1198,58.3062,27.1431,1582.61,323.065
7.193,0.1199,58.2877,27.1369,1581.74,323.194
7.195,0.1199,58.2692,27.1437,1581.64,323.324
7.197,0.1199,58.2508,27.1533,1581.7,323.453
7.199,0.1200,58.2324,27.1607,1581.63,323.583
7.201,0.1200,58.2141,27.1388,1579.86,323.712
7.203,0.1200,58.1958,27.1469,1579.83,323.841
7.205,0.1201,58.1776,27.2449,1585.04,323.971
7.207,0.1201,58.1594,27.197,1581.76,324.1
7.209,0.1201,58.1412,27.2063,1581.81,324.229
7.211,0.1202,58.1231,27.2152,1581.84,324.359
7.213,0.1202,58.105,27.2246,1581.89,324.488
7.215,0.1202,58.087,27.2336,1581.92,324.617
7.217,0.1203,58.069,27.2108,1580.1,324.747
7.219,0.1203,58.0509,27.2235,1580.35,324.876
7.221,0.1203,58.0329,27.2266,1580.04,325.005
7.223,0.1204,58.0149,27.2425,1580.47,325.134
7.225,0.1204,57.997,27.176,1576.13,325.263
7.227,0.1204,57.979,27.1479,1574.01,325.393
7.229,0.1205,57.961,27.1399,1573.05,325.522
7.231,0.1205,57.943,27.1521,1573.27,325.651
7.233,0.1205,57.925,27.1386,1572,325.78
7.235,0.1206,57.907,27.106,1569.62,325.909
7.237,0.1206,57.889,27.092,1568.33,326.039
7.239,0.1207,57.8709,27.1254,1569.77,326.168
7.241,0.1207,57.8528,27.1085,1568.3,326.297
7.243,0.1207,57.8347,27.1446,1569.9,326.426
7.245,0.1208,57.8166,27.125,1568.28,326.555
7.247,0.1208,57.7984,27.1636,1570.01,326.685
7.249,0.1208,57.7802,27.1415,1568.24,326.814
7.251,0.1209,57.762,26.9758,1558.18,326.943
7.253,0.1209,57.7437,26.9541,1556.43,327.073
7.255,0.1209,57.7255,26.9425,1555.27,327.202
7.257,0.1210,57.7072,26.9178,1553.35,327.331
7.259,0.1210,57.6888,26.9513,1554.79,327.461
7.261,0.1210,57.6705,26.9365,1553.44,327.59
7.263,0.1211,57.6522,26.9685,1554.79,327.72
7.265,0.1211,57.6338,26.9534,1553.42,327.849
7.267,0.1211,57.6154,26.9855,1554.78,327.978
7.269,0.1212,57.5971,26.9699,1553.39,328.108
7.271,0.1212,57.5787,27.0021,1554.75,328.237
7.273,0.1212,57.5604,26.986,1553.33,328.366
7.275,0.1213,57.5421,26.9941,1553.3,328.496
7.277,0.1213,57.5239,26.9379,1549.57,328.625
7.279,0.1213,57.5056,26.9475,1549.63,328.755
7.281,0.1214,57.4874,26.9533,1549.48,328.884
7.283,0.1214,57.4693,26.9639,1549.6,329.014
7.285,0.1214,57.4512,26.981,1550.09,329.143
7.287,0.1215,57.4331,26.9931,1550.3,329.273
7.289,0.1215,57.415,26.9972,1550.04,329.402
7.291,0.1215,57.397,27.0095,1550.27,329.532
7.293,0.1216,57.3791,27.0138,1550.03,329.661
7.296,0.1216,57.3612,27.0259,1550.24,329.791
7.298,0.1216,57.3434,27.0309,1550.04,329.92
7.300,0.1217,57.3255,27.0423,1550.22,330.05
7.302,0.1217,57.3078,27.0485,1550.09,330.179
7.304,0.1217,57.2901,27.0855,1551.73,330.308
7.306,0.1218,57.2724,27.0885,1551.42,330.438
7.308,0.1218,57.2547,27.1028,1551.76,330.567
7.310,0.1218,57.2371,27.0571,1548.67,330.697
7.312,0.1219,57.2195,27.0664,1548.72,330.826
7.314,0.1219,57.202,27.0123,1545.16,330.956
7.316,0.1219,57.1844,27.0306,1545.73,331.085
7.318,0.1220,57.1669,26.9772,1542.2,331.214
7.320,0.1220,57.1494,26.9999,1543.03,331.344
7.322,0.1220,57.1319,26.9716,1540.94,331.473
7.324,0.1221,57.1144,27.0021,1542.21,331.603
7.326,0.1221,57.0969,26.9838,1540.69,331.733
7.328,0.1221,57.0794,27.0171,1542.12,331.862
7.330,0.1222,57.062,26.9953,1540.41,331.992
7.332,0.1222,57.0445,27.0117,1540.87,332.121
7.334,0.1222,57.027,26.9847,1538.85,332.251
7.336,0.1223,57.0095,26.9786,1538.04,332.38
7.338,0.1223,56.992,26.9423,1535.49,332.51
7.340,0.1223,56.9745,26.9941,1537.98,332.639
7.342,0.1224,56.957,26.9542,1535.23,332.769
7.344,0.1224,56.9395,27.0108,1537.98,332.898
7.346,0.1224,56.9221,26.9682,1535.09,333.028
7.348,0.1225,56.9045,27.0173,1537.41,333.157
7.350,0.1225,56.8871,26.9853,1535.11,333.287
7.352,0.1225,56.8695,27.0314,1537.26,333.416
7.354,0.1226,56.8521,27.009,1535.52,333.546
7.356,0.1226,56.8346,27.0197,1535.65,333.675
7.358,0.1226,56.8171,27.032,1535.88,333.805
7.360,0.1227,56.7996,27.0445,1536.12,333.935
7.362,0.1227,56.7821,27.0584,1536.43,334.064
7.364,0.1227,56.7647,27.0724,1536.76,334.194
7.366,0.1228,56.7473,27.0876,1537.14,334.324
7.368,0.1228,56.7299,27.0237,1533.05,334.453
7.370,0.1228,56.7125,27.0398,1533.49,334.583
7.372,0.1229,56.6951,27.0737,1534.95,334.713
7.374,0.1229,56.6778,27.0899,1535.39,334.842
7.376,0.1229,56.6605,27.1102,1536.08,334.972
7.378,0.1230,56.6432,27.0794,1533.86,335.102
7.380,0.1230,56.6259,27.0958,1534.32,335.231
7.382,0.1230,56.6086,27.1112,1534.73,335.361
7.384,0.1231,56.5913,27.1265,1535.12,335.491
7.386,0.1231,56.5741,27.1003,1533.17,335.62
7.388,0.1231,56.5568,27.114,1533.48,335.75
7.390,0.1232,56.5396,27.1261,1533.7,335.879
7.392,0.1232,56.5224,27.1377,1533.89,336.009
7.394,0.1232,56.5051,27.1478,1533.99,336.139
7.396,0.1233,56.4879,27.1571,1534.05,336.268
7.398,0.1233,56.4707,26.9011,1519.12,336.398
7.400,0.1233,56.4534,26.912,1519.28,336.527
7.402,0.1234,56.4362,26.9065,1518.5,336.657
7.404,0.1234,56.419,26.9207,1518.84,336.786
7.406,0.1234,56.4018,26.9093,1517.73,336.916
7.408,0.1235,56.5743,26.9196,1522.96,337.045
7.411,0.1235,56.5574,26.9039,1521.62,337.174
7.413,0.1235,56.5406,26.9243,1522.32,337.304
7.415,0.1236,56.5237,26.9051,1520.78,337.433
7.417,0.1236,56.5068,26.9282,1521.63,337.563
7.419,0.1236,56.49,26.9067,1519.96,337.692
7.421,0.1237,56.4731,26.9321,1520.94,337.821
7.423,0.1237,56.4563,26.9095,1519.21,337.951
7.425,0.1237,56.4395,26.8896,1517.64,338.08
7.427,0.1238,56.4227,26.9154,1518.64,338.21
7.429,0.1238,56.4059,26.8473,1514.35,338.339
7.431,0.1238,56.3892,26.85,1514.05,338.469
7.433,0.1239,56.3725,26.8512,1513.67,338.598
7.435,0.1239,56.3558,26.8405,1512.62,338.728
7.437,0.1239,56.3391,26.8423,1512.27,338.858
7.439,0.1240,56.3224,26.8071,1509.84,338.987
7.441,0.1240,56.3058,26.7307,1505.1,339.117
7.443,0.1240,56.2892,26.7327,1504.76,339.247
7.445,0.1241,56.2727,26.7347,1504.43,339.376
7.447,0.1241,56.2561,26.7371,1504.13,339.506
7.449,0.1241,56.2396,26.7397,1503.83,339.636
7.451,0.1242,56.2231,26.7426,1503.55,339.766
7.453,0.1242,56.2067,26.7458,1503.29,339.895
7.455,0.1242,56.1902,26.7491,1503.04,340.025
7.457,0.1243,56.1739,26.6691,1498.11,340.154
7.459,0.1243,56.1575,26.7031,1499.58,340.284
7.461,0.1243,56.1411,26.7056,1499.28,340.414
7.463,0.1244,56.1248,26.669,1496.79,340.543
7.465,0.1244,56.1084,26.6704,1496.43,340.673
7.467,0.1244,56.0921,26.6803,1496.55,340.802
7.469,0.1245,56.0758,26.6826,1496.25,340.932
7.471,0.1245,56.0595,26.6972,1496.63,341.061
7.473,0.1246,56.0432,26.6935,1495.99,341.191
7.475,0.1246,56.0269,26.7124,1496.61,341.32
7.477,0.1246,56.0106,26.7053,1495.78,341.45
7.479,0.1247,55.9944,26.7293,1496.69,341.579
7.481,0.1247,58.8798,26.7061,1572.45,341.709
7.483,0.1247,58.8627,26.7375,1573.84,341.838
7.485,0.1248,58.8455,26.719,1572.3,341.968
7.487,0.1248,58.8284,26.7015,1570.81,342.097
7.489,0.1248,58.8112,26.6882,1569.57,342.227
7.491,0.1249,58.794,26.7248,1571.25,342.356
7.493,0.1249,58.7768,26.7038,1569.56,342.486
7.495,0.1249,58.7595,26.7742,1573.24,342.615
7.497,0.1250,58.7423,26.7513,1571.43,342.745
7.499,0.1250,58.725,26.7839,1572.89,342.875
7.501,0.1250,58.7078,26.7449,1570.13,343.004
7.503,0.1251,58.6905,26.8052,1573.21,343.134
7.505,0.1251,58.6732,26.7956,1572.18,343.264
7.507,0.1251,58.6559,26.8554,1575.23,343.393
7.509,0.1252,58.6387,26.8075,1571.96,343.523
7.511,0.1252,58.6213,26.8725,1575.3,343.653
7.513,0.1252,58.6041,26.8179,1571.64,343.783
7.515,0.1253,58.5868,27.0012,1581.92,343.912
7.517,0.1253,58.5697,27.0054,1581.7,344.042
7.519,0.1253,58.5525,27.0082,1581.4,344.172
7.521,0.1254,58.5354,27.0114,1581.12,344.302
7.523,0.1254,58.5183,27.0131,1580.76,344.432
7.525,0.1254,58.5011,26.9892,1578.9,344.561
7.527,0.1255,58.484,26.9433,1575.75,344.691
7.530,0.1255,58.4668,26.9444,1575.35,344.821
7.532,0.1255,58.4498,26.9561,1575.58,344.951
7.534,0.1256,58.4327,26.9569,1575.16,345.081
7.536,0.1256,58.4157,26.9578,1574.76,345.21
7.538,0.1256,58.3985,26.9567,1574.23,345.34
7.540,0.1257,58.3816,26.9598,1573.95,345.47
7.542,0.1257,58.3645,26.9563,1573.29,345.6
7.544,0.1257,58.3476,26.9627,1573.21,345.729
7.546,0.1258,58.3305,26.9563,1572.37,345.859
7.548,0.1258,58.3136,26.967,1572.55,345.988
7.550,0.1258,58.2966,26.956,1571.44,346.118
7.552,0.1259,58.2797,26.9475,1570.49,346.248
7.554,0.1259,58.2628,26.9235,1568.64,346.378
7.556,0.1259,58.2459,26.9136,1567.61,346.507
7.558,0.1260,58.229,26.8907,1565.82,346.637
7.560,0.1260,58.2122,26.9236,1567.28,346.767
7.562,0.1260,58.1953,26.8953,1565.18,346.897
7.564,0.1261,58.1785,26.935,1567.04,347.026
7.566,0.1261,58.1616,26.8974,1564.4,347.156
7.568,0.1261,58.1448,26.951,1567.06,347.286
7.570,0.1262,58.128,26.9037,1563.86,347.416
7.572,0.1262,58.1112,26.9293,1564.9,347.546
7.574,0.1262,58.0945,26.7615,1554.7,347.676
7.576,0.1263,58.0777,26.8396,1558.78,347.805
7.578,0.1263,58.061,26.7697,1554.27,347.935
7.580,0.1263,58.0442,26.8548,1558.76,348.065
7.582,0.1264,58.0275,26.779,1553.92,348.195
7.584,0.1264,58.0107,26.8704,1558.77,348.325
7.586,0.1264,57.994,26.7893,1553.62,348.455
7.588,0.1265,57.9773,26.8865,1558.81,348.585
7.590,0.1265,57.9606,26.8128,1554.08,348.715
7.592,0.1265,57.9439,26.9121,1559.39,348.844
7.594,0.1266,57.9272,26.8233,1553.8,348.974
7.596,0.1266,57.9105,26.9286,1559.45,349.104
7.598,0.1266,57.8938,26.934,1559.31,349.234
7.600,0.1267,57.8771,26.9395,1559.18,349.364
7.602,0.1267,57.8604,26.9448,1559.04,349.494
7.604,0.1267,57.8437,26.9502,1558.9,349.624
7.606,0.1268,57.8269,26.9555,1558.75,349.754
7.608,0.1268,57.8102,26.9607,1558.61,349.884
7.610,0.1268,57.7935,26.9593,1558.07,350.014
7.612,0.1269,57.7768,26.9642,1557.9,350.144
7.614,0.1269,57.76,26.9688,1557.72,350.274
7.616,0.1269,57.7433,26.8882,1552.61,350.404
7.618,0.1270,57.7265,26.8927,1552.42,350.534
7.620,0.1270,57.7097,26.8971,1552.23,350.664
7.622,0.1270,57.693,26.846,1548.83,350.794
7.624,0.1271,57.6761,26.8186,1546.79,350.924
7.626,0.1271,57.6593,26.8217,1546.52,351.054
7.628,0.1271,57.6425,26.8248,1546.25,351.185
7.630,0.1272,57.6257,26.8416,1546.77,351.315
7.632,0.1272,57.6088,26.8448,1546.5,351.445
7.634,0.1272,57.5919,26.7832,1542.5,351.575
7.636,0.1273,57.5751,26.7862,1542.22,351.705
7.638,0.1273,57.5582,26.7889,1541.92,351.835
7.640,0.1273,57.5413,26.7677,1540.25,351.965
7.642,0.1274,57.5244,26.6319,1531.99,352.094
7.644,0.1274,57.5075,26.6388,1531.93,352.224
7.646,0.1274,57.4905,26.6335,1531.17,352.354
7.648,0.1275,57.4736,26.6427,1531.25,352.484
7.650,0.1275,57.4567,26.6339,1530.3,352.614
7.653,0.1275,57.4398,26.6374,1530.05,352.744
7.655,0.1276,57.4228,26.6328,1529.33,352.874
7.657,0.1276,57.406,26.7012,1532.81,353.004
7.659,0.1276,57.3891,26.6986,1532.21,353.134
7.661,0.1277,57.3724,26.7019,1531.95,353.263
7.663,0.1277,57.3555,26.6519,1528.63,353.393
7.665,0.1277,57.3388,26.6543,1528.33,353.523
7.667,0.1278,57.322,26.651,1527.69,353.653
7.669,0.1278,57.3054,26.6543,1527.44,353.783
7.671,0.1278,57.2887,26.6849,1528.75,353.913
7.673,0.1279,57.2722,26.6867,1528.41,354.043
7.675,0.1279,57.2555,26.6846,1527.84,354.173
7.677,0.1279,57.2391,26.6583,1525.9,354.303
7.679,0.1280,57.2226,26.6575,1525.41,354.433
7.681,0.1280,57.2061,26.6574,1524.97,354.563
7.683,0.1280,57.1897,26.6575,1524.53,354.693
7.685,0.1281,57.1732,26.6582,1524.14,354.824
7.687,0.1281,57.1568,26.6593,1523.76,354.954
7.689,0.1281,57.1405,26.6609,1523.42,355.084
7.691,0.1282,57.1241,26.6631,1523.1,355.214
7.693,0.1282,57.1077,26.6595,1522.46,355.344
7.695,0.1282,57.0914,26.6624,1522.19,355.475
7.697,0.1283,57.0751,26.6658,1521.95,355.605
7.699,0.1283,57.0587,26.67,1521.75,355.735
7.701,0.1283,57.0424,26.7047,1523.3,355.865
7.703,0.1284,57.026,26.7105,1523.19,355.995
7.705,0.1284,57.0096,26.7169,1523.12,356.125
7.707,0.1284,56.9932,26.7236,1523.07,356.255
7.709,0.1285,56.9768,26.7316,1523.08,356.385
7.711,0.1285,56.9604,26.7387,1523.05,356.515
7.713,0.1285,56.944,26.7632,1524,356.645
7.715,0.1286,57.0585,26.7626,1527.03,356.775
7.717,0.1286,57.0425,26.7715,1527.11,356.905
7.719,0.1287,57.0265,26.7167,1523.56,357.035
7.721,0.1287,57.0105,26.7217,1523.42,357.165
7.723,0.1287,56.9943,26.7368,1523.85,357.295
7.725,0.1288,56.9783,26.7422,1523.73,357.425
7.727,0.1288,56.9621,26.7178,1521.9,357.555
7.729,0.1288,56.946,26.7152,1521.32,357.685
7.731,0.1289,56.9298,26.73,1521.74,357.815
7.733,0.1289,56.9136,26.7176,1520.6,357.946
7.735,0.1289,56.8973,26.7499,1521.99,358.076
7.737,0.1290,56.8811,26.7374,1520.85,358.206
7.739,0.1290,56.8647,26.7683,1522.17,358.336
7.741,0.1290,56.8484,26.7566,1521.07,358.466
7.743,0.1291,56.832,26.7852,1522.26,358.597
7.745,0.1291,56.8157,26.7132,1517.73,358.727
7.747,0.1291,56.7993,26.7384,1518.72,358.857
7.749,0.1292,56.783,26.7312,1517.88,358.987
7.751,0.1292,56.7665,26.7524,1518.64,359.118
7.753,0.1292,56.7502,26.7485,1517.98,359.248
7.755,0.1293,56.7338,26.7378,1516.93,359.378
7.757,0.1293,56.7174,26.7427,1516.78,359.509
7.759,0.1293,56.701,26.7483,1516.66,359.639
7.761,0.1294,56.6846,26.7539,1516.53,359.77
7.763,0.1294,56.6682,26.7593,1516.4,359.9
7.765,0.1294,56.6519,26.7649,1516.28,360.031
7.767,0.1295,56.6356,26.7928,1517.42,360.161
7.769,0.1295,56.6193,26.7925,1516.97,360.292
7.771,0.1295,56.603,26.7972,1516.8,360.422
7.773,0.1296,56.5868,26.8043,1516.77,360.553
7.775,0.1296,56.5706,26.8089,1516.59,360.683
7.777,0.1296,56.5545,26.7724,1514.1,360.813
7.779,0.1297,56.5384,26.7797,1514.08,360.944
7.781,0.1297,59.2973,26.7678,1587.26,361.074
7.784,0.1297,59.2809,26.7023,1582.94,361.204
7.786,0.1298,59.2646,26.7163,1583.33,361.335
7.788,0.1298,59.2483,26.4601,1567.72,361.465
7.790,0.1298,59.232,26.3649,1561.64,361.595
7.792,0.1299,59.2158,26.3877,1562.57,361.726
7.794,0.1299,59.1996,26.3379,1559.19,361.856
7.796,0.1299,59.1834,26.3189,1557.64,361.986
7.798,0.1300,59.1673,26.3511,1559.12,362.117
7.800,0.1300,59.1512,26.3277,1557.32,362.247
7.802,0.1300,59.1351,26.3647,1559.08,362.377
7.804,0.1301,59.119,26.3366,1556.99,362.508
7.806,0.1301,59.103,26.3714,1558.63,362.638
7.808,0.1301,59.087,26.3427,1556.51,362.769
7.810,0.1302,59.0711,26.385,1558.59,362.899
7.812,0.1302,59.0551,26.3506,1556.14,363.03
7.814,0.1302,59.0392,26.3655,1556.6,363.16
7.816,0.1303,59.0233,26.3343,1554.34,363.291
7.818,0.1303,59.0074,26.3794,1556.58,363.421
7.820,0.1303,58.9915,26.3429,1554.01,363.552
7.822,0.1304,58.9757,26.3979,1556.83,363.683
7.824,0.1304,58.9598,26.3517,1553.69,363.813
7.826,0.1304,58.944,26.4161,1557.07,363.944
7.828,0.1305,58.9281,26.3611,1553.41,364.074
7.830,0.1305,58.9122,26.4338,1557.28,364.205
7.832,0.1305,58.8963,26.3712,1553.17,364.336
7.834,0.1306,58.8804,26.4509,1557.44,364.466
7.836,0.1306,58.8645,26.3253,1549.62,364.597
7.838,0.1306,58.8486,26.4422,1556.09,364.727
7.840,0.1307,58.8326,26.4137,1553.99,364.858
7.842,0.1307,58.8166,26.441,1555.17,364.988
7.844,0.1307,58.8005,26.4472,1555.11,365.119
7.846,0.1308,58.7845,26.453,1555.03,365.25
7.848,0.1308,58.7684,26.4588,1554.94,365.38
7.850,0.1308,58.7523,26.4643,1554.84,365.511
7.852,0.1309,58.7361,26.4698,1554.73,365.642
7.854,0.1309,58.72,26.4751,1554.61,365.772
7.856,0.1309,58.7038,26.4803,1554.49,365.903
7.858,0.1310,58.6876,26.4854,1554.37,366.034
7.860,0.1310,58.6714,26.4905,1554.23,366.164
7.862,0.1310,58.6552,26.5092,1554.9,366.295
7.864,0.1311,58.6389,26.5143,1554.77,366.426
7.866,0.1311,58.6227,26.5195,1554.64,366.556
7.868,0.1311,58.6065,26.5244,1554.5,366.687
7.870,0.1312,58.5902,26.5332,1554.59,366.818
7.872,0.1312,58.574,26.5384,1554.46,366.949
7.874,0.1312,58.5578,26.5434,1554.32,367.079
7.876,0.1313,58.5416,26.5246,1552.79,367.21
7.878,0.1313,58.5254,26.5287,1552.6,367.341
7.880,0.1313,58.5092,26.5326,1552.4,367.472
7.882,0.1314,58.493,26.5383,1552.3,367.602
7.884,0.1314,58.4769,26.5238,1551.03,367.733
7.886,0.1314,58.4608,26.5314,1551.05,367.864
7.888,0.1315,58.4448,26.5285,1550.45,367.994
7.890,0.1315,58.4287,26.5379,1550.57,368.125
7.892,0.1315,58.4127,26.5312,1549.76,368.256
7.894,0.1316,58.3968,26.5425,1550,368.387
7.896,0.1316,58.3809,26.5317,1548.95,368.517
7.898,0.1316,58.365,26.5467,1549.4,368.648
7.900,0.1317,58.3491,26.5341,1548.24,368.779
7.902,0.1317,58.3333,26.5485,1548.66,368.909
7.904,0.1317,58.3175,26.5352,1547.46,369.04
7.906,0.1318,58.3017,26.5461,1547.68,369.171
7.908,0.1318,58.286,26.532,1546.44,369.301
7.910,0.1318,58.2703,26.5172,1545.17,369.432
7.912,0.1319,58.2546,26.5019,1543.86,369.563
7.914,0.1319,58.2389,26.5166,1544.29,369.693
7.917,0.1319,58.2232,26.497,1542.74,369.824
7.919,0.1320,58.2075,26.5166,1543.46,369.955
7.921,0.1320,58.1918,26.4005,1536.3,370.086
7.923,0.1320,58.1761,26.3608,1533.57,370.216
7.925,0.1321,58.1604,26.3776,1534.13,370.347
7.927,0.1321,58.1447,26.3107,1529.83,370.478
7.929,0.1321,58.129,26.3091,1529.32,370.609
7.931,0.1322,58.1133,26.3085,1528.87,370.74
7.933,0.1322,58.0976,26.3093,1528.51,370.871
7.935,0.1322,58.0819,26.3044,1527.81,371.002
7.937,0.1323,58.0661,26.3075,1527.57,371.133
7.939,0.1323,58.0504,26.3511,1529.69,371.264
7.941,0.1323,58.0346,26.357,1529.62,371.394
7.943,0.1324,58.0188,26.3342,1527.88,371.525
7.945,0.1324,58.003,26.3402,1527.81,371.656
7.947,0.1324,57.9872,26.3526,1528.11,371.787
7.949,0.1325,57.9713,26.3583,1528.02,371.918
7.951,0.1325,57.9554,26.374,1528.52,372.049
7.953,0.1325,57.9395,26.3791,1528.39,372.18
7.955,0.1326,57.9236,26.3977,1529.05,372.311
7.957,0.1326,57.9076,26.3225,1524.27,372.441
7.959,0.1326,57.8916,26.3189,1523.64,372.572
7.961,0.1327,57.8756,26.3192,1523.24,372.703
7.963,0.1327,57.8596,26.3414,1524.1,372.834
7.965,0.1327,57.8436,26.3442,1523.84,372.965
7.967,0.1328,57.8275,26.3673,1524.75,373.095
7.969,0.1328,57.8114,26.3686,1524.41,373.226
7.971,0.1328,57.7953,26.3923,1525.35,373.357
7.973,0.1329,57.7792,26.3916,1524.89,373.488
7.975,0.1329,57.7631,26.416,1525.87,373.619
7.977,0.1329,57.747,26.4128,1525.26,373.749
7.979,0.1330,57.7309,26.4383,1526.31,373.88
7.981,0.1330,57.7148,26.4317,1525.5,374.011
7.983,0.1330,57.6987,26.4592,1526.66,374.142
7.985,0.1331,57.6826,26.3999,1522.82,374.273
7.987,0.1331,57.6666,26.4278,1524,374.404
7.989,0.1332,57.6505,26.4147,1522.82,374.535
7.991,0.1332,57.6346,26.4462,1524.21,374.666
7.993,0.1332,57.6186,26.4273,1522.71,374.797
7.995,0.1333,57.6027,26.4636,1524.38,374.928
7.997,0.1333,57.5869,26.462,1523.86,375.059
7.999,0.1333,57.5711,26.5025,1525.78,375.19
8.001,0.1334,57.5553,26.469,1523.43,375.321
8.003,0.1334,57.5396,26.4751,1523.37,375.452
8.005,0.1334,57.524,26.2352,1509.15,375.584
8.007,0.1335,57.5085,26.2427,1509.18,375.715
8.009,0.1335,57.4931,26.2107,1506.93,375.846
8.011,0.1335,57.4777,26.2172,1506.9,375.977
8.013,0.1336,57.4623,26.2574,1508.81,376.108
8.015,0.1336,57.4925,26.2671,1510.16,376.239
8.017,0.1336,57.4773,26.2582,1509.25,376.371
8.019,0.1337,57.4621,26.2755,1509.84,376.502
8.021,0.1337,57.447,26.3605,1514.33,376.633
8.023,0.1337,57.4318,26.3862,1515.41,376.764
8.025,0.1338,57.4168,26.3912,1515.3,376.895
8.027,0.1338,57.4017,26.4037,1515.62,377.026
8.029,0.1338,57.3867,26.3791,1513.81,377.157
8.031,0.1339,57.3717,26.4196,1515.74,377.288
8.033,0.1339,57.3568,26.3785,1512.98,377.419
8.035,0.1339,57.3418,26.4249,1515.25,377.55
8.037,0.1340,57.3269,26.3771,1512.12,377.681
8.039,0.1340,57.3119,26.4299,1514.75,377.812
8.041,0.1340,57.297,26.3753,1511.22,377.943
8.043,0.1341,57.282,26.435,1514.25,378.074
8.045,0.1341,57.267,26.3788,1510.64,378.205
8.047,0.1341,57.2521,26.4379,1513.63,378.336
8.049,0.1342,57.2371,26.3774,1509.76,378.467
8.051,0.1342,57.2222,26.4435,1513.15,378.598
8.053,0.1342,57.2071,26.3766,1508.93,378.729
8.056,0.1343,57.1922,26.4302,1511.6,378.86
8.058,0.1343,57.177,26.3622,1507.31,378.992
8.060,0.1343,57.1621,26.4374,1511.21,379.123
8.062,0.1344,57.1469,26.3642,1506.63,379.254
8.064,0.1344,57.1319,26.4486,1511.06,379.385
8.066,0.1344,57.1167,26.3676,1506.03,379.517
8.068,0.1345,57.1017,26.4606,1510.95,379.648
8.070,0.1345,57.0864,26.3727,1505.52,379.779
8.072,0.1345,57.0714,26.4733,1510.87,379.91
8.074,0.1346,57.0561,26.3793,1505.1,380.042
8.076,0.1346,57.041,26.5184,1512.64,380.173
8.078,0.1346,57.0258,26.4308,1507.24,380.304
8.080,0.1347,57.0107,26.5319,1512.6,380.435
8.082,0.1347,56.9954,26.5368,1512.47,380.567
8.084,0.1347,59.7208,26.5297,1584.37,380.698
8.086,0.1348,59.7053,26.5343,1584.24,380.829
8.088,0.1348,59.6898,26.4999,1581.77,380.96
8.090,0.1348,59.6743,26.504,1581.61,381.092
8.092,0.1349,59.6588,26.5081,1581.44,381.223
8.094,0.1349,59.6433,26.504,1580.79,381.354
8.096,0.1349,59.6278,26.5073,1580.57,381.485
8.098,0.1350,59.6123,26.462,1577.46,381.617
8.100,0.1350,59.5968,26.506,1579.67,381.748
8.102,0.1350,59.5813,26.5085,1579.41,381.879
8.104,0.1351,59.5658,26.5111,1579.15,382.01
8.106,0.1351,59.5502,26.513,1578.86,382.142
8.108,0.1351,59.5347,26.5149,1578.56,382.273
8.110,0.1352,59.5192,26.5164,1578.23,382.404
8.112,0.1352,59.5037,26.4564,1574.25,382.535
8.114,0.1352,59.4882,26.4655,1574.39,382.667
8.116,0.1353,59.4727,26.4676,1574.1,382.798
8.118,0.1353,59.4572,26.4697,1573.81,382.93
8.120,0.1353,59.4418,26.4715,1573.51,383.061
8.122,0.1354,59.4263,26.4697,1573,383.192
8.124,0.1354,59.4109,26.473,1572.78,383.324
8.126,0.1354,59.3954,26.4255,1569.55,383.455
8.128,0.1355,59.38,26.3076,1562.15,383.586
8.130,0.1355,59.3646,26.3092,1561.84,383.718
8.132,0.1355,59.3492,26.3116,1561.57,383.849
8.134,0.1356,59.3338,26.313,1561.25,383.98
8.136,0.1356,59.3185,26.315,1560.97,384.112
8.138,0.1356,59.3031,26.2905,1559.11,384.243
8.140,0.1357,59.2879,26.2507,1556.35,384.374
8.142,0.1357,59.2726,26.176,1551.52,384.506
8.144,0.1357,59.2574,26.1791,1551.31,384.637
8.146,0.1358,59.2421,26.1793,1550.92,384.768
8.148,0.1358,59.2271,26.1818,1550.67,384.9
8.150,0.1358,59.2119,26.1822,1550.3,385.031
8.152,0.1359,59.1969,25.8926,1532.76,385.162
8.154,0.1359,59.1818,25.8944,1532.47,385.293
8.156,0.1359,59.1669,25.8933,1532.03,385.424
8.158,0.1360,59.1518,25.8938,1531.67,385.556
8.160,0.1360,59.137,25.8945,1531.32,385.687
8.162,0.1360,59.1221,25.8943,1530.92,385.818
8.164,0.1361,59.1072,25.8944,1530.55,385.95
8.166,0.1361,59.0923,25.9142,1531.33,386.081
8.168,0.1361,59.0775,25.915,1530.99,386.212
8.170,0.1362,59.0627,25.9161,1530.67,386.344
8.172,0.1362,59.0479,25.9176,1530.38,386.475
8.174,0.1362,59.0332,25.9517,1532.01,386.607
8.176,0.1363,59.0185,25.9802,1533.31,386.738
8.178,0.1363,59.0038,25.9834,1533.12,386.869
8.180,0.1363,58.9891,25.9869,1532.94,387.001
8.182,0.1364,58.9744,25.9908,1532.79,387.132
8.184,0.1364,58.9598,25.9923,1532.5,387.264
8.186,0.1364,58.9451,26.0198,1533.74,387.395
8.188,0.1365,58.9303,26.0184,1533.28,387.527
8.190,0.1365,58.9156,26.03,1533.57,387.658
8.192,0.1365,58.9008,26.0524,1534.51,387.79
8.194,0.1366,58.886,26.0608,1534.62,387.921
8.196,0.1366,58.8711,26.0609,1534.23,388.052
8.198,0.1366,58.8561,26.0706,1534.41,388.184
8.201,0.1367,58.8411,26.0702,1534,388.315
8.203,0.1367,58.826,26.081,1534.24,388.447
8.205,0.1367,58.8109,26.0804,1533.81,388.578
8.207,0.1368,58.7956,25.9547,1526.02,388.709
8.209,0.1368,58.7804,25.9623,1526.08,388.841
8.211,0.1368,58.765,25.9642,1525.79,388.972
8.213,0.1369,58.7496,25.9742,1525.98,389.103
8.215,0.1369,58.734,25.9747,1525.6,389.235
8.217,0.1369,58.7185,25.9875,1525.95,389.366
8.219,0.1370,58.7028,25.9862,1525.46,389.498
8.221,0.1370,58.6872,26.0022,1526,389.629
8.223,0.1370,58.6715,25.9429,1522.11,389.76
8.225,0.1371,58.6558,25.9618,1522.81,389.892
8.227,0.1371,58.64,25.9373,1520.96,390.023
8.229,0.1371,58.6243,26.0498,1527.15,390.155
8.231,0.1372,58.6086,26.0677,1527.79,390.286
8.233,0.1372,58.5929,26.0686,1527.43,390.418
8.235,0.1372,58.5772,26.085,1527.99,390.549
8.237,0.1373,58.5615,26.0883,1527.77,390.681
8.239,0.1373,58.5459,26.103,1528.23,390.812
8.241,0.1373,58.5305,26.1085,1528.14,390.944
8.243,0.1374,58.515,26.1176,1528.27,391.075
8.245,0.1374,58.4996,26.0906,1526.29,391.207
8.247,0.1374,58.4843,26.1036,1526.65,391.339
8.249,0.1375,58.4691,26.1065,1526.42,391.47
8.251,0.1375,58.454,26.1223,1526.95,391.602
8.253,0.1375,58.439,26.1217,1526.53,391.734
8.255,0.1376,58.4241,26.1399,1527.2,391.865
8.257,0.1376,58.4094,26.1361,1526.59,391.997
8.259,0.1376,58.3947,26.1563,1527.39,392.129
8.261,0.1377,58.3801,26.1375,1525.91,392.26
8.263,0.1377,58.3655,26.1563,1526.63,392.392
8.265,0.1377,58.3511,26.15,1525.88,392.523
8.267,0.1378,58.3367,26.1138,1523.39,392.655
8.269,0.1378,58.3225,26.0366,1518.52,392.787
8.271,0.1378,58.3082,26.0522,1519.06,392.918
8.273,0.1379,58.294,26.047,1518.38,393.05
8.275,0.1379,58.2798,25.9713,1513.6,393.181
8.277,0.1380,58.2657,25.9781,1513.63,393.313
8.279,0.1380,58.2514,25.9782,1513.27,393.444
8.281,0.1380,58.2374,25.9872,1513.43,393.576
8.283,0.1381,58.2231,25.9847,1512.91,393.707
8.285,0.1381,58.209,25.9963,1513.22,393.839
8.287,0.1381,58.1947,25.9913,1512.55,393.97
8.289,0.1382,58.1805,26.0057,1513.02,394.102
8.291,0.1382,58.1661,25.9223,1507.8,394.233
8.293,0.1382,58.1518,25.9458,1508.79,394.365
8.295,0.1383,58.1373,25.9298,1507.49,394.497
8.297,0.1383,58.1228,25.9689,1509.38,394.628
8.299,0.1383,58.1082,25.9463,1507.69,394.76
8.301,0.1384,58.0936,25.9829,1509.44,394.892
8.303,0.1384,58.0789,25.6684,1490.79,395.023
8.305,0.1384,58.0641,25.7086,1492.75,395.155
8.307,0.1385,58.0494,25.5995,1486.04,395.287
8.309,0.1385,58.0344,25.6558,1488.92,395.418
8.311,0.1385,58.0195,25.6102,1485.89,395.55
8.313,0.1386,58.0044,25.6718,1489.08,395.682
8.315,0.1386,57.9895,25.628,1486.16,395.814
8.317,0.1386,57.9742,25.7074,1490.36,395.945
8.319,0.1387,57.9592,25.6401,1486.08,396.077
8.321,0.1387,57.9439,25.7254,1490.63,396.209
8.323,0.1387,57.9288,25.7321,1490.63,396.341
8.325,0.1388,57.9138,25.7395,1490.67,396.472
8.327,0.1388,57.8987,25.7469,1490.71,396.604
8.329,0.1388,57.8836,25.6966,1487.41,396.736
8.331,0.1389,57.8684,25.7043,1487.47,396.868
8.333,0.1389,57.8533,25.7125,1487.55,396.999
8.335,0.1389,57.8381,25.7196,1487.57,397.131
8.337,0.1390,57.8229,25.7278,1487.65,397.263
8.339,0.1390,57.8077,25.736,1487.74,397.394
8.341,0.1390,57.7925,25.7445,1487.84,397.526
8.343,0.1391,57.7773,25.7204,1486.05,397.658
8.345,0.1391,57.7621,25.859,1493.67,397.79
8.347,0.1391,57.7469,25.8406,1492.22,397.921
8.349,0.1392,57.7318,25.8506,1492.4,398.053
8.351,0.1392,57.7167,25.886,1494.05,398.185
8.353,0.1392,57.7016,25.921,1495.68,398.317
8.356,0.1393,57.6865,25.9312,1495.88,398.448
8.358,0.1393,57.6715,25.941,1496.06,398.58
8.360,0.1393,57.6565,25.9659,1497.11,398.712
8.362,0.1394,57.6416,25.9757,1497.28,398.844
8.364,0.1394,57.6267,25.9855,1497.46,398.976
8.366,0.1394,57.6119,25.9935,1497.54,399.108
8.368,0.1395,57.5971,26.004,1497.75,399.239
8.370,0.1395,57.5824,26.0105,1497.74,399.371
8.372,0.1395,57.5677,25.9931,1496.36,399.503
8.374,0.1396,57.5531,26.0152,1497.25,399.635
8.376,0.1396,57.5385,26.0243,1497.4,399.767
8.378,0.1396,57.524,26.0295,1497.32,399.898
8.380,0.1397,57.5095,26.0377,1497.42,400.03
8.382,0.1397,57.4951,26.0431,1497.35,400.162
8.384,0.1397,57.4807,26.05,1497.37,400.294
8.386,0.1398,57.4664,26.0396,1496.4,400.425
8.388,0.1398,60.1321,26.0316,1565.34,400.557
8.390,0.1398,60.1179,26.0525,1566.22,400.689
8.392,0.1399,60.1034,26.0393,1565.05,400.821
8.394,0.1399,60.0892,26.0654,1566.25,400.952
8.396,0.1399,60.0749,26.0468,1564.76,401.084
8.398,0.1400,60.0608,26.0789,1566.32,401.216
8.400,0.1400,60.0466,26.0548,1564.5,401.347
8.402,0.1400,60.0326,26.0821,1565.77,401.479
8.404,0.1401,60.0185,26.0637,1564.3,401.611
8.406,0.1401,60.0043,26.0683,1564.21,401.742
8.408,0.1401,59.9902,26.0731,1564.13,401.874
8.410,0.1402,59.9762,26.0785,1564.09,402.006
8.412,0.1402,59.9621,26.0843,1564.07,402.138
8.414,0.1402,59.9481,26.0602,1562.26,402.27
8.416,0.1403,59.9342,26.0671,1562.31,402.402
8.418,0.1403,59.9202,26.0744,1562.38,402.533
8.420,0.1403,59.9062,26.0822,1562.49,402.665
8.422,0.1404,59.8923,26.0901,1562.6,402.797
8.424,0.1404,59.8784,26.0987,1562.75,402.929
8.426,0.1404,59.8644,26.1066,1562.85,403.061
8.428,0.1405,59.8504,26.1148,1562.98,403.193
8.430,0.1405,59.8365,26.1214,1563.01,403.325
8.432,0.1405,59.8224,26.1333,1563.36,403.457
8.434,0.1406,59.8085,26.1393,1563.35,403.589
8.436,0.1406,59.7944,26.1515,1563.71,403.72
8.438,0.1406,59.7804,26.1575,1563.71,403.852
8.440,0.1407,59.7662,26.2447,1568.55,403.984
8.442,0.1407,59.7522,26.2935,1571.09,404.116
8.444,0.1407,59.738,26.2804,1569.94,404.248
8.446,0.1408,59.7238,26.258,1568.23,404.38
8.448,0.1408,59.7096,26.2406,1566.82,404.512
8.450,0.1408,59.6954,26.2405,1566.44,404.643
8.452,0.1409,59.6811,26.2163,1564.62,404.775
8.454,0.1409,59.6669,26.2585,1566.76,404.907
8.456,0.1409,59.6526,26.1584,1560.42,405.039
8.458,0.1410,59.6384,26.1648,1560.43,405.171
8.460,0.1410,59.624,26.1206,1557.41,405.302
8.462,0.1410,59.6098,26.1194,1556.97,405.434
8.464,0.1411,59.5954,26.0735,1553.86,405.566
8.466,0.1411,59.5812,26.1355,1557.19,405.698
8.468,0.1411,59.5668,26.0815,1553.59,405.83
8.470,0.1412,59.5526,26.1513,1557.38,405.962
8.472,0.1412,59.5383,26.0896,1553.33,406.094
8.474,0.1412,59.5241,26.1668,1557.55,406.225
8.476,0.1413,59.5098,26.0982,1553.1,406.358
8.478,0.1413,59.4957,26.1821,1557.72,406.489
8.480,0.1413,59.4814,26.1329,1554.42,406.621
8.482,0.1414,59.4674,26.2164,1559.02,406.753
8.484,0.1414,59.4532,26.1777,1556.35,406.886
8.486,0.1414,59.4391,26.2025,1557.45,407.018
8.488,0.1415,59.4249,26.2043,1557.19,407.15
8.490,0.1415,59.4109,26.2138,1557.38,407.282
8.492,0.1415,59.3968,26.1594,1553.79,407.414
8.494,0.1416,59.3829,26.2074,1556.27,407.546
8.496,0.1416,59.3689,26.2075,1555.91,407.679
8.498,0.1416,59.355,26.2182,1556.18,407.811
8.500,0.1417,59.3411,26.2167,1555.73,407.943
8.502,0.1417,59.3274,26.2281,1556.04,408.075
8.504,0.1417,59.3135,26.2252,1555.51,408.207
8.506,0.1418,59.2999,26.2372,1555.86,408.339
8.508,0.1418,59.286,26.1718,1551.62,408.471
8.510,0.1418,59.2725,26.1844,1552.02,408.603
8.512,0.1419,59.2588,26.1791,1551.34,408.735
8.514,0.1419,59.2453,26.2083,1552.72,408.867
8.516,0.1419,59.2316,26.2015,1551.96,408.999
8.519,0.1420,59.2182,26.2164,1552.49,409.131
8.521,0.1420,59.2045,26.2083,1551.65,409.263
8.523,0.1420,59.1911,26.2101,1551.41,409.395
8.525,0.1421,59.1775,26.2179,1551.51,409.527
8.527,0.1421,59.1642,26.2665,1554.03,409.659
8.529,0.1421,59.1506,26.263,1553.47,409.791
8.531,0.1422,59.1372,26.1934,1549.01,409.923
8.533,0.1422,59.1237,26.186,1548.21,410.055
8.535,0.1422,59.1103,26.204,1548.93,410.187
8.537,0.1423,59.0968,26.194,1547.98,410.319
8.539,0.1423,59.0834,26.2148,1548.86,410.451
8.541,0.1423,59.0699,26.2015,1547.72,410.583
8.543,0.1424,59.0565,26.1558,1544.67,410.715
8.545,0.1424,59.0429,26.1661,1544.92,410.848
8.547,0.1424,59.0295,25.9774,1533.43,410.98
8.549,0.1425,59.016,25.9995,1534.38,411.112
8.551,0.1425,59.0025,25.9876,1533.34,411.244
8.553,0.1425,58.9889,26.0098,1534.29,411.376
8.555,0.1426,58.9755,25.9977,1533.23,411.508
8.557,0.1426,58.9619,26.0195,1534.16,411.641
8.559,0.1426,58.9484,26.017,1533.66,411.773
8.561,0.1427,58.9348,26.0318,1534.18,411.905
8.563,0.1427,58.9212,26.0202,1533.14,412.037
8.565,0.1427,58.9076,26.0243,1533.03,412.17
8.567,0.1428,58.8939,26.0282,1532.9,412.302
8.569,0.1428,58.8802,26.0322,1532.78,412.434
8.571,0.1428,58.8664,26.0361,1532.65,412.567
8.573,0.1429,58.8527,26.04,1532.53,412.699
8.575,0.1429,58.8389,26.0439,1532.39,412.831
8.577,0.1429,58.8251,26.0479,1532.27,412.963
8.579,0.1430,58.8113,26.0373,1531.29,413.096
8.581,0.1430,58.7974,26.0355,1530.82,413.228
8.583,0.1430,58.7835,26.0392,1530.68,413.36
8.585,0.1431,58.7696,26.043,1530.54,413.492
8.587,0.1431,58.7557,26.047,1530.41,413.625
8.589,0.1431,58.7417,26.0509,1530.28,413.757
8.591,0.1432,58.7277,26.0791,1531.57,413.889
8.593,0.1432,58.7137,26.0836,1531.47,414.021
8.595,0.1432,58.6997,26.0883,1531.38,414.154
8.597,0.1433,58.6856,26.0931,1531.29,414.286
8.599,0.1433,58.6716,26.098,1531.21,414.418
8.601,0.1433,58.6575,26.103,1531.14,414.55
8.603,0.1434,58.6435,26.067,1528.66,414.683
8.605,0.1434,58.6295,26.0675,1528.32,414.815
8.607,0.1435,58.6154,26.1445,1532.47,414.947
8.609,0.1435,58.6014,26.1516,1532.52,415.08
8.611,0.1435,58.5874,26.0858,1528.3,415.212
8.613,0.1436,58.5734,25.9344,1519.07,415.344
8.615,0.1436,58.5594,25.9386,1518.95,415.477
8.617,0.1436,58.5455,25.945,1518.96,415.609
8.619,0.1437,58.5316,25.9482,1518.79,415.741
8.621,0.1437,58.5177,25.9553,1518.84,415.873
8.623,0.1437,58.504,25.9571,1518.59,416.006
8.625,0.1438,58.4903,25.9015,1514.99,416.138
8.627,0.1438,58.4767,25.9331,1516.48,416.27
8.629,0.1438,58.463,25.9459,1516.87,416.402
8.631,0.1439,58.4496,25.9397,1516.17,416.535
8.633,0.1439,58.436,25.9538,1516.63,416.667
8.635,0.1439,58.4228,25.9454,1515.8,416.799
8.637,0.1440,58.4093,25.9606,1516.34,416.931
8.639,0.1440,58.3962,25.9503,1515.4,417.064
8.641,0.1440,58.3829,25.9664,1516,417.196
8.643,0.1441,58.3699,25.9548,1514.98,417.328
8.645,0.1441,58.3567,25.9574,1514.79,417.46
8.647,0.1441,58.3436,25.949,1513.96,417.593
8.649,0.1442,58.3305,25.9517,1513.77,417.725
8.651,0.1442,58.3174,25.9544,1513.59,417.857
8.653,0.1442,58.3044,25.9574,1513.43,417.99
8.655,0.1443,58.2914,25.9604,1513.27,418.122
8.657,0.1443,58.2784,25.9319,1511.27,418.254
8.659,0.1443,58.2654,25.8568,1506.56,418.387
8.661,0.1444,58.2525,25.8846,1507.84,418.519
8.663,0.1444,58.2395,25.8884,1507.73,418.651
8.665,0.1444,58.2265,25.8925,1507.63,418.784
8.667,0.1445,58.2134,25.8975,1507.58,418.916
8.669,0.1445,58.2003,25.9011,1507.45,419.048
8.671,0.1445,58.1872,25.9071,1507.46,419.181
8.673,0.1446,58.1741,25.9104,1507.31,419.313
8.675,0.1446,58.1609,25.7104,1495.34,419.445
8.677,0.1446,58.1476,25.7176,1495.42,419.578
8.679,0.1447,58.1344,25.7467,1496.77,419.71
8.681,0.1447,58.1209,25.7543,1496.86,419.842
8.683,0.1447,58.1076,25.758,1496.74,419.975
8.685,0.1448,58.0941,25.7067,1493.41,420.107
8.687,0.1448,58.0807,25.7196,1493.81,420.24
8.689,0.1448,58.0671,25.7183,1493.39,420.372
8.691,0.1449,58.0535,25.7787,1496.55,420.504
8.694,0.1449,60.3624,25.8118,1558.06,420.637
8.696,0.1449,60.3483,25.8335,1559.01,420.769
8.698,0.1450,60.334,25.8256,1558.16,420.901
8.700,0.1450,60.3199,25.865,1560.17,421.034
8.702,0.1450,60.3056,25.864,1559.74,421.166
8.704,0.1451,60.2914,25.8784,1560.25,421.298
8.706,0.1451,60.277,25.824,1556.59,421.431
8.708,0.1451,60.2628,25.8183,1555.89,421.563
8.710,0.1452,60.2484,25.6855,1547.51,421.695
8.712,0.1452,60.2341,25.7094,1548.59,421.828
8.714,0.1452,60.2198,25.6991,1547.59,421.96
8.716,0.1453,60.2055,25.7265,1548.88,422.093
8.718,0.1453,60.1911,25.7488,1549.85,422.225
8.720,0.1453,60.1768,25.7682,1550.65,422.357
8.722,0.1454,60.1625,25.7636,1550,422.49
8.724,0.1454,60.1482,25.7864,1551.01,422.622
8.726,0.1454,60.1339,25.7937,1551.08,422.755
8.728,0.1455,60.1196,25.7989,1551.02,422.888
8.730,0.1455,60.1052,25.8084,1551.22,423.02
8.732,0.1455,60.0909,25.8114,1551.03,423.153
8.734,0.1456,60.0766,25.8229,1551.35,423.286
8.736,0.1456,60.0623,25.8235,1551.02,423.418
8.738,0.1456,60.048,25.8369,1551.46,423.551
8.740,0.1457,60.0338,25.8352,1550.98,423.684
8.742,0.1457,60.0194,25.8572,1551.94,423.816
8.744,0.1457,60.0053,25.9375,1556.38,423.949
8.746,0.1458,59.991,25.9514,1556.85,424.081
8.748,0.1458,59.9769,25.9482,1556.29,424.214
8.750,0.1458,59.9626,25.9308,1554.88,424.347
8.752,0.1459,59.9486,25.9063,1553.05,424.479
8.754,0.1459,59.9343,25.9206,1553.54,424.612
8.756,0.1459,59.9204,25.9151,1552.84,424.744
8.758,0.1460,59.9062,25.9453,1554.28,424.877
8.760,0.1460,59.8923,25.9427,1553.77,425.009
8.762,0.1460,59.8783,25.9282,1552.53,425.142
8.764,0.1461,59.8645,25.9266,1552.08,425.274
8.766,0.1461,59.8505,25.9343,1552.18,425.407
8.768,0.1461,59.8368,25.9349,1551.86,425.539
8.770,0.1462,59.8229,25.9401,1551.81,425.671
8.772,0.1462,59.8093,25.9369,1551.27,425.804
8.774,0.1462,59.7955,25.9378,1550.96,425.937
8.776,0.1463,59.7819,25.9471,1551.17,426.069
8.778,0.1463,59.7682,25.9447,1550.67,426.202
8.780,0.1463,59.7547,25.9587,1551.15,426.334
8.782,0.1464,59.7411,25.9524,1550.42,426.467
8.784,0.1464,59.7276,25.8244,1542.43,426.599
8.786,0.1464,59.714,25.7751,1539.13,426.732
8.788,0.1465,59.7006,25.8007,1540.32,426.864
8.790,0.1465,59.687,25.7861,1539.1,426.997
8.792,0.1465,59.6736,25.8165,1540.56,427.13
8.794,0.1466,59.66,25.7279,1534.92,427.262
8.796,0.1466,59.6466,25.7646,1536.77,427.395
8.798,0.1466,59.633,25.7711,1536.81,427.528
8.800,0.1467,59.6195,25.8094,1538.75,427.66
8.802,0.1467,59.6059,25.7861,1537.01,427.793
8.804,0.1467,59.5924,25.8277,1539.14,427.926
8.806,0.1468,59.5786,25.8355,1539.24,428.059
8.808,0.1468,59.5648,25.8432,1539.34,428.191
8.810,0.1468,59.551,25.8281,1538.09,428.324
8.812,0.1469,59.5371,25.8352,1538.15,428.457
8.814,0.1469,59.5232,25.8418,1538.19,428.59
8.816,0.1469,59.5092,25.8484,1538.22,428.722
8.818,0.1470,59.4951,25.8544,1538.21,428.855
8.820,0.1470,59.481,25.8604,1538.2,428.988
8.822,0.1470,59.4669,25.8657,1538.15,429.12
8.824,0.1471,59.4527,25.8711,1538.11,429.253
8.826,0.1471,59.4385,25.8311,1535.36,429.386
8.828,0.1471,59.4242,25.8359,1535.27,429.519
8.830,0.1472,59.4098,25.8399,1535.14,429.651
8.832,0.1472,59.3955,25.8442,1535.03,429.784
8.834,0.1472,59.3811,25.8103,1532.64,429.917
8.836,0.1473,59.3667,25.8144,1532.52,430.049
8.838,0.1473,59.3522,25.8471,1534.08,430.182
8.840,0.1473,59.3378,25.8507,1533.92,430.315
8.842,0.1474,59.3233,25.8598,1534.09,430.447
8.844,0.1474,59.3089,25.6592,1521.82,430.58
8.846,0.1474,59.2945,25.6634,1521.7,430.713
8.848,0.1475,59.28,25.6647,1521.4,430.845
8.850,0.1475,59.2656,25.6723,1521.49,430.978
8.852,0.1475,59.2512,25.6775,1521.42,431.111
8.854,0.1476,59.2368,25.7104,1523,431.244
8.856,0.1476,59.2225,25.7046,1522.29,431.376
8.858,0.1476,59.2082,25.6888,1520.99,431.509
8.860,0.1477,59.194,25.7028,1521.45,431.642
8.862,0.1477,59.1798,25.7226,1522.26,431.774
8.864,0.1477,59.1658,25.7122,1521.28,431.907
8.866,0.1478,59.1516,25.7356,1522.3,432.04
8.868,0.1478,59.1378,25.7228,1521.19,432.172
8.870,0.1478,59.1238,25.7493,1522.4,432.305
8.872,0.1479,59.1101,25.7344,1521.16,432.438
8.874,0.1479,59.0963,25.7635,1522.53,432.57
8.876,0.1479,59.0828,25.7469,1521.2,432.703
8.878,0.1480,59.0691,25.7942,1523.64,432.835
8.880,0.1480,59.0558,25.6894,1517.11,432.968
8.882,0.1480,59.0423,25.7134,1518.18,433.101
8.884,0.1481,59.0292,25.7035,1517.26,433.233
8.886,0.1481,59.0159,25.7101,1517.31,433.366
8.888,0.1481,59.0026,25.7168,1517.36,433.499
8.891,0.1482,58.9894,25.7234,1517.41,433.631
8.893,0.1482,58.9763,25.7319,1517.57,433.764
8.895,0.1482,58.9632,25.7387,1517.63,433.897
8.897,0.1483,58.9501,25.7439,1517.6,434.029
8.899,0.1483,58.9371,25.7507,1517.67,434.162
8.901,0.1483,58.9241,25.7579,1517.76,434.295
8.903,0.1484,58.9111,25.7985,1519.82,434.428
8.905,0.1484,58.8981,25.8057,1519.91,434.56
8.907,0.1484,58.8852,25.8124,1519.97,434.693
8.909,0.1485,58.8722,25.8171,1519.91,434.826
8.911,0.1485,58.8591,25.6569,1510.14,434.958
8.913,0.1485,58.8461,25.6577,1509.85,435.091
8.915,0.1486,58.833,25.6704,1510.27,435.224
8.917,0.1486,58.8199,25.578,1504.5,435.357
8.919,0.1486,58.8066,25.5837,1504.49,435.489
8.921,0.1487,58.7934,25.59,1504.53,435.622
8.923,0.1487,58.7801,25.4792,1497.67,435.755
8.925,0.1487,58.7668,25.4864,1497.75,435.888
8.927,0.1488,58.7532,25.483,1497.21,436.02
8.929,0.1488,58.7398,25.6577,1507.13,436.153
8.931,0.1488,58.7262,25.6574,1506.76,436.286
8.933,0.1489,58.7126,25.6715,1507.24,436.419
8.935,0.1489,58.6988,25.6699,1506.8,436.551
8.937,0.1489,58.6852,25.6857,1507.37,436.684
8.939,0.1490,58.6713,25.6827,1506.84,436.817
8.941,0.1490,58.6575,25.7004,1507.52,436.949
8.943,0.1490,58.6435,25.6819,1506.08,437.082
8.945,0.1491,58.6296,25.7033,1506.97,437.215
8.947,0.1491,58.6155,25.6952,1506.14,437.347
8.949,0.1491,58.6015,25.7192,1507.19,437.48
8.951,0.1492,58.5874,25.6591,1503.3,437.613
8.953,0.1492,58.5733,25.686,1504.51,437.746
8.955,0.1492,58.5592,25.6728,1503.38,437.878
8.957,0.1493,58.5451,25.6362,1500.87,438.011
8.959,0.1493,58.5309,25.6781,1502.96,438.144
8.961,0.1493,58.5168,25.6336,1499.99,438.277
8.963,0.1494,58.5027,25.653,1500.77,438.41
8.965,0.1494,58.4886,25.6677,1501.27,438.542
8.967,0.1494,58.4745,25.6722,1501.17,438.675
8.969,0.1495,58.4605,25.677,1501.09,438.808
8.971,0.1495,58.4464,25.6802,1500.92,438.941
8.973,0.1495,58.4324,25.6854,1500.86,439.074
8.975,0.1496,58.4185,25.6872,1500.61,439.207
8.977,0.1496,58.4046,25.6929,1500.58,439.34
8.979,0.1496,58.3908,25.6933,1500.25,439.473
8.981,0.1497,58.377,25.6995,1500.26,439.606
8.983,0.1497,58.3633,25.6985,1499.85,439.739
8.985,0.1497,58.3497,25.7054,1499.9,439.872
8.987,0.1498,58.336,25.7078,1499.69,440.005
8.989,0.1498,58.3226,25.7138,1499.7,440.138
8.991,0.1498,58.3091,25.8223,1505.67,440.27
8.993,0.1499,58.2957,25.8236,1505.4,440.403
8.995,0.1499,58.2824,25.8273,1505.28,440.536
8.997,0.1499,58.2692,25.8299,1505.09,440.669
8.999,0.1500,58.256,25.8327,1504.91,440.802
9.001,0.1500,58.2429,25.8559,1505.92,440.934
9.003,0.1500,60.6113,25.8661,1567.78,441.067
9.005,0.1501,60.598,25.8737,1567.9,441.2
9.007,0.1501,60.5847,25.8226,1564.46,441.333
9.009,0.1502,60.5716,25.8385,1565.08,441.466
9.011,0.1502,60.5584,25.8323,1564.36,441.598
9.013,0.1502,60.5453,25.8476,1564.95,441.731
9.015,0.1503,60.5321,25.8121,1562.46,441.864
9.017,0.1503,60.5191,25.8313,1563.29,441.997
9.019,0.1503,60.506,25.8208,1562.31,442.13
9.021,0.1504,60.4931,25.841,1563.2,442.262
9.023,0.1504,60.4799,25.7662,1558.34,442.395
9.025,0.1504,60.467,25.8292,1561.81,442.528
9.027,0.1505,60.4539,25.8224,1561.07,442.661
9.029,0.1505,60.441,25.8375,1561.65,442.794
9.031,0.1505,60.4279,25.8318,1560.96,442.927
9.033,0.1506,60.415,25.8639,1562.57,443.06
9.035,0.1506,60.4018,25.8606,1562.03,443.193
9.037,0.1506,60.3889,25.8724,1562.41,443.326
9.039,0.1507,60.3757,25.8487,1560.63,443.459
9.041,0.1507,60.3627,25.7953,1557.08,443.592
9.043,0.1507,60.3494,25.7905,1556.44,443.725
9.045,0.1508,60.3364,25.8038,1556.91,443.858
9.047,0.1508,60.323,25.8058,1556.68,443.991
9.049,0.1508,60.3096,25.8202,1557.2,444.124
9.051,0.1509,60.2961,25.8224,1556.99,444.257
9.053,0.1509,60.2827,25.8246,1556.78,444.39
9.055,0.1509,60.2692,25.827,1556.57,444.523
9.057,0.1510,60.2556,25.8293,1556.36,444.656
9.059,0.1510,60.2421,25.8317,1556.16,444.789
9.061,0.1510,60.2285,25.8273,1555.54,444.922
9.063,0.1511,60.2148,25.8303,1555.37,445.055
9.065,0.1511,60.2012,25.833,1555.18,445.188
9.067,0.1511,60.1875,25.8356,1554.98,445.321
9.069,0.1512,60.1738,25.8378,1554.76,445.454
9.071,0.1512,60.1601,25.8398,1554.53,445.587
9.073,0.1512,60.1464,25.8413,1554.26,445.72
9.075,0.1513,60.1326,25.8427,1553.99,445.853
9.077,0.1513,60.1189,25.8315,1552.96,445.986
9.079,0.1513,60.1051,25.8324,1552.66,446.119
9.081,0.1514,60.0914,25.8327,1552.32,446.252
9.083,0.1514,60.0776,25.8329,1551.98,446.385
9.085,0.1514,60.0639,25.8324,1551.59,446.518
9.087,0.1515,60.0502,25.8543,1552.55,446.651
9.089,0.1515,60.0365,25.8527,1552.11,446.784
9.091,0.1515,60.0228,25.8514,1551.67,446.917
9.093,0.1516,60.0091,25.8493,1551.19,447.05
9.095,0.1516,59.9954,25.8473,1550.72,447.183
9.097,0.1516,59.9818,25.8446,1550.2,447.316
9.099,0.1517,59.9682,25.8359,1549.33,447.449
9.101,0.1517,59.9547,25.8395,1549.2,447.582
9.103,0.1517,59.9411,25.7839,1545.52,447.715
9.105,0.1518,59.9277,25.7898,1545.52,447.848
9.107,0.1518,59.9142,25.7777,1544.45,447.981
9.109,0.1518,59.9009,25.7869,1544.66,448.114
9.111,0.1519,59.8875,25.8009,1545.15,448.247
9.113,0.1519,59.8743,25.8123,1545.5,448.38
9.115,0.1519,59.861,25.6993,1538.38,448.513
9.117,0.1520,59.8479,25.7351,1540.19,448.646
9.119,0.1520,59.8347,25.6214,1533.05,448.779
9.121,0.1520,59.8218,25.6481,1534.31,448.912
9.123,0.1521,59.8087,25.6217,1532.4,449.044
9.125,0.1521,59.7959,25.6535,1533.97,449.177
9.128,0.1521,59.7829,25.6846,1535.5,449.31
9.130,0.1522,59.77,25.4717,1522.44,449.443
9.132,0.1522,59.7571,25.4743,1522.27,449.576
9.134,0.1522,59.7443,25.4781,1522.17,449.709
9.136,0.1523,59.7315,25.4819,1522.07,449.842
9.138,0.1523,59.7188,25.4568,1520.25,449.975
9.140,0.1523,59.7061,25.4089,1517.07,450.108
9.142,0.1524,59.6934,25.4144,1517.07,450.241
9.144,0.1524,59.6808,25.4199,1517.08,450.374
9.146,0.1524,59.6681,25.4262,1517.13,450.507
9.148,0.1525,59.6555,25.4326,1517.19,450.64
9.150,0.1525,59.6428,25.4362,1517.09,450.773
9.152,0.1525,59.6302,25.4003,1514.62,450.906
9.154,0.1526,59.6175,25.3999,1514.28,451.039
9.156,0.1526,59.6048,25.2426,1504.58,451.173
9.158,0.1526,59.5921,25.2362,1503.88,451.306
9.160,0.1527,59.5793,25.4265,1514.89,451.439
9.162,0.1527,59.5666,25.4232,1514.37,451.572
9.164,0.1527,59.5537,25.4432,1515.24,451.705
9.166,0.1528,59.5409,25.438,1514.6,451.838
9.168,0.1528,59.5279,25.4593,1515.54,451.971
9.170,0.1528,59.5151,25.4222,1513,452.104
9.172,0.1529,59.502,25.4155,1512.27,452.237
9.174,0.1529,59.489,25.4071,1511.44,452.37
9.176,0.1529,59.4758,25.4287,1512.39,452.503
9.178,0.1530,59.4627,25.4205,1511.57,452.636
9.180,0.1530,59.4495,25.3961,1509.78,452.769
9.182,0.1530,59.4363,25.3976,1509.54,452.902
9.184,0.1531,59.4229,25.4035,1509.55,453.035
9.186,0.1531,59.4097,25.4077,1509.46,453.168
9.188,0.1531,59.3962,25.4085,1509.17,453.301
9.190,0.1532,59.3829,25.4162,1509.29,453.434
9.192,0.1532,59.3694,25.4023,1508.12,453.567
9.194,0.1532,59.356,25.4712,1511.87,453.7
9.196,0.1533,59.3425,25.4488,1510.2,453.833
9.198,0.1533,59.3291,25.4764,1511.49,453.966
9.200,0.1533,59.3155,25.4968,1512.36,454.1
9.202,0.1534,59.3021,25.5008,1512.25,454.233
9.204,0.1534,59.2886,25.5003,1511.88,454.366
9.206,0.1534,59.2752,25.5417,1513.99,454.499
9.208,0.1535,59.2617,25.5409,1513.6,454.632
9.210,0.1535,59.2482,25.5392,1513.15,454.766
9.212,0.1535,59.2347,25.5389,1512.79,454.899
9.214,0.1536,59.2212,25.5365,1512.31,455.032
9.216,0.1536,59.2077,25.5369,1511.98,455.165
9.218,0.1536,59.1944,25.5346,1511.51,455.299
9.220,0.1537,59.181,25.5356,1511.22,455.432
9.222,0.1537,59.1678,25.5341,1510.8,455.565
9.224,0.1537,59.1544,25.5356,1510.54,455.699
9.226,0.1538,59.1414,25.5357,1510.22,455.832
9.228,0.1538,59.1281,25.4858,1506.92,455.965
9.230,0.1538,59.1151,25.4924,1506.99,456.098
9.232,0.1539,59.102,25.4893,1506.47,456.232
9.234,0.1539,59.0892,25.4388,1503.16,456.365
9.236,0.1539,59.0761,25.4996,1506.41,456.498
9.238,0.1540,59.0635,25.5183,1507.2,456.631
9.240,0.1540,59.0505,25.5078,1506.25,456.764
9.242,0.1540,59.038,25.5308,1507.29,456.897
9.244,0.1541,59.0252,25.5187,1506.25,457.031
9.246,0.1541,59.0127,25.6394,1513.05,457.164
9.248,0.1541,59,25.6196,1511.56,457.297
9.250,0.1542,58.9876,25.6009,1510.14,457.43
9.252,0.1542,58.975,25.5776,1508.44,457.563
9.254,0.1542,58.9627,25.621,1510.68,457.696
9.256,0.1543,58.9502,25.5949,1508.82,457.829
9.258,0.1543,58.9379,25.6422,1511.29,457.963
9.260,0.1543,58.9254,25.6127,1509.24,458.096
9.262,0.1544,58.9131,25.6638,1511.93,458.229
9.264,0.1544,58.9006,25.6305,1509.65,458.362
9.266,0.1544,58.8883,25.6851,1512.55,458.496
9.268,0.1545,58.8758,25.6477,1510.03,458.629
9.270,0.1545,58.8635,25.7073,1513.22,458.762
9.272,0.1545,58.8509,25.6637,1510.33,458.896
9.274,0.1546,58.8385,25.728,1513.79,459.029
9.276,0.1546,58.8259,25.6782,1510.54,459.162
9.278,0.1546,58.8134,25.7465,1514.24,459.296
9.280,0.1547,58.8007,25.6909,1510.64,459.429
9.282,0.1547,58.7881,25.7628,1514.54,459.562
9.284,0.1547,58.7752,25.7019,1510.63,459.696
9.286,0.1548,58.7626,25.7766,1514.7,459.829
9.288,0.1548,58.7496,25.7812,1514.63,459.962
9.290,0.1548,58.7366,25.7846,1514.5,460.096
9.292,0.1549,58.7236,25.726,1510.72,460.229
9.294,0.1549,58.7105,25.7285,1510.53,460.363
9.296,0.1549,58.6973,25.7079,1508.99,460.496
9.298,0.1550,58.6842,25.6563,1505.62,460.629
9.300,0.1550,58.671,25.6594,1505.46,460.763
9.302,0.1550,58.6577,25.6795,1506.3,460.896
9.304,0.1551,60.7872,25.6669,1560.22,461.029
9.306,0.1551,60.7737,25.6694,1560.02,461.163
9.308,0.1551,60.7601,25.6684,1559.61,461.296
9.310,0.1552,60.7466,25.7106,1561.83,461.43
9.312,0.1552,60.733,25.7136,1561.66,461.563
9.314,0.1552,60.7195,25.7164,1561.49,461.696
9.316,0.1553,60.7059,25.7192,1561.3,461.83
9.318,0.1553,60.6923,25.7219,1561.12,461.963
9.320,0.1553,60.6788,25.7244,1560.92,462.096
9.322,0.1554,60.6652,25.6879,1558.36,462.23
9.324,0.1554,60.6516,25.6902,1558.15,462.363
9.326,0.1554,60.6381,25.7075,1558.85,462.497
9.328,0.1555,60.6245,25.7255,1559.59,462.63
9.330,0.1555,60.6109,25.7249,1559.21,462.764
9.332,0.1555,60.5973,25.7288,1559.1,462.897
9.334,0.1556,60.5838,25.7259,1558.57,463.031
9.336,0.1556,60.5701,25.6739,1555.07,463.164
9.338,0.1556,60.5566,25.669,1554.43,463.298
9.340,0.1557,60.5429,25.6753,1554.46,463.431
9.342,0.1557,60.5294,25.67,1553.79,463.565
9.344,0.1557,60.5158,25.6755,1553.77,463.698
9.346,0.1558,60.5023,25.6713,1553.18,463.832
9.348,0.1558,60.4887,25.6745,1553.01,463.965
9.350,0.1558,60.4752,25.6734,1552.61,464.098
9.352,0.1559,60.4617,25.4139,1536.57,464.232
9.354,0.1559,60.4483,25.4289,1537.14,464.365
9.356,0.1559,60.4348,25.4102,1535.66,464.499
9.358,0.1560,60.4215,25.4426,1537.28,464.632
9.360,0.1560,60.408,25.3644,1532.21,464.766
9.362,0.1560,60.3948,25.4367,1536.25,464.899
9.364,0.1561,60.3814,25.3785,1532.39,465.033
9.366,0.1561,60.3683,25.4474,1536.22,465.166
9.368,0.1561,60.355,25.4471,1535.86,465.299
9.370,0.1562,60.3418,25.448,1535.58,465.433
9.372,0.1562,60.3287,25.4491,1535.31,465.566
9.374,0.1562,60.3155,25.4514,1535.12,465.7
9.376,0.1563,60.3025,25.4542,1534.95,465.833
9.378,0.1563,60.2895,25.4817,1536.28,465.967
9.380,0.1563,60.2765,25.486,1536.21,466.1
9.382,0.1564,60.2636,25.4581,1534.2,466.234
9.384,0.1564,60.2507,25.4642,1534.23,466.367
9.386,0.1564,60.2378,25.4707,1534.3,466.501
9.388,0.1565,60.225,25.478,1534.41,466.634
9.390,0.1565,60.2122,25.4846,1534.48,466.768
9.392,0.1565,60.1994,25.4936,1534.7,466.901
9.394,0.1566,60.1866,25.5004,1534.79,467.035
9.396,0.1566,60.1738,25.5103,1535.05,467.169
9.398,0.1566,60.1611,25.5503,1537.13,467.302
9.400,0.1567,60.1482,25.5115,1534.47,467.436
9.402,0.1567,60.1355,25.5178,1534.52,467.569
9.404,0.1567,60.1226,25.5281,1534.82,467.703
9.406,0.1568,60.1098,25.5364,1534.99,467.837
9.408,0.1568,60.0968,25.5493,1535.43,467.97
9.410,0.1568,60.084,25.5206,1533.38,468.104
9.412,0.1569,60.071,25.5278,1533.48,468.237
9.415,0.1569,60.0582,25.5384,1533.79,468.371
9.417,0.1569,60.045,25.5405,1533.58,468.505
9.419,0.1570,60.0321,25.5409,1533.27,468.638
9.421,0.1570,60.0189,25.5518,1533.59,468.772
9.423,0.1570,60.0059,25.5544,1533.41,468.905
9.425,0.1571,59.9927,25.4951,1529.52,469.039
9.427,0.1571,59.9796,25.5623,1533.21,469.173
9.429,0.1571,59.9663,25.5376,1531.4,469.306
9.431,0.1572,59.9532,25.5336,1530.82,469.44
9.433,0.1572,59.9399,25.4815,1527.36,469.573
9.435,0.1572,59.9267,25.5464,1530.91,469.707
9.437,0.1573,59.9133,25.4841,1526.84,469.841
9.439,0.1573,59.9001,25.5086,1527.97,469.974
9.441,0.1573,59.8868,25.4415,1523.61,470.108
9.443,0.1574,59.8736,25.52,1527.97,470.242
9.445,0.1574,59.8602,25.3879,1519.73,470.375
9.447,0.1574,59.8471,25.4792,1524.86,470.509
9.449,0.1575,59.8338,25.4801,1524.57,470.643
9.451,0.1575,59.8205,25.4254,1520.96,470.777
9.453,0.1575,59.8073,25.4281,1520.78,470.911
9.455,0.1576,59.7941,25.4242,1520.22,471.044
9.457,0.1576,59.7808,25.3762,1517.01,471.178
9.459,0.1576,59.7678,25.4739,1522.52,471.312
9.461,0.1577,59.7546,25.4816,1522.64,471.446
9.463,0.1577,59.7416,25.471,1521.68,471.58
9.465,0.1577,59.7285,25.1934,1504.76,471.714
9.467,0.1578,59.7157,25.1755,1503.38,471.848
9.469,0.1578,59.7027,25.1915,1504,471.981
9.471,0.1578,59.69,25.172,1502.52,472.115
9.473,0.1579,59.6771,25.1897,1503.25,472.249
9.475,0.1579,59.6645,25.148,1500.44,472.383
9.477,0.1579,59.6517,25.1724,1501.58,472.516
9.479,0.1580,59.6393,25.121,1498.2,472.65
9.481,0.1580,59.6265,25.1541,1499.85,472.784
9.483,0.1580,59.6142,25.1248,1497.79,472.918
9.485,0.1581,59.6015,25.1597,1499.56,473.052
9.487,0.1581,59.5892,25.1324,1497.62,473.185
9.489,0.1581,59.5767,25.1688,1499.47,473.319
9.491,0.1582,59.5644,25.1444,1497.71,473.453
9.493,0.1582,59.5519,25.2037,1500.93,473.587
9.495,0.1582,59.5397,25.1909,1499.86,473.72
9.497,0.1583,59.5272,25.2186,1501.19,473.854
9.499,0.1583,59.515,25.2098,1500.36,473.988
9.501,0.1583,59.5025,25.2368,1501.65,474.122
9.503,0.1584,59.4903,25.2639,1502.96,474.256
9.505,0.1584,59.4778,25.2867,1504,474.39
9.507,0.1584,59.4656,25.288,1503.77,474.523
9.509,0.1585,59.4531,25.3093,1504.72,474.657
9.511,0.1585,59.4408,25.3099,1504.44,474.791
9.513,0.1585,59.4282,25.3911,1508.95,474.925
9.515,0.1586,59.416,25.3312,1505.08,475.059
9.517,0.1586,59.4034,25.3627,1506.63,475.193
9.519,0.1586,59.391,25.3842,1507.59,475.327
9.521,0.1587,59.3784,25.4143,1509.06,475.461
9.523,0.1587,59.3661,25.4008,1507.95,475.595
9.525,0.1587,59.3533,25.4327,1509.52,475.729
9.527,0.1588,59.341,25.4143,1508.11,475.863
9.529,0.1588,59.3282,25.4221,1508.25,475.997
9.531,0.1588,59.3155,25.4096,1507.18,476.131
9.533,0.1589,59.3027,25.4155,1507.21,476.266
9.535,0.1589,59.2899,25.4198,1507.14,476.4
9.537,0.1589,59.2772,25.4236,1507.04,476.534
9.539,0.1590,59.2644,25.4618,1508.98,476.668
9.541,0.1590,59.2516,25.4631,1508.73,476.802
9.543,0.1590,59.2388,25.4637,1508.44,476.936
9.545,0.1591,59.226,25.4636,1508.11,477.07
9.547,0.1591,59.2133,25.4009,1504.07,477.204
9.549,0.1591,59.2005,25.3708,1501.96,477.338
9.551,0.1592,59.1877,25.3693,1501.55,477.472
9.553,0.1592,59.1749,25.3673,1501.11,477.605
9.555,0.1592,59.1621,25.366,1500.71,477.739
9.557,0.1593,59.1493,25.3473,1499.27,477.874
9.559,0.1593,59.1365,25.2804,1495,478.008
9.561,0.1593,59.1238,25.2794,1494.61,478.142
9.563,0.1594,59.111,25.2794,1494.29,478.276
9.565,0.1594,59.0982,25.4254,1502.59,478.41
9.567,0.1594,59.0854,25.4253,1502.26,478.544
9.569,0.1595,59.0727,25.3683,1498.57,478.678
9.571,0.1595,59.0599,25.3686,1498.27,478.812
9.573,0.1595,59.0471,25.3689,1497.96,478.946
9.575,0.1596,59.0343,25.37,1497.7,479.08
9.577,0.1596,59.0214,25.3629,1496.96,479.214
9.579,0.1596,59.0087,25.3663,1496.83,479.349
9.581,0.1597,58.9958,25.366,1496.49,479.483
9.583,0.1597,58.9832,25.3703,1496.42,479.617
9.585,0.1598,58.9703,25.3694,1496.04,479.751
9.587,0.1598,58.9577,25.3744,1496.02,479.885
9.589,0.1598,58.9448,25.3534,1494.45,480.019
9.591,0.1599,58.9323,25.3618,1494.63,480.153
9.593,0.1599,58.9196,25.3555,1493.94,480.288
9.595,0.1599,58.9072,25.3646,1494.16,480.422
9.597,0.1600,58.8945,25.3568,1493.37,480.556
9.599,0.1600,58.8823,25.3666,1493.65,480.69
9.601,0.1600,58.8697,25.3579,1492.81,480.824
9.603,0.1601,58.8576,25.3883,1494.3,480.958
9.605,0.1601,58.8452,25.3728,1493.07,481.092
9.607,0.1601,58.8333,25.3882,1493.67,481.226
9.609,0.1602,58.8211,25.3864,1493.25,481.361
9.611,0.1602,58.8089,25.3847,1492.85,481.495
9.613,0.1602,58.7968,25.1654,1479.65,481.629
9.615,0.1603,58.7848,25.1642,1479.27,481.763
9.617,0.1603,60.9798,25.1212,1531.88,481.897
9.619,0.1603,60.968,25.1203,1531.54,482.031
9.621,0.1604,60.9563,25.12,1531.23,482.165
9.623,0.1604,60.9447,25.1199,1530.93,482.3
9.625,0.1604,60.9331,25.1204,1530.66,482.434
9.627,0.1605,60.9216,25.0889,1528.46,482.568
9.629,0.1605,60.9102,25.0127,1523.53,482.702
9.631,0.1605,60.8987,25.0416,1525,482.837
9.633,0.1606,60.8872,25.0416,1524.71,482.971
9.635,0.1606,60.8757,25.0444,1524.59,483.105
9.637,0.1606,60.8642,25.0439,1524.27,483.239
9.639,0.1607,60.8527,25.0481,1524.24,483.374
9.641,0.1607,60.841,25.0467,1523.87,483.508
9.643,0.1607,60.8294,25.0524,1523.92,483.642
9.645,0.1608,60.8176,25.0497,1523.46,483.776
9.647,0.1608,60.806,24.995,1519.84,483.911
9.649,0.1608,60.7939,24.9325,1515.74,484.045
9.651,0.1609,60.7822,25.0023,1519.69,484.179
9.653,0.1609,60.77,25.0335,1521.28,484.313
9.655,0.1609,60.7581,25.0117,1519.66,484.448
9.657,0.1610,60.7457,24.999,1518.58,484.582
9.659,0.1610,60.7336,25.0165,1519.34,484.716
9.661,0.1610,60.7211,24.9616,1515.7,484.85
9.663,0.1611,60.7088,24.9826,1516.67,484.985
9.665,0.1611,60.6962,24.9628,1515.14,485.119
9.667,0.1611,60.6837,24.9881,1516.37,485.253
9.669,0.1612,60.6709,24.9641,1514.6,485.387
9.671,0.1612,60.6583,24.9946,1516.13,485.522
9.673,0.1612,60.6455,24.9661,1514.08,485.656
9.675,0.1613,60.6327,25.0023,1515.96,485.79
9.677,0.1613,60.6198,24.9692,1513.63,485.925
9.679,0.1613,60.607,25.0116,1515.88,486.059
9.681,0.1614,60.594,24.9735,1513.25,486.193
9.683,0.1614,60.5811,25.0223,1515.88,486.328
9.685,0.1614,60.5681,24.9793,1512.95,486.462
9.687,0.1615,60.5552,25.0343,1515.95,486.596
9.689,0.1615,60.5422,25.0377,1515.84,486.731
9.691,0.1615,60.5292,25.0753,1517.79,486.865
9.693,0.1616,60.5162,25.0259,1514.47,487
9.695,0.1616,60.5033,25.0346,1514.68,487.134
9.697,0.1616,60.4903,25.0318,1514.18,487.269
9.699,0.1617,60.4775,25.0639,1515.8,487.404
9.701,0.1617,60.4646,25.0975,1517.51,487.538
9.703,0.1617,60.4518,25.1094,1517.91,487.673
9.705,0.1618,60.439,25.1019,1517.13,487.807
9.707,0.1618,60.4263,25.1152,1517.62,487.942
9.709,0.1618,60.4136,25.1043,1516.64,488.076
9.711,0.1619,60.4011,25.1522,1519.22,488.211
9.713,0.1619,60.3885,25.1505,1518.8,488.345
9.715,0.1619,60.3762,25.1527,1518.62,488.479
9.717,0.1620,60.3637,25.1397,1517.52,488.614
9.719,0.1620,60.3515,25.1431,1517.43,488.748
9.721,0.1620,60.3392,25.1364,1516.71,488.883
9.723,0.1621,60.3272,25.1407,1516.66,489.017
9.725,0.1621,60.315,25.1318,1515.82,489.151
9.727,0.1621,60.3031,25.1379,1515.89,489.286
9.729,0.1622,60.291,25.1265,1514.9,489.42
9.731,0.1622,60.2792,25.2594,1522.61,489.555
9.733,0.1622,60.2673,25.2422,1521.28,489.689
9.735,0.1623,60.2555,25.2585,1521.97,489.823
9.737,0.1623,60.2436,25.2394,1520.51,489.958
9.739,0.1623,60.2319,25.2599,1521.45,490.092
9.741,0.1624,60.22,25.2387,1519.88,490.227
9.743,0.1624,60.2083,25.292,1522.79,490.361
9.745,0.1624,60.1965,25.2743,1521.42,490.496
9.747,0.1625,60.1848,25.299,1522.62,490.631
9.749,0.1625,60.1728,25.2057,1516.7,490.765
9.751,0.1625,60.1611,25.1302,1511.86,490.9
9.753,0.1626,60.149,25.1119,1510.45,491.034
9.755,0.1626,60.1372,25.0701,1507.65,491.169
9.757,0.1626,60.125,25.0516,1506.23,491.304
9.759,0.1627,60.1131,25.0857,1507.98,491.438
9.761,0.1627,60.1008,25.0657,1506.47,491.573
9.763,0.1627,60.0888,25.103,1508.41,491.708
9.765,0.1628,60.0764,25.0827,1506.88,491.842
9.767,0.1628,60.0642,25.0738,1506.04,491.977
9.769,0.1628,60.0516,25.014,1502.13,492.112
9.771,0.1629,60.039,25.0249,1502.47,492.246
9.773,0.1629,60.0263,25.0733,1505.06,492.381
9.775,0.1629,60.0136,25.0855,1505.47,492.516
9.777,0.1630,60.0008,25.0973,1505.86,492.65
9.779,0.1630,59.988,25.1097,1506.28,492.785
9.781,0.1630,59.9751,25.1214,1506.66,492.92
9.783,0.1631,59.9622,25.0961,1504.82,493.054
9.785,0.1631,59.9493,25.1081,1505.21,493.189
9.788,0.1631,59.9363,25.1207,1505.64,493.324
9.790,0.1632,59.9234,25.1325,1506.02,493.458
9.792,0.1632,59.9104,25.1228,1505.11,493.593
9.794,0.1632,59.8974,25.1346,1505.5,493.728
9.796,0.1633,59.8844,25.1471,1505.92,493.862
9.798,0.1633,59.8714,24.9367,1493,493.997
9.800,0.1633,59.8585,24.9505,1493.5,494.132
9.802,0.1634,59.8455,24.9638,1493.97,494.266
9.804,0.1634,59.8326,24.9773,1494.46,494.401
9.806,0.1634,59.8196,24.9903,1494.91,494.536
9.808,0.1635,59.8068,24.9448,1491.87,494.67
9.810,0.1635,59.7939,24.9577,1492.32,494.805
9.812,0.1635,59.7811,24.9636,1492.35,494.94
9.814,0.1636,59.7682,24.9825,1493.16,495.075
9.816,0.1636,59.7554,24.9805,1492.72,495.209
9.818,0.1636,59.7425,25.0055,1493.89,495.344
9.820,0.1637,59.7299,24.9952,1492.96,495.479
9.822,0.1637,59.717,25.026,1494.48,495.613
9.824,0.1637,59.7045,24.9523,1489.76,495.748
9.826,0.1638,59.6916,24.9906,1491.73,495.883
9.828,0.1638,59.6793,24.9615,1489.69,496.018
9.830,0.1638,59.6666,25.2154,1504.52,496.152
9.832,0.1639,59.6544,25.1827,1502.26,496.287
9.834,0.1639,59.6418,25.2548,1506.24,496.422
9.836,0.1639,59.6298,25.259,1506.19,496.556
9.838,0.1640,59.6174,25.3139,1509.15,496.691
9.840,0.1640,59.6056,25.27,1506.23,496.826
9.842,0.1640,59.5934,25.3562,1511.07,496.96
9.844,0.1641,59.5818,25.3135,1508.23,497.095
9.846,0.1641,59.5699,25.3627,1510.85,497.23
9.848,0.1641,59.5585,25.2895,1506.21,497.364
9.850,0.1642,59.5468,25.2926,1506.09,497.499
9.852,0.1642,59.5352,25.296,1506,497.634
9.854,0.1642,59.5238,25.3054,1506.27,497.769
9.856,0.1643,59.5123,25.3096,1506.24,497.903
9.858,0.1643,59.501,25.3144,1506.23,498.038
9.860,0.1643,59.4897,25.3194,1506.25,498.173
9.862,0.1644,59.4785,25.3252,1506.31,498.308
9.864,0.1644,59.4674,25.331,1506.37,498.443
9.866,0.1644,59.4563,25.2753,1502.77,498.577
9.868,0.1645,59.4452,25.2404,1500.42,498.712
9.870,0.1645,59.4341,25.2476,1500.57,498.847
9.872,0.1645,59.4231,25.2509,1500.48,498.982
9.874,0.1646,59.412,25.2625,1500.9,499.117
9.876,0.1646,59.4009,25.2904,1502.27,499.252
9.878,0.1646,59.3898,25.2767,1501.18,499.387
9.880,0.1647,59.3786,25.2238,1497.76,499.521
9.882,0.1647,59.3674,25.281,1500.87,499.656
9.884,0.1647,59.3562,25.2774,1500.37,499.791
9.886,0.1648,59.3449,25.2983,1501.32,499.926
9.888,0.1648,59.3335,25.2925,1500.69,500.061
9.890,0.1648,59.322,25.3153,1501.75,500.196
9.892,0.1649,59.3105,25.1091,1489.23,500.33
9.894,0.1649,59.2989,25.1619,1492.07,500.465
9.896,0.1649,59.2872,25.1531,1491.25,500.6
9.898,0.1650,59.2754,25.2113,1494.41,500.735
9.900,0.1650,59.2636,25.1939,1493.08,500.87
9.902,0.1650,59.2517,25.2265,1494.71,501.004
9.904,0.1651,59.2397,25.2084,1493.33,501.139
9.906,0.1651,59.2276,25.2414,1494.99,501.274
9.908,0.1651,59.2154,25.2229,1493.59,501.409
9.910,0.1652,59.2033,25.256,1495.24,501.543
9.912,0.1652,59.191,25.2072,1492.04,501.678
9.914,0.1652,59.1788,25.2274,1492.93,501.813
9.916,0.1653,59.1664,25.2226,1492.33,501.948
9.918,0.1653,59.1541,25.2411,1493.12,502.083
9.920,0.1653,59.1418,25.2375,1492.59,502.218
9.922,0.1654,59.1295,25.197,1489.89,502.353
9.924,0.1654,59.1171,25.1637,1487.6,502.487
9.926,0.1654,59.1048,25.1647,1487.36,502.622
9.928,0.1655,59.0926,25.1772,1487.78,502.757
9.930,0.1655,59.0803,25.1819,1487.76,502.892
9.932,0.1655,61.1533,25.2101,1541.68,503.027
9.934,0.1656,61.1412,25.2172,1541.81,503.162
9.936,0.1656,61.1291,25.2142,1541.32,503.298
9.938,0.1656,61.1169,25.2227,1541.54,503.433
9.940,0.1657,61.1049,25.2163,1540.84,503.568
9.942,0.1657,61.0928,25.2257,1541.11,503.703
9.944,0.1657,61.0808,25.2167,1540.26,503.838
9.946,0.1658,61.0686,25.2261,1540.52,503.973
9.948,0.1658,61.0567,25.1165,1533.53,504.108
9.950,0.1658,61.0446,25.1275,1533.9,504.243
9.952,0.1659,61.0327,25.1163,1532.92,504.378
9.954,0.1659,61.0206,25.1228,1533.01,504.513
9.956,0.1659,61.0088,25.1024,1531.47,504.648
9.958,0.1660,60.9969,24.993,1524.5,504.783
9.960,0.1660,60.9851,24.9853,1523.73,504.918
9.962,0.1660,60.9732,24.9891,1523.67,505.053
9.964,0.1661,60.9615,24.986,1523.18,505.187
9.966,0.1661,60.9498,24.9853,1522.85,505.322
9.968,0.1661,60.9381,24.988,1522.72,505.457
9.970,0.1662,60.9265,24.9039,1517.31,505.592
9.972,0.1662,60.9149,24.938,1519.1,505.727
9.974,0.1662,60.9033,24.9268,1518.13,505.862
9.976,0.1663,60.8918,24.9436,1518.86,505.997
9.978,0.1663,60.8803,24.9618,1519.68,506.132
9.980,0.1663,60.8688,24.9879,1520.98,506.267
9.982,0.1664,60.8574,24.966,1519.36,506.402
9.984,0.1664,60.846,25.0384,1523.48,506.537
9.986,0.1664,60.8346,25.0086,1521.39,506.672
9.988,0.1665,60.8232,25.0499,1523.62,506.808
9.990,0.1665,60.8118,25.0154,1521.23,506.943
9.992,0.1665,60.8004,25.0641,1523.91,507.078
9.994,0.1666,60.789,24.9603,1517.31,507.213
9.996,0.1666,60.7776,25.054,1522.72,507.348
9.998,0.1666,60.7661,24.9658,1517.07,507.483
10.000,0.1667,60.7547,25.0682,1523.01,507.618
10.002,0.1667,60.7432,24.9714,1516.84,507.753
10.004,0.1667,60.7317,25.0819,1523.27,507.889
10.006,0.1668,60.7201,24.9768,1516.6,508.024
10.008,0.1668,60.7086,25.095,1523.48,508.159
10.010,0.1668,60.6968,25.048,1520.33,508.294
10.012,0.1669,60.685,25.0591,1520.71,508.429
10.014,0.1669,60.6731,25.0626,1520.63,508.564
10.016,0.1669,60.6612,25.0658,1520.52,508.699
10.018,0.1670,60.6492,25.0691,1520.42,508.835
10.020,0.1670,60.6373,25.0722,1520.31,508.97
10.022,0.1670,60.6252,25.0753,1520.2,509.105
10.024,0.1671,60.6131,25.0784,1520.08,509.24
10.026,0.1671,60.601,25.0815,1519.96,509.375
10.028,0.1671,60.5889,25.0847,1519.85,509.51
10.030,0.1672,60.5767,25.0878,1519.73,509.645
10.032,0.1672,60.5644,25.0911,1519.63,509.781
10.034,0.1672,60.5521,25.0943,1519.51,509.916
10.036,0.1673,60.5398,25.1459,1522.33,510.051
10.038,0.1673,60.5275,25.149,1522.2,510.186
10.040,0.1673,60.5152,25.3073,1531.47,510.321
10.042,0.1674,60.5028,25.287,1529.94,510.456
10.044,0.1674,60.4904,25.2916,1529.9,510.592
10.046,0.1674,60.478,25.2952,1529.81,510.727
10.048,0.1675,60.4656,25.299,1529.72,510.862
10.050,0.1675,60.4532,25.3017,1529.57,510.997
10.052,0.1675,60.4409,25.2564,1526.52,511.133
10.054,0.1676,60.4285,25.2558,1526.17,511.268
10.056,0.1676,60.4162,25.2586,1526.03,511.403
10.058,0.1676,60.4038,25.2551,1525.5,511.538
10.060,0.1677,60.3916,25.2576,1525.34,511.674
10.062,0.1677,60.3793,25.2507,1524.62,511.809
10.064,0.1677,60.3672,25.2084,1521.76,511.944
10.066,0.1678,60.3551,25.1988,1520.88,512.079
10.068,0.1678,60.3431,25.2339,1522.69,512.214
10.070,0.1678,60.3311,25.2069,1520.76,512.35
10.072,0.1679,60.3193,25.2243,1521.51,512.485
10.074,0.1679,60.3075,25.2026,1519.91,512.62
10.076,0.1679,60.2958,25.2116,1520.15,512.755
10.078,0.1680,60.2842,25.1851,1518.27,512.89
10.080,0.1680,60.2727,25.1979,1518.75,513.026
10.082,0.1680,60.2613,25.1668,1516.58,513.161
10.084,0.1681,60.25,25.1847,1517.38,513.296
10.086,0.1681,60.2387,25.149,1514.94,513.431
10.088,0.1681,60.2276,25.2048,1518.02,513.566
10.090,0.1682,60.2164,25.1975,1517.31,513.701
10.092,0.1682,60.2054,25.1455,1513.89,513.837
10.094,0.1682,60.1944,25.0165,1505.85,513.972
10.096,0.1683,60.1833,25.0592,1508.15,514.107
10.098,0.1683,60.1724,25.0566,1507.71,514.243
10.100,0.1683,60.1614,25.0679,1508.12,514.378
10.102,0.1684,60.1504,25.0698,1507.96,514.513
10.104,0.1684,60.1394,25.0727,1507.86,514.648
10.106,0.1684,60.1283,24.8147,1492.07,514.784
10.108,0.1685,60.1172,24.819,1492.05,514.919
10.110,0.1685,60.1061,24.8207,1491.87,515.054
10.112,0.1685,60.0949,24.8258,1491.9,515.19
10.114,0.1686,60.0836,24.8359,1492.23,515.325
10.116,0.1686,60.0723,24.841,1492.26,515.46
10.118,0.1686,60.0608,24.8542,1492.76,515.596
10.120,0.1687,60.0493,24.859,1492.77,515.731
10.122,0.1687,60.0376,24.8743,1493.39,515.866
10.124,0.1687,60.026,24.8487,1491.57,516.002
10.126,0.1688,60.0142,25.0206,1501.59,516.137
10.128,0.1688,60.0024,25.0206,1501.3,516.272
10.130,0.1688,59.9904,25.0417,1502.26,516.408
10.132,0.1689,59.9786,25.0412,1501.93,516.543
10.134,0.1689,59.9664,25.062,1502.88,516.678
10.136,0.1689,59.9545,25.0616,1502.56,516.814
10.138,0.1690,59.9423,25.0813,1503.43,516.949
10.140,0.1690,59.9302,25.0817,1503.15,517.084
10.142,0.1690,59.918,25.0992,1503.9,517.219
10.144,0.1691,59.9059,25.037,1499.86,517.355
10.146,0.1691,59.8937,25.0228,1498.71,517.49
10.148,0.1691,59.8815,25.0107,1497.68,517.625
10.150,0.1692,59.8694,25.0382,1499.02,517.761
10.152,0.1692,59.8572,25.0289,1498.16,517.896
10.154,0.1692,59.8451,25.0821,1501.04,518.032
10.156,0.1693,59.833,25.088,1501.09,518.167
10.158,0.1693,59.821,25.1465,1504.29,518.302
10.160,0.1693,59.809,25.1555,1504.52,518.438
10.162,0.1694,59.7971,25.1693,1505.05,518.573
10.164,0.1694,59.7851,25.1691,1504.74,518.709
10.166,0.1694,59.7733,25.2068,1506.7,518.844
10.168,0.1695,59.7614,25.2059,1506.34,518.98
10.170,0.1695,59.7497,25.2092,1506.24,519.115
10.172,0.1695,59.7381,25.213,1506.18,519.251
10.174,0.1696,59.7264,25.2129,1505.88,519.386
10.176,0.1696,59.7149,25.2033,1505.01,519.522
10.178,0.1696,59.7033,25.2024,1504.67,519.657
10.180,0.1697,59.6918,25.1541,1501.49,519.793
10.182,0.1697,59.6803,25.1291,1499.71,519.928
10.184,0.1697,59.6689,25.0654,1495.63,520.064
10.186,0.1698,59.6574,25.0565,1494.81,520.199
10.188,0.1698,59.646,25.0569,1494.54,520.335
10.190,0.1698,59.6346,25.0461,1493.61,520.47
10.192,0.1699,59.6233,25.0264,1492.16,520.606
10.194,0.1699,59.6119,25.02,1491.49,520.741
10.196,0.1699,59.6006,25.0126,1490.76,520.877
10.198,0.1700,59.5893,25.0063,1490.11,521.012
10.200,0.1700,59.578,24.9981,1489.33,521.148
10.202,0.1700,59.5667,24.9928,1488.74,521.283
10.204,0.1701,59.5555,24.9847,1487.98,521.418
10.206,0.1701,59.5442,24.9814,1487.5,521.554
10.208,0.1701,59.533,24.9744,1486.8,521.689
10.210,0.1702,59.5218,25.0088,1488.57,521.825
10.212,0.1702,59.5106,25.0045,1488.04,521.96
10.214,0.1702,59.4995,24.9517,1484.61,522.096
10.216,0.1703,59.4883,24.9462,1484,522.231
10.218,0.1703,59.4771,24.9548,1484.24,522.367
10.220,0.1703,59.4659,24.9543,1483.93,522.502
10.222,0.1704,59.4548,24.9656,1484.32,522.638
10.224,0.1704,59.4435,24.9704,1484.32,522.774
10.226,0.1704,59.4323,24.9694,1483.99,522.909
10.228,0.1705,59.421,24.9788,1484.27,523.045
10.230,0.1705,59.4098,24.9954,1484.97,523.181
10.232,0.1705,59.3984,25.0059,1485.31,523.316
10.234,0.1706,59.3871,25.0567,1488.04,523.452
10.236,0.1706,59.3756,25.0574,1487.79,523.588
10.238,0.1706,59.3642,25.065,1487.97,523.723
10.240,0.1707,59.3525,25.0915,1489.24,523.859
10.242,0.1707,59.3411,24.861,1475.28,523.995
10.244,0.1707,59.3293,24.8927,1476.86,524.13
10.246,0.1708,59.3177,24.9134,1477.8,524.266
10.248,0.1708,61.2417,24.9765,1529.6,524.402
10.250,0.1708,61.2297,24.9909,1530.19,524.537
10.252,0.1709,61.2178,24.991,1529.9,524.673
10.254,0.1709,61.2059,25.0027,1530.32,524.809
10.256,0.1709,61.1941,25.0126,1530.63,524.945
10.258,0.1710,61.1824,25.021,1530.85,525.08
10.260,0.1710,61.1708,25.028,1530.98,525.216
10.262,0.1710,61.1592,25.0328,1530.99,525.351
10.264,0.1711,61.1477,25.0367,1530.94,525.487
10.266,0.1711,61.1363,25.0381,1530.74,525.623
10.268,0.1711,61.1248,25.0272,1529.78,525.758
10.270,0.1712,61.1135,24.95,1524.78,525.894
10.272,0.1712,61.1021,24.9473,1524.33,526.03
10.274,0.1712,61.0908,24.9419,1523.72,526.165
10.276,0.1713,61.0795,24.937,1523.14,526.301
10.278,0.1713,61.0682,24.8686,1518.68,526.437
10.280,0.1713,61.057,24.8619,1517.99,526.573
10.282,0.1714,61.0457,24.8533,1517.19,526.708
10.284,0.1714,61.0344,24.8459,1516.45,526.844
10.286,0.1714,61.0231,24.7641,1511.18,526.98
10.288,0.1715,61.0117,24.898,1519.07,527.116
10.290,0.1715,61.0003,24.9142,1519.77,527.251
10.292,0.1715,60.9889,24.9099,1519.23,527.387
10.294,0.1716,60.9774,24.8987,1518.26,527.523
10.296,0.1716,60.9659,24.8734,1516.43,527.659
10.298,0.1716,60.9544,24.8972,1517.6,527.795
10.300,0.1717,60.9428,24.904,1517.72,527.93
10.302,0.1717,60.9311,24.8826,1516.13,528.066
10.304,0.1717,60.9194,24.8947,1516.57,528.202
10.306,0.1718,60.9076,24.8388,1512.87,528.338
10.308,0.1718,60.8958,24.859,1513.81,528.474
10.310,0.1718,60.884,24.8278,1511.61,528.609
10.312,0.1719,60.8721,24.8178,1510.71,528.745
10.314,0.1719,60.8602,24.8012,1509.4,528.881
10.316,0.1719,60.8483,24.8322,1511,529.017
10.318,0.1720,60.8363,24.7963,1508.52,529.153
10.320,0.1720,60.8243,24.8704,1512.73,529.288
10.322,0.1720,60.8124,24.83,1509.97,529.424
10.324,0.1721,60.8004,24.8363,1510.06,529.56
10.326,0.1721,60.7885,24.7928,1507.12,529.696
10.328,0.1721,60.7766,24.8277,1508.94,529.832
10.330,0.1722,60.7647,24.8316,1508.89,529.968
10.332,0.1722,60.7529,24.8372,1508.93,530.103
10.334,0.1722,60.7411,24.8428,1508.98,530.239
10.336,0.1723,60.7293,24.7738,1504.5,530.375
10.338,0.1723,60.7176,24.7807,1504.62,530.511
10.340,0.1723,60.7059,24.8288,1507.25,530.647
10.342,0.1724,60.6943,24.8375,1507.49,530.783
10.344,0.1724,60.6827,24.8472,1507.8,530.919
10.346,0.1724,60.6712,24.8565,1508.07,531.055
10.348,0.1725,60.6597,24.8665,1508.39,531.191
10.350,0.1725,60.6482,24.8692,1508.27,531.326
10.352,0.1725,60.6368,24.8841,1508.89,531.462
10.354,0.1726,60.6253,24.888,1508.84,531.598
10.356,0.1726,60.6139,24.9073,1509.73,531.734
10.358,0.1726,60.6025,24.8912,1508.47,531.87
10.360,0.1727,60.5911,24.9119,1509.44,532.006
10.362,0.1727,60.5797,24.9081,1508.93,532.142
10.364,0.1727,60.5683,24.9309,1510.02,532.278
10.366,0.1728,60.5568,24.9222,1509.21,532.414
10.368,0.1728,60.5454,24.9462,1510.38,532.549
10.370,0.1728,60.5338,24.9551,1510.63,532.685
10.372,0.1729,60.5223,24.9772,1511.68,532.821
10.374,0.1729,60.5106,24.8944,1506.37,532.957
10.376,0.1729,60.4991,24.917,1507.45,533.093
10.378,0.1730,60.4873,24.8987,1506.06,533.229
10.380,0.1730,60.4756,24.9602,1509.48,533.365
10.382,0.1730,60.4638,24.9588,1509.1,533.501
10.384,0.1731,60.452,24.974,1509.73,533.637
10.386,0.1731,60.44,24.9575,1508.43,533.773
10.388,0.1731,60.4281,24.9706,1508.93,533.909
10.390,0.1732,60.4161,24.9545,1507.66,534.045
10.392,0.1732,60.4041,24.9655,1508.02,534.181
10.394,0.1732,60.3921,24.9506,1506.82,534.317
10.396,0.1733,60.38,24.9964,1509.28,534.453
10.398,0.1733,60.3679,25.0124,1509.95,534.589
10.400,0.1733,60.3558,25.0079,1509.37,534.725
10.402,0.1734,60.3437,25.0515,1511.7,534.861
10.404,0.1734,60.3316,25.0326,1510.26,534.997
10.406,0.1734,60.3196,24.9994,1507.96,535.133
10.408,0.1735,60.3075,24.9816,1506.58,535.27
10.410,0.1735,60.2956,24.9808,1506.23,535.406
10.412,0.1735,60.2837,24.9794,1505.85,535.542
10.414,0.1736,60.2719,24.9793,1505.55,535.678
10.416,0.1736,60.2601,24.9772,1505.13,535.814
10.418,0.1736,60.2484,24.9777,1504.86,535.95
10.420,0.1737,60.2368,24.9746,1504.39,536.086
10.422,0.1737,60.2252,24.9755,1504.15,536.222
10.424,0.1737,60.2137,24.8457,1496.05,536.358
10.426,0.1738,60.2023,24.8449,1495.72,536.494
10.428,0.1738,60.191,24.6267,1482.31,536.631
10.430,0.1738,60.1797,24.6346,1482.5,536.767
10.432,0.1739,60.1685,24.62,1481.35,536.903
10.434,0.1739,60.1574,24.5673,1477.91,537.039
10.436,0.1739,60.1463,24.5546,1476.87,537.175
10.438,0.1740,60.1353,24.5608,1476.97,537.311
10.440,0.1740,60.1243,24.5469,1475.86,537.447
10.442,0.1740,60.1133,24.5549,1476.08,537.583
10.444,0.1741,60.1024,24.5398,1474.9,537.719
10.446,0.1741,60.0914,24.5506,1475.28,537.855
10.448,0.1741,60.0805,24.5344,1474.04,537.991
10.450,0.1742,60.0695,24.549,1474.65,538.127
10.452,0.1742,60.0586,24.5313,1473.32,538.263
10.454,0.1742,60.0476,24.5508,1474.22,538.399
10.456,0.1743,60.0365,24.5315,1472.78,538.535
10.458,0.1743,60.0255,24.5657,1474.57,538.671
10.460,0.1743,60.0143,24.5494,1473.31,538.807
10.462,0.1744,60.0031,24.5752,1474.59,538.944
10.464,0.1744,59.9918,24.5572,1473.23,539.08
10.466,0.1744,59.9805,24.5507,1472.56,539.216
10.468,0.1745,59.9691,24.5421,1471.77,539.352
10.470,0.1745,59.9576,24.5938,1474.59,539.489
10.472,0.1745,59.946,24.5551,1471.98,539.625
10.474,0.1746,59.9344,24.5897,1473.77,539.761
10.476,0.1746,59.9227,24.5628,1471.87,539.898
10.478,0.1746,59.9109,24.646,1476.56,540.034
10.480,0.1747,59.8991,24.5223,1468.86,540.17
10.482,0.1747,59.8872,24.6158,1474.17,540.306
10.484,0.1747,59.8752,24.5368,1469.15,540.443
10.486,0.1748,59.8632,24.6373,1474.87,540.579
10.488,0.1748,59.8512,24.5507,1469.39,540.715
10.490,0.1748,59.8391,24.554,1469.29,540.851
10.492,0.1749,59.827,24.5629,1469.53,540.988
10.494,0.1749,59.8149,24.5715,1469.74,541.124
10.496,0.1749,59.8027,24.7198,1478.31,541.26
10.498,0.1750,59.7906,24.7264,1478.4,541.396
10.500,0.1750,59.7784,24.7326,1478.48,541.533
10.502,0.1750,59.7663,24.7382,1478.51,541.669
10.504,0.1751,59.7542,24.7436,1478.53,541.805
10.506,0.1751,59.7421,24.7483,1478.51,541.941
10.508,0.1751,59.73,24.7865,1480.5,542.077
10.510,0.1752,59.718,24.73,1476.83,542.214
10.512,0.1752,59.7059,24.7339,1476.76,542.35
10.514,0.1752,59.6939,24.7217,1475.74,542.486
10.516,0.1753,59.6819,24.7258,1475.69,542.622
10.518,0.1753,59.67,24.729,1475.58,542.759
10.520,0.1753,59.658,24.7719,1477.84,542.895
10.522,0.1754,59.6461,24.7747,1477.72,543.031
10.524,0.1754,59.6342,24.7785,1477.65,543.168
10.526,0.1754,59.6223,24.7814,1477.52,543.304
10.528,0.1755,59.6105,24.7816,1477.24,543.44
10.530,0.1755,59.5986,24.785,1477.15,543.577
10.532,0.1755,59.5868,24.7865,1476.95,543.713
10.534,0.1756,59.5749,24.7931,1477.05,543.849
10.536,0.1756,59.5631,24.7903,1476.59,543.986
10.538,0.1756,59.5513,24.7771,1475.51,544.122
10.540,0.1757,59.5396,24.7753,1475.11,544.258
10.542,0.1757,59.5278,24.7483,1473.21,544.395
10.544,0.1757,59.516,24.7415,1472.52,544.531
10.546,0.1758,59.5043,24.7588,1473.26,544.668
10.548,0.1758,59.4925,24.7478,1472.31,544.804
10.550,0.1758,59.4808,24.6291,1464.96,544.94
10.552,0.1759,59.4691,24.6099,1463.53,545.077
10.554,0.1759,59.4574,24.6009,1462.71,545.213
10.556,0.1759,59.4457,24.5162,1457.38,545.349
10.558,0.1760,59.4341,24.5615,1459.79,545.486
10.560,0.1760,59.4224,24.5219,1457.15,545.622
10.562,0.1760,59.4108,24.575,1460.02,545.758
10.564,0.1761,59.3992,24.4861,1454.46,545.895
10.566,0.1761,59.3876,24.5466,1457.76,546.031
10.568,0.1761,59.3761,24.4883,1454.02,546.168
10.570,0.1762,59.3645,24.4991,1454.38,546.304
10.572,0.1762,59.353,24.5034,1454.35,546.441
10.574,0.1762,59.3415,24.5233,1455.25,546.577
10.576,0.1763,59.3301,24.5265,1455.16,546.713
10.578,0.1763,61.2512,24.6988,1512.83,546.85
10.580,0.1763,61.2399,24.7411,1515.14,546.986
10.582,0.1764,61.2285,24.7437,1515.02,547.123
10.584,0.1764,61.2171,24.746,1514.88,547.259
10.586,0.1764,61.2058,24.7482,1514.73,547.396
10.588,0.1765,61.1944,24.7502,1514.58,547.532
10.590,0.1765,61.183,24.7522,1514.41,547.669
10.592,0.1765,61.1715,24.7513,1514.08,547.805
10.594,0.1766,61.16,24.7559,1514.07,547.942
10.596,0.1766,61.1485,24.6761,1508.9,548.078
10.598,0.1766,61.137,24.6831,1509.05,548.214
10.600,0.1767,61.1254,24.6411,1506.2,548.351
10.602,0.1767,61.1138,24.6501,1506.46,548.487
10.604,0.1767,61.1021,24.6432,1505.75,548.624
10.606,0.1768,61.0904,24.6561,1506.25,548.76
10.608,0.1768,61.0787,24.6461,1505.35,548.896
10.610,0.1768,61.0669,24.6638,1506.14,549.033
10.612,0.1769,61.0551,24.6081,1502.45,549.169
10.614,0.1769,61.0432,24.6298,1503.48,549.306
10.616,0.1769,61.0314,24.6142,1502.24,549.442
10.618,0.1770,61.0195,24.642,1503.64,549.578
10.620,0.1770,61.0076,24.6217,1502.11,549.715
10.622,0.1770,60.9957,24.6558,1503.9,549.851
10.624,0.1771,60.9837,24.6304,1502.05,549.988
10.626,0.1771,60.9718,24.6455,1502.68,550.124
10.628,0.1771,60.9599,24.6113,1500.3,550.261
10.630,0.1772,60.9481,24.6616,1503.08,550.398
10.632,0.1772,60.9362,24.6217,1500.35,550.534
10.634,0.1772,60.9244,24.6705,1503.04,550.671
10.636,0.1773,60.9127,24.6212,1499.74,550.807
10.638,0.1773,60.901,24.716,1505.23,550.944
10.640,0.1773,60.8893,24.6585,1501.44,551.081
10.642,0.1774,60.8777,24.7322,1505.64,551.217
10.644,0.1774,60.8662,24.6693,1501.53,551.354
10.646,0.1774,60.8547,24.7094,1503.68,551.491
10.648,0.1775,60.8434,24.6451,1499.49,551.627
10.650,0.1775,60.832,24.6511,1499.58,551.764
10.651,0.1775,60.8207,24.6523,1499.37,551.9
10.653,0.1776,60.8095,24.6615,1499.65,552.037
10.655,0.1776,60.7983,24.6579,1499.16,552.174
10.657,0.1776,60.7872,24.6703,1499.64,552.31
10.659,0.1777,60.7762,24.6621,1498.87,552.447
10.661,0.1777,60.7652,24.6778,1499.55,552.583
10.663,0.1777,60.7542,24.6075,1495.01,552.72
10.665,0.1778,60.7433,24.6665,1498.32,552.856
10.667,0.1778,60.7324,24.6496,1497.03,552.993
10.669,0.1778,60.7216,24.6722,1498.14,553.129
10.671,0.1779,60.7107,24.6514,1496.61,553.266
10.673,0.1779,60.6999,24.7025,1499.44,553.402
10.675,0.1779,60.6891,24.6755,1497.53,553.539
10.677,0.1780,60.6782,24.4965,1486.4,553.675
10.679,0.1780,60.6674,24.4641,1484.17,553.812
10.681,0.1780,60.6566,24.5058,1486.44,553.948
10.683,0.1781,60.6457,24.4681,1483.89,554.085
10.685,0.1781,60.6348,24.517,1486.58,554.221
10.687,0.1781,60.6239,24.5644,1489.19,554.358
10.689,0.1782,60.613,24.533,1487.02,554.494
10.691,0.1782,60.6021,24.4373,1480.95,554.631
10.693,0.1782,60.5911,24.4882,1483.77,554.767
10.695,0.1783,60.5801,24.4494,1481.15,554.904
10.697,0.1783,60.569,24.449,1480.85,555.041
10.699,0.1783,60.558,24.4059,1477.97,555.177
10.701,0.1784,60.5469,24.4468,1480.18,555.314
10.703,0.1784,60.5357,24.3466,1473.84,555.451
10.705,0.1784,60.5246,24.3919,1476.31,555.588
10.707,0.1785,60.5133,24.3613,1474.19,555.724
10.709,0.1785,60.5021,24.4269,1477.88,555.861
10.711,0.1785,60.4909,24.3948,1475.66,555.998
10.713,0.1786,60.4796,24.444,1478.36,556.134
10.715,0.1786,60.4683,24.4058,1475.78,556.271
10.717,0.1786,60.457,24.4534,1478.38,556.408
10.719,0.1787,60.4455,24.4144,1475.74,556.545
10.721,0.1787,60.4342,24.4597,1478.2,556.681
10.723,0.1787,60.4227,24.4201,1475.53,556.818
10.725,0.1788,60.4113,24.4266,1475.65,556.955
10.727,0.1788,60.3998,24.3924,1473.29,557.091
10.729,0.1788,60.3883,24.3925,1473.02,557.228
10.731,0.1789,60.3769,24.3964,1472.98,557.365
10.733,0.1789,60.3653,24.407,1473.34,557.501
10.735,0.1789,60.3538,24.4049,1472.93,557.638
10.737,0.1790,60.3422,24.4403,1474.78,557.774
10.739,0.1790,60.3306,24.4709,1476.35,557.911
10.741,0.1790,60.3189,24.5042,1478.07,558.048
10.743,0.1791,60.3072,24.5041,1477.77,558.184
10.745,0.1791,60.2954,24.5053,1477.56,558.321
10.747,0.1791,60.2836,24.507,1477.37,558.457
10.749,0.1792,60.2718,24.5101,1477.27,558.594
10.751,0.1792,60.2599,24.5142,1477.22,558.731
10.753,0.1792,60.248,24.5197,1477.26,558.867
10.755,0.1793,60.2361,24.5266,1477.38,559.004
10.757,0.1793,60.2241,24.5347,1477.58,559.141
10.759,0.1793,60.2122,24.5445,1477.88,559.278
10.761,0.1794,60.2002,24.5553,1478.23,559.414
10.763,0.1794,60.1882,24.5678,1478.69,559.551
10.765,0.1794,60.1762,24.516,1475.28,559.688
10.767,0.1795,60.1642,24.5309,1475.88,559.824
10.769,0.1795,60.1522,24.5463,1476.51,559.961
10.771,0.1795,60.1402,24.5629,1477.22,560.098
10.773,0.1796,60.1283,24.5797,1477.93,560.234
10.775,0.1796,60.1164,24.5971,1478.69,560.371
10.777,0.1796,60.1046,24.6147,1479.45,560.508
10.779,0.1797,60.0928,24.5938,1477.91,560.645
10.781,0.1797,60.0811,24.6116,1478.69,560.781
10.783,0.1797,60.0694,24.5528,1474.87,560.918
10.785,0.1798,60.0578,24.5742,1475.87,561.054
10.787,0.1798,60.0462,24.5838,1476.16,561.191
10.789,0.1798,60.0348,24.6056,1477.19,561.328
10.791,0.1799,60.0233,24.6105,1477.21,561.464
10.793,0.1799,60.0121,24.5938,1475.93,561.601
10.795,0.1799,60.0007,24.5916,1475.51,561.738
10.797,0.1800,59.9896,24.6147,1476.63,561.874
10.799,0.1800,59.9784,24.6067,1475.87,562.011
10.801,0.1800,59.9674,24.5798,1473.99,562.148
10.803,0.1801,59.9564,24.5788,1473.66,562.284
10.805,0.1801,59.9455,24.5895,1474.03,562.421
10.807,0.1801,59.9346,24.5847,1473.47,562.558
10.809,0.1802,59.9238,24.5873,1473.36,562.694
10.811,0.1802,59.9131,24.7547,1483.13,562.831
10.813,0.1802,59.9025,24.756,1482.95,562.968
10.815,0.1803,59.8918,24.7555,1482.65,563.105
10.818,0.1803,59.8813,24.7557,1482.41,563.241
10.820,0.1803,59.8707,24.7542,1482.05,563.378
10.822,0.1804,59.8602,24.7276,1480.2,563.515
10.824,0.1804,59.8497,24.7255,1479.81,563.651
10.826,0.1804,59.8392,24.771,1482.28,563.788
10.828,0.1805,59.8288,24.6965,1477.56,563.924
10.830,0.1805,59.8183,24.7372,1479.74,564.061
10.832,0.1805,59.8078,24.7338,1479.28,564.198
10.834,0.1806,59.7973,24.7343,1479.04,564.334
10.836,0.1806,59.7867,24.7298,1478.52,564.471
10.838,0.1806,59.7761,24.7971,1482.28,564.607
10.840,0.1807,59.7655,24.7922,1481.72,564.743
10.842,0.1807,59.7549,24.6587,1473.48,564.88
10.844,0.1807,59.7441,24.6544,1472.95,565.016
10.846,0.1808,59.7334,24.6605,1473.05,565.153
10.848,0.1808,59.7225,24.656,1472.52,565.289
10.850,0.1808,59.7116,24.5992,1468.85,565.426
10.852,0.1809,59.7006,24.6057,1468.98,565.562
10.854,0.1809,59.6896,24.5599,1465.97,565.699
10.856,0.1809,59.6785,24.5508,1465.16,565.835
10.858,0.1810,59.6673,24.588,1467.1,565.972
10.860,0.1810,59.656,24.578,1466.23,566.108
10.862,0.1810,59.6448,24.6481,1470.13,566.245
10.864,0.1811,59.6334,24.6319,1468.88,566.381
10.866,0.1811,59.622,24.6356,1468.82,566.518
10.868,0.1811,59.6105,24.617,1467.43,566.654
10.870,0.1812,59.5991,24.6576,1469.57,566.791
10.872,0.1812,59.5875,24.6363,1468.01,566.928
10.874,0.1812,59.5761,24.6816,1470.43,567.064
10.876,0.1813,59.5645,24.6569,1468.68,567.201
10.878,0.1813,59.553,24.7068,1471.37,567.337
10.880,0.1813,59.5415,24.6783,1469.38,567.474
10.882,0.1814,59.53,24.7322,1472.31,567.611
10.884,0.1814,59.5185,24.6996,1470.09,567.747
10.886,0.1814,59.5072,24.7565,1473.19,567.884
10.888,0.1815,59.4958,24.7198,1470.72,568.02
10.890,0.1815,59.4846,24.7307,1471.09,568.156
10.892,0.1815,59.4735,24.7347,1471.06,568.293
10.894,0.1816,59.4625,24.7495,1471.67,568.43
10.896,0.1816,59.4515,24.7854,1473.53,568.566
10.898,0.1816,59.4408,24.7962,1473.9,568.703
10.900,0.1817,59.43,24.7864,1473.06,568.839
10.902,0.1817,59.4194,24.8036,1473.81,568.976
10.904,0.1817,59.4088,24.7876,1472.6,569.112
10.906,0.1818,59.3984,24.8054,1473.4,569.248
10.908,0.1818,59.3879,24.7841,1471.87,569.385
10.910,0.1818,59.3777,24.8018,1472.67,569.521
10.912,0.1819,59.3674,24.7763,1470.9,569.657
10.914,0.1819,59.3573,24.7931,1471.65,569.793
10.916,0.1819,59.3471,24.765,1469.73,569.93
10.918,0.1820,59.3371,24.7805,1470.4,570.066
10.920,0.1820,61.2699,24.7746,1517.94,570.202
10.922,0.1820,61.2608,24.8266,1520.9,570.338
10.924,0.1821,61.2523,24.807,1519.49,570.475
10.926,0.1821,61.2432,24.8096,1519.42,570.611
10.928,0.1821,61.2346,24.794,1518.25,570.747
10.930,0.1822,61.2254,24.7933,1517.98,570.884
10.932,0.1822,61.2167,24.7268,1513.69,571.02
10.934,0.1822,61.2073,24.6461,1508.52,571.156
10.936,0.1823,61.1984,24.6459,1508.29,571.293
10.938,0.1823,61.1889,24.6366,1507.48,571.429
10.940,0.1823,61.1797,24.6432,1507.66,571.565
10.942,0.1824,61.17,24.6316,1506.72,571.702
10.944,0.1824,61.1607,24.6363,1506.77,571.838
10.946,0.1824,61.1507,24.6409,1506.81,571.974
10.948,0.1825,61.1411,24.6425,1506.67,572.111
10.950,0.1825,61.1311,24.6456,1506.61,572.247
10.952,0.1825,61.1212,24.617,1504.62,572.383
10.954,0.1826,61.1111,24.6276,1505.02,572.52
10.956,0.1826,61.101,24.6717,1507.47,572.656
10.958,0.1826,61.0908,24.6018,1502.94,572.792
10.960,0.1827,61.0806,24.6224,1503.95,572.928
10.962,0.1827,61.0703,24.6135,1503.15,573.065
10.964,0.1827,61.06,24.6336,1504.13,573.201
10.966,0.1828,61.0497,24.6232,1503.24,573.337
10.968,0.1828,61.0393,24.6411,1504.08,573.473
10.970,0.1828,61.0291,24.6443,1504.02,573.609
10.972,0.1829,61.0189,24.6451,1503.82,573.746
10.974,0.1829,61.0087,24.6455,1503.59,573.882
10.976,0.1829,60.9985,24.6724,1504.98,574.018
10.978,0.1830,60.9883,24.6677,1504.44,574.155
10.980,0.1830,60.9781,24.6629,1503.9,574.291
10.982,0.1830,60.9679,24.6572,1503.3,574.427
10.984,0.1831,60.9578,24.6507,1502.65,574.563
10.986,0.1831,60.9477,24.6431,1501.94,574.7
10.988,0.1831,60.9376,24.6357,1501.24,574.836
10.990,0.1832,60.9275,24.6272,1500.47,574.972
10.992,0.1832,60.9175,24.6197,1499.77,575.109
10.994,0.1832,60.9074,24.6113,1499.01,575.245
10.996,0.1833,60.8974,24.6046,1498.36,575.381
10.998,0.1833,60.8875,24.5973,1497.67,575.517
11.000,0.1833,60.8775,24.5922,1497.11,575.654
11.002,0.1834,60.8676,24.5571,1494.73,575.79
11.004,0.1834,60.8577,24.5542,1494.31,575.926
11.006,0.1834,60.8478,24.635,1498.99,576.062
11.008,0.1835,60.838,24.6767,1501.28,576.198
11.010,0.1835,60.8282,24.6764,1501.02,576.334
11.012,0.1835,60.8184,24.6796,1500.97,576.471
11.014,0.1836,60.8086,24.7192,1503.14,576.607
11.016,0.1836,60.7989,24.7247,1503.24,576.743
11.018,0.1836,60.7891,24.7298,1503.3,576.879
11.020,0.1837,60.7794,24.7375,1503.53,577.015
11.022,0.1837,60.7697,24.7509,1504.1,577.151
11.024,0.1837,60.76,24.6897,1500.15,577.287
11.026,0.1838,60.7503,24.6952,1500.24,577.423
11.028,0.1838,60.7407,24.707,1500.72,577.559
11.030,0.1838,60.731,24.7115,1500.75,577.695
11.032,0.1839,60.7214,24.6662,1497.76,577.831
11.034,0.1839,60.7117,24.6698,1497.74,577.967
11.036,0.1839,60.7021,24.6798,1498.12,578.103
11.038,0.1840,60.6924,24.5525,1490.15,578.239
11.040,0.1840,60.6829,24.5305,1488.58,578.375
11.042,0.1840,60.6732,24.4453,1483.18,578.511
11.044,0.1841,60.6638,24.423,1481.59,578.647
11.046,0.1841,60.6541,24.495,1485.72,578.783
11.048,0.1841,60.6447,24.4651,1483.68,578.919
11.050,0.1842,60.6351,24.4623,1483.27,579.055
11.052,0.1842,60.6255,24.4576,1482.75,579.191
11.054,0.1842,60.6159,24.4532,1482.25,579.327
11.056,0.1843,60.6064,24.4084,1479.31,579.463
11.058,0.1843,60.597,24.4029,1478.74,579.599
11.060,0.1843,60.5876,24.3965,1478.13,579.736
11.062,0.1844,60.5783,24.3912,1477.58,579.872
11.064,0.1844,60.569,24.3856,1477.01,580.008
11.066,0.1844,60.5597,24.3267,1473.22,580.144
11.068,0.1845,60.5506,24.322,1472.71,580.28
11.070,0.1845,60.5414,24.319,1472.31,580.416
11.072,0.1845,60.5323,24.317,1471.96,580.551
11.074,0.1846,60.5233,24.3169,1471.74,580.687
11.076,0.1846,60.5142,24.3181,1471.59,580.823
11.078,0.1846,60.5052,24.3214,1471.57,580.959
11.080,0.1847,60.4961,24.3736,1474.51,581.095
11.082,0.1847,60.4871,24.3785,1474.58,581.231
11.084,0.1847,60.478,24.3878,1474.93,581.367
11.086,0.1848,60.4689,24.396,1475.2,581.503
11.088,0.1848,60.4597,24.138,1459.38,581.639
11.090,0.1848,60.4505,24.3306,1470.8,581.775
11.092,0.1849,60.4412,24.333,1470.72,581.911
11.094,0.1849,60.4319,24.3592,1472.07,582.047
11.096,0.1849,60.4224,24.3865,1473.49,582.183
11.098,0.1850,60.4129,24.414,1474.92,582.319
11.100,0.1850,60.4033,24.4202,1475.06,582.455
11.102,0.1850,60.3936,24.4138,1474.44,582.591
11.104,0.1851,60.3838,24.4217,1474.67,582.727
11.106,0.1851,60.3739,24.4512,1476.21,582.863
11.108,0.1851,60.364,24.4662,1476.88,582.999
11.110,0.1852,60.3539,24.5057,1479.01,583.136
11.112,0.1852,60.3438,24.4998,1478.41,583.272
11.114,0.1852,60.3336,24.4727,1476.53,583.408
11.116,0.1853,60.3234,24.4885,1477.23,583.544
11.118,0.1853,60.3131,24.5311,1479.55,583.681
11.120,0.1853,60.3029,24.5113,1478.1,583.817
11.122,0.1854,60.2926,24.5497,1480.16,583.953
11.124,0.1854,60.2824,24.5271,1478.55,584.089
11.126,0.1854,60.2721,24.5599,1480.28,584.225
11.128,0.1855,60.262,24.5356,1478.56,584.361
11.130,0.1855,60.2517,24.5365,1478.37,584.497
11.132,0.1855,60.2415,24.533,1477.9,584.634
11.134,0.1856,60.2314,24.5315,1477.57,584.77
11.136,0.1856,60.2214,24.524,1476.87,584.906
11.138,0.1856,60.2116,24.5208,1476.44,585.042
11.140,0.1857,60.2018,24.5099,1475.54,585.179
11.142,0.1857,60.1921,24.5058,1475.06,585.315
11.144,0.1857,60.1826,24.492,1473.99,585.451
11.146,0.1858,60.1732,24.4869,1473.46,585.587
11.148,0.1858,60.1638,24.4719,1472.32,585.723
11.150,0.1858,60.1546,24.4681,1471.87,585.859
11.152,0.1859,60.1455,24.4519,1470.67,585.995
11.154,0.1859,60.1364,24.4506,1470.37,586.131
11.156,0.1859,60.1274,24.4338,1469.14,586.268
11.158,0.1860,60.1185,24.4606,1470.54,586.404
11.160,0.1860,60.1095,24.4167,1467.67,586.54
11.162,0.1860,60.1006,24.4347,1468.54,586.676
11.164,0.1861,60.0916,24.3434,1462.84,586.812
11.166,0.1861,60.0827,24.373,1464.39,586.948
11.168,0.1861,60.0737,24.3417,1462.3,587.084
11.170,0.1862,60.0646,24.3792,1464.33,587.221
11.172,0.1862,60.0555,24.3463,1462.13,587.357
11.174,0.1862,60.0463,24.4307,1466.97,587.493
11.176,0.1863,60.037,24.3967,1464.71,587.629
11.178,0.1863,60.0275,24.4227,1466.03,587.765
11.180,0.1863,60.018,24.3834,1463.44,587.902
11.182,0.1864,60.0083,24.4443,1466.86,588.038
11.184,0.1864,59.9986,24.4027,1464.13,588.174
11.186,0.1864,59.9887,24.4581,1467.21,588.31
11.188,0.1865,59.9787,24.3412,1459.95,588.447
11.190,0.1865,59.9685,24.4229,1464.6,588.583
11.192,0.1865,59.9583,24.3005,1457.02,588.719
11.194,0.1866,59.948,24.3871,1461.96,588.855
11.196,0.1866,59.9375,24.1893,1449.85,588.992
11.198,0.1866,59.9271,24.2734,1454.63,589.128
11.200,0.1867,59.9164,24.2057,1450.32,589.264
11.202,0.1867,59.9059,24.2911,1455.18,589.4
11.204,0.1867,59.8951,24.2198,1450.65,589.537
11.206,0.1868,59.8845,24.4835,1466.18,589.673
11.208,0.1868,59.8736,24.3453,1457.64,589.809
11.210,0.1868,59.863,24.4055,1460.99,589.945
11.212,0.1869,59.8524,24.4101,1461,590.081
11.214,0.1869,59.8417,24.4532,1463.33,590.218
11.216,0.1869,59.8311,24.458,1463.35,590.354
11.218,0.1870,59.8205,24.4756,1464.14,590.49
11.220,0.1870,59.8099,24.4813,1464.22,590.626
11.222,0.1870,59.7993,24.4877,1464.35,590.763
11.224,0.1871,59.7888,24.494,1464.47,590.899
11.226,0.1871,59.7783,24.501,1464.63,591.035
11.228,0.1871,59.7679,24.5082,1464.8,591.172
11.230,0.1872,59.7574,24.516,1465.01,591.308
11.232,0.1872,59.7471,24.5255,1465.33,591.444
11.234,0.1872,59.7367,24.5342,1465.59,591.58
11.236,0.1873,59.7265,24.5438,1465.91,591.717
11.238,0.1873,59.7162,24.5681,1467.11,591.853
11.240,0.1873,59.706,24.5792,1467.52,591.989
11.242,0.1874,59.6958,24.5898,1467.91,592.125
11.244,0.1874,59.6856,24.6016,1468.36,592.261
11.246,0.1874,59.6755,24.6124,1468.76,592.398
11.248,0.1875,59.6654,24.6244,1469.22,592.534
11.250,0.1875,59.6553,24.6348,1469.6,592.67
11.252,0.1875,59.6452,24.6337,1469.28,592.806
11.254,0.1876,59.6351,24.6823,1471.94,592.942
11.256,0.1876,59.6251,24.6674,1470.8,593.079
11.258,0.1876,59.6151,24.7305,1474.31,593.215
11.260,0.1877,59.605,24.702,1472.36,593.351
11.262,0.1877,59.595,24.7441,1474.63,593.487
11.264,0.1877,59.585,24.6724,1470.11,593.623
11.266,0.1878,59.575,24.7229,1472.87,593.76
11.268,0.1878,59.565,24.6453,1468,593.896
11.270,0.1878,61.2676,24.7142,1514.18,594.032
11.272,0.1879,61.2574,24.6484,1509.9,594.168
11.274,0.1879,61.2469,24.7093,1513.37,594.305
11.276,0.1879,61.2369,24.6341,1508.51,594.441
11.278,0.1880,61.2265,24.6999,1512.29,594.577
11.280,0.1880,61.2167,24.6171,1506.97,594.714
11.282,0.1880,61.2064,24.6295,1507.49,594.85
11.284,0.1881,61.1968,24.5384,1501.67,594.986
11.286,0.1881,61.1867,24.613,1505.99,595.123
11.288,0.1881,61.1772,24.5178,1499.93,595.259
11.290,0.1882,61.1673,24.509,1499.15,595.395
11.292,0.1882,61.1575,24.5006,1498.39,595.531
11.294,0.1882,61.1477,24.4873,1497.34,595.668
11.296,0.1883,61.1379,24.4277,1493.46,595.804
11.298,0.1883,61.1282,24.433,1493.55,595.94
11.300,0.1883,61.1185,24.4265,1492.91,596.077
11.302,0.1884,61.1088,24.4221,1492.41,596.213
11.304,0.1884,61.0992,24.3573,1488.21,596.349
11.306,0.1884,61.0895,24.3558,1487.88,596.485
11.308,0.1885,61.0798,24.3141,1485.1,596.621
11.310,0.1885,61.07,24.3435,1486.66,596.757
11.312,0.1885,61.0603,24.2815,1482.64,596.893
11.314,0.1886,61.0505,24.2915,1483,597.029
11.316,0.1886,61.0406,24.2879,1482.55,597.165
11.318,0.1886,61.0306,24.3052,1483.36,597.301
11.320,0.1887,61.0206,24.2993,1482.76,597.437
11.322,0.1887,61.0105,24.3238,1484.01,597.573
11.324,0.1887,61.0002,24.3152,1483.23,597.709
11.326,0.1888,60.9899,24.3121,1482.79,597.845
11.328,0.1888,60.9794,24.2977,1481.66,597.981
11.330,0.1888,60.9689,24.3393,1483.94,598.117
11.332,0.1889,60.9581,24.3439,1483.96,598.253
11.334,0.1889,60.9474,24.4134,1487.93,598.39
11.336,0.1889,60.9365,24.3889,1486.17,598.526
11.338,0.1890,60.9256,24.4596,1490.22,598.662
11.340,0.1890,60.9144,24.4293,1488.1,598.798
11.342,0.1890,60.9034,24.4933,1491.73,598.934
11.344,0.1891,60.8921,24.4571,1489.24,599.07
11.346,0.1891,60.881,24.5261,1493.18,599.207
11.348,0.1891,60.8697,24.2378,1475.35,599.343
11.350,0.1892,60.8586,24.3291,1480.64,599.479
11.352,0.1892,60.8473,24.2617,1476.26,599.615
11.354,0.1892,60.8362,24.3953,1484.12,599.752
11.356,0.1893,60.8252,24.372,1482.43,599.888
11.358,0.1893,60.8141,24.4272,1485.52,600.024
11.360,0.1893,60.8033,24.343,1480.14,600.16
11.362,0.1894,60.7925,24.4461,1486.14,600.296
11.364,0.1894,60.782,24.3575,1480.49,600.432
11.366,0.1894,60.7714,24.4075,1483.27,600.569
11.368,0.1895,60.7613,24.3802,1481.37,600.705
11.370,0.1895,60.7509,24.3846,1481.38,600.841
11.372,0.1895,60.7408,24.3826,1481.02,600.977
11.374,0.1896,60.7308,24.3897,1481.21,601.113
11.376,0.1896,60.7211,24.5029,1487.84,601.25
11.378,0.1896,60.7115,24.5094,1488,601.386
11.380,0.1897,60.7021,24.5139,1488.04,601.522
11.382,0.1897,60.6928,24.52,1488.19,601.658
11.384,0.1897,60.6839,24.5029,1486.93,601.794
11.386,0.1898,60.6748,24.5123,1487.28,601.93
11.388,0.1898,60.6661,24.489,1485.65,602.067
11.390,0.1898,60.6573,24.5029,1486.28,602.203
11.392,0.1899,60.6488,24.473,1484.26,602.339
11.394,0.1899,60.64,24.493,1485.25,602.475
11.396,0.1899,60.6317,24.4562,1482.82,602.611
11.398,0.1900,60.6229,24.4834,1484.25,602.747
11.400,0.1900,60.6145,24.4396,1481.4,602.883
11.402,0.1900,60.6057,24.4752,1483.34,603.02
11.404,0.1901,60.5973,24.4247,1480.07,603.156
11.406,0.1901,60.5883,24.4694,1482.56,603.292
11.408,0.1901,60.5797,24.4126,1478.91,603.428
11.410,0.1902,60.5706,24.4665,1481.95,603.564
11.412,0.1902,60.5618,24.3549,1474.98,603.7
11.414,0.1902,60.5524,24.4191,1478.63,603.836
11.416,0.1903,60.5434,24.3513,1474.31,603.972
11.418,0.1903,60.5337,24.4235,1478.45,604.108
11.420,0.1903,60.5244,24.3523,1473.91,604.245
11.422,0.1904,60.5146,24.4316,1478.47,604.381
11.424,0.1904,60.505,24.3182,1471.37,604.517
11.426,0.1904,60.4949,24.4062,1476.45,604.653
11.428,0.1905,60.485,24.3278,1471.47,604.789
11.430,0.1905,60.4748,24.3587,1473.09,604.925
11.432,0.1905,60.4647,24.2798,1468.07,605.061
11.434,0.1906,60.4545,24.3761,1473.65,605.197
11.436,0.1906,60.4442,24.3367,1471.01,605.333
11.438,0.1906,60.4339,24.44,1477.01,605.469
11.440,0.1907,60.4235,24.3997,1474.31,605.605
11.442,0.1907,60.4132,24.5275,1481.78,605.741
11.444,0.1907,60.4027,24.4148,1474.72,605.877
11.446,0.1908,60.3924,24.5155,1480.55,606.013
11.448,0.1908,60.3819,24.4358,1475.48,606.149
11.450,0.1908,60.3717,24.5093,1479.67,606.285
11.452,0.1909,60.3615,24.5187,1479.99,606.421
11.454,0.1909,60.3513,24.528,1480.3,606.557
11.456,0.1909,60.3411,24.494,1478,606.693
11.458,0.1910,60.3309,24.5045,1478.38,606.829
11.460,0.1910,60.3207,24.5156,1478.8,606.965
11.462,0.1910,60.3105,24.5265,1479.21,607.101
11.464,0.1911,60.3002,24.5381,1479.65,607.237
11.466,0.1911,60.2899,24.5494,1480.08,607.373
11.468,0.1911,60.2796,24.5614,1480.55,607.509
11.470,0.1912,60.2693,24.573,1480.99,607.645
11.472,0.1912,60.259,24.5851,1481.47,607.781
11.474,0.1912,60.2486,24.6015,1482.21,607.917
11.476,0.1913,60.2381,24.6127,1482.62,608.053
11.478,0.1913,60.2277,24.5548,1478.88,608.189
11.480,0.1913,60.2172,24.595,1481.04,608.325
11.482,0.1914,60.2067,24.3885,1468.35,608.461
11.484,0.1914,60.1962,24.3966,1468.58,608.597
11.486,0.1914,60.1856,24.4036,1468.74,608.733
11.488,0.1915,60.175,24.4104,1468.9,608.869
11.490,0.1915,60.1645,24.416,1468.97,609.005
11.492,0.1915,60.1539,24.3687,1465.87,609.14
11.494,0.1916,60.1433,24.3668,1465.5,609.276
11.496,0.1916,60.1328,24.3779,1465.91,609.412
11.498,0.1916,60.1222,24.3699,1465.17,609.548
11.500,0.1917,60.1117,24.3818,1465.63,609.684
11.502,0.1917,60.1012,24.3686,1464.59,609.82
11.504,0.1917,60.0908,24.4025,1466.36,609.956
11.506,0.1918,60.0805,24.3874,1465.21,610.092
11.508,0.1918,60.0702,24.3942,1465.37,610.229
11.510,0.1918,60.06,24.378,1464.14,610.365
11.512,0.1919,60.0499,24.3806,1464.05,610.501
11.514,0.1919,60.0399,24.3231,1460.36,610.637
11.516,0.1919,60.03,24.2863,1457.91,610.773
11.518,0.1920,60.0201,24.2706,1456.72,610.909
11.520,0.1920,60.0104,24.2641,1456.1,611.045
11.522,0.1920,60.0008,24.2226,1453.38,611.181
11.524,0.1921,59.9912,24.2095,1452.36,611.317
11.526,0.1921,59.9817,24.2527,1454.72,611.454
11.528,0.1921,59.9723,24.3763,1461.9,611.59
11.530,0.1922,59.9629,24.3674,1461.14,611.726
11.532,0.1922,59.9536,24.3012,1456.95,611.862
11.534,0.1922,59.9443,24.2954,1456.37,611.998
11.536,0.1923,59.935,24.2915,1455.91,612.134
11.538,0.1923,59.9256,24.2602,1453.81,612.27
11.540,0.1923,59.9162,24.1866,1449.17,612.406
11.542,0.1924,59.9068,24.2018,1449.85,612.541
11.544,0.1924,59.8973,24.1962,1449.29,612.677
11.546,0.1924,59.8877,24.204,1449.52,612.813
11.548,0.1925,59.878,24.2127,1449.81,612.949
11.550,0.1925,59.8682,24.2245,1450.28,613.084
11.552,0.1925,59.8582,24.1816,1447.47,613.22
11.554,0.1926,59.8482,24.1981,1448.21,613.356
11.556,0.1926,59.8379,24.2126,1448.83,613.492
11.558,0.1926,59.8276,24.2325,1449.77,613.627
11.560,0.1927,59.817,24.2477,1450.43,613.763
11.562,0.1927,59.8064,24.2702,1451.51,613.899
11.564,0.1927,59.7955,24.2847,1452.12,614.034
11.566,0.1928,59.7846,24.3715,1457.04,614.17
11.568,0.1928,59.7735,24.3862,1457.65,614.306
11.570,0.1928,59.7623,24.409,1458.74,614.442
11.572,0.1929,59.7509,24.4205,1459.14,614.577
11.574,0.1929,59.7396,24.4438,1460.26,614.713
11.576,0.1929,59.7279,24.4507,1460.39,614.849
11.578,0.1930,59.7165,24.4966,1462.85,614.985
11.580,0.1930,59.7048,24.4998,1462.75,615.121
11.582,0.1930,59.6934,24.5217,1463.78,615.257
11.584,0.1931,59.6816,24.5192,1463.35,615.393
11.586,0.1931,59.6702,24.5406,1464.34,615.529
11.588,0.1931,59.6586,24.5322,1463.56,615.665
11.590,0.1932,59.6474,24.5529,1464.51,615.801
11.592,0.1932,59.6359,24.5365,1463.25,615.937
11.594,0.1932,59.6249,24.5541,1464.04,616.073
11.596,0.1933,59.6138,24.5374,1462.77,616.209
11.598,0.1933,59.6031,24.554,1463.5,616.345
11.600,0.1933,59.5923,24.5335,1462.01,616.481
11.602,0.1934,59.5819,24.5403,1462.16,616.617
11.604,0.1934,59.5715,24.5313,1461.36,616.753
11.606,0.1934,59.5615,24.5434,1461.84,616.889
11.608,0.1935,59.5515,24.5177,1460.06,617.025
11.610,0.1935,59.5419,24.5097,1459.35,617.161
11.612,0.1935,59.5324,24.5054,1458.86,617.297
11.614,0.1936,61.3213,24.5739,1506.9,617.433
11.616,0.1936,61.3119,24.5703,1506.45,617.569
11.618,0.1936,61.3026,24.5602,1505.61,617.704
11.620,0.1937,61.2934,24.5583,1505.26,617.84
11.622,0.1937,61.2843,24.5053,1501.79,617.976
11.624,0.1937,61.2752,24.5059,1501.6,618.112
11.626,0.1938,61.2662,24.4251,1496.43,618.248
11.628,0.1938,61.2572,24.4265,1496.3,618.384
11.630,0.1938,61.2484,24.4216,1495.78,618.52
11.632,0.1939,61.2395,24.4031,1494.44,618.656
11.634,0.1939,61.2308,24.4016,1494.13,618.792
11.636,0.1939,61.2221,24.4004,1493.84,618.928
11.638,0.1940,61.2134,24.4056,1493.95,619.064
11.640,0.1940,61.2048,24.3995,1493.37,619.199
11.642,0.1940,61.1962,24.4123,1493.94,619.335
11.644,0.1941,61.1877,24.3997,1492.96,619.471
11.646,0.1941,61.1791,24.4207,1494.04,619.607
11.648,0.1941,61.1707,24.4003,1492.58,619.743
11.650,0.1942,61.1621,24.4295,1494.16,619.879
11.652,0.1942,61.1536,24.4007,1492.19,620.015
11.654,0.1942,61.145,24.4374,1494.23,620.151
11.656,0.1943,61.1366,24.4002,1491.74,620.286
11.658,0.1943,61.1279,24.4435,1494.18,620.422
11.660,0.1943,61.1194,24.328,1486.91,620.558
11.662,0.1944,61.1107,24.3772,1489.71,620.694
11.664,0.1944,61.1021,24.3236,1486.22,620.83
11.666,0.1944,61.0933,24.376,1489.21,620.966
11.668,0.1945,61.0846,24.318,1485.46,621.101
11.670,0.1945,61.0756,24.372,1488.53,621.237
11.672,0.1945,61.0668,24.3769,1488.62,621.373
11.674,0.1946,61.0578,24.4101,1490.43,621.509
11.676,0.1946,61.0489,24.3725,1487.91,621.645
11.678,0.1946,61.0398,24.3994,1489.33,621.781
11.680,0.1947,61.0306,24.382,1488.05,621.916
11.682,0.1947,61.0215,24.3981,1488.81,622.052
11.684,0.1947,61.0121,24.3805,1487.51,622.188
11.686,0.1948,61.0029,24.393,1488.04,622.324
11.688,0.1948,60.9933,24.4205,1489.49,622.46
11.690,0.1948,60.984,24.4197,1489.21,622.596
11.692,0.1949,60.9745,24.4204,1489.02,622.732
11.694,0.1949,60.965,24.4527,1490.76,622.868
11.696,0.1949,60.9553,24.4564,1490.75,623.004
11.698,0.1950,60.9456,24.3609,1484.69,623.14
11.700,0.1950,60.9358,24.3685,1484.91,623.276
11.702,0.1950,60.9259,24.3907,1486.02,623.412
11.704,0.1951,60.9159,24.3535,1483.52,623.548
11.706,0.1951,60.9059,24.3174,1481.08,623.683
11.708,0.1951,60.8958,24.3563,1483.2,623.819
11.710,0.1952,60.8856,24.37,1483.78,623.955
11.712,0.1952,60.8754,24.3762,1483.91,624.091
11.714,0.1952,60.8652,24.3921,1484.63,624.227
11.716,0.1953,60.8549,24.4083,1485.36,624.363
11.718,0.1953,60.8447,24.4255,1486.16,624.499
11.720,0.1953,60.8344,24.4188,1485.5,624.634
11.722,0.1954,60.8241,24.4374,1486.38,624.77
11.724,0.1954,60.8139,24.4556,1487.24,624.906
11.726,0.1954,60.8037,24.4739,1488.1,625.042
11.728,0.1955,60.7935,24.4451,1486.1,625.178
11.730,0.1955,60.7834,24.497,1489.01,625.314
11.732,0.1955,60.7733,24.5059,1489.31,625.449
11.734,0.1956,60.7632,24.5283,1490.42,625.585
11.736,0.1956,60.7533,24.528,1490.15,625.721
11.738,0.1956,60.7433,24.5551,1491.56,625.857
11.740,0.1957,60.7335,24.545,1490.71,625.993
11.742,0.1957,60.7236,24.5764,1492.37,626.129
11.744,0.1957,60.714,24.5563,1490.91,626.265
11.746,0.1958,60.7043,24.5915,1492.81,626.401
11.748,0.1958,60.6949,24.5615,1490.76,626.537
11.750,0.1958,60.6853,24.6002,1492.87,626.673
11.752,0.1959,60.6762,24.5604,1490.23,626.809
11.754,0.1959,60.6668,24.3085,1474.72,626.945
11.756,0.1959,60.6578,24.2577,1471.42,627.081
11.758,0.1960,60.6487,24.3048,1474.06,627.217
11.760,0.1960,60.6399,24.2466,1470.31,627.354
11.762,0.1960,60.631,24.3075,1473.78,627.49
11.764,0.1961,60.6224,24.2631,1470.89,627.626
11.766,0.1961,60.6136,24.3148,1473.81,627.762
11.768,0.1961,60.6052,24.2481,1469.56,627.898
11.770,0.1962,60.5967,24.245,1469.17,628.034
11.772,0.1962,60.5882,24.2386,1468.57,628.169
11.774,0.1962,60.5798,24.2326,1468,628.305
11.776,0.1963,60.5714,24.226,1467.4,628.441
11.778,0.1963,60.5631,24.2202,1466.85,628.577
11.780,0.1963,60.5547,24.2139,1466.27,628.713
11.782,0.1964,60.5464,24.2089,1465.76,628.849
11.784,0.1964,60.5381,24.2735,1469.47,628.984
11.786,0.1964,60.5298,24.2032,1465.01,629.12
11.788,0.1965,60.5215,24.198,1464.5,629.256
11.790,0.1965,60.5132,24.1762,1462.98,629.392
11.792,0.1965,60.5048,24.1711,1462.47,629.527
11.794,0.1966,60.4964,24.1692,1462.15,629.663
11.796,0.1966,60.488,24.1643,1461.65,629.799
11.798,0.1966,60.4795,24.1643,1461.45,629.935
11.800,0.1967,60.4709,24.1176,1458.41,630.071
11.802,0.1967,60.4623,24.1687,1461.3,630.206
11.804,0.1967,60.4536,24.1644,1460.83,630.342
11.806,0.1968,60.4448,24.1703,1460.97,630.478
11.808,0.1968,60.4359,24.3451,1471.32,630.614
11.810,0.1968,60.427,24.2595,1465.93,630.75
11.812,0.1969,60.4179,24.2597,1465.72,630.886
11.814,0.1969,60.4088,24.2677,1465.98,631.022
11.816,0.1969,60.3995,24.2674,1465.74,631.158
11.818,0.1970,60.3902,24.2756,1466.01,631.294
11.820,0.1970,60.3807,24.2268,1462.83,631.43
11.822,0.1970,60.3712,24.2341,1463.04,631.566
11.824,0.1971,60.3616,24.2321,1462.69,631.702
11.826,0.1971,60.352,24.239,1462.87,631.839
11.828,0.1971,60.3421,24.2354,1462.41,631.975
11.830,0.1972,60.3324,24.2435,1462.67,632.111
11.832,0.1972,60.3224,24.2361,1461.98,632.247
11.834,0.1972,60.3126,24.2443,1462.23,632.383
11.836,0.1973,60.3025,24.2346,1461.41,632.519
11.838,0.1973,60.2926,24.2433,1461.69,632.655
11.840,0.1973,60.2824,24.2314,1460.73,632.791
11.842,0.1974,60.2725,24.241,1461.07,632.927
11.844,0.1974,60.2623,24.2268,1459.96,633.063
11.846,0.1974,60.2523,24.238,1460.39,633.199
11.848,0.1975,60.2422,24.2799,1462.67,633.335
11.850,0.1975,60.2322,24.2776,1462.29,633.471
11.852,0.1975,60.2223,24.2799,1462.19,633.607
11.854,0.1976,60.2125,24.2464,1459.93,633.743
11.856,0.1976,60.2027,24.2539,1460.15,633.88
11.858,0.1976,60.193,24.2431,1459.26,634.016
11.860,0.1977,60.1833,24.255,1459.74,634.152
11.862,0.1977,60.1738,24.2417,1458.71,634.288
11.864,0.1977,60.1642,24.3006,1462.03,634.424
11.866,0.1978,60.1548,24.288,1461.04,634.56
11.868,0.1978,60.1453,24.3042,1461.78,634.696
11.870,0.1978,60.1361,24.2927,1460.87,634.832
11.872,0.1979,60.1268,24.3226,1462.44,634.968
11.874,0.1979,60.1177,24.3146,1461.74,635.104
11.876,0.1979,60.1084,24.3297,1462.42,635.24
11.878,0.1980,60.0994,24.3252,1461.93,635.376
11.880,0.1980,60.0904,24.3375,1462.45,635.512
11.882,0.1980,60.0814,24.374,1464.43,635.649
11.884,0.1981,60.0725,24.379,1464.51,635.785
11.886,0.1981,60.0636,24.3867,1464.75,635.921
11.888,0.1981,60.0547,24.3865,1464.52,636.057
11.890,0.1982,60.0459,24.4114,1465.8,636.193
11.892,0.1982,60.0371,24.3503,1461.92,636.329
11.894,0.1982,60.0283,24.3633,1462.49,636.465
11.896,0.1983,60.0196,24.396,1464.24,636.601
11.898,0.1983,60.0109,24.4333,1466.26,636.737
11.900,0.1983,60.0023,24.4002,1464.07,636.873
11.902,0.1984,59.9935,24.4407,1466.28,637.01
11.904,0.1984,59.985,24.3569,1461.05,637.146
11.906,0.1984,59.9763,24.4008,1463.47,637.282
11.908,0.1985,59.9677,24.2612,1454.89,637.418
11.910,0.1985,59.959,24.2978,1456.87,637.554
11.912,0.1985,59.9505,24.2573,1454.24,637.69
11.914,0.1986,59.9418,24.235,1452.69,637.826
11.916,0.1986,59.9332,24.2225,1451.74,637.962
11.918,0.1986,59.9245,24.2918,1455.67,638.099
11.920,0.1987,59.9159,24.2528,1453.13,638.235
11.922,0.1987,59.9071,24.283,1454.73,638.371
11.924,0.1987,59.8985,24.2449,1452.23,638.507
11.926,0.1988,59.8897,24.2735,1453.73,638.643
11.928,0.1988,59.8809,24.2371,1451.34,638.78
11.930,0.1988,59.872,24.2327,1450.86,638.916
11.932,0.1989,59.8631,24.2287,1450.4,639.052
11.934,0.1989,59.8541,24.2254,1449.99,639.188
11.936,0.1989,59.845,24.2226,1449.6,639.325
11.938,0.1990,59.8358,24.2143,1448.88,639.461
11.940,0.1990,59.8266,24.2137,1448.62,639.597
11.942,0.1990,59.8173,24.2148,1448.46,639.733
11.944,0.1991,59.8079,24.2162,1448.32,639.869
11.946,0.1991,59.7984,24.2196,1448.29,640.006
11.948,0.1991,59.7888,24.2233,1448.28,640.142
11.950,0.1992,59.7792,24.2087,1447.18,640.278
11.952,0.1992,59.7695,24.2146,1447.29,640.414
11.954,0.1992,59.7597,24.2353,1448.29,640.55
11.956,0.1993,59.7499,24.2437,1448.56,640.686
11.958,0.1993,59.7399,24.2729,1450.06,640.822
11.960,0.1993,61.4797,24.3008,1494.01,640.958
11.962,0.1994,61.4691,24.3119,1494.43,641.094
11.964,0.1994,61.4585,24.3228,1494.84,641.23
11.966,0.1994,61.448,24.3349,1495.33,641.366
11.968,0.1995,61.4376,24.3466,1495.79,641.503
11.970,0.1995,61.4273,24.3591,1496.31,641.639
11.972,0.1995,61.417,24.3699,1496.73,641.775
11.974,0.1996,61.4068,24.4219,1499.67,641.911
11.976,0.1996,61.3968,24.4296,1499.9,642.047
11.978,0.1996,61.3868,24.4402,1500.31,642.183
11.980,0.1997,61.377,24.354,1494.78,642.32
11.982,0.1997,61.3672,24.3661,1495.28,642.456
11.984,0.1997,61.3578,24.3996,1497.1,642.592
11.986,0.1998,61.3482,24.4095,1497.48,642.729
11.988,0.1998,61.3391,24.4151,1497.6,642.865
11.990,0.1998,61.3297,24.4247,1497.96,643.001
11.992,0.1999,61.3208,24.4285,1497.98,643.138
11.994,0.1999,61.3117,24.4378,1498.32,643.274
11.996,0.1999,61.3031,24.3993,1495.75,643.41
11.998,0.2000,61.2942,24.406,1495.94,643.547
12.000,0.2000,61.2857,24.4077,1495.85,643.683
12.002,0.2000,61.277,24.1914,1482.38,643.819
12.004,0.2001,61.2687,24.1975,1482.55,643.955
12.006,0.2001,61.2601,24.2322,1484.46,644.092
12.008,0.2001,61.2518,24.2409,1484.8,644.228
12.010,0.2002,61.2432,24.2045,1482.36,644.364
12.012,0.2002,61.2347,24.2092,1482.44,644.5
12.014,0.2002,61.2261,24.214,1482.53,644.636
12.016,0.2003,61.2175,24.2184,1482.59,644.772
12.018,0.2003,61.2088,24.2229,1482.65,644.908
12.020,0.2003,61.2,24.2271,1482.7,645.044
12.022,0.2004,61.1911,24.1641,1478.63,645.18
12.024,0.2004,61.1822,24.1948,1480.29,645.316
12.026,0.2004,61.1731,24.2004,1480.41,645.452
12.028,0.2005,61.164,24.1582,1477.61,645.588
12.030,0.2005,61.1547,24.1637,1477.72,645.724
12.032,0.2005,61.1454,24.2,1479.72,645.86
12.034,0.2006,61.1359,24.2568,1482.96,645.996
12.036,0.2006,61.1263,24.2585,1482.83,646.132
12.038,0.2006,61.1167,24.2659,1483.05,646.268
12.040,0.2007,61.1069,24.266,1482.82,646.404
12.042,0.2007,61.0971,24.274,1483.07,646.54
12.044,0.2007,61.0871,24.2493,1481.32,646.676
12.046,0.2008,61.0772,24.2562,1481.5,646.813
12.048,0.2008,61.0671,24.2544,1481.14,646.949
12.050,0.2008,61.057,24.2604,1481.27,647.085
12.052,0.2009,61.0469,24.2585,1480.9,647.221
12.054,0.2009,61.0368,24.2568,1480.56,647.357
12.056,0.2009,61.0266,24.2492,1479.85,647.494
12.058,0.2010,61.0165,24.256,1480.02,647.63
12.060,0.2010,61.0063,24.249,1479.34,647.766
12.062,0.2010,60.9963,24.2544,1479.43,647.903
12.064,0.2011,60.9861,24.2486,1478.83,648.039
12.066,0.2011,60.9762,24.2525,1478.82,648.175
12.068,0.2011,60.9661,24.2245,1476.87,648.311
12.070,0.2012,60.9563,24.2207,1476.4,648.448
12.072,0.2012,60.9464,24.2548,1478.24,648.584
12.074,0.2012,60.9367,24.2434,1477.32,648.72
12.076,0.2013,60.9269,24.1625,1472.15,648.856
12.078,0.2013,60.9174,24.1455,1470.88,648.992
12.080,0.2013,60.9078,24.3072,1480.5,649.128
12.082,0.2014,60.8983,24.2906,1479.26,649.265
12.084,0.2014,60.8889,24.3082,1480.1,649.401
12.086,0.2014,60.8796,24.2907,1478.81,649.537
12.088,0.2015,60.8703,24.3096,1479.73,649.673
12.090,0.2015,60.8611,24.3104,1479.55,649.809
12.092,0.2015,60.8519,24.3091,1479.25,649.945
12.094,0.2016,60.8428,24.3118,1479.19,650.081
12.096,0.2016,60.8337,24.3086,1478.78,650.218
12.098,0.2016,60.8247,24.4205,1485.37,650.354
12.100,0.2017,60.8157,24.416,1484.88,650.49
12.102,0.2017,60.8067,24.3847,1482.75,650.626
12.104,0.2017,60.7977,24.3802,1482.26,650.762
12.106,0.2018,60.7888,24.3827,1482.19,650.899
12.108,0.2018,60.7798,24.3791,1481.75,651.035
12.110,0.2018,60.7709,24.4163,1483.8,651.171
12.112,0.2019,60.7618,24.4126,1483.36,651.307
12.114,0.2019,60.7528,24.411,1483.03,651.443
12.116,0.2019,60.7437,24.4111,1482.82,651.58
12.119,0.2020,60.7345,24.4041,1482.17,651.716
12.121,0.2020,60.7254,24.4097,1482.29,651.852
12.123,0.2020,60.7161,24.3964,1481.25,651.988
12.125,0.2021,60.7069,24.4086,1481.77,652.124
12.127,0.2021,60.6975,24.3882,1480.3,652.261
12.129,0.2021,60.6882,24.408,1481.28,652.397
12.131,0.2022,60.6787,24.3803,1479.36,652.533
12.133,0.2022,60.6694,24.4249,1481.85,652.669
12.135,0.2022,60.6599,24.3919,1479.61,652.805
12.137,0.2023,60.6506,24.4257,1481.44,652.941
12.139,0.2023,60.641,24.3857,1478.77,653.077
12.141,0.2023,60.6317,24.4267,1481.04,653.214
12.143,0.2024,60.6221,24.3242,1474.58,653.35
12.145,0.2024,60.6129,24.3688,1477.06,653.486
12.147,0.2024,60.6033,24.2818,1471.56,653.622
12.149,0.2025,60.5942,24.3286,1474.17,653.758
12.151,0.2025,60.5847,24.2818,1471.11,653.894
12.153,0.2025,60.5756,24.33,1473.81,654.03
12.155,0.2026,60.5662,24.2326,1467.68,654.167
12.157,0.2026,60.5572,24.2751,1470.03,654.303
12.159,0.2026,60.5478,24.236,1467.44,654.439
12.161,0.2027,60.5389,24.2754,1469.61,654.575
12.163,0.2027,60.5296,24.2467,1467.65,654.711
12.165,0.2027,60.5208,24.2991,1470.6,654.847
12.167,0.2028,60.5116,24.2867,1469.62,654.984
12.169,0.2028,60.5029,24.2575,1467.65,655.12
12.171,0.2028,60.4937,24.2646,1467.86,655.256
12.173,0.2029,60.4845,24.2719,1468.08,655.392
12.175,0.2029,60.4754,24.279,1468.28,655.529
12.177,0.2029,60.4662,24.3168,1470.35,655.665
12.179,0.2030,60.4571,24.3246,1470.59,655.801
12.181,0.2030,60.4479,24.3325,1470.85,655.937
12.183,0.2030,60.4387,24.3399,1471.07,656.073
12.185,0.2031,60.4295,24.3473,1471.3,656.209
12.187,0.2031,60.4203,24.3346,1470.3,656.345
12.189,0.2031,60.411,24.342,1470.52,656.482
12.191,0.2032,60.4017,24.3168,1468.77,656.618
12.193,0.2032,60.3924,24.3234,1468.95,656.754
12.195,0.2032,60.383,24.3289,1469.06,656.89
12.197,0.2033,60.3736,24.3775,1471.76,657.026
12.199,0.2033,60.3641,24.3816,1471.78,657.162
12.201,0.2033,60.3546,24.3856,1471.78,657.298
12.203,0.2034,60.345,24.3581,1469.89,657.434
12.205,0.2034,60.3354,24.3587,1469.69,657.57
12.207,0.2034,60.3258,24.3585,1469.45,657.706
12.209,0.2035,60.3161,24.358,1469.18,657.843
12.211,0.2035,60.3064,24.3569,1468.88,657.979
12.213,0.2035,60.2967,24.3556,1468.56,658.115
12.215,0.2036,60.287,24.3533,1468.19,658.251
12.217,0.2036,60.2773,24.3512,1467.83,658.387
12.219,0.2036,60.2676,24.3552,1467.83,658.524
12.221,0.2037,60.2579,24.3524,1467.42,658.66
12.223,0.2037,60.2483,24.3478,1466.91,658.796
12.225,0.2037,60.2386,24.3441,1466.45,658.932
12.227,0.2038,60.229,24.3385,1465.88,659.069
12.229,0.2038,60.2194,24.3341,1465.38,659.205
12.231,0.2038,60.2099,24.5782,1479.85,659.341
12.233,0.2039,60.2004,24.5622,1478.65,659.477
12.235,0.2039,60.191,24.354,1465.89,659.614
12.237,0.2039,60.1816,24.3502,1465.43,659.75
12.239,0.2040,60.1724,24.3118,1462.9,659.886
12.241,0.2040,60.1631,24.2556,1459.29,660.022
12.243,0.2040,60.154,24.2785,1460.45,660.158
12.245,0.2041,60.1449,24.2743,1459.98,660.294
12.247,0.2041,60.1359,24.2191,1456.44,660.43
12.249,0.2041,60.127,24.2735,1459.49,660.567
12.251,0.2042,60.1182,24.2708,1459.12,660.703
12.253,0.2042,60.1094,24.2888,1459.99,660.839
12.255,0.2042,60.1008,24.2872,1459.68,660.974
12.257,0.2043,60.0922,24.3489,1463.18,661.11
12.259,0.2043,60.0837,24.352,1463.16,661.246
12.261,0.2043,60.0752,24.2941,1459.48,661.382
12.263,0.2044,60.0669,24.3008,1459.67,661.518
12.265,0.2044,60.0586,24.3091,1459.97,661.654
12.267,0.2044,60.0503,24.3325,1461.18,661.79
12.269,0.2045,60.0421,24.3685,1463.14,661.926
12.271,0.2045,60.0339,24.3373,1461.06,662.062
12.273,0.2045,60.0256,24.3532,1461.81,662.198
12.275,0.2046,60.0174,24.3409,1460.88,662.334
12.277,0.2046,60.0092,24.3599,1461.82,662.47
12.279,0.2046,60.0008,24.3735,1462.43,662.606
12.281,0.2047,59.9925,24.3939,1463.45,662.742
12.283,0.2047,59.984,24.4069,1464.02,662.879
12.285,0.2047,59.9757,24.4269,1465.02,663.015
12.287,0.2048,59.967,24.4396,1465.57,663.151
12.289,0.2048,59.9586,24.4576,1466.44,663.287
12.291,0.2048,59.9498,24.4699,1466.97,663.423
12.293,0.2049,61.4121,24.5222,1505.96,663.559
12.295,0.2049,61.4015,24.535,1506.48,663.695
12.297,0.2049,61.3903,24.5422,1506.65,663.832
12.299,0.2050,61.3796,24.5546,1507.15,663.968
12.301,0.2050,61.3684,24.557,1507.02,664.104
12.303,0.2050,61.3577,24.5685,1507.46,664.24
12.305,0.2051,61.3464,24.5665,1507.07,664.376
12.307,0.2051,61.3358,24.5761,1507.39,664.512
12.309,0.2051,61.3247,24.5708,1506.8,664.648
12.311,0.2052,61.3141,24.5857,1507.45,664.784
12.313,0.2052,61.3032,24.4217,1497.13,664.92
12.315,0.2052,61.2928,24.398,1495.42,665.056
12.317,0.2053,61.2821,24.359,1492.77,665.192
12.319,0.2053,61.2719,24.3405,1491.39,665.328
12.321,0.2053,61.2616,24.3488,1491.65,665.464
12.323,0.2054,61.2516,24.3224,1489.78,665.6
12.325,0.2054,61.2416,24.3339,1490.25,665.736
12.327,0.2054,61.2318,24.2989,1487.86,665.872
12.329,0.2055,61.2222,24.3146,1488.6,666.008
12.331,0.2055,61.2127,24.3006,1487.5,666.144
12.333,0.2055,61.2034,24.2887,1486.55,666.281
12.335,0.2056,61.1941,24.269,1485.12,666.417
12.337,0.2056,61.185,24.2594,1484.31,666.553
12.339,0.2056,61.176,24.2351,1482.61,666.689
12.341,0.2057,61.1673,24.1754,1478.74,666.825
12.343,0.2057,61.1584,24.1495,1476.94,666.961
12.345,0.2057,61.1499,24.1436,1476.38,667.097
12.347,0.2058,61.1411,24.1165,1474.51,667.233
12.349,0.2058,61.1328,24.0588,1470.78,667.37
12.351,0.2058,61.1241,24.0291,1468.75,667.506
12.353,0.2059,61.1159,24.0289,1468.54,667.642
12.355,0.2059,61.1071,24.0003,1466.59,667.778
12.357,0.2059,61.0989,24.0407,1468.86,667.914
12.359,0.2060,61.0901,24.0162,1467.16,668.05
12.361,0.2060,61.0819,24.0183,1467.08,668.186
12.363,0.2060,61.073,23.9571,1463.13,668.321
12.365,0.2061,61.0646,23.9624,1463.25,668.457
12.367,0.2061,61.0555,23.9457,1462.02,668.593
12.369,0.2061,61.0468,23.9795,1463.87,668.729
12.371,0.2062,61.0376,23.9654,1462.79,668.865
12.373,0.2062,61.0286,23.9785,1463.37,669.001
12.375,0.2062,61.0191,23.9943,1464.11,669.137
12.377,0.2063,61.0099,24.0185,1465.36,669.273
12.379,0.2063,61.0002,23.9435,1460.56,669.409
12.381,0.2063,60.9906,23.9274,1459.34,669.545
12.383,0.2064,60.9807,24.0043,1463.8,669.681
12.385,0.2064,60.9708,24.0173,1464.36,669.817
12.387,0.2064,60.9608,24.1994,1475.22,669.953
12.389,0.2065,60.9505,24.1856,1474.13,670.089
12.391,0.2065,60.9404,24.2348,1476.87,670.225
12.393,0.2065,60.9299,24.1148,1469.31,670.361
12.395,0.2066,60.9197,24.1557,1471.56,670.497
12.397,0.2066,60.9089,24.1427,1470.51,670.633
12.399,0.2066,60.8987,24.1961,1473.51,670.769
12.401,0.2067,60.8879,24.1704,1471.68,670.905
12.403,0.2067,60.8777,24.2362,1475.44,671.041
12.405,0.2067,60.8667,24.1959,1472.73,671.177
12.407,0.2068,60.8566,24.276,1477.35,671.313
12.409,0.2068,60.8457,24.2262,1474.06,671.449
12.411,0.2068,60.8357,24.2434,1474.86,671.586
12.413,0.2069,60.8257,24.2578,1475.5,671.722
12.415,0.2069,60.8157,24.2714,1476.08,671.858
12.417,0.2069,60.8058,24.2824,1476.51,671.994
12.419,0.2070,60.796,24.2919,1476.85,672.13
12.421,0.2070,60.7862,24.2439,1473.7,672.266
12.423,0.2070,60.7765,24.2488,1473.76,672.402
12.425,0.2071,60.7669,24.252,1473.72,672.538
12.427,0.2071,60.7573,24.2068,1470.74,672.674
12.429,0.2071,60.7477,24.2057,1470.44,672.81
12.431,0.2072,60.7382,24.2018,1469.97,672.945
12.433,0.2072,60.7288,24.2196,1470.82,673.081
12.435,0.2072,60.7194,24.2123,1470.15,673.217
12.437,0.2073,60.71,24.2382,1471.5,673.353
12.439,0.2073,60.7007,24.2295,1470.75,673.489
12.441,0.2074,60.6914,24.2214,1470.03,673.625
12.443,0.2074,60.6821,24.211,1469.17,673.761
12.445,0.2074,60.6729,24.1574,1465.7,673.897
12.447,0.2075,60.6636,24.1458,1464.77,674.033
12.449,0.2075,60.6544,24.1354,1463.92,674.169
12.451,0.2075,60.6451,24.1235,1462.97,674.305
12.453,0.2076,60.6359,24.034,1457.32,674.441
12.455,0.2076,60.6266,24.0251,1456.56,674.577
12.457,0.2076,60.6174,24.006,1455.18,674.714
12.459,0.2077,60.6081,24.0026,1454.75,674.85
12.461,0.2077,60.5987,23.9385,1450.64,674.986
12.463,0.2077,60.5894,23.9293,1449.86,675.122
12.465,0.2078,60.58,23.9147,1448.75,675.258
12.467,0.2078,60.5706,23.9105,1448.27,675.394
12.469,0.2078,60.561,23.8954,1447.13,675.53
12.471,0.2079,60.5515,23.9386,1449.52,675.666
12.473,0.2079,60.5419,23.9288,1448.69,675.802
12.475,0.2079,60.5323,23.934,1448.78,675.938
12.477,0.2080,60.5225,23.9244,1447.96,676.074
12.479,0.2080,60.5128,23.9371,1448.5,676.21
12.481,0.2080,60.5029,23.9342,1448.09,676.346
12.483,0.2081,60.4931,23.9551,1449.12,676.482
12.485,0.2081,60.4831,23.9455,1448.3,676.618
12.487,0.2081,60.4732,24.0172,1452.4,676.754
12.489,0.2082,60.4631,24.0952,1456.87,676.889
12.491,0.2082,60.4531,24.0944,1456.58,677.025
12.493,0.2082,60.4431,24.068,1454.74,677.161
12.495,0.2083,60.4331,24.0907,1455.88,677.297
12.497,0.2083,60.4231,24.1175,1457.25,677.432
12.499,0.2083,60.4131,24.1431,1458.56,677.568
12.501,0.2084,60.403,24.1723,1460.08,677.704
12.503,0.2084,60.393,24.1884,1460.81,677.84
12.505,0.2084,60.383,24.2175,1462.33,677.976
12.507,0.2085,60.373,24.2443,1463.7,678.111
12.509,0.2085,60.3631,24.2733,1465.21,678.247
12.511,0.2085,60.3531,24.2996,1466.55,678.383
12.513,0.2086,60.3432,24.3186,1467.46,678.519
12.515,0.2086,60.3333,24.3518,1469.22,678.655
12.517,0.2086,60.3234,24.3356,1468,678.791
12.519,0.2087,60.3135,24.3805,1470.47,678.927
12.521,0.2087,60.3037,24.368,1469.48,679.063
12.523,0.2087,60.2939,24.4205,1472.4,679.199
12.525,0.2088,60.2841,24.3925,1470.48,679.335
12.527,0.2088,60.2744,24.4516,1473.8,679.47
12.529,0.2088,60.2646,24.4082,1470.95,679.606
12.531,0.2089,60.2549,24.473,1474.62,679.742
12.533,0.2089,60.2452,24.4148,1470.87,679.878
12.535,0.2089,60.2355,24.4844,1474.83,680.014
12.537,0.2090,60.2259,24.3669,1467.52,680.15
12.539,0.2090,60.2167,24.3691,1467.43,680.28
12.541,0.2090,60.207,24.3298,1464.83,680.416
12.543,0.2091,60.1976,24.4021,1468.95,680.549
12.545,0.2091,60.188,24.3345,1464.65,680.684
12.547,0.2091,60.1785,24.3994,1468.32,680.82
12.549,0.2092,60.1689,24.3086,1462.62,680.956
12.551,0.2092,60.1595,24.3716,1466.19,681.092
12.553,0.2092,60.1499,24.2796,1460.41,681.228
12.555,0.2093,60.1405,24.3394,1463.79,681.363
12.557,0.2093,60.131,24.2783,1459.88,681.499
12.559,0.2093,60.122,24.3304,1462.79,681.631
12.561,0.2093,60.1126,24.2466,1457.53,681.767
12.563,0.2094,60.1035,24.2956,1460.25,681.901
12.565,0.2094,60.0941,24.218,1455.36,682.037
12.567,0.2094,60.0851,24.2624,1457.81,682.173
12.569,0.2095,60.0758,24.1352,1449.94,682.309
12.571,0.2095,60.0668,24.1196,1448.79,682.445
12.573,0.2095,60.0579,24.0949,1447.09,682.581
12.575,0.2096,60.0491,24.0923,1446.72,682.717
12.577,0.2096,60.0403,24.0592,1444.52,682.853
12.579,0.2097,60.0315,24.0696,1444.93,682.989
12.581,0.2097,60.0228,24.1155,1447.48,683.125
12.583,0.2097,60.014,24.1346,1448.42,683.261
12.585,0.2098,60.0053,24.0894,1445.49,683.397
12.587,0.2098,59.9967,24.1182,1447.01,683.533
12.589,0.2098,59.9879,24.0692,1443.86,683.669
12.591,0.2099,59.9792,23.9783,1438.2,683.805
12.593,0.2099,59.9705,23.937,1435.51,683.941
12.595,0.2099,59.9617,24.1317,1446.98,684.077
12.597,0.2100,59.9529,24.1791,1449.61,684.213
12.599,0.2100,59.9442,24.18,1449.45,684.346
12.601,0.2100,59.9352,24.1409,1446.89,684.482
12.603,0.2100,59.9265,24.1324,1446.17,684.614
12.605,0.2101,59.9174,24.1446,1446.68,684.75
12.607,0.2101,59.9083,24.1317,1445.69,684.884
12.609,0.2101,59.899,24.1526,1446.72,685.019
12.611,0.2102,59.8897,24.1351,1445.45,685.155
12.613,0.2102,59.8802,24.1647,1446.99,685.291
12.615,0.2102,59.8707,24.1426,1445.44,685.426
12.617,0.2103,59.861,24.2157,1449.57,685.562
12.619,0.2103,59.8513,24.1959,1448.16,685.698
12.621,0.2103,59.8414,24.1843,1447.22,685.834
12.623,0.2104,59.8315,24.1635,1445.74,685.97
12.625,0.2104,59.8215,24.2043,1447.94,686.105
12.627,0.2104,59.8115,24.1838,1446.47,686.241
12.629,0.2105,59.8014,24.2237,1448.61,686.377
12.631,0.2105,59.7914,24.2445,1449.61,686.513
12.633,0.2105,59.7812,24.2623,1450.43,686.649
12.635,0.2106,61.6628,24.2874,1497.63,686.785
12.637,0.2106,61.6532,24.2741,1496.58,686.921
12.639,0.2106,61.6441,24.281,1496.78,687.057
12.641,0.2107,61.6345,24.2165,1492.57,687.193
12.643,0.2107,61.6255,24.2192,1492.52,687.329
12.645,0.2107,61.6159,24.2109,1491.78,687.465
12.647,0.2108,61.607,24.2215,1492.22,687.601
12.649,0.2108,61.5975,24.2074,1491.12,687.736
12.651,0.2109,61.5887,24.131,1486.2,687.872
12.653,0.2109,61.5798,24.1293,1485.88,688.008
12.655,0.2109,61.571,24.1274,1485.55,688.144
12.657,0.2110,61.5622,24.1236,1485.1,688.28
12.659,0.2110,61.5535,24.1194,1484.63,688.416
12.661,0.2110,61.5447,24.1135,1484.06,688.552
12.663,0.2111,61.5358,24.107,1483.44,688.688
12.665,0.2111,61.527,24.0991,1482.74,688.823
12.667,0.2111,61.5181,24.0904,1481.99,688.959
12.669,0.2112,61.5091,24.0805,1481.17,689.095
12.671,0.2112,61.5001,24.0699,1480.3,689.231
12.673,0.2112,61.4909,24.0585,1479.38,689.367
12.675,0.2113,61.4817,24.0463,1478.41,689.503
12.677,0.2113,61.4723,24.0337,1477.41,689.638
12.679,0.2113,61.4628,24.0206,1476.37,689.774
12.681,0.2114,61.4532,24.0073,1475.33,689.91
12.683,0.2114,61.4435,23.9939,1474.27,690.046
12.685,0.2114,61.4336,23.9808,1473.23,690.182
12.687,0.2115,61.4236,23.9677,1472.18,690.318
12.689,0.2115,61.4135,23.9554,1471.19,690.454
12.691,0.2115,61.4032,23.9436,1470.21,690.59
12.693,0.2116,61.3928,23.936,1469.5,690.726
12.695,0.2116,61.3822,23.8721,1465.32,690.862
12.697,0.2116,61.3715,23.8719,1465.05,690.997
12.699,0.2117,61.3607,23.8536,1463.67,691.133
12.701,0.2117,61.3499,23.861,1463.87,691.269
12.703,0.2117,61.3389,23.842,1462.44,691.405
12.705,0.2118,61.3279,23.7939,1459.23,691.541
12.707,0.2118,61.3168,23.771,1457.56,691.677
12.709,0.2118,61.3058,23.7978,1458.95,691.813
12.711,0.2119,61.2947,23.7766,1457.38,691.949
12.713,0.2119,61.2837,23.8101,1459.17,692.085
12.715,0.2119,61.273,23.777,1456.89,692.216
12.717,0.2120,61.2621,23.762,1455.71,692.352
12.719,0.2120,61.2514,23.7457,1454.46,692.485
12.721,0.2120,61.2407,23.7914,1457,692.621
12.723,0.2121,61.23,23.7817,1456.15,692.756
12.725,0.2121,61.2196,23.8274,1458.71,692.892
12.727,0.2121,61.2092,23.8248,1458.3,693.028
12.729,0.2122,61.1992,23.8096,1457.13,693.163
12.731,0.2122,61.1891,23.8336,1458.36,693.299
12.733,0.2122,61.1793,23.8814,1461.05,693.435
12.735,0.2123,61.1697,23.9077,1462.42,693.57
12.737,0.2123,61.1602,23.6516,1446.54,693.706
12.739,0.2123,61.151,23.6748,1447.74,693.842
12.741,0.2124,61.142,23.6993,1449.02,693.978
12.743,0.2124,61.1332,23.7549,1452.21,694.113
12.745,0.2124,61.1245,23.8241,1456.24,694.249
12.747,0.2125,61.1161,23.7662,1452.49,694.385
12.749,0.2125,61.1078,23.7835,1453.35,694.521
12.751,0.2125,61.0996,23.7963,1453.94,694.656
12.753,0.2126,61.0915,23.8637,1457.87,694.792
12.755,0.2126,61.0836,23.8621,1457.59,694.928
12.757,0.2126,61.0757,23.9269,1461.35,695.064
12.759,0.2127,61.0679,23.9111,1460.2,695.2
12.761,0.2127,61.0601,23.947,1462.21,695.336
12.763,0.2127,61.0522,23.9176,1460.23,695.471
12.765,0.2128,61.0445,23.9598,1462.61,695.607
12.767,0.2128,61.0365,23.9704,1463.07,695.743
12.769,0.2128,61.0287,24.0198,1465.89,695.879
12.771,0.2129,61.0206,23.967,1462.48,696.015
12.773,0.2129,61.0125,24.0224,1465.67,696.151
12.775,0.2129,61.0042,23.9601,1461.67,696.286
12.777,0.2130,60.9958,24.0603,1467.58,696.422
12.779,0.2130,60.9872,23.9853,1462.8,696.558
12.781,0.2130,60.9786,24.0551,1466.85,696.694
12.783,0.2131,60.9697,23.973,1461.63,696.829
12.785,0.2131,60.9607,23.997,1462.87,696.965
12.787,0.2131,60.9515,23.9065,1457.14,697.1
12.789,0.2132,60.9422,23.9881,1461.89,697.236
12.791,0.2132,60.9326,24.1155,1469.42,697.372
12.793,0.2132,60.923,24.1477,1471.15,697.508
12.795,0.2133,60.9132,24.1275,1469.68,697.643
12.797,0.2133,60.9033,24.1592,1471.38,697.779
12.799,0.2133,60.8933,24.1246,1469.03,697.915
12.801,0.2134,60.8832,24.2972,1479.29,698.051
12.803,0.2134,60.873,24.2258,1474.69,698.186
12.805,0.2134,60.8628,24.2967,1478.77,698.322
12.807,0.2135,60.8526,24.0506,1463.54,698.458
12.809,0.2135,60.8423,24.084,1465.33,698.594
12.811,0.2135,60.8321,24.086,1465.2,698.73
12.813,0.2136,60.822,24.1188,1466.95,698.866
12.815,0.2136,60.8119,24.1276,1467.25,699.002
12.817,0.2136,60.8019,24.1162,1466.31,699.137
12.819,0.2137,60.7919,24.0831,1464.06,699.273
12.821,0.2137,60.7821,24.103,1465.03,699.409
12.823,0.2137,60.7724,24.1222,1465.97,699.545
12.825,0.2138,60.7627,24.1019,1464.49,699.681
12.827,0.2138,60.7533,24.1226,1465.52,699.817
12.829,0.2138,60.7438,24.0996,1463.9,699.952
12.831,0.2139,60.7346,24.1661,1467.72,700.088
12.833,0.2139,60.7255,24.1472,1466.35,700.224
12.835,0.2139,60.7166,24.1114,1463.96,700.359
12.837,0.2140,60.7077,24.0955,1462.78,700.495
12.839,0.2140,60.699,24.0631,1460.61,700.63
12.841,0.2140,60.6904,24.0478,1459.47,700.766
12.843,0.2141,60.6819,24.1174,1463.49,700.901
12.845,0.2141,60.6735,24.0398,1458.58,701.037
12.847,0.2141,60.6653,24.0599,1459.6,701.172
12.849,0.2142,60.6571,23.9299,1451.51,701.308
12.851,0.2142,60.649,23.9581,1453.03,701.444
12.853,0.2142,60.6409,23.9261,1450.9,701.579
12.855,0.2143,60.6329,23.9492,1452.11,701.715
12.857,0.2143,60.625,23.9197,1450.13,701.85
12.859,0.2143,60.6171,23.9375,1451.02,701.986
12.861,0.2144,60.6093,23.9108,1449.22,702.122
12.863,0.2144,60.6014,23.9232,1449.78,702.257
12.865,0.2144,60.5936,23.8997,1448.17,702.393
12.867,0.2145,60.5858,23.9589,1451.57,702.529
12.869,0.2145,60.578,23.9357,1449.97,702.665
12.871,0.2145,60.5701,23.9504,1450.68,702.801
12.873,0.2146,60.5623,23.9126,1448.2,702.936
12.875,0.2146,60.5543,23.9532,1450.47,703.072
12.877,0.2146,60.5465,23.9407,1449.53,703.208
12.879,0.2147,60.5383,23.9454,1449.61,703.344
12.881,0.2147,60.5304,23.877,1445.29,703.48
12.883,0.2147,60.5221,23.8825,1445.42,703.616
12.885,0.2148,60.5141,23.861,1443.93,703.752
12.887,0.2148,60.5056,23.8661,1444.03,703.887
12.889,0.2148,60.4973,23.8487,1442.78,704.023
12.891,0.2149,60.4887,23.8442,1442.3,704.159
12.893,0.2149,60.48,23.8418,1441.95,704.295
12.895,0.2149,60.4711,23.84,1441.63,704.431
12.897,0.2150,60.4621,23.8401,1441.42,704.567
12.899,0.2150,60.4529,23.7362,1434.92,704.702
12.901,0.2150,60.4436,23.7429,1435.11,704.838
12.903,0.2151,60.4341,23.7883,1437.63,704.974
12.905,0.2151,60.4245,23.7964,1437.89,705.11
12.907,0.2151,60.4148,23.8053,1438.19,705.245
12.909,0.2152,60.4048,23.815,1438.54,705.381
12.911,0.2152,60.3947,23.8256,1438.94,705.517
12.913,0.2152,60.3845,23.8363,1439.34,705.653
12.915,0.2153,60.3741,23.8478,1439.79,705.788
12.917,0.2153,60.3636,23.8587,1440.2,705.924
12.919,0.2153,60.353,23.8702,1440.64,706.06
12.921,0.2154,60.3422,23.8805,1441,706.196
12.923,0.2154,60.3314,23.8912,1441.39,706.332
12.925,0.2154,60.3204,23.9,1441.66,706.467
12.927,0.2155,60.3094,23.9091,1441.94,706.603
12.929,0.2155,60.2984,23.9158,1442.09,706.739
12.931,0.2155,60.2873,23.8148,1435.73,706.875
12.933,0.2156,60.2762,23.8125,1435.33,707.011
12.935,0.2156,60.2651,23.827,1435.94,707.146
12.937,0.2156,60.2541,23.8355,1436.19,707.282
12.939,0.2157,60.2432,23.9185,1440.93,707.418
12.941,0.2157,60.2323,23.8802,1438.36,707.554
12.943,0.2157,60.2215,23.9314,1441.19,707.69
12.945,0.2158,60.2109,23.8763,1437.62,707.826
12.947,0.2158,60.2005,23.9389,1441.13,707.961
12.949,0.2158,60.1902,23.8678,1436.61,708.097
12.951,0.2159,60.1801,23.9553,1441.63,708.233
12.953,0.2159,60.1702,23.868,1436.14,708.369
12.955,0.2159,60.1607,23.9484,1440.75,708.503
12.957,0.2160,60.1513,23.8487,1434.53,708.638
12.959,0.2160,60.1421,23.8991,1437.34,708.773
12.961,0.2160,60.1331,23.737,1427.38,708.909
12.963,0.2161,60.1243,23.7274,1426.59,709.045
12.965,0.2161,60.1158,23.6449,1421.43,709.18
12.967,0.2161,60.1075,23.6903,1423.96,709.316
12.969,0.2162,60.0994,23.5989,1418.28,709.452
12.971,0.2162,60.0914,23.5908,1417.61,709.587
12.973,0.2162,60.0836,23.5861,1417.14,709.723
12.975,0.2163,60.0759,23.5822,1416.72,709.859
12.977,0.2163,60.0684,23.6753,1422.14,709.995
12.979,0.2163,60.0609,23.6754,1421.97,710.13
12.981,0.2164,60.0536,23.6782,1421.96,710.266
12.983,0.2164,60.0462,23.6833,1422.09,710.402
12.985,0.2164,60.0389,23.7139,1423.76,710.538
12.987,0.2165,60.0316,23.7221,1424.08,710.674
12.989,0.2165,60.0242,23.7784,1427.28,710.809
12.991,0.2165,60.0168,23.7904,1427.83,710.945
12.993,0.2166,60.0093,23.7991,1428.17,711.081
12.995,0.2166,60.0016,23.8458,1430.79,711.217
12.997,0.2166,59.9938,23.8546,1431.13,711.353
12.999,0.2167,59.986,23.8118,1428.38,711.488
13.001,0.2167,59.9778,23.8202,1428.68,711.624
13.003,0.2167,59.9696,23.8448,1429.96,711.76
13.005,0.2168,59.961,23.8521,1430.19,711.896
13.007,0.2168,61.8355,23.9013,1477.95,712.031
13.009,0.2168,61.8266,23.8485,1474.47,712.167
13.011,0.2169,61.8178,23.8717,1475.7,712.303
13.013,0.2169,61.8088,23.9121,1477.98,712.439
13.015,0.2169,61.8,23.9334,1479.09,712.574
13.017,0.2170,61.7911,23.9434,1479.49,712.71
13.019,0.2170,61.7827,23.9591,1480.26,712.839
13.021,0.2170,61.7738,23.9706,1480.75,712.975
13.023,0.2171,61.7656,23.9449,1478.97,713.102
13.025,0.2171,61.7567,23.9476,1478.93,713.238
13.027,0.2171,61.7482,23.9584,1479.39,713.369
13.029,0.2172,61.7395,23.9644,1479.55,713.505
13.031,0.2172,61.7308,23.9691,1479.63,713.641
13.033,0.2172,61.7223,24.2023,1493.82,713.777
13.035,0.2173,61.7137,24.1638,1491.24,713.912
13.037,0.2173,61.7054,24.2272,1494.95,714.048
13.039,0.2173,61.697,24.189,1492.39,714.184
13.041,0.2174,61.6888,24.2397,1495.32,714.32
13.043,0.2174,61.6808,24.1992,1492.62,714.454
13.045,0.2174,61.6729,24.2192,1493.67,714.589
13.047,0.2175,61.6651,24.1919,1491.8,714.722
13.049,0.2175,61.6575,24.2582,1495.7,714.858
13.051,0.2175,61.6498,24.2667,1496.04,714.994
13.053,0.2176,61.6423,24.2719,1496.18,715.13
13.055,0.2176,61.6352,24.2851,1496.82,715.259
13.057,0.2176,61.6279,24.2879,1496.81,715.395
13.059,0.2176,61.6211,24.3048,1497.69,715.523
13.061,0.2177,61.614,24.1729,1489.39,715.659
13.063,0.2177,61.6071,24.1862,1490.04,715.792
13.065,0.2177,61.6002,24.1702,1488.89,715.928
13.067,0.2178,61.5934,24.1815,1489.42,716.064
13.069,0.2178,61.5866,24.1894,1489.74,716.2
13.071,0.2178,61.5799,24.1991,1490.18,716.334
13.073,0.2179,61.5732,24.2063,1490.46,716.47
13.075,0.2179,61.5671,24.1476,1486.7,716.595
13.077,0.2179,61.5604,24.156,1487.05,716.731
13.078,0.2180,61.5544,24.1551,1486.85,716.853
13.080,0.2180,61.5477,24.1642,1487.25,716.988
13.082,0.2180,61.5415,24.1862,1488.46,717.113
13.084,0.2181,61.5347,24.1984,1489.04,717.249
13.086,0.2181,61.528,24.1184,1483.96,717.381
13.088,0.2181,61.5211,24.1471,1485.56,717.517
13.090,0.2182,61.5141,24.1088,1483.03,717.652
13.092,0.2182,61.507,24.1363,1484.55,717.788
13.094,0.2182,61.4999,24.0241,1477.48,717.924
13.096,0.2183,61.4925,24.0556,1479.24,718.059
13.098,0.2183,61.4852,23.9976,1475.5,718.195
13.100,0.2183,61.4777,23.9638,1473.24,718.331
13.102,0.2184,61.4702,23.9371,1471.42,718.467
13.104,0.2184,61.4625,24.0049,1475.4,718.603
13.106,0.2184,61.4549,23.9346,1470.9,718.738
13.108,0.2185,61.4471,23.9607,1472.32,718.874
13.110,0.2185,61.4393,23.8427,1464.88,719.01
13.112,0.2185,61.4313,24.1302,1482.35,719.146
13.114,0.2186,61.4235,24.0199,1475.39,719.282
13.116,0.2186,61.4154,24.0801,1478.89,719.418
13.118,0.2186,61.4074,23.9591,1471.27,719.554
13.120,0.2187,61.3993,24.0311,1475.49,719.689
13.122,0.2187,61.3913,23.902,1467.37,719.825
13.124,0.2187,61.3831,23.9853,1472.29,719.961
13.126,0.2188,61.375,23.8173,1461.79,720.097
13.128,0.2188,61.3668,23.9121,1467.41,720.233
13.130,0.2188,61.3587,23.9053,1466.8,720.368
13.132,0.2189,61.3505,23.889,1465.6,720.504
13.134,0.2189,61.3423,23.8968,1465.88,720.64
13.136,0.2189,61.3341,23.9617,1469.67,720.776
13.138,0.2190,61.3258,23.9532,1468.95,720.911
13.140,0.2190,61.3176,23.9476,1468.41,721.047
13.142,0.2190,61.3093,23.9445,1468.02,721.183
13.144,0.2191,61.301,23.9434,1467.76,721.318
13.146,0.2191,61.2927,23.9455,1467.68,721.454
13.148,0.2191,61.2843,23.9487,1467.68,721.59
13.150,0.2192,61.2758,23.9555,1467.89,721.726
13.152,0.2192,61.2673,23.9624,1468.11,721.861
13.154,0.2192,61.2587,23.9732,1468.57,721.997
13.156,0.2193,61.25,23.9831,1468.97,722.133
13.158,0.2193,61.2413,23.9882,1469.07,722.269
13.160,0.2193,61.2325,24.0007,1469.62,722.404
13.162,0.2194,61.2236,24.0312,1471.28,722.54
13.164,0.2194,61.2147,24.0436,1471.82,722.676
13.166,0.2194,61.2057,24.0589,1472.54,722.812
13.168,0.2195,61.1966,24.0713,1473.08,722.948
13.170,0.2195,61.1875,24.0862,1473.77,723.083
13.172,0.2195,61.1784,24.0978,1474.27,723.219
13.174,0.2196,61.1693,24.111,1474.85,723.355
13.176,0.2196,61.1602,24.1392,1476.36,723.491
13.178,0.2196,61.1512,24.1502,1476.81,723.627
13.180,0.2197,61.142,24.1576,1477.05,723.763
13.182,0.2197,61.1331,24.1649,1477.28,723.899
13.184,0.2197,61.1241,24.1688,1477.3,724.034
13.186,0.2198,61.1154,24.1717,1477.26,724.17
13.188,0.2198,61.1065,24.2081,1479.28,724.306
13.191,0.2198,61.098,24.2103,1479.2,724.442
13.193,0.2199,61.0893,24.202,1478.49,724.578
13.195,0.2199,61.081,24.1986,1478.08,724.713
13.197,0.2199,61.0726,24.1873,1477.18,724.849
13.199,0.2200,61.0646,24.2016,1477.86,724.985
13.201,0.2200,61.0565,24.144,1474.15,725.121
13.203,0.2200,61.0487,24.1196,1472.47,725.256
13.205,0.2201,61.0409,24.094,1470.72,725.392
13.207,0.2201,61.0334,24.058,1468.34,725.528
13.209,0.2201,61.0259,24.0609,1468.34,725.664
13.211,0.2202,61.0185,24.0391,1466.83,725.799
13.213,0.2202,61.0113,24.1215,1471.68,725.935
13.215,0.2202,61.0041,24.0431,1466.73,726.071
13.217,0.2203,60.9971,24.0259,1465.51,726.206
13.219,0.2203,60.9901,23.876,1456.2,726.342
13.221,0.2203,60.9832,23.8002,1451.41,726.478
13.223,0.2204,60.9762,23.791,1450.68,726.614
13.225,0.2204,60.9693,23.7826,1450.01,726.749
13.227,0.2204,60.9624,23.8011,1450.97,726.885
13.229,0.2205,60.9554,23.7985,1450.65,727.021
13.231,0.2205,60.9484,23.8022,1450.71,727.157
13.233,0.2205,60.9412,23.8034,1450.61,727.292
13.235,0.2206,60.9339,23.8176,1451.3,727.428
13.237,0.2206,60.9266,23.5514,1434.91,727.564
13.239,0.2206,60.919,23.5753,1436.19,727.7
13.241,0.2207,60.9113,23.5861,1436.66,727.835
13.243,0.2207,60.9034,23.535,1433.36,727.97
13.245,0.2207,60.8954,23.5486,1434,728.106
13.247,0.2208,60.8871,23.5857,1436.07,728.241
13.249,0.2208,60.8788,23.6006,1436.78,728.377
13.251,0.2208,60.8701,23.6429,1439.15,728.513
13.253,0.2209,60.8615,23.6196,1437.52,728.648
13.255,0.2209,60.8525,23.676,1440.74,728.784
13.257,0.2209,60.8435,23.7224,1443.36,728.92
13.259,0.2210,60.8343,23.7862,1447.02,729.055
13.261,0.2210,60.8251,23.8099,1448.24,729.191
13.263,0.2210,60.8156,23.8722,1451.8,729.327
13.265,0.2211,60.8063,23.8937,1452.88,729.462
13.267,0.2211,60.7968,23.9656,1457.03,729.598
13.269,0.2211,60.7873,23.9372,1455.08,729.734
13.271,0.2212,60.7778,24.0074,1459.12,729.87
13.273,0.2212,60.7684,23.9384,1454.7,730.005
13.275,0.2212,60.759,24.0068,1458.63,730.141
13.277,0.2213,60.7496,23.9605,1455.59,730.277
13.279,0.2213,60.7404,24.0232,1459.18,730.413
13.281,0.2213,60.7313,23.972,1455.85,730.549
13.283,0.2214,60.7224,23.9734,1455.72,730.684
13.285,0.2214,60.7136,23.9161,1452.03,730.82
13.287,0.2214,60.705,23.9676,1454.95,730.956
13.289,0.2215,60.6965,23.9088,1451.18,731.092
13.291,0.2215,60.6883,23.902,1450.57,731.228
13.293,0.2215,60.6803,23.8434,1446.83,731.364
13.295,0.2216,60.6726,23.8628,1447.82,731.499
13.297,0.2216,60.6649,23.9048,1450.18,731.634
13.299,0.2216,60.6578,23.8894,1449.08,731.767
13.301,0.2217,60.6505,23.887,1448.76,731.902
13.303,0.2217,60.6436,23.8702,1447.58,732.038
13.305,0.2217,60.6365,23.8703,1447.41,732.174
13.307,0.2218,60.6299,23.792,1442.51,732.309
13.309,0.2218,60.6231,23.7964,1442.61,732.445
13.311,0.2218,60.6166,23.827,1444.31,732.581
13.313,0.2219,60.6099,23.8372,1444.77,732.716
13.315,0.2219,60.6035,23.8267,1443.98,732.852
13.317,0.2219,60.5969,23.8372,1444.46,732.987
13.319,0.2220,60.5907,23.8343,1444.13,733.119
13.321,0.2220,60.584,23.8433,1444.52,733.255
13.323,0.2220,60.5775,23.8494,1444.74,733.389
13.325,0.2221,60.5708,23.8966,1447.44,733.525
13.327,0.2221,60.564,23.9201,1448.7,733.661
13.329,0.2221,60.5571,23.8528,1444.45,733.796
13.331,0.2222,60.55,23.8876,1446.4,733.932
13.333,0.2222,60.5429,23.8721,1445.29,734.068
13.335,0.2222,60.5355,23.9145,1447.68,734.203
13.337,0.2223,60.5281,23.8386,1442.91,734.339
13.339,0.2223,60.5205,23.9084,1446.95,734.475
13.341,0.2223,60.5129,23.8794,1445.01,734.611
13.343,0.2224,60.5049,23.9315,1447.98,734.746
13.345,0.2224,60.497,23.8963,1445.65,734.882
13.347,0.2224,60.4889,23.9486,1448.63,735.018
13.349,0.2225,60.4807,23.9091,1446.04,735.154
13.351,0.2225,60.4724,24.2614,1467.14,735.29
13.353,0.2225,60.464,24.2375,1465.5,735.425
13.355,0.2226,60.4555,24.2794,1467.82,735.561
13.357,0.2226,60.447,24.2413,1465.31,735.697
13.359,0.2226,60.4385,24.2748,1467.14,735.833
13.361,0.2227,60.4299,24.2226,1463.77,735.969
13.363,0.2227,60.4214,24.2432,1464.81,736.104
13.365,0.2227,60.4126,24.1637,1459.79,736.24
13.367,0.2228,60.4042,23.9902,1449.11,736.376
13.369,0.2228,60.3954,23.9551,1446.78,736.511
13.371,0.2228,60.387,23.9496,1446.24,736.647
13.373,0.2229,60.3786,23.9438,1445.69,736.783
13.375,0.2229,60.3702,23.9394,1445.23,736.918
13.377,0.2229,60.3618,23.9348,1444.75,737.054
13.379,0.2230,60.3535,23.9328,1444.42,737.19
13.381,0.2230,60.3451,23.9304,1444.08,737.325
13.383,0.2230,60.3367,23.9317,1443.96,737.461
13.385,0.2231,60.3283,23.9325,1443.81,737.597
13.387,0.2231,60.32,23.9374,1443.91,737.732
13.389,0.2231,60.3116,23.8403,1437.85,737.868
13.391,0.2232,61.8307,23.876,1476.27,738.004
13.393,0.2232,61.8224,23.883,1476.5,738.139
13.395,0.2232,61.814,23.8526,1474.42,738.275
13.397,0.2233,61.8056,23.9154,1478.11,738.411
13.399,0.2233,61.797,23.9297,1478.79,738.546
13.401,0.2233,61.7884,23.9734,1481.28,738.682
13.403,0.2234,61.7797,23.9886,1482.01,738.818
13.405,0.2234,61.7709,24.0033,1482.71,738.954
13.407,0.2234,61.762,24.0359,1484.5,739.089
13.409,0.2235,61.753,24.0496,1485.14,739.225
13.411,0.2235,61.7439,24.0622,1485.69,739.361
13.413,0.2235,61.7348,24.0103,1482.27,739.497
13.415,0.2236,61.7257,24.0517,1484.61,739.633
13.417,0.2236,61.7165,24.0415,1483.76,739.768
13.419,0.2236,61.7073,24.0623,1484.82,739.904
13.421,0.2237,61.6982,23.9819,1479.64,740.04
13.423,0.2237,61.689,24.0072,1480.98,740.176
13.425,0.2237,61.68,23.9729,1478.65,740.311
13.427,0.2238,61.6709,24.0011,1480.17,740.447
13.429,0.2238,61.6621,23.9562,1477.19,740.583
13.431,0.2238,61.6532,23.9864,1478.84,740.718
13.433,0.2239,61.6446,23.898,1473.18,740.854
13.435,0.2239,61.636,23.9308,1475,740.99
13.437,0.2239,61.6276,23.8699,1471.04,741.125
13.439,0.2240,61.6193,23.8723,1471,741.261
13.441,0.2240,61.6113,23.8256,1467.93,741.397
13.443,0.2240,61.6033,23.8782,1470.98,741.532
13.445,0.2241,61.5956,23.8338,1468.06,741.668
13.447,0.2241,61.5879,23.8444,1468.52,741.804
13.449,0.2241,61.5805,23.741,1461.98,741.939
13.451,0.2242,61.573,23.6587,1456.74,742.075
13.453,0.2242,61.5657,23.6436,1455.64,742.21
13.455,0.2242,61.5584,23.6549,1456.16,742.346
13.457,0.2243,61.5513,23.643,1455.26,742.482
13.459,0.2243,61.5442,23.7614,1462.38,742.617
13.461,0.2243,61.5372,23.7549,1461.81,742.753
13.463,0.2244,61.5302,23.7519,1461.46,742.889
13.465,0.2244,61.5232,23.7502,1461.19,743.024
13.467,0.2244,61.5162,23.7527,1461.18,743.16
13.469,0.2245,61.5092,23.7558,1461.2,743.296
13.471,0.2245,61.5021,23.7277,1459.3,743.431
13.473,0.2245,61.4949,23.7337,1459.5,743.567
13.475,0.2246,61.4876,23.7479,1460.2,743.703
13.477,0.2246,61.4802,23.7557,1460.51,743.838
13.479,0.2246,61.4732,23.7286,1458.67,743.966
13.481,0.2247,61.4655,23.6894,1456.08,744.102
13.483,0.2247,61.4585,23.7135,1457.39,744.225
13.485,0.2247,61.4506,23.7234,1457.82,744.361
13.487,0.2248,61.443,23.7505,1459.3,744.489
13.489,0.2248,61.4348,23.7591,1459.64,744.624
13.491,0.2248,61.4265,23.7908,1461.38,744.76
13.493,0.2249,61.418,23.8186,1462.89,744.896
13.494,0.2249,61.41,23.8467,1464.43,745.023
13.496,0.2249,61.4012,23.8976,1467.34,745.159
13.498,0.2250,61.3935,23.9386,1469.67,745.278
13.500,0.2250,61.3846,23.9436,1469.77,745.414
13.502,0.2250,61.3765,23.9677,1471.05,745.537
13.504,0.2251,61.3675,23.9687,1470.9,745.673
13.506,0.2251,61.3584,23.995,1472.29,745.808
13.508,0.2251,61.3493,23.9882,1471.66,745.944
13.510,0.2252,61.3402,24.0167,1473.19,746.079
13.512,0.2252,61.3312,24.0018,1472.06,746.215
13.514,0.2252,61.3223,23.9898,1471.11,746.349
13.516,0.2253,61.3133,23.9723,1469.82,746.485
13.518,0.2253,61.3051,23.9986,1471.24,746.609
13.520,0.2253,61.2963,23.9756,1469.62,746.745
13.522,0.2254,61.2883,24.0021,1471.05,746.867
13.524,0.2254,61.2797,23.9306,1466.46,747.003
13.526,0.2254,61.2713,23.9544,1467.72,747.135
13.528,0.2255,61.263,23.9291,1465.97,747.271
13.530,0.2255,61.2546,24.0649,1474.08,747.406
13.532,0.2255,61.2463,24.062,1473.71,747.542
13.534,0.2256,61.2381,24.0537,1473,747.678
13.536,0.2256,61.2301,24.0526,1472.75,747.813
13.538,0.2256,61.2222,24.0411,1471.85,747.949
13.540,0.2257,61.2144,24.0422,1471.73,748.085
13.542,0.2257,61.2067,24.0284,1470.7,748.22
13.544,0.2257,61.1991,24.0652,1472.77,748.355
13.546,0.2258,61.1916,24.0999,1474.71,748.491
13.548,0.2258,61.1842,24.1034,1474.75,748.626
13.550,0.2258,61.1768,24.0878,1473.61,748.762
13.552,0.2259,61.1695,23.9885,1467.36,748.897
13.554,0.2259,61.1622,23.9741,1466.31,749.033
13.556,0.2259,61.1549,23.9814,1466.58,749.168
13.558,0.2260,61.148,23.9695,1465.69,749.298
13.560,0.2260,61.1407,23.9773,1465.99,749.434
13.562,0.2260,61.1337,23.9686,1465.29,749.565
13.564,0.2261,61.1264,23.9763,1465.58,749.701
13.566,0.2261,61.1191,23.9072,1461.19,749.836
13.568,0.2261,61.1117,23.9122,1461.31,749.97
13.570,0.2262,61.1043,23.9489,1463.38,750.106
13.572,0.2262,61.0967,23.9534,1463.48,750.24
13.574,0.2262,61.0891,23.9139,1460.88,750.376
13.576,0.2263,61.0812,23.9269,1461.48,750.511
13.578,0.2263,61.0735,23.9449,1462.4,750.647
13.580,0.2263,61.0654,23.934,1461.54,750.783
13.582,0.2264,61.0575,23.9586,1462.85,750.918
13.584,0.2264,61.0491,23.9413,1461.59,751.054
13.586,0.2264,61.041,23.9721,1463.28,751.19
13.588,0.2265,61.0324,23.9479,1461.59,751.325
13.590,0.2265,61.0241,23.9845,1463.63,751.461
13.592,0.2265,61.0152,23.9531,1461.5,751.597
13.594,0.2266,61.0066,24.0496,1467.19,751.732
13.596,0.2266,60.9975,24.0261,1465.53,751.868
13.598,0.2266,60.9888,24.0621,1467.52,752.004
13.600,0.2267,60.9795,23.8052,1451.63,752.139
13.602,0.2267,60.9706,23.873,1455.55,752.275
13.604,0.2267,60.9612,23.5943,1438.33,752.41
13.606,0.2268,60.9521,23.6765,1443.13,752.546
13.608,0.2268,60.9426,23.5924,1437.78,752.681
13.610,0.2268,60.9335,23.597,1437.84,752.817
13.612,0.2269,60.9243,23.6006,1437.85,752.953
13.614,0.2269,60.9152,23.6045,1437.87,753.087
13.616,0.2269,60.906,23.6456,1440.16,753.222
13.618,0.2270,60.8969,23.6943,1442.91,753.358
13.620,0.2270,60.8878,23.6956,1442.77,753.493
13.622,0.2270,60.8787,23.6977,1442.68,753.629
13.624,0.2271,60.8697,23.6988,1442.54,753.764
13.626,0.2271,60.8607,23.6468,1439.16,753.9
13.628,0.2271,60.8517,23.6139,1436.95,754.035
13.630,0.2272,60.8429,23.6163,1436.88,754.171
13.632,0.2272,60.834,23.618,1436.78,754.307
13.634,0.2272,60.8253,23.6203,1436.71,754.442
13.636,0.2273,60.8165,23.6221,1436.61,754.578
13.638,0.2273,60.8079,23.6237,1436.51,754.713
13.640,0.2273,60.7992,23.6253,1436.4,754.849
13.642,0.2274,60.7906,23.5884,1433.95,754.985
13.644,0.2274,60.7821,23.59,1433.85,755.12
13.646,0.2274,60.7736,23.6307,1436.12,755.256
13.648,0.2275,60.7651,23.6308,1435.93,755.392
13.650,0.2275,60.7566,23.63,1435.67,755.527
13.652,0.2275,60.7481,23.7963,1445.58,755.663
13.654,0.2276,60.7401,23.7976,1445.47,755.792
13.656,0.2276,60.7317,23.7941,1445.05,755.928
13.657,0.2276,60.7238,23.8497,1448.25,756.057
13.660,0.2277,60.7154,23.8471,1447.89,756.192
13.662,0.2277,60.7071,23.8462,1447.63,756.328
13.664,0.2277,60.6986,23.8798,1449.47,756.463
13.666,0.2278,60.6904,23.7674,1442.45,756.599
13.668,0.2278,60.6819,23.7696,1442.38,756.734
13.669,0.2278,60.6742,23.7654,1441.94,756.862
13.671,0.2279,60.6656,23.772,1442.14,756.997
13.673,0.2279,60.6578,23.7638,1441.46,757.126
13.675,0.2279,60.6492,23.7764,1442.02,757.262
13.677,0.2280,60.641,23.7632,1441.02,757.397
13.679,0.2280,60.6324,23.7829,1442.02,757.533
13.681,0.2280,60.6242,23.7641,1440.68,757.668
13.683,0.2281,60.6157,23.7919,1442.16,757.804
13.685,0.2281,60.6077,23.7673,1440.48,757.935
13.687,0.2281,60.5993,23.8033,1442.46,758.07
13.689,0.2282,60.5916,23.8062,1442.46,758.196
13.691,0.2282,60.5838,23.8104,1442.53,758.324
13.693,0.2282,60.5757,23.8153,1442.63,758.46
13.695,0.2283,60.5675,23.7913,1440.98,758.595
13.697,0.2283,60.5595,23.798,1441.2,758.73
13.699,0.2283,60.5519,23.8051,1441.45,758.857
13.701,0.2283,60.5444,23.8136,1441.78,758.983
13.703,0.2284,60.5371,23.8224,1442.14,759.107
13.705,0.2284,60.5295,23.8335,1442.63,759.235
13.706,0.2284,60.5217,23.8543,1443.7,759.366
13.708,0.2285,60.5136,23.8691,1444.4,759.502
13.710,0.2285,60.5055,23.8839,1445.11,759.637
13.712,0.2285,60.4975,23.9003,1445.91,759.772
13.714,0.2286,60.4893,23.9178,1446.77,759.908
13.716,0.2286,60.4821,23.9056,1445.86,760.026
13.718,0.2286,60.474,23.9316,1447.24,760.158
13.720,0.2287,60.467,23.9368,1447.39,760.271
13.722,0.2287,60.459,23.97,1449.2,760.4
13.724,0.2287,60.4514,23.9655,1448.75,760.52
13.726,0.2288,60.4428,24.0084,1451.13,760.655
13.727,0.2288,60.4341,24.0053,1450.74,760.789
13.729,0.2288,60.4253,24.0869,1455.46,760.924
13.731,0.2289,60.4176,24.0722,1454.38,761.041
13.733,0.2289,60.4086,24.1301,1457.66,761.175
13.735,0.2289,60.4011,24.067,1453.67,761.287
13.737,0.2289,60.3921,24.1317,1457.36,761.418
13.739,0.2290,60.384,24.0568,1452.65,761.537
13.741,0.2290,60.3747,24.1294,1456.81,761.672
13.743,0.2290,60.3654,24.0872,1454.03,761.806
13.745,0.2291,60.3559,24.1609,1458.25,761.941
13.747,0.2291,60.3466,24.1106,1455,762.075
13.749,0.2291,60.3372,24.1841,1459.2,762.211
13.750,0.2292,60.329,24.1544,1457.21,762.329
13.752,0.2292,60.3196,24.2282,1461.43,762.465
13.754,0.2292,60.3119,24.16,1457.13,762.577
13.756,0.2293,60.3026,24.1754,1457.84,762.712
13.758,0.2293,60.2947,24.0996,1453.08,762.831
13.760,0.2293,60.2856,24.1725,1457.25,762.966
13.762,0.2294,60.277,24.0895,1452.04,763.1
13.764,0.2294,61.7796,24.1705,1493.25,763.235
13.765,0.2294,61.7727,24.1637,1492.66,763.357
13.767,0.2295,61.7661,23.9253,1477.77,763.475
13.769,0.2295,61.7591,23.8365,1472.12,763.604
13.771,0.2295,61.7527,23.7979,1469.59,763.727
13.773,0.2295,61.7457,23.7731,1467.89,763.862
13.775,0.2296,61.7391,23.7746,1467.82,763.998
13.777,0.2296,61.7326,23.7449,1465.83,764.128
13.779,0.2296,61.7262,23.7494,1465.96,764.264
13.781,0.2297,61.7204,23.7181,1463.89,764.385
13.783,0.2297,61.7147,23.7703,1466.98,764.51
13.784,0.2297,61.709,23.7264,1464.13,764.63
13.786,0.2298,61.7037,23.7493,1465.42,764.748
13.788,0.2298,61.6973,23.6982,1462.11,764.882
13.790,0.2298,61.6916,23.7306,1463.98,765.006
13.792,0.2299,61.6856,23.6759,1460.46,765.132
13.794,0.2299,61.6792,23.7147,1462.7,765.267
13.795,0.2299,61.6735,23.661,1459.26,765.38
13.797,0.2300,61.6672,23.7038,1461.75,765.51
13.799,0.2300,61.6612,23.651,1458.35,765.626
13.801,0.2300,61.6549,23.6978,1461.09,765.745
13.803,0.2300,61.6481,23.6451,1457.68,765.874
13.804,0.2301,61.6413,23.7491,1463.92,765.995
13.806,0.2301,61.6337,23.7067,1461.14,766.13
13.808,0.2301,61.6259,23.7509,1463.67,766.263
13.810,0.2302,61.6183,23.6657,1458.24,766.393
13.812,0.2302,61.6098,23.7108,1460.82,766.528
13.814,0.2302,61.6027,23.67,1458.13,766.646
13.816,0.2303,61.5939,23.7128,1460.56,766.781
13.818,0.2303,61.5867,23.8363,1468,766.896
13.820,0.2303,61.5781,23.8716,1469.97,767.025
13.822,0.2304,61.57,23.853,1468.63,767.152
13.824,0.2304,61.5613,23.8868,1470.51,767.281
13.825,0.2304,61.5527,23.8623,1468.79,767.415
13.828,0.2305,61.5435,23.9077,1471.36,767.55
13.830,0.2305,61.5349,23.8856,1469.8,767.686
13.831,0.2305,61.5261,23.8859,1469.6,767.817
13.833,0.2306,61.5175,23.8707,1468.46,767.952
13.835,0.2306,61.5093,23.8585,1467.52,768.077
13.837,0.2306,61.5009,23.8502,1466.81,768.212
13.839,0.2307,61.4927,23.8239,1464.99,768.342
13.841,0.2307,61.4845,23.811,1464.01,768.478
13.843,0.2307,61.4765,23.7955,1462.86,768.613
13.845,0.2308,61.4686,23.7806,1461.76,768.748
13.847,0.2308,61.4609,23.8493,1465.8,768.882
13.849,0.2308,61.4536,23.8349,1464.74,769.013
13.851,0.2309,61.4463,23.8184,1463.55,769.144
13.853,0.2309,61.4391,23.6366,1452.21,769.276
13.855,0.2309,61.4317,23.6172,1450.85,769.411
13.857,0.2310,61.4244,23.5421,1446.06,769.547
13.859,0.2310,61.4171,23.5243,1444.79,769.682
13.861,0.2310,61.4097,23.5405,1445.62,769.817
13.863,0.2311,61.4025,23.5265,1444.59,769.95
13.865,0.2311,61.3953,23.517,1443.83,770.079
13.867,0.2311,61.3879,23.5065,1443.02,770.21
13.869,0.2311,61.3803,23.5001,1442.44,770.343
13.871,0.2312,61.3723,23.53,1444.09,770.479
13.873,0.2312,61.3642,23.5274,1443.74,770.614
13.875,0.2312,61.3558,23.4844,1440.9,770.75
13.877,0.2313,61.3471,23.4855,1440.77,770.885
13.879,0.2313,61.3383,23.4878,1440.7,771.021
13.881,0.2313,61.3292,23.4919,1440.74,771.155
13.883,0.2314,61.3201,23.4986,1440.94,771.287
13.885,0.2314,61.3117,23.5035,1441.04,771.408
13.887,0.2314,61.302,23.4936,1440.21,771.543
13.888,0.2315,61.2936,23.497,1440.21,771.659
13.890,0.2315,61.2835,23.5151,1441.08,771.794
13.892,0.2315,61.274,23.5186,1441.08,771.921
13.894,0.2316,61.2635,23.5407,1442.19,772.057
13.896,0.2316,61.2536,23.5446,1442.19,772.188
13.898,0.2316,61.243,23.5699,1443.49,772.322
13.900,0.2317,61.2342,23.5703,1443.31,772.437
13.902,0.2317,61.2233,23.602,1444.99,772.573
13.904,0.2317,61.2144,23.5306,1440.41,772.689
13.906,0.2318,61.2035,23.5696,1442.54,772.825
13.907,0.2318,61.1937,23.5647,1442.01,772.953
13.909,0.2318,61.1829,23.5661,1441.84,773.089
13.911,0.2319,61.1727,23.5472,1440.44,773.224
13.913,0.2319,61.1622,23.6028,1443.6,773.36
13.915,0.2319,61.1532,23.6151,1444.14,773.483
13.917,0.2320,61.143,23.6692,1447.2,773.617
13.919,0.2320,61.1347,23.6827,1447.83,773.732
13.921,0.2320,61.1265,23.6959,1448.45,773.849
13.923,0.2320,61.1178,23.7102,1449.12,773.975
13.925,0.2321,61.1087,23.7666,1452.34,774.111
13.926,0.2321,61.1001,23.7889,1453.5,774.24
13.928,0.2321,61.0921,23.7238,1449.34,774.363
13.930,0.2322,61.0845,23.7303,1449.55,774.481
13.932,0.2322,61.0773,23.7369,1449.79,774.596
13.934,0.2322,61.07,23.742,1449.93,774.714
13.935,0.2323,61.0628,23.7471,1450.06,774.832
13.937,0.2323,61.0553,23.7511,1450.13,774.958
13.937,0.2323,61.0538,23.7498,1450.01,774.982
13.938,0.2323,61.0512,23.7541,1450.22,775.026
13.939,0.2323,61.049,23.7536,1450.13,775.063
13.939,0.2323,61.0472,23.7559,1450.23,775.093
13.940,0.2323,61.0442,23.7585,1450.32,775.144
13.940,0.2323,61.0425,23.7573,1450.21,775.172
13.941,0.2324,61.0382,23.7653,1450.59,775.246
13.942,0.2324,61.0368,23.7582,1450.13,775.27
13.943,0.2324,61.0318,23.7729,1450.9,775.357
13.943,0.2324,61.0304,23.7588,1450.01,775.38
13.945,0.2324,61.0252,23.7806,1451.22,775.469
13.945,0.2324,61.024,23.759,1449.87,775.491
13.946,0.2324,61.0186,23.7884,1451.54,775.584
13.947,0.2324,61.0174,23.7589,1449.71,775.604
13.948,0.2325,61.0127,23.7954,1451.82,775.687
13.948,0.2325,61.0115,23.7937,1451.69,775.706
13.949,0.2325,61.0074,23.8344,1454.07,775.778
13.950,0.2325,61.0062,23.7929,1451.52,775.798
13.951,0.2325,61.0021,23.8397,1454.27,775.868
13.951,0.2325,61.001,23.792,1451.33,775.888
13.952,0.2325,60.9964,23.8458,1454.5,775.967
13.952,0.2325,60.9952,23.7909,1451.13,775.988
13.954,0.2326,60.9892,23.8539,1454.83,776.089
13.954,0.2326,60.988,23.7897,1450.88,776.111
13.956,0.2326,60.9826,23.8615,1455.14,776.202
13.956,0.2326,60.9814,23.7883,1450.65,776.224
13.957,0.2326,60.9764,23.8036,1451.46,776.307
13.957,0.2326,60.9752,23.7231,1446.52,776.33
13.959,0.2326,60.9705,23.811,1451.77,776.408
13.959,0.2326,60.9692,23.8104,1451.7,776.431
13.959,0.2327,60.9679,23.8123,1451.79,776.454
13.960,0.2327,60.9666,23.8092,1451.57,776.477
13.960,0.2327,60.9659,23.8131,1451.79,776.489
13.960,0.2327,60.9646,23.8082,1451.46,776.512
13.960,0.2327,60.9633,23.8148,1451.83,776.535
13.961,0.2327,60.962,23.8074,1451.34,776.558
13.961,0.2327,60.9606,23.8167,1451.88,776.581
13.961,0.2327,60.9593,23.8068,1451.24,776.604
13.962,0.2327,60.9579,23.8188,1451.94,776.627
13.962,0.2327,60.9571,23.8065,1451.18,776.641
13.962,0.2327,60.9557,23.821,1452.03,776.664
13.963,0.2327,60.9543,23.8064,1451.1,776.688
13.963,0.2327,60.9536,23.8223,1452.06,776.7
13.963,0.2327,60.9528,23.8065,1451.07,776.714
13.964,0.2327,60.9512,23.8412,1453.15,776.739
13.964,0.2327,60.9496,23.8273,1452.26,776.765
13.964,0.2327,60.9481,23.8445,1453.28,776.791
13.965,0.2327,60.9465,23.8288,1452.28,776.817
13.965,0.2328,60.9449,23.8481,1453.42,776.842
13.965,0.2328,60.9433,23.8307,1452.32,776.868
13.966,0.2328,60.9417,23.8521,1453.59,776.894
13.966,0.2328,60.9399,23.833,1452.38,776.921
13.967,0.2328,60.9383,23.8566,1453.78,776.947
13.967,0.2328,60.9365,23.8359,1452.47,776.975
13.967,0.2328,60.9347,23.8616,1454,777.003
13.968,0.2328,60.9328,23.8393,1452.6,777.031
13.968,0.2328,60.931,23.8674,1454.26,777.06
13.969,0.2328,60.929,23.8433,1452.75,777.089
13.969,0.2328,60.9276,23.872,1454.46,777.111
13.969,0.2328,60.9255,23.8481,1452.96,777.142
13.970,0.2328,60.9235,23.8793,1454.81,777.173
13.970,0.2328,60.9215,23.8531,1453.16,777.202
13.971,0.2328,60.9194,23.887,1455.18,777.233
13.971,0.2329,60.9172,23.8591,1453.43,777.264
13.972,0.2329,60.9151,23.8953,1455.58,777.295
13.972,0.2329,60.9128,23.8977,1455.67,777.327
13.973,0.2329,60.9107,23.934,1457.84,777.358
13.973,0.2329,60.9084,23.905,1456.01,777.39
13.974,0.2329,60.9063,23.943,1458.28,777.421
13.974,0.2329,60.9039,23.947,1458.47,777.453
13.975,0.2329,60.9015,23.9512,1458.67,777.484
13.975,0.2329,60.8992,23.9515,1458.63,777.516
13.975,0.2329,60.8968,23.956,1458.84,777.548
13.976,0.2329,60.8943,23.9604,1459.05,777.58
13.976,0.2329,60.8919,23.9651,1459.28,777.613
13.977,0.2329,60.8895,23.9697,1459.5,777.645
13.977,0.2330,60.887,23.9746,1459.74,777.678
13.978,0.2330,60.8844,23.9796,1459.98,777.71
13.978,0.2330,60.8819,23.9847,1460.24,777.744
13.979,0.2330,60.8793,23.9899,1460.49,777.777
13.979,0.2330,60.8767,23.9953,1460.75,777.811
13.980,0.2330,60.8741,24.0005,1461.01,777.845
13.980,0.2330,60.873,23.9997,1460.93,777.859
13.980,0.2330,60.8709,24.009,1461.45,777.885
13.981,0.2330,60.8683,24.0105,1461.48,777.919
13.981,0.2330,60.8663,24.0176,1461.86,777.946
13.982,0.2330,60.8636,24.0216,1462.04,777.979
13.982,0.2330,60.8615,24.0264,1462.29,778.006
13.983,0.2330,60.8589,24.0328,1462.61,778.04
13.983,0.2331,60.8567,24.0356,1462.73,778.068
13.984,0.2331,60.854,24.0427,1463.09,778.103
13.984,0.2331,60.8518,24.045,1463.18,778.131
13.985,0.2331,60.849,24.0528,1463.59,778.166
13.985,0.2331,60.8467,24.0545,1463.64,778.195
13.986,0.2331,60.8439,24.0631,1464.09,778.231
13.986,0.2331,60.8415,24.0645,1464.12,778.261
13.987,0.2331,60.8387,24.0734,1464.59,778.298
13.987,0.2331,60.836,24.0754,1464.65,778.331
13.988,0.2331,60.8331,24.0837,1465.09,778.368
13.988,0.2331,60.8303,24.087,1465.22,778.405
13.989,0.2331,60.8274,24.0938,1465.56,778.442
13.989,0.2332,60.8245,24.1353,1468.02,778.478
13.990,0.2332,60.8216,24.1358,1467.98,778.515
13.990,0.2332,60.8187,24.1449,1468.46,778.552
13.991,0.2332,60.8159,24.1435,1468.31,778.589
13.991,0.2332,60.813,24.1541,1468.88,778.626
13.992,0.2332,60.8102,24.1506,1468.6,778.663
13.993,0.2332,60.8073,24.1626,1469.26,778.699
