t_s,t_min,depth_m,u_mean_ms,q_unit_m2s,front_x_m
0.003,0.0001,0,0,0,-1.99925
0.007,0.0001,0,0,0,-1.9972
0.010,0.0002,0,0,0,-1.99389
0.013,0.0002,0,0,0,-1.98945
0.016,0.0003,0,0,0,-1.98394
0.020,0.0003,0,0,0,-1.97759
0.023,0.0004,0,0,0,-1.97044
0.026,0.0004,0,0,0,-1.9628
0.029,0.0005,0,0,0,-1.95468
0.032,0.0005,0,0,0,-1.94643
0.036,0.0006,0,0,0,-1.93793
0.039,0.0006,0,0,0,-1.92916
0.042,0.0007,0,0,0,-1.92037
0.045,0.0008,0,0,0,-1.91182
0.049,0.0008,0,0,0,-1.90346
0.052,0.0009,0,0,0,-1.89547
0.055,0.0009,0,0,0,-1.88781
0.058,0.0010,0,0,0,-1.88058
0.062,0.0010,0,0,0,-1.87374
0.065,0.0011,0,0,0,-1.86728
0.068,0.0011,0,0,0,-1.86119
0.071,0.0012,0,0,0,-1.85536
0.075,0.0012,0,0,0,-1.84979
0.078,0.0013,0,0,0,-1.84431
0.081,0.0014,0,0,0,-1.83894
0.084,0.0014,0,0,0,-1.83348
0.088,0.0015,0,0,0,-1.82795
0.091,0.0015,0,0,0,-1.82217
0.094,0.0016,0,0,0,-1.81615
0.097,0.0016,0,0,0,-1.80975
0.100,0.0017,0,0,0,-1.803
0.104,0.0017,0,0,0,-1.7958
0.107,0.0018,0,0,0,-1.78819
0.110,0.0018,0,0,0,-1.7801
0.113,0.0019,0,0,0,-1.77162
0.117,0.0019,0,0,0,-1.76269
0.120,0.0020,0,0,0,-1.75338
0.123,0.0021,0,0,0,-1.74377
0.126,0.0021,0,0,0,-1.73377
0.130,0.0022,0,0,0,-1.7237
0.133,0.0022,0,0,0,-1.71321
0.136,0.0023,0,0,0,-1.70261
0.139,0.0023,0,0,0,-1.69199
0.143,0.0024,0,0,0,-1.68135
0.146,0.0024,0,0,0,-1.67077
0.149,0.0025,0,0,0,-1.66023
0.152,0.0025,0,0,0,-1.64977
0.155,0.0026,0,0,0,-1.63939
0.159,0.0026,0,0,0,-1.62908
0.162,0.0027,0,0,0,-1.61882
0.165,0.0028,0,0,0,-1.60858
0.168,0.0028,0,0,0,-1.59833
0.172,0.0029,0,0,0,-1.58801
0.175,0.0029,0,0,0,-1.57762
0.178,0.0030,0,0,0,-1.56705
0.181,0.0030,0,0,0,-1.55631
0.184,0.0031,0,0,0,-1.54529
0.188,0.0031,0,0,0,-1.53401
0.191,0.0032,0,0,0,-1.52238
0.194,0.0032,0,0,0,-1.51041
0.197,0.0033,0,0,0,-1.49804
0.201,0.0033,0,0,0,-1.48538
0.204,0.0034,0,0,0,-1.47248
0.207,0.0035,0,0,0,-1.45901
0.210,0.0035,0,0,0,-1.44557
0.213,0.0036,0,0,0,-1.43135
0.217,0.0036,0,0,0,-1.41739
0.220,0.0037,0,0,0,-1.40253
0.223,0.0037,0,0,0,-1.38812
0.226,0.0038,0,0,0,-1.37278
0.230,0.0038,0,0,0,-1.358
0.233,0.0039,0,0,0,-1.34238
0.236,0.0039,0,0,0,-1.32731
0.239,0.0040,0,0,0,-1.31157
0.242,0.0040,0,0,0,-1.29629
0.246,0.0041,0,0,0,-1.28057
0.249,0.0041,0,0,0,-1.26512
0.252,0.0042,0,0,0,-1.24949
0.255,0.0043,0,0,0,-1.2339
0.258,0.0043,0,0,0,-1.21834
0.262,0.0044,0,0,0,-1.20259
0.265,0.0044,0,0,0,-1.18684
0.268,0.0045,0,0,0,-1.17107
0.271,0.0045,0,0,0,-1.15525
0.275,0.0046,0,0,0,-1.13936
0.278,0.0046,0,0,0,-1.12336
0.281,0.0047,0,0,0,-1.10722
0.284,0.0047,0,0,0,-1.09088
0.287,0.0048,0,0,0,-1.07434
0.291,0.0048,0,0,0,-1.05752
0.294,0.0049,0,0,0,-1.04045
0.297,0.0049,0,0,0,-1.02308
0.300,0.0050,0,0,0,-1.00548
0.303,0.0051,0,0,0,-0.987454
0.307,0.0051,0,0,0,-0.969264
0.310,0.0052,0,0,0,-0.950569
0.313,0.0052,0,0,0,-0.931786
0.316,0.0053,0,0,0,-0.912465
0.319,0.0053,0,0,0,-0.893136
0.323,0.0054,0,0,0,-0.873287
0.326,0.0054,0,0,0,-0.853497
0.329,0.0055,0,0,0,-0.833254
0.332,0.0055,0,0,0,-0.813117
0.335,0.0056,0,0,0,-0.792627
0.339,0.0056,0,0,0,-0.772265
0.342,0.0057,0,0,0,-0.751664
0.345,0.0057,0,0,0,-0.731188
0.348,0.0058,0,0,0,-0.710583
0.351,0.0059,0,0,0,-0.69007
0.355,0.0059,0,0,0,-0.66952
0.358,0.0060,0,0,0,-0.649007
0.361,0.0060,0,0,0,-0.628513
0.364,0.0061,0,0,0,-0.607985
0.367,0.0061,0,0,0,-0.587491
0.370,0.0062,0,0,0,-0.566885
0.374,0.0062,0,0,0,-0.546288
0.377,0.0063,0,0,0,-0.525501
0.380,0.0063,0,0,0,-0.504666
0.383,0.0064,0,0,0,-0.483571
0.386,0.0064,0,0,0,-0.462349
0.390,0.0065,0,0,0,-0.440814
0.393,0.0065,0,0,0,-0.419013
0.396,0.0066,0,0,0,-0.396891
0.399,0.0067,0,0,0,-0.374465
0.402,0.0067,0,0,0,-0.351674
0.406,0.0068,0,0,0,-0.328563
0.409,0.0068,0,0,0,-0.305066
0.412,0.0069,0,0,0,-0.28126
0.415,0.0069,0,0,0,-0.257073
0.418,0.0070,0,0,0,-0.23261
0.421,0.0070,0,0,0,-0.207788
0.425,0.0071,0,0,0,-0.182746
0.428,0.0071,0,0,0,-0.157377
0.431,0.0072,0,0,0,-0.131852
0.434,0.0072,0,0,0,-0.106039
0.437,0.0073,0,0,0,-0.0801322
0.441,0.0073,0,0,0,-0.0539724
0.444,0.0074,0,0,0,-0.0277678
0.447,0.0074,0,0,0,-0.00133837
0.450,0.0075,0,0,0,0.0251106
0.453,0.0076,0,0,0,0.0517668
0.456,0.0076,0,0,0,0.0784466
0.460,0.0077,0,0,0,0.105328
0.463,0.0077,0,0,0,0.132267
0.466,0.0078,0,0,0,0.159411
0.469,0.0078,0,0,0,0.186677
0.472,0.0079,0,0,0,0.214157
0.475,0.0079,0,0,0,0.241839
0.479,0.0080,0,0,0,0.269749
0.482,0.0080,0,0,0,0.297949
0.485,0.0081,0,0,0,0.326386
0.488,0.0081,0,0,0,0.355187
0.491,0.0082,0,0,0,0.384214
0.494,0.0082,0,0,0,0.413696
0.498,0.0083,0,0,0,0.443378
0.501,0.0083,0,0,0,0.473575
0.504,0.0084,0,0,0,0.503947
0.507,0.0085,0,0,0,0.534851
0.510,0.0085,0,0,0,0.565908
0.513,0.0086,0,0,0,0.597467
0.517,0.0086,0,0,0,0.629167
0.520,0.0087,0,0,0,0.661152
0.523,0.0087,0,0,0,0.693386
0.526,0.0088,0,0,0,0.725856
0.529,0.0088,0,0,0,0.758531
0.532,0.0089,0,0,0,0.791391
0.535,0.0089,0,0,0,0.824412
0.539,0.0090,0,0,0,0.857568
0.542,0.0090,0,0,0,0.89085
0.545,0.0091,0,0,0,0.924228
0.548,0.0091,0,0,0,0.957706
0.551,0.0092,0,0,0,0.991257
0.554,0.0092,0,0,0,1.0249
0.558,0.0093,0,0,0,1.0586
0.561,0.0093,0,0,0,1.0924
0.564,0.0094,0,0,0,1.12627
0.567,0.0094,0,0,0,1.16024
0.570,0.0095,0,0,0,1.19432
0.573,0.0096,0,0,0,1.22852
0.576,0.0096,0,0,0,1.26286
0.580,0.0097,0,0,0,1.29735
0.583,0.0097,0,0,0,1.332
0.586,0.0098,0,0,0,1.36681
0.589,0.0098,0,0,0,1.40185
0.592,0.0099,0,0,0,1.43704
0.595,0.0099,0,0,0,1.4725
0.598,0.0100,0,0,0,1.50814
0.602,0.0100,0,0,0,1.54403
0.605,0.0101,0,0,0,1.58013
0.608,0.0101,0,0,0,1.61646
0.611,0.0102,0,0,0,1.65303
0.614,0.0102,0,0,0,1.68975
0.617,0.0103,0,0,0,1.72677
0.620,0.0103,0,0,0,1.76383
0.624,0.0104,0,0,0,1.80125
0.627,0.0104,0,0,0,1.83859
0.630,0.0105,0,0,0,1.87636
0.633,0.0105,0,0,0,1.91391
0.636,0.0106,0,0,0,1.95196
0.639,0.0107,0,0,0,1.98968
0.642,0.0107,0,0,0,2.02795
0.645,0.0108,0,0,0,2.06629
0.649,0.0108,0,0,0,2.10467
0.652,0.0109,0,0,0,2.14312
0.655,0.0109,0,0,0,2.18162
0.658,0.0110,0,0,0,2.22018
0.661,0.0110,0,0,0,2.2588
0.664,0.0111,0,0,0,2.2975
0.667,0.0111,0,0,0,2.33629
0.671,0.0112,0,0,0,2.37519
0.674,0.0112,0,0,0,2.4142
0.677,0.0113,0,0,0,2.45339
0.680,0.0113,0,0,0,2.49276
0.683,0.0114,0,0,0,2.53228
0.686,0.0114,0,0,0,2.57208
0.689,0.0115,0,0,0,2.612
0.692,0.0115,0,0,0,2.6523
0.696,0.0116,0,0,0,2.69265
0.699,0.0116,0,0,0,2.73349
0.702,0.0117,0,0,0,2.77427
0.705,0.0117,0,0,0,2.81566
0.708,0.0118,0,0,0,2.85685
0.711,0.0119,0,0,0,2.89874
0.714,0.0119,0,0,0,2.94029
0.717,0.0120,0,0,0,2.98262
0.721,0.0120,0,0,0,3.02444
0.724,0.0121,0,0,0,3.06712
0.727,0.0121,0,0,0,3.10913
0.730,0.0122,0,0,0,3.15204
0.733,0.0122,0,0,0,3.19418
0.736,0.0123,0,0,0,3.2372
0.739,0.0123,0,0,0,3.2794
0.742,0.0124,0,0,0,3.32244
0.746,0.0124,0,0,0,3.36467
0.749,0.0125,0,0,0,3.40766
0.752,0.0125,0,0,0,3.44991
0.755,0.0126,0,0,0,3.49283
0.758,0.0126,0,0,0,3.53513
0.761,0.0127,0,0,0,3.57797
0.764,0.0127,0,0,0,3.62037
0.767,0.0128,0,0,0,3.66318
0.771,0.0128,0,0,0,3.70613
0.774,0.0129,0,0,0,3.74929
0.777,0.0129,0,0,0,3.79248
0.780,0.0130,0,0,0,3.83607
0.783,0.0130,0,0,0,3.87957
0.786,0.0131,0,0,0,3.92368
0.789,0.0132,0,0,0,3.96756
0.792,0.0132,0,0,0,4.01225
0.795,0.0133,0,0,0,4.05651
0.799,0.0133,0,0,0,4.10182
0.802,0.0134,0,0,0,4.14647
0.805,0.0134,0,0,0,4.19237
0.808,0.0135,0,0,0,4.23737
0.811,0.0135,0,0,0,4.28381
0.814,0.0136,0,0,0,4.3291
0.817,0.0136,0,0,0,4.37598
0.820,0.0137,0,0,0,4.4215
0.823,0.0137,0,0,0,4.46868
0.827,0.0138,0,0,0,4.51436
0.830,0.0138,0,0,0,4.5617
0.833,0.0139,0,0,0,4.60751
0.836,0.0139,0,0,0,4.65486
0.839,0.0140,0,0,0,4.70076
0.842,0.0140,0,0,0,4.748
0.845,0.0141,0,0,0,4.794
0.848,0.0141,0,0,0,4.84106
0.851,0.0142,0,0,0,4.88717
0.854,0.0142,0,0,0,4.93401
0.858,0.0143,0,0,0,4.98028
0.861,0.0143,0,0,0,5.02691
0.864,0.0144,0,0,0,5.07348
0.867,0.0144,0,0,0,5.12018
0.870,0.0145,0,0,0,5.16702
0.873,0.0145,0,0,0,5.21389
0.876,0.0146,0,0,0,5.26105
0.879,0.0147,0,0,0,5.30822
0.882,0.0147,0,0,0,5.35573
0.885,0.0148,0,0,0,5.40332
0.888,0.0148,0,0,0,5.4512
0.892,0.0149,0,0,0,5.49931
0.895,0.0149,0,0,0,5.5476
0.898,0.0150,0,0,0,5.5961
0.901,0.0150,0,0,0,5.6448
0.904,0.0151,0,0,0,5.69372
0.907,0.0151,0,0,0,5.74286
0.910,0.0152,0,0,0,5.79222
0.913,0.0152,0,0,0,5.84179
0.916,0.0153,0,0,0,5.89157
0.919,0.0153,0,0,0,5.94153
0.922,0.0154,0,0,0,5.99167
0.925,0.0154,0,0,0,6.04196
0.929,0.0155,0,0,0,6.09237
0.932,0.0155,0,0,0,6.1429
0.935,0.0156,0,0,0,6.19351
0.938,0.0156,0,0,0,6.24419
0.941,0.0157,0,0,0,6.2949
0.944,0.0157,0,0,0,6.34566
0.947,0.0158,0,0,0,6.39642
0.950,0.0158,0,0,0,6.4472
0.953,0.0159,0,0,0,6.49796
0.956,0.0159,0,0,0,6.54881
0.959,0.0160,0,0,0,6.59978
0.962,0.0160,0,0,0,6.65064
0.965,0.0161,0,0,0,6.70184
0.969,0.0161,0,0,0,6.75275
0.972,0.0162,0,0,0,6.80424
0.975,0.0162,0,0,0,6.85526
0.978,0.0163,0,0,0,6.90713
0.981,0.0163,0,0,0,6.95834
0.984,0.0164,0,0,0,7.01066
0.987,0.0165,0,0,0,7.06215
0.990,0.0165,0,0,0,7.11498
0.993,0.0166,0,0,0,7.16684
0.996,0.0166,0,0,0,7.22022
0.999,0.0167,0,0,0,7.27248
1.002,0.0167,0,0,0,7.32642
1.005,0.0168,0,0,0,7.37913
1.009,0.0168,0,0,0,7.43359
1.012,0.0169,0,0,0,7.48675
1.015,0.0169,0,0,0,7.54165
1.018,0.0170,0,0,0,7.59678
1.021,0.0170,0,0,0,7.65207
1.024,0.0171,0,0,0,7.70752
1.027,0.0171,0,0,0,7.76309
1.030,0.0172,0,0,0,7.81876
1.033,0.0172,0,0,0,7.8745
1.036,0.0173,0,0,0,7.93029
1.039,0.0173,0,0,0,7.98611
1.042,0.0174,0,0,0,8.04194
1.045,0.0174,0,0,0,8.09777
1.048,0.0175,0,0,0,8.15368
1.051,0.0175,0,0,0,8.20974
1.055,0.0176,0,0,0,8.26561
1.058,0.0176,0,0,0,8.32187
1.061,0.0177,0,0,0,8.37772
1.064,0.0177,0,0,0,8.4342
1.067,0.0178,0,0,0,8.49005
1.070,0.0178,0,0,0,8.54678
1.073,0.0179,0,0,0,8.60268
1.076,0.0179,0,0,0,8.65969
1.079,0.0180,0,0,0,8.71571
1.082,0.0180,0,0,0,8.77302
1.085,0.0181,0,0,0,8.82924
1.088,0.0181,0,0,0,8.88688
1.091,0.0182,0,0,0,8.94333
1.094,0.0182,0,0,0,9.00131
1.097,0.0183,0,0,0,9.05803
1.100,0.0183,0,0,0,9.11634
1.104,0.0184,0,0,0,9.17335
1.107,0.0184,0,0,0,9.23197
1.110,0.0185,0,0,0,9.28927
1.113,0.0185,0,0,0,9.34816
1.116,0.0186,0,0,0,9.40572
1.119,0.0186,0,0,0,9.46483
1.122,0.0187,0,0,0,9.52262
1.125,0.0187,0,0,0,9.58191
1.128,0.0188,0,0,0,9.63991
1.131,0.0189,0,0,0,9.69932
1.134,0.0189,0,0,0,9.75748
1.137,0.0190,0,0,0,9.817
1.140,0.0190,0,0,0,9.87663
1.143,0.0191,0,0,0,9.93645
1.146,0.0191,0,0,0,9.99621
1.149,0.0192,0,0,0,10.0563
1.152,0.0192,0,0,0,10.1162
1.156,0.0193,0,0,0,10.1766
1.159,0.0193,0,0,0,10.2367
1.162,0.0194,0,0,0,10.2974
1.165,0.0194,0,0,0,10.3576
1.168,0.0195,0,0,0,10.4187
1.171,0.0195,0,0,0,10.4791
1.174,0.0196,0,0,0,10.5406
1.177,0.0196,0,0,0,10.6013
1.180,0.0197,0,0,0,10.6632
1.183,0.0197,0,0,0,10.7241
1.186,0.0198,0,0,0,10.7864
1.189,0.0198,0,0,0,10.8477
1.192,0.0199,0,0,0,10.9104
1.195,0.0199,0,0,0,10.972
1.198,0.0200,0,0,0,11.0351
1.201,0.0200,0,0,0,11.097
1.204,0.0201,0,0,0,11.1604
1.207,0.0201,0,0,0,11.2226
1.210,0.0202,0,0,0,11.2864
1.214,0.0202,0,0,0,11.3488
1.217,0.0203,0,0,0,11.4128
1.220,0.0203,0,0,0,11.4755
1.223,0.0204,0,0,0,11.5397
1.226,0.0204,0,0,0,11.6026
1.229,0.0205,0,0,0,11.667
1.232,0.0205,0,0,0,11.7301
1.235,0.0206,0,0,0,11.7949
1.238,0.0206,0,0,0,11.8581
1.241,0.0207,0,0,0,11.9232
1.244,0.0207,0,0,0,11.9865
1.247,0.0208,0,0,0,12.0519
1.250,0.0208,0,0,0,12.1154
1.253,0.0209,0,0,0,12.1811
1.256,0.0209,0,0,0,12.2446
1.259,0.0210,0,0,0,12.3107
1.262,0.0210,0,0,0,12.3767
1.265,0.0211,0,0,0,12.4429
1.268,0.0211,0,0,0,12.5091
1.271,0.0212,0,0,0,12.5754
1.274,0.0212,0,0,0,12.6417
1.277,0.0213,0,0,0,12.7081
1.281,0.0213,0,0,0,12.7746
1.284,0.0214,0,0,0,12.8411
1.287,0.0214,0,0,0,12.9077
1.290,0.0215,0,0,0,12.9744
1.293,0.0215,0,0,0,13.0412
1.296,0.0216,0,0,0,13.108
1.299,0.0216,0,0,0,13.1749
1.302,0.0217,0,0,0,13.2419
1.305,0.0217,0,0,0,13.3089
1.308,0.0218,0,0,0,13.3761
1.311,0.0218,0,0,0,13.4433
1.314,0.0219,0,0,0,13.5106
1.317,0.0219,0,0,0,13.578
1.320,0.0220,0,0,0,13.6455
1.323,0.0221,0,0,0,13.7131
1.326,0.0221,0,0,0,13.7809
1.329,0.0222,0,0,0,13.8487
1.332,0.0222,0,0,0,13.9169
1.335,0.0223,0,0,0,13.9849
1.338,0.0223,0,0,0,14.0535
1.341,0.0224,0,0,0,14.1216
1.344,0.0224,0,0,0,14.1905
1.347,0.0225,0,0,0,14.2588
1.350,0.0225,0,0,0,14.328
1.353,0.0226,0,0,0,14.3964
1.356,0.0226,0,0,0,14.466
1.359,0.0227,0,0,0,14.5345
1.362,0.0227,0,0,0,14.6044
1.365,0.0228,0,0,0,14.6731
1.368,0.0228,0,0,0,14.7432
1.371,0.0229,0,0,0,14.812
1.375,0.0229,0,0,0,14.8824
1.378,0.0230,0,0,0,14.9512
1.381,0.0230,0,0,0,15.0219
1.384,0.0231,0,0,0,15.0927
1.387,0.0231,0,0,0,15.1635
1.390,0.0232,0,0,0,15.2345
1.393,0.0232,0,0,0,15.3055
1.396,0.0233,0,0,0,15.3766
1.399,0.0233,0,0,0,15.4477
1.402,0.0234,0,0,0,15.519
1.405,0.0234,0,0,0,15.5904
1.408,0.0235,0,0,0,15.6618
1.411,0.0235,0,0,0,15.7334
1.414,0.0236,0,0,0,15.8051
1.417,0.0236,0,0,0,15.877
1.420,0.0237,0,0,0,15.9489
1.423,0.0237,0,0,0,16.0211
1.426,0.0238,0,0,0,16.0932
1.429,0.0238,0,0,0,16.1657
1.432,0.0239,0,0,0,16.2381
1.435,0.0239,0,0,0,16.3109
1.438,0.0240,0,0,0,16.3835
1.441,0.0240,0,0,0,16.4566
1.444,0.0241,0,0,0,16.5294
1.447,0.0241,0,0,0,16.6027
1.450,0.0242,0,0,0,16.6757
1.453,0.0242,0,0,0,16.7491
1.456,0.0243,0,0,0,16.8222
1.459,0.0243,0,0,0,16.8959
1.462,0.0244,0,0,0,16.969
1.465,0.0244,0,0,0,17.0428
1.468,0.0245,0,0,0,17.116
1.471,0.0245,0,0,0,17.1899
1.474,0.0246,0,0,0,17.2631
1.477,0.0246,0,0,0,17.3371
1.480,0.0247,0,0,0,17.4104
1.483,0.0247,0,0,0,17.4845
1.486,0.0248,0,0,0,17.5578
1.489,0.0248,0,0,0,17.632
1.492,0.0249,0,0,0,17.7054
1.495,0.0249,0,0,0,17.7797
1.498,0.0250,0,0,0,17.8533
1.501,0.0250,0,0,0,17.9278
1.504,0.0251,0,0,0,18.0024
1.507,0.0251,0,0,0,18.0772
1.510,0.0252,0,0,0,18.1521
1.513,0.0252,0,0,0,18.2273
1.516,0.0253,0,0,0,18.3024
1.519,0.0253,0,0,0,18.3778
1.522,0.0254,0,0,0,18.4533
1.525,0.0254,0,0,0,18.529
1.528,0.0255,0,0,0,18.6047
1.531,0.0255,0,0,0,18.6807
1.534,0.0256,0,0,0,18.7566
1.537,0.0256,0,0,0,18.8328
1.540,0.0257,0,0,0,18.9089
1.543,0.0257,0,0,0,18.9853
1.546,0.0258,0,0,0,19.0616
1.549,0.0258,0,0,0,19.138
1.552,0.0259,0,0,0,19.2144
1.555,0.0259,0,0,0,19.2909
1.558,0.0260,0,0,0,19.3673
1.561,0.0260,0,0,0,19.4438
1.564,0.0261,0,0,0,19.5224
1.567,0.0261,0,0,0,19.6012
1.570,0.0262,0,0,0,19.68
1.573,0.0262,0,0,0,19.7588
1.576,0.0263,0,0,0,19.8376
1.579,0.0263,0,0,0,19.9163
1.582,0.0264,0,0,0,19.995
1.585,0.0264,0,0,0,20.0737
1.588,0.0265,0,0,0,20.1525
1.591,0.0265,0,0,0,20.2312
1.594,0.0266,0,0,0,20.31
1.597,0.0266,0,0,0,20.3889
1.600,0.0267,0,0,0,20.4678
1.603,0.0267,0,0,0,20.5468
1.606,0.0268,0,0,0,20.6258
1.609,0.0268,0,0,0,20.705
1.612,0.0269,0,0,0,20.784
1.615,0.0269,0,0,0,20.8634
1.618,0.0270,0,0,0,20.9426
1.621,0.0270,0,0,0,21.0222
1.624,0.0271,0,0,0,21.1019
1.627,0.0271,0,0,0,21.1815
1.630,0.0272,0,0,0,21.2612
1.633,0.0272,0,0,0,21.3409
1.636,0.0273,0,0,0,21.4206
1.639,0.0273,0,0,0,21.5003
1.642,0.0274,0,0,0,21.5799
1.645,0.0274,0,0,0,21.6596
1.648,0.0275,0,0,0,21.7392
1.651,0.0275,0,0,0,21.8187
1.654,0.0276,0,0,0,21.8982
1.657,0.0276,0,0,0,21.9777
1.660,0.0277,0,0,0,22.0571
1.663,0.0277,0,0,0,22.1365
1.666,0.0278,0,0,0,22.2158
1.669,0.0278,0,0,0,22.2951
1.672,0.0279,0,0,0,22.3743
1.675,0.0279,0,0,0,22.4535
1.678,0.0280,0,0,0,22.5327
1.681,0.0280,0,0,0,22.6118
1.685,0.0281,0,0,0,22.6909
1.688,0.0281,0,0,0,22.7699
1.691,0.0282,0,0,0,22.849
1.694,0.0282,0,0,0,22.928
1.697,0.0283,0,0,0,23.0071
1.700,0.0283,0,0,0,23.0861
1.703,0.0284,0,0,0,23.1652
1.706,0.0284,0,0,0,23.2444
1.709,0.0285,0,0,0,23.3235
1.712,0.0285,0,0,0,23.4028
1.715,0.0286,0,0,0,23.4819
1.718,0.0286,0,0,0,23.5614
1.721,0.0287,0,0,0,23.6405
1.724,0.0287,0,0,0,23.7203
1.727,0.0288,0,0,0,23.7994
1.730,0.0288,0,0,0,23.8794
1.733,0.0289,0,0,0,23.9585
1.736,0.0289,0,0,0,24.0388
1.738,0.0290,0,0,0,24.1178
1.741,0.0290,0,0,0,24.1983
1.744,0.0291,0,0,0,24.2788
1.747,0.0291,0,0,0,24.3593
1.750,0.0292,0,0,0,24.4396
1.753,0.0292,0,0,0,24.52
1.756,0.0293,0,0,0,24.6002
1.759,0.0293,0,0,0,24.6804
1.762,0.0294,0,0,0,24.7605
1.765,0.0294,0,0,0,24.8406
1.768,0.0295,0,0,0,24.9205
1.771,0.0295,0,0,0,25.0004
1.774,0.0296,0,0,0,25.0802
1.777,0.0296,0,0,0,25.1599
1.780,0.0297,0,0,0,25.2396
1.783,0.0297,0,0,0,25.3192
1.786,0.0298,0,0,0,25.3988
1.789,0.0298,0,0,0,25.4783
1.792,0.0299,0,0,0,25.558
1.795,0.0299,0,0,0,25.6376
1.798,0.0300,0,0,0,25.7172
1.801,0.0300,0,0,0,25.797
1.804,0.0301,0,0,0,25.8768
1.807,0.0301,0,0,0,25.9569
1.810,0.0302,0,0,0,26.0367
1.813,0.0302,0,0,0,26.1173
1.816,0.0303,0,0,0,26.1972
1.819,0.0303,0,0,0,26.2781
1.822,0.0304,0,0,0,26.3582
1.825,0.0304,0,0,0,26.4396
1.828,0.0305,0,0,0,26.5197
1.831,0.0305,0,0,0,26.6015
1.834,0.0306,0,0,0,26.6817
1.837,0.0306,0,0,0,26.7638
1.840,0.0307,0,0,0,26.844
1.843,0.0307,0,0,0,26.9264
1.846,0.0308,0,0,0,27.0067
1.849,0.0308,0,0,0,27.0892
1.852,0.0309,0,0,0,27.1694
1.855,0.0309,0,0,0,27.252
1.858,0.0310,0,0,0,27.3323
1.861,0.0310,0,0,0,27.4148
1.864,0.0311,0,0,0,27.4974
1.867,0.0311,0,0,0,27.58
1.870,0.0312,0,0,0,27.6625
1.873,0.0312,0,0,0,27.7467
1.876,0.0313,0,0,0,27.8315
1.879,0.0313,0,0,0,27.9161
1.882,0.0314,0,0,0,28.001
1.885,0.0314,0,0,0,28.0857
1.888,0.0315,0,0,0,28.1706
1.891,0.0315,0,0,0,28.2554
1.894,0.0316,0,0,0,28.3404
1.897,0.0316,0,0,0,28.4254
1.900,0.0317,0,0,0,28.5105
1.903,0.0317,0,0,0,28.5958
1.906,0.0318,0,0,0,28.681
1.909,0.0318,0,0,0,28.7666
1.912,0.0319,0,0,0,28.8521
1.915,0.0319,0,0,0,28.9381
1.918,0.0320,0,0,0,29.0238
1.921,0.0320,0,0,0,29.1103
1.924,0.0321,0,0,0,29.1963
1.927,0.0321,0,0,0,29.2833
1.930,0.0322,0,0,0,29.3695
1.933,0.0322,0,0,0,29.457
1.936,0.0323,0,0,0,29.5435
1.939,0.0323,0,0,0,29.6314
1.942,0.0324,0,0,0,29.7182
1.945,0.0324,0,0,0,29.8065
1.948,0.0325,0,0,0,29.8935
1.951,0.0325,0,0,0,29.9821
1.954,0.0326,0,0,0,30.0693
1.957,0.0326,0,0,0,30.1582
1.960,0.0327,0,0,0,30.2455
1.963,0.0327,0,0,0,30.3347
1.965,0.0328,0,0,0,30.4221
1.968,0.0328,0,0,0,30.5114
1.971,0.0329,0,0,0,30.5988
1.974,0.0329,0,0,0,30.6883
1.977,0.0330,0,0,0,30.7758
1.980,0.0330,0,0,0,30.8653
1.983,0.0331,0,0,0,30.955
1.986,0.0331,0,0,0,31.0446
1.989,0.0332,0,0,0,31.1342
1.992,0.0332,0,0,0,31.2239
1.995,0.0333,0,0,0,31.3137
1.998,0.0333,0,0,0,31.4035
2.001,0.0334,0,0,0,31.4933
2.004,0.0334,0,0,0,31.5832
2.007,0.0335,0,0,0,31.6732
2.010,0.0335,0,0,0,31.7632
2.013,0.0336,0,0,0,31.8533
2.016,0.0336,0,0,0,31.9435
2.019,0.0337,0,0,0,32.0338
2.022,0.0337,0,0,0,32.1241
2.025,0.0338,0,0,0,32.2146
2.028,0.0338,0,0,0,32.305
2.031,0.0339,0,0,0,32.3956
2.034,0.0339,0,0,0,32.4862
2.037,0.0339,0,0,0,32.5769
2.040,0.0340,0,0,0,32.6677
2.043,0.0340,0,0,0,32.7585
2.046,0.0341,0,0,0,32.8493
2.049,0.0341,0,0,0,32.9402
2.052,0.0342,0,0,0,33.0311
2.055,0.0342,0,0,0,33.1221
2.058,0.0343,0,0,0,33.213
2.061,0.0343,0,0,0,33.304
2.064,0.0344,0,0,0,33.3951
2.067,0.0344,0,0,0,33.4862
2.070,0.0345,0,0,0,33.5774
2.073,0.0345,0,0,0,33.6686
2.076,0.0346,0,0,0,33.7601
2.079,0.0346,0,0,0,33.8513
2.082,0.0347,0,0,0,33.9431
2.084,0.0347,0,0,0,34.0343
2.087,0.0348,0,0,0,34.1265
2.090,0.0348,0,0,0,34.2178
2.093,0.0349,0,0,0,34.3104
2.096,0.0349,0,0,0,34.4018
2.099,0.0350,0,0,0,34.4948
2.102,0.0350,0,0,0,34.5879
2.105,0.0351,0,0,0,34.681
2.108,0.0351,0,0,0,34.7741
2.111,0.0352,0,0,0,34.8674
2.114,0.0352,0,0,0,34.9606
2.117,0.0353,0,0,0,35.0539
2.120,0.0353,0,0,0,35.1472
2.123,0.0354,0,0,0,35.2406
2.126,0.0354,0,0,0,35.334
2.129,0.0355,0,0,0,35.4275
2.132,0.0355,0,0,0,35.521
2.135,0.0356,0,0,0,35.6145
2.138,0.0356,0,0,0,35.708
2.141,0.0357,0,0,0,35.8015
2.144,0.0357,0,0,0,35.8951
2.147,0.0358,0,0,0,35.9887
2.150,0.0358,0,0,0,36.0824
2.153,0.0359,0,0,0,36.1761
2.156,0.0359,0,0,0,36.2697
2.159,0.0360,0,0,0,36.3636
2.162,0.0360,0,0,0,36.4572
2.165,0.0361,0,0,0,36.5512
2.167,0.0361,0,0,0,36.6449
2.170,0.0362,0,0,0,36.7391
2.173,0.0362,0,0,0,36.8327
2.176,0.0363,0,0,0,36.9271
2.179,0.0363,0,0,0,37.0206
2.182,0.0364,0,0,0,37.1153
2.185,0.0364,0,0,0,37.2087
2.188,0.0365,0,0,0,37.3036
2.191,0.0365,0,0,0,37.3967
2.194,0.0366,0,0,0,37.4918
2.197,0.0366,0,0,0,37.5848
2.200,0.0367,0,0,0,37.6801
2.203,0.0367,0,0,0,37.7728
2.206,0.0368,0,0,0,37.8681
2.209,0.0368,0,0,0,37.9606
2.212,0.0369,0,0,0,38.0559
2.215,0.0369,0,0,0,38.1482
2.218,0.0370,0,0,0,38.2434
2.221,0.0370,0,0,0,38.3386
2.224,0.0371,0,0,0,38.4337
2.227,0.0371,0,0,0,38.5287
2.230,0.0372,0,0,0,38.6235
2.233,0.0372,0,0,0,38.7182
2.236,0.0373,0,0,0,38.8129
2.238,0.0373,0,0,0,38.9074
2.241,0.0374,0,0,0,39.0019
2.244,0.0374,0,0,0,39.0962
2.247,0.0375,0,0,0,39.1906
2.250,0.0375,0,0,0,39.2847
2.253,0.0376,0,0,0,39.3792
2.256,0.0376,0,0,0,39.473
2.259,0.0377,0,0,0,39.5676
2.262,0.0377,0,0,0,39.6614
2.265,0.0378,0,0,0,39.7562
2.268,0.0378,0,0,0,39.8498
2.271,0.0378,0,0,0,39.945
2.274,0.0379,0,0,0,40.0386
2.277,0.0379,0,0,0,40.1341
2.280,0.0380,0,0,0,40.2277
2.283,0.0380,0,0,0,40.3236
2.286,0.0381,0,0,0,40.4172
2.289,0.0381,0,0,0,40.5135
2.292,0.0382,0,0,0,40.6071
2.295,0.0382,0,0,0,40.7037
2.298,0.0383,0,0,0,40.7974
2.300,0.0383,0,0,0,40.8944
2.303,0.0384,0,0,0,40.988
2.306,0.0384,0,0,0,41.0852
2.309,0.0385,0,0,0,41.1789
2.312,0.0385,0,0,0,41.2762
2.315,0.0386,0,0,0,41.3699
2.318,0.0386,0,0,0,41.4673
2.321,0.0387,0,0,0,41.561
2.324,0.0387,0,0,0,41.6583
2.327,0.0388,0,0,0,41.7519
2.330,0.0388,0,0,0,41.8491
2.333,0.0389,0,0,0,41.9426
2.336,0.0389,9.93646,33.1505,329.399,42.0396
2.339,0.0390,9.93559,33.1474,329.339,42.1366
2.342,0.0390,9.9347,33.1438,329.273,42.2335
2.345,0.0391,9.93381,33.1366,329.173,42.3304
2.348,0.0391,9.93291,33.1284,329.062,42.4272
2.351,0.0392,9.932,32.0939,318.757,42.524
2.354,0.0392,9.93109,32.0855,318.644,42.6207
2.356,0.0393,9.93018,32.0756,318.516,42.7174
2.359,0.0393,9.92927,32.065,318.382,42.814
2.362,0.0394,9.92837,32.053,318.234,42.9106
2.365,0.0394,9.92747,32.0403,318.079,43.007
2.368,0.0395,9.92657,32.0265,317.913,43.1034
2.371,0.0395,9.92569,32.0118,317.74,43.1998
2.374,0.0396,9.92482,31.9965,317.559,43.2961
2.377,0.0396,9.92397,31.9804,317.372,43.3923
2.380,0.0397,9.92313,31.9641,317.184,43.4884
2.383,0.0397,9.92231,31.9472,316.99,43.5845
2.386,0.0398,9.92151,31.9309,316.803,43.6804
2.389,0.0398,9.92074,31.9143,316.614,43.7763
2.392,0.0399,9.91998,31.899,316.438,43.8722
2.395,0.0399,9.91925,31.8838,316.263,43.9679
2.398,0.0400,9.91858,31.8832,316.236,44.0636
2.401,0.0400,9.918,31.8583,315.97,44.1593
2.403,0.0401,9.91738,31.8753,316.12,44.2549
2.406,0.0401,12.2907,32.7158,402.099,44.3506
2.409,0.0402,12.2873,32.6912,401.685,44.446
2.412,0.0402,12.2836,32.7215,401.939,44.5417
2.415,0.0403,12.2802,32.6987,401.549,44.6371
2.418,0.0403,12.2766,32.7292,401.804,44.7329
2.421,0.0404,12.2733,32.7167,401.544,44.8282
2.424,0.0404,12.2698,32.7405,401.719,44.9241
2.427,0.0404,12.2666,32.7477,401.704,45.0194
2.430,0.0405,12.2632,32.757,401.706,45.1155
2.433,0.0405,12.2603,32.793,402.05,45.2109
2.436,0.0406,12.257,32.7798,401.781,45.3071
2.439,0.0406,12.2542,32.853,402.589,45.4026
2.442,0.0407,12.2512,32.8094,401.954,45.4992
2.445,0.0407,12.2487,32.9268,403.31,45.5948
2.447,0.0408,12.2459,32.8459,402.226,45.6917
2.450,0.0408,12.2436,33.0121,404.186,45.7875
2.453,0.0409,12.241,33.0335,404.363,45.8847
2.456,0.0409,12.2385,33.0591,404.595,45.982
2.459,0.0410,12.2362,33.0842,404.825,46.0794
2.462,0.0410,12.2339,33.1132,405.105,46.1769
2.465,0.0411,12.2318,33.1412,405.375,46.2745
2.468,0.0411,12.2297,33.1723,405.688,46.3722
2.471,0.0412,12.2277,33.2021,405.986,46.4701
2.474,0.0412,12.2258,33.2341,406.314,46.5679
2.477,0.0413,12.224,33.2646,406.625,46.6659
2.480,0.0413,12.2221,33.2962,406.951,46.764
2.483,0.0414,12.2204,33.3264,407.262,46.8621
2.486,0.0414,12.2186,33.3495,407.485,46.9604
2.489,0.0415,12.2169,33.3856,407.869,47.0587
2.491,0.0415,12.2152,33.3993,407.979,47.1571
2.494,0.0416,12.2135,33.4406,408.426,47.2556
2.497,0.0416,12.2118,33.4447,408.418,47.3541
2.500,0.0417,12.21,33.4906,408.921,47.4527
2.503,0.0417,12.2083,33.4851,408.795,47.5513
2.506,0.0418,12.2065,33.5354,409.35,47.6501
2.509,0.0418,12.2047,33.5208,409.112,47.7487
2.512,0.0419,12.2029,33.5752,409.715,47.8476
2.515,0.0419,12.2011,33.5528,409.38,47.9463
2.518,0.0420,12.1992,33.6108,410.026,48.0452
2.521,0.0420,12.1974,33.5821,409.613,48.144
2.524,0.0421,12.1955,33.6434,410.297,48.2431
2.527,0.0421,13.3193,33.6737,448.511,48.3419
2.530,0.0422,13.3156,33.7475,449.368,48.441
2.533,0.0422,13.3112,33.6906,448.464,48.5399
2.536,0.0423,13.3074,33.7692,449.379,48.6391
2.538,0.0423,13.3028,33.7079,448.41,48.738
2.541,0.0424,13.2988,33.7878,449.337,48.8374
2.544,0.0424,13.294,33.7283,448.384,48.9364
2.547,0.0425,13.2898,33.8049,449.261,49.036
2.550,0.0425,13.2848,33.7536,448.411,49.1351
2.553,0.0426,13.2805,33.8219,449.173,49.2348
2.556,0.0426,13.2753,33.7846,448.502,49.3341
2.559,0.0427,13.2709,33.84,449.088,49.4339
2.562,0.0427,13.2655,33.821,448.654,49.5334
2.565,0.0427,13.2609,33.8602,449.019,49.6334
2.568,0.0428,13.2554,32.9361,436.581,49.733
2.571,0.0428,13.2507,32.9479,436.582,49.8332
2.574,0.0429,13.2459,32.975,436.786,49.9335
2.577,0.0429,13.2412,32.9752,436.632,50.0339
2.580,0.0430,13.2363,33.0159,437.008,50.1344
2.583,0.0430,13.2315,33.0052,436.708,50.2352
2.586,0.0431,13.2264,33.0561,437.214,50.336
2.589,0.0431,13.2216,33.0361,436.789,50.437
2.591,0.0432,13.2164,33.0931,437.371,50.538
2.594,0.0432,13.2115,33.0662,436.853,50.6393
2.597,0.0433,13.2061,33.1249,437.45,50.7405
2.600,0.0433,13.2011,33.0941,436.879,50.842
2.603,0.0434,13.1955,33.1503,437.436,50.9434
2.606,0.0434,13.1905,33.1184,436.85,51.0451
2.609,0.0435,13.1848,33.169,437.326,51.1466
2.612,0.0435,13.1797,33.1388,436.758,51.2484
2.615,0.0436,13.1737,33.182,437.13,51.35
2.618,0.0436,13.1685,33.1551,436.604,51.4519
2.621,0.0437,13.1624,33.191,436.872,51.5536
2.624,0.0437,15.7697,33.4357,527.272,51.6556
2.627,0.0438,15.7654,33.3605,525.942,51.7572
2.630,0.0438,15.7612,33.4605,527.378,51.8592
2.633,0.0439,15.7568,33.3676,525.765,51.9609
2.636,0.0439,15.7524,33.4848,527.466,52.0629
2.639,0.0440,15.7479,33.3795,525.658,52.1645
2.641,0.0440,15.7434,33.5101,527.564,52.2664
2.644,0.0441,15.7388,33.399,525.66,52.3679
2.647,0.0441,15.7342,33.5378,527.691,52.4697
2.650,0.0442,15.7295,33.4271,525.792,52.5712
2.653,0.0442,15.7249,33.5684,527.858,52.673
2.656,0.0443,15.72,33.464,526.055,52.7743
2.659,0.0443,15.7154,33.6018,528.065,52.876
2.662,0.0444,15.7105,33.5064,526.401,52.9773
2.665,0.0444,15.7058,33.6375,528.304,53.0791
2.668,0.0445,15.7008,33.5528,526.806,53.1803
2.671,0.0445,15.6962,33.6742,528.558,53.2821
2.674,0.0446,15.6911,33.5993,527.21,53.3833
2.677,0.0446,15.6865,33.7106,528.803,53.4852
2.680,0.0447,15.6812,33.6425,527.556,53.5864
2.683,0.0447,15.6767,33.7455,529.017,53.6884
2.686,0.0448,15.6712,33.6795,527.799,53.7896
2.689,0.0448,15.6667,33.6956,527.898,53.8918
2.691,0.0449,15.662,33.7077,527.929,53.9939
2.694,0.0449,15.6572,33.4759,524.14,54.0961
2.697,0.0450,15.6523,33.484,524.103,54.1983
2.700,0.0450,15.6473,33.4917,524.056,54.3006
2.703,0.0451,15.6422,33.4966,523.961,54.4029
2.706,0.0451,15.637,33.5009,523.853,54.5052
2.709,0.0452,17.1677,33.6071,576.958,54.6075
2.712,0.0452,17.1618,33.7243,578.768,54.7099
2.715,0.0453,17.1558,33.722,578.526,54.8123
2.718,0.0453,17.1498,33.659,577.243,54.9148
2.721,0.0453,17.1437,33.6517,576.916,55.0173
2.724,0.0454,17.1377,33.6428,576.56,55.1197
2.727,0.0454,17.1317,33.6405,576.318,55.2222
2.730,0.0455,17.1257,33.6371,576.057,55.3247
2.733,0.0455,17.1197,33.6412,575.926,55.4272
2.736,0.0456,17.1138,33.6446,575.787,55.5297
2.739,0.0456,17.1079,33.6552,575.77,55.6322
2.741,0.0457,17.1021,33.4813,572.602,55.7347
2.744,0.0457,17.0964,33.5005,572.739,55.8371
2.747,0.0458,17.0908,33.5203,572.89,55.9395
2.750,0.0458,17.0853,33.5459,573.143,56.0419
2.753,0.0459,17.0798,33.5668,573.315,56.1443
2.756,0.0459,17.0745,33.4128,570.506,56.2465
2.759,0.0460,17.0691,33.4287,570.599,56.349
2.762,0.0460,17.0639,33.4705,571.136,56.4511
2.765,0.0461,17.0586,33.4803,571.126,56.5535
2.768,0.0461,17.0534,33.5209,571.645,56.6555
2.771,0.0462,17.048,33.5235,571.51,56.758
2.774,0.0462,17.0428,33.5592,571.944,56.8598
2.777,0.0463,17.0374,33.5545,571.681,56.9623
2.780,0.0463,17.0321,33.5826,571.982,57.0641
2.783,0.0464,17.0264,33.5718,571.607,57.1666
2.786,0.0464,17.021,33.5911,571.753,57.2683
2.789,0.0465,17.015,33.5761,571.298,57.3709
2.791,0.0465,17.0094,33.3107,566.596,57.4725
2.794,0.0466,17.0032,33.2735,565.755,57.5753
2.797,0.0466,16.9973,33.3103,566.187,57.6769
2.800,0.0467,16.9909,33.2687,565.263,57.7797
2.803,0.0467,16.9848,33.3059,565.694,57.8814
2.806,0.0468,16.9781,33.3023,565.409,57.9844
2.809,0.0468,16.9713,33.2988,565.125,58.0874
2.812,0.0469,16.9645,33.2973,564.872,58.1904
2.815,0.0469,16.9577,33.2958,564.619,58.2934
2.818,0.0470,16.9508,33.2978,564.426,58.3965
2.821,0.0470,16.9441,33.2994,564.228,58.4996
2.824,0.0471,16.9374,33.3056,564.109,58.6028
2.827,0.0471,18.2394,33.3544,608.365,58.706
2.830,0.0472,18.2275,33.362,608.104,58.8091
2.833,0.0472,18.2155,33.3689,607.832,58.9124
2.836,0.0473,18.2036,33.3792,607.622,59.0156
2.839,0.0473,18.1918,33.5742,610.775,59.1189
2.841,0.0474,18.18,33.5794,610.472,59.2223
2.844,0.0474,18.1682,33.6101,610.635,59.3256
2.847,0.0475,18.1566,33.6099,610.239,59.4291
2.850,0.0475,18.1449,33.6476,610.533,59.5324
2.853,0.0476,18.1335,33.6436,610.075,59.636
2.856,0.0476,18.122,33.6842,610.425,59.7394
2.859,0.0477,18.1107,33.6785,609.942,59.8431
2.862,0.0477,18.0994,33.7177,610.27,59.9465
2.865,0.0477,18.0882,33.7124,609.799,60.0502
2.868,0.0478,18.077,33.7465,610.036,60.1536
2.871,0.0478,18.066,33.7432,609.605,60.2574
2.874,0.0479,18.0549,33.7696,609.707,60.3608
2.877,0.0479,18.044,33.7692,609.331,60.4647
2.880,0.0480,18.033,33.7874,609.287,60.568
2.883,0.0480,18.022,33.7895,608.956,60.6719
2.886,0.0481,18.0111,33.8306,609.326,60.7752
2.888,0.0481,18.0002,33.842,609.163,60.8791
2.891,0.0482,17.9893,33.8418,608.789,60.9823
2.894,0.0482,17.9784,33.8484,608.54,61.0862
2.897,0.0483,17.9675,33.85,608.2,61.1894
2.900,0.0483,17.9567,33.8481,607.801,61.2934
2.903,0.0484,17.9458,33.8577,607.603,61.3965
2.906,0.0484,17.935,33.8436,606.986,61.5004
2.909,0.0485,17.9242,33.8669,607.037,61.6036
2.912,0.0485,17.9135,33.8374,606.148,61.7075
2.915,0.0486,17.9027,33.8797,606.537,61.8106
2.918,0.0486,17.8922,33.8324,605.334,61.9145
2.921,0.0487,17.8814,33.8967,606.12,62.0177
2.924,0.0487,17.871,33.8959,605.752,62.1216
2.927,0.0488,17.8606,33.9044,605.552,62.2255
2.930,0.0488,17.8501,33.693,601.425,62.3294
2.932,0.0489,17.8397,33.703,601.252,62.4334
2.935,0.0489,17.8293,33.6961,600.777,62.5374
2.938,0.0490,17.8189,33.713,600.731,62.6414
2.941,0.0490,17.8084,33.7044,600.222,62.7455
2.944,0.0491,17.7981,33.7287,600.306,62.8494
2.947,0.0491,17.7875,33.7177,599.754,62.9536
2.950,0.0492,19.2395,33.4803,644.145,63.0576
2.953,0.0492,19.2247,33.4654,643.364,63.1618
2.956,0.0493,19.2097,33.51,643.718,63.2658
2.959,0.0493,19.1951,33.4947,642.936,63.3701
2.962,0.0494,19.1803,33.5433,643.368,63.4741
2.965,0.0494,19.1659,33.5257,642.55,63.5784
2.968,0.0495,19.1512,33.5773,643.044,63.6824
2.971,0.0495,19.1369,33.375,638.695,63.7868
2.974,0.0496,19.1223,33.4328,639.314,63.8908
2.977,0.0496,19.1082,33.3998,638.209,63.9952
2.979,0.0497,19.0936,33.4628,638.925,64.0993
2.982,0.0497,19.0794,33.4156,637.551,64.2036
2.985,0.0498,19.0649,33.4864,638.414,64.3078
2.988,0.0498,19.0506,33.4222,636.715,64.4122
2.991,0.0499,19.036,33.5045,637.792,64.5163
2.994,0.0499,19.0217,33.4215,635.733,64.6207
2.997,0.0500,19.0069,33.5192,637.095,64.725
3.000,0.0500,18.9924,33.4169,634.666,64.8294
3.003,0.0500,18.9774,33.5336,636.38,64.9336
3.006,0.0501,18.9628,33.4126,633.596,65.038
3.009,0.0501,18.9476,33.5508,635.708,65.1424
3.012,0.0502,18.9329,33.4129,632.604,65.2468
3.015,0.0502,18.9177,33.5735,635.133,65.3512
3.018,0.0503,18.9031,33.1324,626.305,65.4557
3.020,0.0503,18.8878,33.5146,633.017,65.5601
3.023,0.0504,18.8733,33.1513,625.675,65.6646
3.026,0.0504,18.858,33.2524,627.074,65.7691
3.029,0.0505,18.8438,32.8764,619.514,65.8737
3.032,0.0505,18.8285,33.2934,626.865,65.9781
3.035,0.0506,18.8144,32.9084,619.152,66.0828
3.038,0.0506,18.7993,33.3372,626.716,66.1872
3.041,0.0507,18.7854,33.355,626.587,66.292
3.044,0.0507,18.7716,33.3731,626.467,66.3968
3.047,0.0508,18.7579,33.3895,626.318,66.5015
3.050,0.0508,18.7443,33.4061,626.175,66.6063
3.053,0.0509,18.7308,33.4196,625.976,66.711
3.056,0.0509,18.7174,33.4331,625.78,66.8157
3.059,0.0510,18.704,33.2578,622.054,66.9204
3.062,0.0510,18.6906,33.0688,618.076,67.0251
3.064,0.0511,18.6773,33.0721,617.697,67.1298
3.067,0.0511,18.664,33.0746,617.303,67.2345
3.070,0.0512,18.6507,33.0737,616.847,67.3392
3.073,0.0512,18.6374,33.0718,616.37,67.4439
3.076,0.0513,18.624,33.068,615.859,67.5486
3.079,0.0513,18.6107,33.0631,615.327,67.6533
3.082,0.0514,18.5973,33.0584,614.797,67.7581
3.085,0.0514,18.584,33.0528,614.251,67.8628
3.088,0.0515,18.5706,33.0493,613.745,67.9676
3.091,0.0515,18.5572,33.0455,613.232,68.0724
3.094,0.0516,18.5438,33.0455,612.79,68.1771
3.097,0.0516,18.5305,33.0457,612.352,68.2819
3.100,0.0517,20.4402,32.9307,673.112,68.3868
3.103,0.0517,20.4264,32.9346,672.736,68.4916
3.105,0.0518,20.4126,32.9275,672.137,68.5966
3.108,0.0518,20.399,32.9406,671.955,68.7015
3.111,0.0519,20.3855,32.9566,671.835,68.8066
3.114,0.0519,20.3721,32.9782,671.834,68.9116
3.117,0.0520,20.3588,32.9952,671.743,69.0169
3.120,0.0520,20.3457,32.8513,668.382,69.1219
3.123,0.0521,20.3328,32.8651,668.239,69.2274
3.126,0.0521,20.3199,32.9015,668.556,69.3325
3.129,0.0521,20.3073,32.9061,668.234,69.4381
3.132,0.0522,20.2948,32.9554,668.823,69.5433
3.135,0.0522,20.2824,32.9453,668.21,69.649
3.138,0.0523,20.2701,33.0093,669.104,69.7544
3.141,0.0523,20.258,32.9797,668.105,69.8602
3.144,0.0524,20.246,33.0598,669.328,69.9656
3.146,0.0524,20.234,33.0074,667.873,70.0716
3.149,0.0525,20.2221,33.1045,669.442,70.177
3.152,0.0525,20.2103,33.0276,667.498,70.2831
3.155,0.0526,20.1985,33.1423,669.425,70.3886
3.158,0.0526,20.1868,33.1491,669.173,70.4947
3.161,0.0527,20.175,33.1528,668.86,70.6009
3.164,0.0527,20.1633,33.2528,670.488,70.7071
3.167,0.0528,20.1516,33.2547,670.136,70.8133
3.170,0.0528,20.1399,32.9919,664.454,70.9195
3.173,0.0529,20.1282,32.8026,660.259,71.0257
3.176,0.0529,20.1165,32.6212,656.225,71.1318
3.179,0.0530,20.1048,32.6371,656.164,71.238
3.182,0.0530,20.0931,32.2243,647.488,71.3442
3.185,0.0531,20.0814,32.2474,647.575,71.4504
3.187,0.0531,20.0698,32.2711,647.673,71.5565
3.190,0.0532,20.0582,32.2961,647.801,71.6627
3.193,0.0532,20.0467,32.3206,647.922,71.7689
3.196,0.0533,20.0352,32.349,648.118,71.8751
3.199,0.0533,20.0239,32.3726,648.224,71.9814
3.202,0.0534,20.0124,32.4067,648.536,72.0876
3.205,0.0534,20.0013,32.4257,648.557,72.1939
3.208,0.0535,19.99,32.4684,649.042,72.3001
3.211,0.0535,19.9791,32.4784,648.888,72.4065
3.214,0.0536,19.9677,32.5328,649.607,72.5127
3.217,0.0536,19.957,32.529,649.181,72.6193
3.220,0.0537,19.9458,32.5299,648.834,72.7256
3.223,0.0537,19.9351,32.5286,648.462,72.8322
3.226,0.0538,19.9239,32.4492,646.515,72.9386
3.228,0.0538,19.9134,32.3681,644.558,73.0454
3.231,0.0539,19.9021,32.4955,646.729,73.1518
3.234,0.0539,21.2052,32.2541,683.954,73.2587
3.237,0.0540,21.1935,32.3833,686.315,73.3652
3.240,0.0540,21.1805,32.2786,683.677,73.4724
3.243,0.0541,21.1691,32.4193,686.289,73.579
3.246,0.0541,21.1563,32.3,683.349,73.6862
3.249,0.0541,21.1452,32.4504,686.172,73.793
3.252,0.0542,21.1326,32.3181,682.965,73.9004
3.255,0.0542,21.1217,32.4766,685.962,74.0073
3.258,0.0543,21.1092,32.3329,682.523,74.1148
3.261,0.0543,21.0985,32.4984,685.668,74.2218
3.264,0.0544,21.0861,32.3449,682.028,74.3295
3.266,0.0544,21.0755,32.5167,685.306,74.4366
3.269,0.0545,21.0632,32.3543,681.484,74.5445
3.272,0.0545,21.0527,32.5326,684.899,74.6516
3.275,0.0546,21.0405,32.5362,684.577,74.7596
3.278,0.0546,21.0282,32.5707,684.904,74.8677
3.281,0.0547,21.016,32.5417,683.897,74.9758
3.284,0.0547,21.0039,32.6071,684.876,75.0839
3.287,0.0548,20.9917,32.5457,683.189,75.1921
3.290,0.0548,20.9797,32.6412,684.803,75.3003
3.293,0.0549,20.9677,32.5481,682.457,75.4087
3.296,0.0549,20.9559,32.5501,682.117,75.5169
3.299,0.0550,20.944,32.4306,679.226,75.6253
3.301,0.0550,20.9325,32.5771,681.92,75.7335
3.304,0.0551,20.9208,32.4307,678.476,75.842
3.307,0.0551,20.9097,32.3715,676.879,75.9503
3.310,0.0552,20.8982,32.1925,672.765,76.0588
3.313,0.0552,20.8875,32.3906,676.559,76.167
3.316,0.0553,20.8763,32.1925,672.059,76.2756
3.319,0.0553,20.866,32.3493,674.999,76.3839
3.322,0.0554,20.855,32.0513,668.43,76.4925
3.325,0.0554,20.8452,32.0822,668.758,76.6008
3.328,0.0555,20.8345,32.0789,668.346,76.7095
3.331,0.0555,20.825,32.1088,668.668,76.8178
3.334,0.0556,20.8146,32.1057,668.266,76.9265
3.337,0.0556,20.8055,32.2468,670.912,77.0348
3.339,0.0557,20.7953,32.2661,670.982,77.1437
3.342,0.0557,20.7866,32.2686,670.753,77.252
3.345,0.0558,20.7765,32.2829,670.724,77.3609
3.348,0.0558,20.768,32.2902,670.604,77.4693
3.351,0.0559,20.7581,32.2977,670.438,77.5784
3.354,0.0559,20.7499,32.311,670.449,77.6868
3.357,0.0559,20.74,32.3108,670.124,77.796
3.360,0.0560,20.7319,32.3302,670.268,77.9045
3.363,0.0560,20.7221,32.3224,669.788,78.0139
3.366,0.0561,20.7141,32.3554,670.215,78.1225
3.369,0.0561,20.7043,32.3334,669.44,78.232
3.372,0.0562,20.6964,32.3779,670.107,78.3408
3.374,0.0562,20.6866,31.8834,659.559,78.4504
3.377,0.0563,20.6787,32.0221,662.175,78.5593
3.380,0.0563,20.6689,31.8925,659.182,78.6692
3.383,0.0564,20.661,32.04,661.978,78.7782
3.386,0.0564,20.6511,31.9061,658.897,78.8882
3.389,0.0565,20.6432,32.0563,661.743,78.9972
3.392,0.0565,20.6333,32.0655,661.617,79.1074
3.395,0.0566,20.6234,32.0741,661.478,79.2176
3.398,0.0566,21.67,31.7366,687.731,79.3279
3.401,0.0567,21.653,31.1429,674.338,79.4381
3.404,0.0567,21.6364,31.1534,674.046,79.5484
3.406,0.0568,21.62,31.0156,670.557,79.6588
3.409,0.0568,21.6039,31.0292,670.352,79.7691
3.412,0.0569,21.588,31.0424,670.145,79.8794
3.415,0.0569,21.5725,31.0545,669.924,79.9898
3.418,0.0570,21.5572,31.0661,669.699,80.1001
3.421,0.0570,21.5423,31.0766,669.461,80.2105
3.424,0.0571,21.5276,31.0865,669.216,80.3208
3.427,0.0571,21.5131,31.0955,668.961,80.4311
3.430,0.0572,21.4989,31.1038,668.698,80.5414
3.433,0.0572,21.485,31.1116,668.431,80.6517
3.436,0.0573,21.4713,31.1187,668.157,80.762
3.439,0.0573,21.4578,31.1255,667.884,80.8722
3.441,0.0574,21.4445,31.1319,667.606,80.9825
3.444,0.0574,21.4314,31.1384,667.338,81.0927
3.447,0.0575,21.4184,31.1445,667.066,81.2029
3.450,0.0575,21.4057,31.1512,666.813,81.3131
3.453,0.0576,21.3929,31.1525,666.44,81.4234
3.456,0.0576,21.3799,31.1654,666.313,81.5336
3.459,0.0576,21.3674,31.1632,665.876,81.6438
3.462,0.0577,21.3542,31.1819,665.864,81.7542
3.465,0.0577,21.3419,31.1786,665.41,81.8644
3.468,0.0578,21.3284,31.2015,665.479,81.9748
3.470,0.0578,21.3163,30.9995,660.795,82.085
3.473,0.0579,21.3027,31.0106,660.61,82.1955
3.476,0.0579,21.2908,31.0285,660.623,82.3058
3.479,0.0580,21.277,31.0345,660.322,82.4164
3.482,0.0580,21.2653,31.0637,660.581,82.5267
3.485,0.0581,21.2515,31.0612,660.095,82.6374
3.488,0.0581,21.24,30.8469,655.187,82.7478
3.491,0.0582,21.2261,30.8743,655.342,82.8587
3.494,0.0582,21.2148,30.6155,649.503,82.9691
3.497,0.0583,21.201,30.5806,648.341,83.0801
3.500,0.0583,21.19,30.6657,649.805,83.1906
3.502,0.0584,21.1763,30.6513,649.079,83.3017
3.505,0.0584,21.1655,30.7397,650.621,83.4123
3.508,0.0585,21.1519,30.7591,650.615,83.5236
3.511,0.0585,21.1385,30.775,650.536,83.6349
3.514,0.0586,21.1251,30.7906,650.456,83.7463
3.517,0.0586,21.112,30.8031,650.313,83.8576
3.520,0.0587,21.099,30.8149,650.163,83.969
3.523,0.0587,21.0861,30.8245,649.968,84.0805
3.526,0.0588,21.0734,30.8332,649.76,84.1919
3.529,0.0588,21.0608,30.8408,649.531,84.3033
3.532,0.0589,21.0484,30.8473,649.285,84.4148
3.534,0.0589,21.0361,30.8538,649.042,84.5263
3.537,0.0590,21.0239,30.5782,642.874,84.6377
3.540,0.0590,21.0118,30.3118,636.904,84.7492
3.543,0.0591,20.9995,30.3069,636.429,84.8608
3.546,0.0591,20.9876,30.3277,636.507,84.9723
3.549,0.0591,20.9753,30.0611,630.54,85.0839
3.552,0.0592,20.9637,30.0879,630.754,85.1954
3.555,0.0592,20.9513,30.0717,630.043,85.307
3.558,0.0593,20.94,30.1088,630.48,85.4185
3.561,0.0593,20.9276,30.0858,629.626,85.5302
3.563,0.0594,20.9167,30.1339,630.301,85.6417
3.566,0.0594,20.9043,30.1031,629.285,85.7534
3.569,0.0595,20.8937,30.1623,630.201,85.8649
3.572,0.0595,22.6727,30.1698,684.032,85.9767
3.575,0.0596,22.655,30.2061,684.319,86.0881
3.578,0.0596,22.6365,30.1927,683.457,86.2
3.581,0.0597,22.619,30.2335,683.851,86.3114
3.584,0.0597,22.6008,30.2148,682.877,86.4233
3.587,0.0598,22.5834,30.2581,683.332,86.5346
3.590,0.0598,22.5656,30.1476,680.3,86.6467
3.592,0.0599,22.5484,30.1226,679.216,86.758
3.595,0.0599,22.5309,30.1748,679.867,86.8701
3.598,0.0600,22.5138,30.1438,678.651,86.9813
3.601,0.0600,22.4966,30.1982,679.357,87.0935
3.604,0.0601,22.4795,30.16,677.982,87.2047
3.607,0.0601,22.4625,30.2181,678.776,87.317
3.610,0.0602,22.4454,30.0959,675.514,87.4282
3.613,0.0602,22.4286,30.1809,676.916,87.5406
3.616,0.0603,22.4115,30.0052,672.462,87.6518
3.619,0.0603,22.3948,30.1483,675.168,87.7642
3.621,0.0604,22.3777,30.0083,671.516,87.8754
3.624,0.0604,22.3611,30.0168,671.211,87.988
3.627,0.0605,22.3446,29.9894,670.101,88.1006
3.630,0.0605,22.3281,29.9993,669.828,88.2132
3.633,0.0606,22.3116,30.0139,669.656,88.3258
3.636,0.0606,22.2951,30.0243,669.394,88.4386
3.639,0.0606,22.2786,30.0418,669.289,88.5512
3.642,0.0607,22.2621,30.0521,669.023,88.6641
3.645,0.0607,22.2456,30.073,668.993,88.7767
3.648,0.0608,22.2292,30.082,668.7,88.8897
3.650,0.0608,22.2128,30.1066,668.752,89.0024
3.653,0.0609,22.1964,30.1127,668.395,89.1154
3.656,0.0609,22.1801,30.1413,668.538,89.2281
3.659,0.0610,22.1638,30.1426,668.075,89.3412
3.662,0.0610,22.1476,30.1757,668.321,89.4539
3.665,0.0611,22.1314,30.17,667.705,89.5672
3.668,0.0611,22.1154,30.2082,668.067,89.6799
3.671,0.0612,22.0993,30.1936,667.258,89.7932
3.674,0.0612,22.0835,30.2376,667.752,89.9059
3.677,0.0613,22.0675,30.2125,666.715,90.0193
3.679,0.0613,22.052,30.2629,667.358,90.1319
3.682,0.0614,22.0361,30.2265,666.074,90.2454
3.685,0.0614,22.0209,30.2839,666.88,90.358
3.688,0.0615,22.0052,30.2359,665.347,90.4715
3.691,0.0615,21.9903,30.301,666.327,90.5841
3.694,0.0616,21.9747,29.9602,658.367,90.6977
3.697,0.0616,21.9601,30.1008,661.018,90.8102
3.700,0.0617,21.9447,29.9641,657.554,90.9238
3.703,0.0617,21.9305,29.9709,657.276,91.0363
3.706,0.0618,21.9153,29.5583,647.779,91.1498
3.708,0.0618,21.9013,29.7354,651.244,91.2623
3.711,0.0619,21.8864,29.5664,647.102,91.3758
3.714,0.0619,21.8727,29.5232,645.75,91.4882
3.717,0.0620,21.8579,29.3899,642.399,91.6019
3.720,0.0620,21.8444,29.5573,645.661,91.7143
3.723,0.0620,21.8297,29.4124,642.064,91.828
3.726,0.0621,21.8165,29.5946,645.652,91.9403
3.729,0.0621,21.802,29.3676,640.272,92.0541
3.732,0.0622,21.7891,29.5258,643.339,92.1665
3.735,0.0622,21.7746,29.3974,640.117,92.2803
3.737,0.0623,21.7619,29.5646,643.384,92.3927
3.740,0.0623,21.7476,29.5799,643.292,92.5066
3.743,0.0624,21.7334,28.9784,629.8,92.6206
3.746,0.0624,21.7194,28.9977,629.812,92.7346
3.749,0.0625,21.7054,29.0172,629.828,92.8486
3.752,0.0625,21.6915,29.0354,629.822,92.9626
3.755,0.0626,21.6777,29.0538,629.819,93.0766
3.758,0.0626,21.664,29.0706,629.785,93.1906
3.761,0.0627,21.6504,29.0875,629.754,93.3046
3.764,0.0627,21.6368,28.9529,626.448,93.4186
3.766,0.0628,21.6234,28.9724,626.481,93.5326
3.769,0.0628,21.61,28.9908,626.491,93.6466
3.772,0.0629,21.5967,29.0093,626.505,93.7606
3.775,0.0629,21.5835,29.0269,626.501,93.8746
3.778,0.0630,21.5704,29.0445,626.499,93.9886
3.781,0.0630,21.5573,29.0615,626.488,94.1026
3.784,0.0631,21.5443,29.0786,626.478,94.2165
3.787,0.0631,21.5314,29.0956,626.468,94.3305
3.790,0.0632,21.5186,28.9908,623.841,94.4445
3.793,0.0632,21.5058,28.6589,616.334,94.5584
3.795,0.0633,21.4932,28.6786,616.394,94.6723
3.798,0.0633,21.4806,28.6989,616.469,94.7862
3.801,0.0634,21.4681,28.7105,616.358,94.9001
3.804,0.0634,21.4555,28.7416,616.666,95.014
3.807,0.0635,21.4432,28.7456,616.396,95.1279
3.810,0.0635,21.4306,28.7872,616.928,95.2419
3.813,0.0635,21.4185,28.7842,616.513,95.3557
3.816,0.0636,21.406,28.8353,617.249,95.4697
3.819,0.0636,21.3941,28.826,616.706,95.5834
3.822,0.0637,21.3816,28.8852,617.613,95.6975
3.824,0.0637,21.3699,28.8703,616.955,95.8111
3.827,0.0638,21.3575,28.9361,618.003,95.9253
3.830,0.0638,21.3459,28.9179,617.28,96.0388
3.833,0.0639,21.3336,29.0165,619.026,96.1531
3.836,0.0639,23.7107,28.7474,681.621,96.2666
3.839,0.0640,23.6959,28.8282,683.11,96.3809
3.842,0.0640,23.682,28.7888,681.777,96.4944
3.845,0.0641,23.6672,28.8756,683.406,96.6088
3.848,0.0641,23.6535,28.8279,681.879,96.7222
3.851,0.0642,23.6388,28.9214,683.667,96.8367
3.853,0.0642,23.6251,28.7413,679.015,96.9502
3.856,0.0643,23.6105,28.7605,679.048,97.0648
3.859,0.0643,23.596,28.7789,679.066,97.1794
3.862,0.0644,23.5815,28.7976,679.09,97.294
3.865,0.0644,23.5671,28.8157,679.102,97.4087
3.868,0.0645,23.5527,28.9108,680.928,97.5233
3.871,0.0645,23.5384,28.9269,680.894,97.6379
3.874,0.0646,23.5242,28.9437,680.877,97.7526
3.877,0.0646,23.5101,28.9604,680.863,97.8672
3.880,0.0647,23.4961,28.9779,680.867,97.9818
3.882,0.0647,23.4821,28.9957,680.88,98.0964
3.885,0.0648,23.4682,28.813,676.192,98.2111
3.888,0.0648,23.4545,28.5594,669.846,98.3257
3.891,0.0649,23.4408,28.5799,669.937,98.4404
3.894,0.0649,23.4272,28.6035,670.1,98.5551
3.897,0.0649,23.4137,28.6235,670.183,98.6698
3.900,0.0650,23.4002,28.6475,670.358,98.7844
3.903,0.0650,23.3869,28.6674,670.44,98.8993
3.906,0.0651,23.3735,28.6904,670.597,99.0138
3.909,0.0651,23.3602,28.7107,670.689,99.1287
3.911,0.0652,23.347,28.7315,670.792,99.2433
3.914,0.0652,23.3337,28.7528,670.91,99.3582
3.917,0.0653,23.3205,28.7695,670.919,99.4727
3.920,0.0653,23.3073,28.7929,671.084,99.5877
3.923,0.0654,23.2941,28.7289,669.213,99.7022
3.926,0.0654,23.2809,28.7816,670.063,99.8172
3.929,0.0655,23.2677,28.7537,669.034,99.9316
3.932,0.0655,23.2545,28.8162,670.107,100.047
3.935,0.0656,23.2413,28.6205,665.176,100.161
3.938,0.0656,23.2281,28.6561,665.626,100.276
3.940,0.0657,23.2149,28.6388,664.846,100.39
3.943,0.0657,23.2016,28.6823,665.476,100.506
3.946,0.0658,23.1884,28.6541,664.442,100.62
3.949,0.0658,23.1752,28.7069,665.287,100.735
3.952,0.0659,23.162,28.6668,663.981,100.849
3.955,0.0659,23.1488,28.7303,665.073,100.965
3.958,0.0660,23.1356,28.6779,663.481,101.079
3.961,0.0660,23.1226,28.7532,664.847,101.194
3.964,0.0661,23.1094,28.6878,662.959,101.308
3.966,0.0661,23.0964,28.687,662.567,101.423
3.969,0.0662,23.0833,28.547,658.959,101.537
3.972,0.0662,23.0704,28.5616,658.929,101.652
3.975,0.0663,23.0576,28.5686,658.724,101.768
3.978,0.0663,23.0448,28.7195,661.834,101.883
3.981,0.0663,23.032,28.658,660.051,101.998
3.984,0.0664,23.0192,28.4048,653.856,102.114
3.987,0.0664,23.0065,28.4021,653.431,102.229
3.990,0.0665,22.9937,28.1659,647.64,102.344
3.993,0.0665,22.9811,28.1846,647.714,102.459
3.995,0.0666,22.9684,28.1785,647.217,102.575
3.998,0.0666,22.9559,28.198,647.31,102.69
4.001,0.0667,22.9433,28.1916,646.807,102.805
4.004,0.0667,22.9308,28.2113,646.909,102.92
4.007,0.0668,22.9183,28.2063,646.441,103.035
4.010,0.0668,22.906,28.2262,646.549,103.15
4.013,0.0669,22.8936,28.2238,646.144,103.265
4.016,0.0669,22.8813,28.244,646.261,103.38
4.019,0.0670,22.869,28.2448,645.932,103.495
4.022,0.0670,22.8569,28.2657,646.067,103.61
4.024,0.0671,22.8447,28.2694,645.806,103.725
4.027,0.0671,22.8327,28.2917,645.976,103.84
4.030,0.0672,22.8207,28.2968,645.753,103.955
4.033,0.0672,22.8088,28.3213,645.975,104.07
4.036,0.0673,22.7969,28.3259,645.742,104.185
4.039,0.0673,22.7851,28.1749,641.969,104.3
4.042,0.0674,22.7734,28.2412,643.147,104.415
4.045,0.0674,22.7617,28.2143,642.204,104.53
4.048,0.0675,22.7501,28.2764,643.292,104.645
4.050,0.0675,22.7385,28.2528,642.426,104.76
4.053,0.0676,22.7271,28.3072,643.341,104.875
4.056,0.0676,22.7156,28.2871,642.557,104.99
4.059,0.0677,22.7043,28.3309,643.234,105.105
4.062,0.0677,22.6928,28.3087,642.404,105.22
4.065,0.0677,22.6816,28.346,642.933,105.335
4.068,0.0678,22.6702,28.3217,642.057,105.45
4.071,0.0678,22.6591,28.3516,642.421,105.565
4.074,0.0679,22.6476,28.3258,641.512,105.68
4.077,0.0679,22.6365,28.3484,641.709,105.795
4.079,0.0680,22.625,28.3222,640.792,105.91
4.082,0.0680,22.614,28.3381,640.836,106.026
4.085,0.0681,22.6025,28.313,639.943,106.14
4.088,0.0681,22.5914,28.3056,639.462,106.256
4.091,0.0682,24.1219,28.0959,677.727,106.371
4.094,0.0682,24.1079,28.0902,677.197,106.487
4.097,0.0683,24.0939,28.0832,676.632,106.603
4.100,0.0683,24.0797,28.0791,676.134,106.719
4.103,0.0684,24.0653,28.0739,675.609,106.835
4.106,0.0684,24.0509,28.0727,675.175,106.951
4.108,0.0685,24.0364,27.8232,668.769,107.066
4.111,0.0685,24.0218,27.5939,662.855,107.182
4.114,0.0686,24.007,27.5962,662.503,107.298
4.117,0.0686,23.9922,27.602,662.234,107.413
4.120,0.0687,23.9774,27.5953,661.662,107.529
4.123,0.0687,23.9624,27.6031,661.438,107.644
4.126,0.0688,23.9475,27.6121,661.241,107.76
4.129,0.0688,23.9325,27.6228,661.084,107.875
4.132,0.0689,23.9176,27.6349,660.96,107.991
4.134,0.0689,23.9027,27.6476,660.853,108.106
4.137,0.0690,23.8879,27.6618,660.782,108.221
4.140,0.0690,23.8731,27.0853,646.609,108.336
4.143,0.0691,23.8584,27.1017,646.605,108.452
4.146,0.0691,23.8439,27.1174,646.586,108.567
4.149,0.0691,23.8295,27.1372,646.666,108.682
4.152,0.0692,23.8153,27.1502,646.589,108.796
4.155,0.0692,23.8012,27.1712,646.705,108.911
4.158,0.0693,23.7872,27.1815,646.572,109.026
4.161,0.0693,23.7735,27.2011,646.665,109.141
4.163,0.0694,23.7599,27.2096,646.496,109.255
4.166,0.0694,23.7464,26.8434,637.434,109.37
4.169,0.0695,23.7331,26.8801,637.947,109.484
4.172,0.0695,23.7199,26.8691,637.332,109.598
4.175,0.0696,23.7068,26.9129,638.019,109.713
4.178,0.0696,23.6939,26.705,632.746,109.827
4.181,0.0697,23.6809,26.4471,626.292,109.941
4.184,0.0697,23.6681,26.49,626.969,110.056
4.187,0.0698,23.6552,26.5485,628.012,110.17
4.190,0.0698,23.6424,26.5039,626.617,110.284
4.192,0.0699,23.6295,26.575,627.953,110.399
4.195,0.0699,23.6166,26.5165,626.23,110.513
4.198,0.0700,23.6036,26.6006,627.87,110.627
4.201,0.0700,23.5906,26.5298,625.852,110.741
4.204,0.0701,23.5773,26.5428,625.807,110.856
4.207,0.0701,23.5639,26.5571,625.79,110.971
4.210,0.0702,23.5504,26.5719,625.779,111.085
4.213,0.0702,23.5368,26.6992,628.413,111.2
4.216,0.0703,23.523,26.7155,628.427,111.315
4.219,0.0703,23.5091,26.7322,628.449,111.43
4.221,0.0704,23.495,26.7502,628.496,111.544
4.224,0.0704,23.4809,26.7682,628.539,111.659
4.227,0.0705,23.4666,26.7874,628.609,111.774
4.230,0.0705,23.4523,26.8061,628.663,111.888
4.233,0.0706,23.4378,26.8258,628.739,112.003
4.236,0.0706,23.4234,26.8408,628.703,112.118
4.239,0.0706,23.4091,26.8639,628.858,112.232
4.242,0.0707,23.3946,26.8734,628.691,112.347
4.245,0.0707,23.3803,26.9001,628.933,112.461
4.248,0.0708,23.3658,26.9015,628.576,112.576
4.250,0.0708,23.3517,26.9333,628.938,112.69
4.253,0.0709,23.3373,26.9236,628.323,112.805
4.256,0.0709,23.3234,26.9627,628.861,112.919
4.259,0.0710,23.3091,26.9388,627.918,113.034
4.262,0.0710,23.2953,26.9883,628.702,113.148
4.265,0.0711,23.2812,26.9475,627.371,113.263
4.268,0.0711,23.2676,27.0108,628.477,113.377
4.271,0.0712,23.2537,26.8917,625.33,113.491
4.274,0.0712,23.2403,26.6096,618.413,113.606
4.276,0.0713,23.2265,26.5619,616.941,113.72
4.279,0.0713,23.2133,26.6278,618.118,113.834
4.282,0.0714,23.1997,26.4652,613.986,113.948
4.285,0.0714,23.1866,26.5751,616.187,114.063
4.288,0.0715,23.1733,26.4727,613.458,114.177
4.291,0.0715,23.1603,26.5982,616.022,114.292
4.294,0.0716,23.147,26.4851,613.053,114.406
4.297,0.0716,23.1342,26.6248,615.944,114.521
4.300,0.0717,23.1211,26.5047,612.818,114.634
4.303,0.0717,23.1083,26.6563,615.981,114.749
4.305,0.0718,23.0952,26.5326,612.776,114.863
4.308,0.0718,23.0825,26.6932,616.148,114.978
4.311,0.0719,23.0695,26.5685,612.923,115.092
4.314,0.0719,23.0569,26.4979,610.96,115.207
4.317,0.0719,23.0438,26.4463,609.423,115.32
4.320,0.0720,23.0313,26.4667,609.564,115.436
4.323,0.0720,23.0188,26.3634,606.854,115.551
4.326,0.0721,23.0062,26.3885,607.1,115.667
4.329,0.0721,22.9936,26.4041,607.126,115.782
4.331,0.0722,22.981,26.4343,607.488,115.897
4.334,0.0722,22.9683,26.4443,607.381,116.013
4.337,0.0723,22.9557,26.4804,607.875,116.127
4.340,0.0723,22.9429,26.4813,607.557,116.242
4.343,0.0724,22.9301,26.5246,608.213,116.357
4.346,0.0724,22.9172,26.513,607.605,116.472
4.349,0.0725,22.9044,26.5653,608.462,116.586
4.352,0.0725,22.8914,26.538,607.492,116.701
4.355,0.0726,22.8785,26.4934,606.129,116.815
4.358,0.0726,22.8654,26.4451,604.68,116.93
4.360,0.0727,22.8524,26.3693,602.6,117.044
4.363,0.0727,22.8393,26.3398,601.581,117.159
4.366,0.0728,22.8261,26.1951,597.932,117.273
4.369,0.0728,22.813,26.173,597.083,117.387
4.372,0.0729,22.7997,26.2119,597.624,117.502
4.375,0.0729,22.7865,26.1714,596.357,117.616
4.378,0.0730,22.7733,26.2255,597.24,117.731
4.381,0.0730,22.7601,26.1777,595.807,117.845
4.384,0.0731,22.7468,26.2363,596.793,117.96
4.386,0.0731,22.7336,26.1852,595.284,118.074
4.389,0.0732,22.7204,26.2461,596.322,118.189
4.392,0.0732,22.7072,26.1961,594.84,118.304
4.395,0.0733,22.6941,26.2564,595.866,118.419
4.398,0.0733,22.681,26.212,594.513,118.533
4.401,0.0733,22.6681,26.2687,595.46,118.649
4.404,0.0734,22.6549,26.2339,594.327,118.763
4.407,0.0734,22.6423,26.2839,595.127,118.88
4.410,0.0735,22.6292,26.2663,594.385,118.994
4.412,0.0735,22.6167,26.229,593.214,119.11
4.415,0.0736,22.6037,26.1293,590.62,119.225
4.418,0.0736,23.8576,26.0487,621.46,119.341
4.421,0.0737,23.8469,26.0309,620.755,119.456
4.424,0.0737,23.8356,26.0741,621.493,119.572
4.427,0.0738,23.8249,26.067,621.044,119.687
4.430,0.0738,23.8137,26.1,621.539,119.803
4.433,0.0739,23.8029,26.0987,621.226,119.918
4.436,0.0739,23.7918,26.1115,621.239,120.034
4.438,0.0740,23.7806,26.121,621.172,120.151
4.441,0.0740,23.7693,26.13,621.091,120.268
4.444,0.0741,23.758,26.136,620.938,120.384
4.447,0.0741,23.7465,26.141,620.759,120.501
4.450,0.0742,23.7351,26.1438,620.524,120.617
4.453,0.0742,23.7235,26.1452,620.255,120.734
4.456,0.0743,23.7118,26.0516,617.73,120.85
4.459,0.0743,23.7,25.9513,615.046,120.967
4.462,0.0744,23.6882,25.9538,614.798,121.083
4.464,0.0744,23.6763,25.9545,614.506,121.199
4.467,0.0745,23.6643,25.9554,614.216,121.315
4.470,0.0745,23.6523,25.9547,613.89,121.431
4.473,0.0746,23.6403,25.9549,613.581,121.547
4.476,0.0746,23.6282,25.9313,612.71,121.662
4.479,0.0746,23.6162,25.934,612.463,121.778
4.482,0.0747,23.6042,25.9363,612.206,121.894
4.485,0.0747,23.5923,25.9399,611.981,122.009
4.488,0.0748,23.5804,25.9436,611.759,122.124
4.490,0.0748,23.5686,25.9487,611.574,122.24
4.493,0.0749,23.5568,25.9544,611.404,122.355
4.496,0.0749,23.5452,25.9626,611.295,122.47
4.499,0.0750,23.5336,25.9698,611.164,122.585
4.502,0.0750,23.5222,25.9803,611.115,122.7
4.505,0.0751,23.5107,25.9902,611.05,122.815
4.508,0.0751,23.4997,26.001,611.014,122.93
4.511,0.0752,23.4884,26.0155,611.061,123.045
4.514,0.0752,23.4776,25.5879,600.744,123.161
4.516,0.0753,23.4665,25.5981,600.697,123.276
4.519,0.0753,23.4561,25.6115,600.746,123.391
4.522,0.0754,23.4452,25.6279,600.85,123.506
4.525,0.0754,23.435,25.6351,600.758,123.621
4.528,0.0755,23.4243,25.6597,601.06,123.737
4.531,0.0755,23.4144,25.6573,600.75,123.852
4.534,0.0756,23.4038,25.692,601.292,123.968
4.537,0.0756,23.3942,25.6773,600.699,124.084
4.539,0.0757,23.3837,25.5469,597.382,124.2
4.542,0.0757,23.3743,25.3067,591.525,124.315
4.545,0.0758,23.364,25.3569,592.439,124.432
4.548,0.0758,23.3547,25.3193,591.324,124.548
4.551,0.0759,23.3444,25.3319,591.358,124.664
4.554,0.0759,23.3343,25.3431,591.361,124.781
4.557,0.0759,23.3241,25.3538,591.356,124.898
4.560,0.0760,23.314,25.1322,585.934,125.015
4.563,0.0760,23.304,25.1369,585.791,125.131
4.565,0.0761,23.294,25.148,585.798,125.248
4.568,0.0761,23.2841,25.1576,585.772,125.365
4.571,0.0762,23.2742,25.1669,585.739,125.482
4.574,0.0762,23.2643,25.1745,585.668,125.599
4.577,0.0763,23.2545,25.1821,585.598,125.716
4.580,0.0763,23.2447,25.1047,583.552,125.833
4.583,0.0764,23.235,25.1138,583.52,125.949
4.586,0.0764,23.2253,25.1163,583.331,126.066
4.589,0.0765,23.2156,24.8574,577.08,126.183
4.591,0.0765,23.2059,24.8607,576.916,126.3
4.594,0.0766,23.1964,24.8666,576.816,126.416
4.597,0.0766,23.1867,24.8704,576.662,126.533
4.600,0.0767,23.1772,24.8743,576.517,126.649
4.603,0.0767,23.1676,24.8803,576.416,126.766
4.606,0.0768,23.1582,24.8809,576.198,126.883
4.609,0.0768,23.1486,24.8912,576.197,126.999
4.612,0.0769,23.1394,24.887,575.869,127.116
4.614,0.0769,23.1297,24.9037,576.016,127.232
4.617,0.0770,23.1206,24.893,575.54,127.349
4.620,0.0770,23.111,24.9179,575.875,127.466
4.623,0.0771,23.1019,24.8989,575.213,127.582
4.626,0.0771,23.0923,24.6346,568.869,127.699
4.629,0.0771,23.0833,24.633,568.612,127.816
4.632,0.0772,23.0737,24.6395,568.524,127.933
4.635,0.0772,23.0649,24.6427,568.382,128.05
4.637,0.0773,23.0553,24.6552,568.431,128.167
4.640,0.0773,23.0465,24.6568,568.253,128.284
4.643,0.0774,23.0369,24.4994,564.391,128.401
4.646,0.0774,23.0283,24.5631,565.647,128.518
4.649,0.0775,23.0187,24.515,564.303,128.636
4.652,0.0775,23.0101,24.5441,564.763,128.753
4.655,0.0776,23.0006,24.3859,560.891,128.871
4.658,0.0776,22.9921,24.5619,564.731,128.988
4.661,0.0777,22.9826,24.3949,560.659,129.107
4.663,0.0777,22.9742,24.5772,564.642,129.224
4.666,0.0778,22.9647,24.6935,567.08,129.342
4.669,0.0778,22.9553,24.7007,567.011,129.461
4.672,0.0779,22.9459,24.7014,566.795,129.58
4.675,0.0779,22.9365,24.7121,566.809,129.699
4.678,0.0780,22.9272,24.7092,566.513,129.817
4.681,0.0780,22.9178,24.7247,566.636,129.936
4.684,0.0781,22.9085,24.7185,566.265,130.055
4.686,0.0781,22.8991,24.7399,566.522,130.174
4.689,0.0782,22.8899,24.7304,566.077,130.293
4.692,0.0782,22.8805,24.7586,566.489,130.411
4.695,0.0783,22.8713,24.7458,565.969,130.53
4.698,0.0783,22.8618,24.7814,566.549,130.649
4.701,0.0783,22.8526,24.7651,565.947,130.768
4.704,0.0784,22.8432,24.8081,566.695,130.886
4.707,0.0784,22.8339,24.7879,566.004,131.005
4.710,0.0785,22.8244,24.8377,566.906,131.124
4.712,0.0785,22.8151,24.8132,566.116,131.242
4.715,0.0786,22.8056,24.8688,567.148,131.361
4.718,0.0786,22.7963,24.8395,566.25,131.479
4.721,0.0787,22.7869,24.8993,567.378,131.598
4.724,0.0787,22.7776,24.7204,563.071,131.716
4.727,0.0788,22.7682,24.8253,565.227,131.835
4.730,0.0788,22.7589,24.7364,562.973,131.953
4.733,0.0789,22.7496,24.8463,565.243,132.072
4.735,0.0789,22.7404,24.748,562.778,132.19
4.738,0.0790,22.7312,24.7471,562.532,132.309
4.741,0.0790,22.7221,24.6392,559.855,132.428
4.744,0.0791,22.7131,24.7554,562.273,132.546
4.747,0.0791,22.7042,24.6379,559.382,132.665
4.750,0.0792,22.6954,24.7591,561.919,132.784
4.753,0.0792,22.6867,24.6323,558.824,132.903
4.756,0.0793,22.6782,24.7603,561.517,133.022
4.758,0.0793,22.6695,24.6239,558.213,133.141
4.761,0.0794,22.6613,24.7603,561.099,133.26
4.764,0.0794,22.6528,24.6146,557.59,133.38
4.767,0.0795,22.6448,24.6179,557.468,133.499
4.770,0.0795,22.6365,24.4829,554.208,133.619
4.773,0.0795,22.6288,24.6226,557.18,133.739
4.776,0.0796,22.6206,24.4791,553.731,133.859
4.779,0.0796,22.613,24.6327,557.019,133.979
4.782,0.0797,22.6049,24.6331,556.828,134.099
4.784,0.0797,22.5968,24.6366,556.709,134.22
4.787,0.0798,24.5647,24.5095,602.067,134.34
4.790,0.0798,24.5515,24.3583,598.032,134.461
4.793,0.0799,24.5382,24.3625,597.812,134.581
4.796,0.0799,24.525,24.3304,596.704,134.702
4.799,0.0800,24.5118,24.3376,596.56,134.822
4.802,0.0800,24.4987,24.3456,596.436,134.943
4.805,0.0801,24.4856,24.3543,596.328,135.064
4.808,0.0801,24.4725,24.3628,596.218,135.184
4.810,0.0802,24.4594,24.372,596.124,135.305
4.813,0.0802,24.4464,24.3801,596.005,135.426
4.816,0.0803,24.4334,24.3887,595.898,135.546
4.819,0.0803,24.4205,24.3955,595.748,135.667
4.822,0.0804,24.4076,24.4025,595.606,135.787
4.825,0.0804,24.3947,24.4072,595.408,135.908
4.828,0.0805,24.382,24.412,595.213,136.028
4.831,0.0805,24.3693,24.4142,594.955,136.149
4.833,0.0806,24.3566,24.2468,590.569,136.269
4.836,0.0806,24.344,24.1345,587.531,136.389
4.839,0.0807,24.3315,24.1377,587.308,136.509
4.842,0.0807,24.3191,24.1402,587.067,136.63
4.845,0.0807,24.3066,24.1398,586.757,136.75
4.848,0.0808,24.2943,24.1417,586.508,136.87
4.851,0.0808,24.282,24.1379,586.118,136.99
4.854,0.0809,24.2699,24.1403,585.883,137.11
4.856,0.0809,24.2577,24.1335,585.423,137.23
4.859,0.0810,24.2458,24.1376,585.235,137.351
4.862,0.0810,24.2337,24.1283,584.716,137.471
4.865,0.0811,24.222,24.1356,584.612,137.591
4.868,0.0811,24.2101,24.124,584.043,137.712
4.871,0.0812,24.1986,24.1362,584.063,137.832
4.874,0.0812,24.1869,24.1225,583.449,137.953
4.877,0.0813,24.1757,24.1411,583.629,138.073
4.880,0.0813,24.1642,24.1254,582.97,138.194
4.882,0.0814,24.1533,24.1515,583.339,138.315
4.885,0.0814,24.142,24.1246,582.414,138.435
4.888,0.0815,24.1314,24.1176,581.991,138.556
4.891,0.0815,24.1203,24.1396,582.255,138.677
4.894,0.0816,24.1101,24.1341,581.875,138.798
4.897,0.0816,24.0992,24.1434,581.837,138.919
4.900,0.0817,24.0885,24.0465,579.244,139.04
4.903,0.0817,24.0779,24.0574,579.25,139.161
4.906,0.0818,24.0674,24.0702,579.307,139.282
4.908,0.0818,24.057,24.0821,579.345,139.403
4.911,0.0819,24.0468,24.0955,579.419,139.524
4.914,0.0819,24.0367,24.1076,579.466,139.645
4.917,0.0820,24.0266,24.1204,579.53,139.766
4.920,0.0820,24.0166,24.1318,579.564,139.886
4.923,0.0820,24.0066,24.1431,579.594,140.007
4.926,0.0821,23.9967,24.1531,579.595,140.127
4.929,0.0821,23.9867,24.161,579.543,140.248
4.932,0.0822,23.9767,23.9372,573.935,140.368
4.934,0.0822,23.9668,23.9471,573.934,140.489
4.937,0.0823,23.9567,23.9509,573.785,140.609
4.940,0.0823,23.9467,23.9603,573.769,140.729
4.943,0.0824,23.9365,23.787,569.377,140.849
4.946,0.0824,23.9264,23.7985,569.412,140.969
4.949,0.0825,23.916,23.7962,569.111,141.089
4.952,0.0825,23.9058,23.8075,569.138,141.208
4.955,0.0826,23.8953,23.8021,568.758,141.328
4.958,0.0826,23.885,23.57,562.971,141.448
4.960,0.0827,23.8744,23.571,562.743,141.567
4.963,0.0827,23.8641,23.575,562.595,141.687
4.966,0.0828,23.8533,23.5746,562.332,141.807
4.969,0.0828,23.843,23.5806,562.233,141.926
4.972,0.0829,23.8322,23.5789,561.938,142.046
4.975,0.0829,23.8219,23.5885,561.925,142.165
4.978,0.0830,23.8112,23.3638,556.32,142.285
4.981,0.0830,23.801,23.3793,556.45,142.404
4.984,0.0831,23.7903,22.937,545.678,142.524
4.986,0.0831,23.7803,22.9701,546.236,142.644
4.989,0.0832,23.7698,22.9566,545.672,142.764
4.992,0.0832,23.76,22.994,546.339,142.883
4.995,0.0833,23.7496,22.9806,545.779,143.003
4.998,0.0833,23.7402,23.0224,546.556,143.123
5.001,0.0833,23.73,23.0084,545.989,143.243
5.004,0.0834,23.7209,23.0545,546.874,143.362
5.007,0.0834,23.7108,23.0394,546.284,143.482
5.009,0.0835,23.7021,23.0894,547.267,143.602
5.012,0.0835,23.6922,23.106,547.432,143.722
5.015,0.0836,23.6825,23.1212,547.567,143.842
5.018,0.0836,23.6729,23.2281,549.877,143.962
5.021,0.0837,23.6635,23.24,549.939,144.082
5.024,0.0837,23.6541,23.2623,550.249,144.202
5.027,0.0838,23.6449,23.272,550.265,144.322
5.030,0.0838,23.6357,23.2958,550.612,144.442
5.033,0.0839,23.6267,23.304,550.596,144.561
5.035,0.0839,23.6175,23.3277,550.944,144.681
5.038,0.0840,23.6087,23.1869,547.411,144.8
5.041,0.0840,23.5996,23.2092,547.728,144.92
5.044,0.0841,23.5908,23.2198,547.775,145.039
5.047,0.0841,23.5818,23.128,545.399,145.158
5.050,0.0842,23.573,23.1429,545.549,145.277
5.053,0.0842,23.564,23.1579,545.694,145.396
5.056,0.0843,23.5553,23.1765,545.928,145.514
5.058,0.0843,23.5462,23.1859,545.941,145.633
5.061,0.0844,23.5374,23.2093,546.286,145.751
5.064,0.0844,23.5284,23.2123,546.147,145.87
5.067,0.0845,23.5195,23.2415,546.629,145.988
5.070,0.0845,23.5105,23.2377,546.328,146.106
5.073,0.0845,23.5016,23.1183,543.316,146.224
5.076,0.0846,23.4925,23.0855,542.336,146.342
5.079,0.0846,23.4836,23.149,543.624,146.46
5.082,0.0847,23.4745,23.1092,542.478,146.578
5.084,0.0847,23.4657,23.1807,543.952,146.696
5.087,0.0848,23.4567,23.1351,542.673,146.814
5.090,0.0848,23.4479,23.2139,544.318,146.932
5.093,0.0849,23.4389,23.1642,542.944,147.05
5.096,0.0849,23.4303,23.2492,544.735,147.167
5.099,0.0850,23.4213,23.1971,543.308,147.286
5.102,0.0850,23.4129,23.2939,545.377,147.403
5.105,0.0851,23.4041,23.2338,543.766,147.521
5.107,0.0851,23.3958,23.3396,546.049,147.638
5.110,0.0852,23.3871,23.2739,544.311,147.757
5.113,0.0852,23.3791,23.385,546.72,147.874
5.116,0.0853,23.3706,23.3454,545.595,147.992
5.119,0.0853,23.3627,23.4143,547.022,148.109
5.122,0.0854,23.3543,23.3862,546.17,148.228
5.125,0.0854,23.3467,23.4519,547.524,148.345
5.127,0.0855,23.3385,23.4726,547.814,148.463
5.130,0.0855,23.3304,23.4919,548.075,148.582
5.133,0.0856,23.3224,23.441,546.7,148.7
5.136,0.0856,23.3145,23.6005,550.232,148.819
5.139,0.0856,23.3066,23.4284,546.037,148.937
5.142,0.0857,23.2988,23.3237,543.414,149.055
5.145,0.0857,23.2911,23.2808,542.235,149.173
5.148,0.0858,23.2834,23.2964,542.419,149.291
5.150,0.0858,23.2757,23.3116,542.595,149.409
5.153,0.0859,23.2681,23.3267,542.769,149.527
5.156,0.0859,23.2605,23.3416,542.937,149.645
5.159,0.0860,23.2529,23.3561,543.098,149.762
5.162,0.0860,23.2454,23.3705,543.256,149.88
5.165,0.0861,23.2378,23.3844,543.402,149.997
5.168,0.0861,23.2302,23.3983,543.548,150.114
5.171,0.0862,23.2226,23.4116,543.679,150.231
5.173,0.0862,23.215,23.425,543.81,150.348
5.176,0.0863,23.2073,23.4376,543.925,150.465
5.179,0.0863,23.1997,23.4503,544.04,150.581
5.182,0.0864,23.192,23.4623,544.138,150.698
5.185,0.0864,23.1843,23.4743,544.234,150.814
5.188,0.0865,23.1765,23.4868,544.342,150.931
5.191,0.0865,23.1688,23.4966,544.388,151.047
5.194,0.0866,23.161,23.5104,544.525,151.163
5.196,0.0866,23.1532,23.5172,544.498,151.279
5.199,0.0867,23.1454,23.5337,544.696,151.395
5.202,0.0867,23.1376,23.5359,544.563,151.511
5.205,0.0867,23.1298,23.5568,544.865,151.627
5.208,0.0868,23.122,23.5526,544.582,151.743
5.211,0.0868,23.1142,23.5801,545.035,151.859
5.214,0.0869,23.1064,23.5674,544.559,151.975
5.216,0.0869,23.0987,23.6035,545.211,152.091
5.219,0.0870,23.091,23.5807,544.503,152.207
5.222,0.0870,23.0834,23.6272,545.395,152.323
5.225,0.0871,23.0758,23.4261,540.577,152.439
5.228,0.0871,23.0683,23.5086,542.303,152.555
5.231,0.0872,23.0608,23.4389,540.518,152.671
5.234,0.0872,23.0534,23.4271,540.075,152.787
5.237,0.0873,23.046,23.3245,537.535,152.904
5.239,0.0873,23.0387,23.4582,540.447,153.019
5.242,0.0874,23.0314,23.4655,540.443,153.136
5.245,0.0874,23.0241,23.4726,540.436,153.253
5.248,0.0875,23.0169,23.4799,540.436,153.37
5.251,0.0875,23.0097,23.4872,540.435,153.487
5.254,0.0876,23.0026,23.4949,540.444,153.604
5.257,0.0876,22.9955,23.5025,540.453,153.721
5.259,0.0877,22.9884,23.5107,540.474,153.837
5.262,0.0877,22.9813,23.5189,540.496,153.954
5.265,0.0878,22.9743,23.5276,540.53,154.071
5.268,0.0878,22.9672,23.5364,540.566,154.188
5.271,0.0878,22.9601,23.5457,540.612,154.304
5.274,0.0879,22.953,23.5613,540.802,154.421
5.277,0.0879,22.9459,23.5645,540.707,154.538
5.280,0.0880,22.9387,23.5866,541.046,154.654
5.282,0.0880,22.9315,23.5835,540.804,154.771
5.285,0.0881,22.1502,23.2463,514.911,154.887
5.288,0.0881,24.9629,23.1352,577.523,155.004
5.291,0.0882,24.9543,23.1844,578.551,155.12
5.294,0.0882,24.9456,23.1474,577.427,155.237
5.297,0.0883,24.9371,23.3374,581.966,155.353
5.300,0.0883,24.9284,23.3201,581.333,155.47
5.303,0.0884,24.92,23.3622,582.185,155.586
5.305,0.0884,24.9114,23.3339,581.279,155.703
5.308,0.0885,24.903,23.3704,581.992,155.819
5.311,0.0885,24.8944,23.3403,581.044,155.936
5.314,0.0886,24.8861,23.3905,582.098,156.052
5.317,0.0886,24.8776,23.3492,580.872,156.169
5.320,0.0887,24.8694,23.4078,582.136,156.286
5.323,0.0887,24.8609,23.3549,580.623,156.403
5.326,0.0888,24.8527,23.4211,582.077,156.519
5.328,0.0888,24.8442,23.357,580.286,156.636
5.331,0.0889,24.8361,23.4298,581.903,156.752
5.334,0.0889,24.8276,23.3531,579.801,156.87
5.337,0.0890,24.8195,23.4217,581.315,156.986
5.340,0.0890,24.811,23.347,579.262,157.104
5.343,0.0890,24.8029,23.4032,580.467,157.22
5.346,0.0891,24.7943,23.3198,578.197,157.338
5.349,0.0891,24.7862,23.3989,579.969,157.455
5.351,0.0892,24.7775,23.3118,577.609,157.572
5.354,0.0892,24.7694,23.3929,579.428,157.689
5.357,0.0893,24.7607,23.3897,579.145,157.807
5.360,0.0893,24.752,23.3846,578.816,157.925
5.363,0.0894,24.7432,23.3837,578.589,158.043
5.366,0.0894,24.7345,23.3782,578.248,158.161
5.369,0.0895,24.7256,23.3798,578.08,158.279
5.372,0.0895,24.7169,23.3753,577.766,158.398
5.374,0.0896,24.708,23.379,577.649,158.516
5.377,0.0896,24.6994,23.3773,577.407,158.633
5.380,0.0897,24.6905,23.3823,577.321,158.751
5.383,0.0897,24.682,23.385,577.188,158.869
5.386,0.0898,24.6731,23.2935,574.724,158.987
5.389,0.0898,24.6647,23.2981,574.642,159.105
5.392,0.0899,24.656,23.3052,574.612,159.223
5.395,0.0899,24.6477,23.3164,574.694,159.34
5.397,0.0900,24.639,23.3211,574.61,159.458
5.400,0.0900,24.6308,23.3385,574.846,159.576
5.403,0.0901,24.6223,23.2203,571.737,159.693
5.406,0.0901,24.6142,23.2421,572.087,159.811
5.409,0.0901,24.6057,23.2408,571.856,159.929
5.412,0.0902,24.5978,23.2642,572.247,160.046
5.415,0.0902,24.5893,23.26,571.948,160.164
5.418,0.0903,24.5814,23.2824,572.314,160.281
5.420,0.0903,24.573,23.2762,571.966,160.4
5.423,0.0904,24.565,23.2947,572.236,160.517
5.426,0.0904,24.5566,23.2878,571.87,160.635
5.429,0.0905,24.5486,23.2998,571.977,160.753
5.432,0.0905,24.5401,23.1309,567.633,160.871
5.435,0.0906,24.532,23.1147,567.049,160.989
5.438,0.0906,24.5233,23.132,567.274,161.108
5.441,0.0907,24.5151,23.1051,566.423,161.225
5.444,0.0907,24.5063,23.1273,566.765,161.344
5.446,0.0908,24.498,23.0937,565.747,161.462
5.449,0.0908,24.4891,23.1179,566.134,161.581
5.452,0.0909,24.4806,23.0786,564.977,161.699
5.455,0.0909,24.4715,23.1053,565.424,161.818
5.458,0.0910,24.463,23.0622,564.168,161.936
5.461,0.0910,24.4538,23.0918,564.682,162.056
5.464,0.0911,24.4452,23.0467,563.382,162.174
5.467,0.0911,24.436,23.079,563.96,162.293
5.469,0.0912,24.4273,23.0344,562.668,162.411
5.472,0.0912,24.4181,23.0293,562.333,162.531
5.475,0.0913,24.4089,23.0266,562.055,162.651
5.478,0.0913,24.3998,23.0245,561.793,162.771
5.481,0.0914,24.3907,23.0243,561.579,162.891
5.484,0.0914,24.3816,22.834,556.729,163.011
5.487,0.0914,24.3726,22.8242,556.285,163.131
5.490,0.0915,24.3636,22.6577,552.022,163.251
5.493,0.0915,24.3547,22.662,551.926,163.371
5.495,0.0916,24.3458,22.6684,551.88,163.491
5.498,0.0916,24.337,22.6741,551.818,163.611
5.501,0.0917,24.3282,22.6818,551.807,163.73
5.504,0.0917,24.3194,22.4732,546.536,163.85
5.507,0.0918,24.3107,22.4826,546.568,163.97
5.510,0.0918,24.3021,22.4894,546.538,164.089
5.513,0.0919,24.2934,22.5185,547.052,164.209
5.516,0.0919,24.2848,22.5233,546.972,164.328
5.519,0.0920,24.2761,22.5285,546.904,164.448
5.521,0.0920,24.2675,22.5311,546.772,164.567
5.524,0.0921,24.2588,22.5337,546.64,164.686
5.527,0.0921,24.2502,22.5341,546.455,164.805
5.530,0.0922,24.2414,22.5341,546.258,164.924
5.533,0.0922,24.2327,22.5317,546.004,165.043
5.536,0.0923,24.2239,22.5304,545.774,165.162
5.539,0.0923,24.2151,22.5259,545.467,165.281
5.542,0.0924,24.2062,22.524,545.221,165.4
5.544,0.0924,24.1973,22.5183,544.881,165.518
5.547,0.0925,24.1883,22.5166,544.639,165.637
5.550,0.0925,24.1794,22.5106,544.291,165.755
5.553,0.0926,24.1703,22.5099,544.07,165.874
5.556,0.0926,24.1613,22.5045,543.738,165.992
5.559,0.0926,24.1522,22.5054,543.555,166.111
5.562,0.0927,24.1432,22.5014,543.257,166.23
5.565,0.0927,24.1341,22.5042,543.119,166.348
5.567,0.0928,24.1252,22.5021,542.867,166.467
5.570,0.0928,24.1161,22.6595,546.459,166.586
5.573,0.0929,24.1072,22.6593,546.251,166.704
5.576,0.0929,24.0981,22.6642,546.166,166.823
5.579,0.0930,24.0894,22.4903,541.778,166.942
5.582,0.0930,24.0804,22.4963,541.721,167.061
5.585,0.0931,24.0718,22.5012,541.644,167.18
5.588,0.0931,24.0629,22.5068,541.58,167.299
5.590,0.0932,24.0541,22.5126,541.521,167.419
5.593,0.0932,24.0453,22.5178,541.447,167.538
5.596,0.0933,24.0366,22.5231,541.38,167.658
5.599,0.0933,24.028,22.5272,541.283,167.777
5.602,0.0934,24.0195,22.5316,541.196,167.897
5.605,0.0934,24.011,22.5343,541.071,168.016
5.608,0.0935,24.0025,22.5376,540.958,168.136
5.611,0.0935,23.9941,22.5392,540.807,168.255
5.614,0.0936,23.9857,22.5413,540.669,168.375
5.616,0.0936,23.9773,22.4324,537.868,168.494
5.619,0.0937,23.9689,22.4334,537.705,168.614
5.622,0.0937,23.9605,22.4359,537.575,168.733
5.625,0.0938,23.9522,22.4357,537.384,168.852
5.628,0.0938,23.9437,22.4403,537.303,168.972
5.631,0.0938,23.9353,22.4394,537.094,169.091
5.634,0.0939,23.9268,22.4471,537.086,169.21
5.637,0.0939,23.9183,22.4458,536.866,169.329
5.639,0.0940,23.9097,22.4575,536.951,169.448
5.642,0.0940,23.9012,22.4559,536.723,169.567
5.645,0.0941,23.8925,22.4831,537.178,169.686
5.648,0.0941,23.8839,22.4819,536.957,169.805
5.651,0.0942,23.8751,22.5013,537.222,169.924
5.654,0.0942,23.8666,22.2557,531.166,170.043
5.657,0.0943,23.8577,22.2701,531.315,170.162
5.660,0.0943,23.8492,22.1525,528.319,170.281
5.662,0.0944,23.8403,22.1559,528.203,170.4
5.665,0.0944,23.8318,22.1728,528.419,170.519
5.668,0.0945,23.823,22.1781,528.349,170.638
5.671,0.0945,23.8146,22.1931,528.519,170.756
5.674,0.0946,23.8058,22.1997,528.481,170.876
5.677,0.0946,23.7974,22.2575,529.672,170.994
5.680,0.0947,23.7888,22.2799,530.01,171.114
5.683,0.0947,23.7805,22.2294,528.626,171.233
5.685,0.0948,23.772,22.1971,527.67,171.352
5.688,0.0948,23.7639,22.2354,528.4,171.471
5.691,0.0949,23.7555,22.2041,527.468,171.591
5.694,0.0949,23.7475,22.2468,528.306,171.71
5.697,0.0949,23.7392,22.2432,528.037,171.83
5.700,0.0950,23.7314,22.2924,529.029,171.948
5.703,0.0950,25.9509,22.2816,578.228,172.069
5.706,0.0951,25.9391,22.2857,578.072,172.189
5.708,0.0951,25.9274,22.288,577.869,172.309
5.711,0.0952,25.9156,22.2942,577.767,172.429
5.714,0.0952,25.9039,22.2968,577.575,172.55
5.717,0.0953,25.8921,22.3054,577.534,172.67
5.720,0.0953,25.8804,22.3088,577.361,172.79
5.723,0.0954,25.8686,22.3197,577.381,172.91
5.726,0.0954,25.8569,22.3241,577.23,173.03
5.729,0.0955,25.8451,22.3373,577.31,173.15
5.731,0.0955,25.8332,22.3424,577.176,173.27
5.734,0.0956,25.8214,22.3578,577.31,173.39
5.737,0.0956,25.8095,22.3632,577.182,173.509
5.740,0.0957,25.7975,22.3806,577.364,173.629
5.743,0.0957,25.7856,22.3854,577.222,173.749
5.746,0.0958,25.7736,22.4046,577.449,173.868
5.749,0.0958,25.7617,22.408,577.268,173.988
5.752,0.0959,25.7497,22.429,577.54,174.107
5.754,0.0959,25.7378,22.4298,577.293,174.227
5.757,0.0960,25.7257,22.4528,577.616,174.346
5.760,0.0960,25.7139,22.4499,577.274,174.466
5.763,0.0961,25.7019,22.4754,577.66,174.585
5.766,0.0961,25.6901,22.4676,577.195,174.705
5.769,0.0961,25.6782,22.4964,577.667,174.824
5.772,0.0962,25.6666,22.4827,577.054,174.944
5.775,0.0962,25.6548,22.5158,577.639,175.063
5.777,0.0963,25.6433,22.4954,576.856,175.183
5.780,0.0963,25.6317,22.5341,577.587,175.301
5.783,0.0964,25.6205,22.5063,576.621,175.422
5.786,0.0964,25.609,22.5519,577.531,175.541
5.789,0.0965,25.598,22.5163,576.372,175.661
5.792,0.0965,25.5868,22.5712,577.523,175.78
5.795,0.0966,25.5761,22.5265,576.139,175.9
5.798,0.0966,25.565,22.5916,577.554,176.019
5.800,0.0967,25.5545,22.5381,575.949,176.14
5.803,0.0967,25.5436,22.6139,577.642,176.259
5.806,0.0968,25.5334,22.5517,575.822,176.38
5.809,0.0968,25.5227,22.6385,577.795,176.499
5.812,0.0969,25.5127,22.4484,572.719,176.62
5.815,0.0969,25.5021,22.5946,576.209,176.739
5.818,0.0970,25.4922,22.5607,575.124,176.86
5.821,0.0970,25.4825,22.424,571.42,176.98
5.824,0.0971,25.4727,22.3781,570.029,177.101
5.826,0.0971,25.463,22.3822,569.917,177.222
5.829,0.0972,25.4532,22.3865,569.808,177.342
5.832,0.0972,25.4435,22.3908,569.7,177.463
5.835,0.0973,25.4338,22.3953,569.598,177.584
5.838,0.0973,25.4241,22.3997,569.491,177.705
5.841,0.0973,25.4143,22.2425,565.278,177.825
5.844,0.0974,25.4046,22.0999,561.439,177.946
5.847,0.0974,25.3948,22.1051,561.355,178.066
5.849,0.0975,25.385,22.1097,561.255,178.187
5.852,0.0975,25.3752,21.893,555.54,178.307
5.855,0.0976,25.3654,21.8975,555.439,178.427
5.858,0.0976,25.3556,21.9031,555.365,178.548
5.861,0.0977,25.3458,21.9079,555.272,178.668
5.864,0.0977,25.336,21.9136,555.202,178.788
5.867,0.0978,25.3261,21.9186,555.114,178.908
5.870,0.0978,25.3163,21.9243,555.044,179.028
5.873,0.0979,25.3066,21.9295,554.959,179.148
5.875,0.0979,25.2968,21.935,554.887,179.267
5.878,0.0980,25.2871,21.948,555.001,179.387
5.881,0.0980,25.2775,21.9456,554.73,179.506
5.884,0.0981,25.2679,21.9733,555.22,179.626
5.887,0.0981,25.2585,21.9643,554.783,179.745
5.890,0.0982,25.249,21.9915,555.262,179.865
5.893,0.0982,25.2397,21.9736,554.606,179.984
5.896,0.0983,25.2303,22.0103,555.327,180.103
5.898,0.0983,25.2212,21.9823,554.42,180.223
5.901,0.0984,25.212,22.03,555.419,180.342
5.904,0.0984,25.203,21.9906,554.23,180.461
5.907,0.0985,25.1939,22.0505,555.539,180.581
5.910,0.0985,25.1852,21.9987,554.04,180.7
5.913,0.0985,25.1762,22.0719,555.686,180.82
5.916,0.0986,25.1676,22.0068,553.857,180.939
5.919,0.0986,25.1588,22.1506,557.281,181.059
5.922,0.0987,25.1502,22.0914,555.604,181.179
5.924,0.0987,25.1416,22.1714,557.425,181.298
5.927,0.0988,25.1332,22.1013,555.476,181.418
5.930,0.0988,25.1247,22.1924,557.577,181.538
5.933,0.0989,25.1164,22.1978,557.529,181.658
5.936,0.0989,25.1082,22.1049,555.014,181.779
5.939,0.0990,25.1001,22.1113,554.995,181.899
5.942,0.0990,25.092,22.1179,554.983,182.019
5.945,0.0991,25.084,22.1248,554.98,182.14
5.948,0.0991,25.0761,22.132,554.985,182.26
5.950,0.0992,25.0683,22.1555,555.401,182.381
5.953,0.0992,25.0605,22.1645,555.452,182.501
5.956,0.0993,25.0527,22.1741,555.521,182.622
5.959,0.0993,25.0451,22.1839,555.597,182.742
5.962,0.0994,25.0375,22.1944,555.69,182.863
5.965,0.0994,25.0299,22.21,555.915,182.983
5.968,0.0995,25.0225,22.1639,554.595,183.103
5.971,0.0995,25.015,22.1888,555.053,183.224
5.973,0.0996,25.0078,22.185,554.796,183.344
5.976,0.0996,25.0004,22.2186,555.475,183.464
5.979,0.0997,24.9932,22.2062,555.005,183.584
5.982,0.0997,24.9859,22.2495,555.923,183.704
5.985,0.0998,24.9788,22.2267,555.197,183.824
5.988,0.0998,24.9715,22.2804,556.374,183.944
5.991,0.0998,24.9645,22.2656,555.85,184.064
5.994,0.0999,24.9572,22.3011,556.573,184.183
5.997,0.0999,24.9501,22.2859,556.036,184.303
5.999,0.1000,24.9429,22.1691,552.963,184.423
6.002,0.1000,24.9358,22.1217,551.623,184.542
6.005,0.1001,24.9286,22.1913,553.198,184.662
6.008,0.1001,24.9215,22.1322,551.57,184.781
6.011,0.1002,24.9143,22.2088,553.317,184.9
6.014,0.1002,24.9072,22.1388,551.416,185.02
6.017,0.1003,24.9001,22.2215,553.316,185.139
6.020,0.1003,24.893,22.1416,551.169,185.259
6.023,0.1004,24.8858,22.2295,553.2,185.378
6.025,0.1004,24.8787,22.1412,550.845,185.498
6.028,0.1005,24.8716,22.2335,552.984,185.617
6.031,0.1005,24.8646,22.1384,550.462,185.737
6.034,0.1006,24.8575,22.2343,552.69,185.856
6.037,0.1006,24.8506,22.1339,550.04,185.976
6.040,0.1007,24.8435,22.1124,549.349,186.095
6.043,0.1007,24.8367,21.9349,544.791,186.216
6.046,0.1008,24.8297,22.013,546.575,186.335
6.049,0.1008,24.8229,22.0123,546.41,186.455
6.051,0.1009,24.8163,22.0181,546.406,186.576
6.054,0.1009,24.8096,22.012,546.109,186.697
6.057,0.1010,24.8029,22.0248,546.279,186.817
6.060,0.1010,24.7964,22.0132,545.849,186.938
6.063,0.1010,24.7897,22.0336,546.206,187.058
6.066,0.1011,24.7832,21.9273,543.43,187.178
6.069,0.1011,24.7765,21.9774,544.523,187.299
6.072,0.1012,24.7701,21.9294,543.194,187.419
6.074,0.1012,24.7633,21.9937,544.637,187.54
6.077,0.1013,24.7568,21.6414,535.772,187.66
6.080,0.1013,24.75,21.6804,536.592,187.78
6.083,0.1014,24.7435,21.6562,535.852,187.901
6.086,0.1014,24.7367,21.7021,536.837,188.021
6.089,0.1015,24.7301,21.6744,536.01,188.141
6.092,0.1015,24.7232,21.7265,537.149,188.261
6.095,0.1016,24.7166,21.6954,536.237,188.381
6.098,0.1016,24.7096,21.7532,537.513,188.501
6.100,0.1017,24.703,21.7187,536.516,188.621
6.103,0.1017,24.696,21.7813,537.911,188.741
6.106,0.1018,24.6893,21.7433,536.827,188.861
6.109,0.1018,24.6823,21.81,538.321,188.98
6.112,0.1019,24.6756,21.7683,537.145,189.1
6.115,0.1019,24.6686,21.8383,538.72,189.22
6.118,0.1020,24.662,21.7923,537.441,189.34
6.121,0.1020,24.6551,21.8649,539.081,189.459
6.124,0.1021,24.6485,21.8141,537.684,189.579
6.126,0.1021,24.6416,21.8891,539.382,189.698
6.129,0.1022,24.6352,21.8325,537.848,189.819
6.132,0.1022,24.6284,21.9098,539.602,189.938
6.135,0.1023,24.6222,21.8468,537.916,190.059
6.138,0.1023,24.6154,21.9248,539.687,190.178
6.141,0.1023,26.157,21.8716,572.095,190.298
6.144,0.1024,26.1476,21.9066,572.804,190.418
6.147,0.1024,26.138,21.8716,571.68,190.538
6.149,0.1025,26.1286,21.9152,572.614,190.658
6.152,0.1025,26.1189,21.877,571.403,190.779
6.155,0.1026,26.1095,21.9216,572.362,190.898
6.158,0.1026,26.0997,21.8786,571.026,191.019
6.161,0.1027,26.0902,21.9264,572.065,191.139
6.164,0.1027,26.0805,21.9571,572.652,191.26
6.167,0.1028,26.0707,21.6848,565.338,191.381
6.170,0.1028,26.0609,21.6856,565.147,191.502
6.173,0.1029,26.0512,21.686,564.947,191.624
6.175,0.1029,26.0415,21.6872,564.766,191.745
6.178,0.1030,26.0318,21.688,564.578,191.866
6.181,0.1030,26.0222,21.6899,564.417,191.987
6.184,0.1031,26.0126,21.7121,564.788,192.108
6.187,0.1031,26.003,21.7152,564.659,192.229
6.190,0.1032,25.9935,21.7181,564.528,192.351
6.193,0.1032,25.984,21.722,564.425,192.472
6.196,0.1033,25.9745,21.726,564.323,192.593
6.199,0.1033,25.965,21.731,564.247,192.713
6.201,0.1034,25.9556,21.7361,564.174,192.834
6.204,0.1034,25.9461,21.7421,564.122,192.955
6.207,0.1035,25.9367,21.6202,560.756,193.076
6.210,0.1035,25.9272,21.6264,560.71,193.196
6.213,0.1035,25.9176,21.6326,560.665,193.317
6.216,0.1036,25.9081,21.6392,560.629,193.438
6.219,0.1036,25.8984,21.5993,559.387,193.558
6.222,0.1037,25.8888,21.6075,559.391,193.678
6.224,0.1037,25.879,21.6036,559.079,193.799
6.227,0.1038,25.869,21.6225,559.352,193.919
6.230,0.1038,25.8591,21.6223,559.133,194.039
6.233,0.1039,25.8489,21.5221,556.324,194.159
6.236,0.1039,25.8389,21.5117,555.838,194.279
6.239,0.1040,25.8285,21.5388,556.314,194.399
6.242,0.1040,25.8184,21.5209,555.636,194.519
6.245,0.1041,25.8079,21.5552,556.293,194.639
6.248,0.1041,25.7977,21.5293,555.406,194.758
6.250,0.1042,25.7871,21.5712,556.258,194.878
6.253,0.1042,25.777,21.5366,555.148,194.998
6.256,0.1043,25.7664,21.5865,556.208,195.118
6.259,0.1043,25.7564,21.4996,553.752,195.238
6.262,0.1044,25.7459,21.5451,554.699,195.358
6.265,0.1044,25.736,21.5063,553.488,195.478
6.268,0.1045,25.7257,21.5751,555.036,195.598
6.271,0.1045,25.716,21.4896,552.628,195.718
6.274,0.1046,25.706,21.5922,555.049,195.838
6.276,0.1046,25.6965,21.4961,552.374,195.958
6.279,0.1047,25.6867,21.5041,552.368,196.078
6.282,0.1047,25.677,21.5121,552.367,196.198
6.285,0.1048,25.6674,21.5204,552.372,196.318
6.288,0.1048,25.6579,21.5286,552.381,196.439
6.291,0.1048,25.6485,21.5373,552.4,196.559
6.294,0.1049,25.6392,21.546,552.422,196.679
6.297,0.1049,25.6299,21.5552,552.456,196.799
6.299,0.1050,25.6206,21.5644,552.493,196.92
6.302,0.1050,25.6114,21.574,552.54,197.04
6.305,0.1051,25.6022,21.5837,552.589,197.16
6.308,0.1051,25.5929,21.5937,552.645,197.28
6.311,0.1052,25.5836,21.5964,552.514,197.4
6.314,0.1052,25.5742,21.6138,552.757,197.52
6.317,0.1053,25.5648,21.6093,552.438,197.64
6.320,0.1053,25.5552,21.6339,552.859,197.76
6.323,0.1054,25.5457,21.6221,552.35,197.88
6.325,0.1054,25.5358,21.6532,552.932,198
6.328,0.1055,25.5262,21.6341,552.235,198.119
6.331,0.1055,25.5161,21.6709,552.956,198.239
6.334,0.1056,25.5063,21.6448,552.078,198.359
6.337,0.1056,25.496,21.6862,552.912,198.478
6.340,0.1057,25.4861,21.6535,551.865,198.597
6.343,0.1057,25.4757,21.6985,552.785,198.717
6.346,0.1058,25.4657,21.6598,551.584,198.836
6.349,0.1058,25.4553,21.7073,552.564,198.955
6.351,0.1059,25.4453,21.6634,551.23,199.074
6.354,0.1059,25.4348,21.7124,552.25,199.194
6.357,0.1060,25.4249,21.6639,550.803,199.313
6.360,0.1060,25.4145,21.7139,551.848,199.432
6.363,0.1060,25.4046,21.6617,550.308,199.551
6.366,0.1061,25.3943,21.7124,551.372,199.67
6.369,0.1061,25.3845,21.6572,549.757,199.789
6.372,0.1062,25.3744,21.7085,550.84,199.908
6.375,0.1062,25.3648,21.6508,549.168,200.027
6.377,0.1063,25.3548,21.7031,550.278,200.146
6.380,0.1063,25.3453,21.6434,548.559,200.265
6.383,0.1064,25.3355,21.6973,549.71,200.384
6.386,0.1064,25.3261,21.6358,547.951,200.503
6.389,0.1065,25.3164,21.692,549.162,200.623
6.392,0.1065,25.3071,21.6288,547.363,200.741
6.395,0.1066,25.2974,21.6474,547.623,200.861
6.398,0.1066,25.2878,21.6457,547.372,200.981
6.401,0.1067,25.2781,21.6449,547.143,201.1
6.403,0.1067,25.2684,21.4558,542.155,201.22
6.406,0.1068,25.2587,21.4456,541.687,201.34
6.409,0.1068,25.249,21.4594,541.828,201.46
6.412,0.1069,25.2392,21.4856,542.278,201.579
6.415,0.1069,25.2294,21.5005,542.444,201.699
6.418,0.1070,25.2194,21.488,541.914,201.818
6.421,0.1070,25.2094,21.3851,539.107,201.938
6.424,0.1071,25.1993,21.3759,538.657,202.057
6.427,0.1071,25.1892,21.4026,539.115,202.177
6.429,0.1072,25.179,21.4104,539.091,202.296
6.432,0.1072,25.1688,21.4386,539.583,202.416
6.435,0.1073,25.1583,21.2253,533.994,202.535
6.438,0.1073,25.148,21.273,534.974,202.654
6.441,0.1073,25.1375,21.2411,533.95,202.773
6.444,0.1074,25.1272,21.2995,535.195,202.892
6.447,0.1074,25.1166,21.2558,533.875,203.011
6.450,0.1075,25.1063,21.3248,535.388,203.13
6.453,0.1075,25.0957,21.2687,533.754,203.249
6.455,0.1076,25.0855,21.3447,535.442,203.368
6.458,0.1076,25.075,21.2767,533.513,203.487
6.461,0.1077,25.0648,21.3649,535.505,203.606
6.464,0.1077,25.0544,21.2848,533.278,203.725
6.467,0.1078,25.0443,21.3818,535.493,203.843
6.470,0.1078,25.034,21.2911,533.002,203.962
6.473,0.1079,25.0241,21.3958,535.409,204.08
6.476,0.1079,25.014,21.2962,532.704,204.2
6.478,0.1080,25.0042,21.4072,535.269,204.318
6.481,0.1080,24.9942,21.3009,532.399,204.437
6.484,0.1081,24.9846,21.4157,535.062,204.555
6.487,0.1081,24.9747,21.3059,532.107,204.675
6.490,0.1082,24.9651,21.3555,533.143,204.792
6.493,0.1082,24.9553,21.2159,529.449,204.912
6.496,0.1083,24.9458,21.3631,532.921,205.03
6.499,0.1083,24.9361,21.2214,529.18,205.149
6.502,0.1084,24.9267,21.3725,532.744,205.267
6.504,0.1084,24.9169,21.2284,528.947,205.386
6.507,0.1085,24.9075,21.3841,532.624,205.504
6.510,0.1085,24.8977,21.3883,532.52,205.624
6.513,0.1086,24.8879,21.3012,530.144,205.743
6.516,0.1086,24.8781,21.3073,530.085,205.863
6.519,0.1086,24.8683,21.3145,530.056,205.982
6.522,0.1087,24.8585,21.3213,530.015,206.102
6.525,0.1087,24.8487,21.3288,529.992,206.221
6.528,0.1088,24.8388,21.3357,529.954,206.341
6.530,0.1088,24.8289,21.3428,529.92,206.46
6.533,0.1089,24.819,21.3494,529.871,206.579
6.536,0.1089,24.8092,21.3555,529.811,206.699
6.539,0.1090,24.7993,21.3611,529.74,206.818
6.542,0.1090,24.7894,21.3657,529.643,206.937
6.545,0.1091,24.7796,21.1327,523.66,207.056
6.548,0.1091,24.7698,21.1326,523.45,207.175
6.551,0.1092,24.76,21.1329,523.251,207.294
6.554,0.1092,24.7503,21.1315,523.01,207.413
6.556,0.1093,24.7406,21.1308,522.789,207.531
6.559,0.1093,24.7309,20.9732,518.687,207.65
6.562,0.1094,24.7213,20.9726,518.47,207.768
6.565,0.1094,24.7118,20.9707,518.223,207.887
6.568,0.1095,24.7023,20.9698,518.004,208.005
6.571,0.1095,24.6929,20.9656,517.701,208.123
6.574,0.1096,24.6835,20.9679,517.561,208.241
6.577,0.1096,24.6742,20.9629,517.242,208.359
6.580,0.1097,24.6649,20.968,517.173,208.477
6.582,0.1097,24.6557,20.9646,516.896,208.594
6.585,0.1098,24.6465,20.9714,516.871,208.712
6.588,0.1098,24.6373,20.9726,516.707,208.829
6.591,0.1099,24.6282,20.9791,516.676,208.946
6.594,0.1099,24.619,20.9878,516.697,209.064
6.597,0.1099,24.6099,20.9916,516.599,209.181
6.600,0.1100,24.6007,21.0103,516.868,209.298
6.603,0.1100,27.2803,21.0152,573.3,209.416
6.606,0.1101,27.2701,20.8764,569.302,209.533
6.608,0.1101,27.2594,20.8726,568.975,209.65
6.611,0.1102,27.2494,20.9097,569.776,209.767
6.614,0.1102,27.2388,20.8965,569.197,209.885
6.617,0.1103,27.2289,20.8236,567.002,210.002
6.620,0.1103,27.2185,20.7781,565.548,210.119
6.623,0.1104,27.2086,20.8603,567.581,210.236
6.626,0.1104,27.1984,20.8724,567.698,210.354
6.629,0.1105,27.1883,20.8196,566.049,210.472
6.632,0.1105,27.1781,20.8303,566.128,210.59
6.634,0.1106,27.168,20.8402,566.187,210.707
6.637,0.1106,27.1578,20.8487,566.204,210.825
6.640,0.1107,27.1477,20.8567,566.211,210.943
6.643,0.1107,27.1376,20.8627,566.162,211.061
6.646,0.1108,27.1274,20.8687,566.115,211.179
6.649,0.1108,27.1173,20.8724,566.005,211.297
6.652,0.1109,27.1072,20.8767,565.91,211.414
6.655,0.1109,27.0972,20.8787,565.754,211.532
6.658,0.1110,27.0871,20.9185,566.62,211.65
6.660,0.1110,27.0769,20.923,566.53,211.768
6.663,0.1111,27.0669,20.9213,566.277,211.886
6.666,0.1111,27.0567,20.9279,566.24,212.004
6.669,0.1112,27.0469,20.9254,565.968,212.121
6.672,0.1112,27.0367,20.9337,565.978,212.239
6.675,0.1112,27.0271,20.9327,565.749,212.357
6.678,0.1113,27.0171,20.9682,566.499,212.475
6.681,0.1113,27.0076,20.9781,566.57,212.593
6.683,0.1114,26.9978,20.9785,566.372,212.71
6.686,0.1114,26.9886,20.9947,566.618,212.828
6.689,0.1115,26.979,20.776,560.515,212.946
6.692,0.1115,26.9702,20.6537,557.035,213.064
6.695,0.1116,26.9608,20.6798,557.546,213.181
6.698,0.1116,26.9523,20.6757,557.257,213.299
6.701,0.1117,26.9432,20.7035,557.818,213.417
6.704,0.1117,26.9349,20.7007,557.571,213.535
6.707,0.1118,26.9261,20.7297,558.168,213.653
6.709,0.1118,26.918,20.7274,557.939,213.77
6.712,0.1119,26.9094,20.7572,558.563,213.888
6.715,0.1119,26.9015,20.8563,561.067,214.006
6.718,0.1120,26.893,20.8871,561.717,214.124
6.721,0.1120,26.8852,20.7306,557.347,214.241
6.724,0.1121,26.8768,20.7677,558.17,214.36
6.727,0.1121,26.8691,20.7519,557.583,214.477
6.730,0.1122,26.8607,20.7903,558.441,214.595
6.733,0.1122,26.8529,20.77,557.735,214.713
6.735,0.1123,26.8444,20.8092,558.612,214.831
6.738,0.1123,26.8366,20.7848,557.792,214.949
6.741,0.1124,26.828,20.7921,557.811,215.067
6.744,0.1124,26.8193,20.7218,555.744,215.186
6.747,0.1125,26.8106,20.7257,555.669,215.305
6.750,0.1125,26.8019,20.7307,555.623,215.424
6.753,0.1125,26.793,20.7323,555.48,215.543
6.756,0.1126,26.7842,20.7378,555.445,215.662
6.759,0.1126,26.7752,20.7369,555.234,215.78
6.761,0.1127,26.7664,20.7438,555.236,215.899
6.764,0.1127,26.7573,20.7406,554.963,216.017
6.767,0.1128,26.7485,20.7498,555.028,216.136
6.770,0.1128,26.7395,20.7448,554.703,216.254
6.773,0.1129,26.7308,20.7572,554.855,216.373
6.776,0.1129,26.7217,20.8052,555.952,216.491
6.779,0.1130,26.7132,20.84,556.703,216.61
6.782,0.1130,26.7043,20.8109,555.739,216.728
6.785,0.1131,26.696,20.8521,556.667,216.846
6.787,0.1131,26.6872,20.8203,555.636,216.965
6.790,0.1132,26.6792,20.8676,556.729,217.083
6.793,0.1132,26.6706,20.8338,555.651,217.201
6.796,0.1133,26.6629,20.8862,556.887,217.32
6.799,0.1133,26.6545,20.8513,555.781,217.438
6.802,0.1134,26.6471,20.9077,557.128,217.556
6.805,0.1134,26.6389,20.8719,556.006,217.675
6.808,0.1135,26.6318,20.931,557.429,217.793
6.811,0.1135,26.6238,20.8915,556.211,217.912
6.813,0.1136,26.6169,20.9423,557.419,218.03
6.816,0.1136,26.6091,20.9124,556.462,218.149
6.819,0.1137,26.6024,20.9648,557.713,218.267
6.822,0.1137,26.5947,20.8843,555.413,218.387
6.825,0.1138,26.5881,20.9345,556.607,218.505
6.828,0.1138,26.5804,20.9043,555.645,218.624
6.831,0.1138,26.5738,20.956,556.881,218.742
6.834,0.1139,26.5662,20.8922,555.027,218.862
6.837,0.1139,26.5596,20.9212,555.658,218.98
6.839,0.1140,26.5519,20.9096,555.188,219.099
6.842,0.1140,26.5452,20.9405,555.871,219.217
6.845,0.1141,26.5374,20.9224,555.227,219.337
6.848,0.1141,26.5307,20.9579,556.026,219.455
6.851,0.1142,26.5228,20.9305,555.134,219.575
6.854,0.1142,26.516,21.0572,558.351,219.693
6.857,0.1143,26.508,21.0608,558.28,219.812
6.860,0.1143,26.5,21.0637,558.189,219.932
6.863,0.1144,26.492,21.0668,558.102,220.051
6.865,0.1144,26.484,21.0691,557.994,220.171
6.868,0.1145,26.476,21.0718,557.896,220.29
6.871,0.1145,26.468,21.0737,557.779,220.41
6.874,0.1146,26.4601,21.0761,557.675,220.53
6.877,0.1146,26.4522,21.0778,557.555,220.649
6.880,0.1147,26.4444,21.036,556.283,220.769
6.883,0.1147,26.4366,21.0362,556.126,220.888
6.886,0.1148,26.429,21.0367,555.979,221.008
6.889,0.1148,26.4215,21.0367,555.821,221.127
6.891,0.1149,26.414,21.037,555.671,221.246
6.894,0.1149,26.4067,21.0368,555.513,221.366
6.897,0.1150,26.3996,21.0368,555.363,221.485
6.900,0.1150,26.3925,21.0366,555.208,221.605
6.903,0.1151,26.3856,20.9822,553.628,221.724
6.906,0.1151,26.3788,20.9818,553.475,221.843
6.909,0.1151,26.3722,20.9814,553.326,221.962
6.912,0.1152,26.3656,20.9811,553.179,222.081
6.915,0.1152,26.3592,20.9807,553.035,222.2
6.918,0.1153,26.3528,20.9819,552.931,222.319
6.920,0.1153,26.3464,20.9805,552.759,222.438
6.923,0.1154,26.3401,20.9833,552.702,222.557
6.926,0.1154,26.3337,20.9808,552.503,222.675
6.929,0.1155,26.3276,20.9855,552.496,222.794
6.932,0.1155,26.3211,20.9819,552.268,222.913
6.935,0.1156,26.315,20.9885,552.312,223.031
6.938,0.1156,26.3084,20.9839,552.053,223.15
6.941,0.1157,26.3022,20.9925,552.15,223.268
6.944,0.1157,26.2955,20.9867,551.854,223.387
6.946,0.1158,26.2892,20.9973,552.002,223.505
6.949,0.1158,26.2823,20.9901,551.667,223.624
6.952,0.1159,26.2759,21.0026,551.861,223.742
6.955,0.1159,26.2688,20.8678,548.172,223.86
6.958,0.1160,26.2623,20.8836,548.451,223.979
6.961,0.1160,26.2551,20.8729,548.019,224.097
6.964,0.1161,26.2485,20.8898,548.327,224.216
6.967,0.1161,26.2411,20.5569,539.437,224.335
6.969,0.1162,26.2345,20.6387,541.447,224.453
6.972,0.1162,26.2271,20.6433,541.414,224.572
6.975,0.1163,26.2196,20.6468,541.351,224.691
6.978,0.1163,26.2122,20.6501,541.285,224.81
6.981,0.1164,26.2048,20.6525,541.195,224.928
6.984,0.1164,26.1974,20.6546,541.098,225.047
6.987,0.1164,26.1902,20.6561,540.987,225.166
6.990,0.1165,26.1829,20.6572,540.867,225.285
6.993,0.1165,26.1758,20.6582,540.746,225.404
6.995,0.1166,27.5471,20.6219,568.073,225.523
6.998,0.1166,27.534,20.622,567.806,225.641
7.001,0.1167,27.5209,20.6215,567.522,225.76
7.004,0.1167,27.5078,20.546,565.176,225.879
7.007,0.1168,27.4948,20.5464,564.919,225.997
7.010,0.1168,27.4818,20.5495,564.737,226.116
7.013,0.1169,27.4688,20.5835,565.404,226.234
7.016,0.1169,27.456,20.5865,565.222,226.353
7.019,0.1170,27.443,20.5895,565.037,226.471
7.021,0.1170,27.4303,20.5933,564.879,226.589
7.024,0.1171,27.4174,20.5983,564.752,226.708
7.027,0.1171,27.4048,20.6024,564.604,226.826
7.030,0.1172,27.392,20.6098,564.543,226.944
7.033,0.1172,27.3796,20.6132,564.382,227.062
7.036,0.1173,27.3669,20.623,564.389,227.18
7.039,0.1173,27.3547,20.6247,564.183,227.298
7.042,0.1174,27.3421,20.6368,564.254,227.416
7.044,0.1174,27.33,20.6356,563.97,227.534
7.047,0.1175,27.3175,20.6582,564.329,227.652
7.050,0.1175,27.3056,20.6182,562.992,227.77
7.053,0.1176,27.2932,20.6705,564.164,227.888
7.056,0.1176,27.2813,20.6092,562.246,228.006
7.059,0.1176,27.269,20.6738,563.754,228.124
7.062,0.1177,27.2572,20.6098,561.766,228.242
7.065,0.1177,27.245,20.6797,563.419,228.36
7.068,0.1178,27.2332,20.607,561.195,228.477
7.070,0.1178,27.221,20.6821,562.987,228.596
7.073,0.1179,27.2093,20.6014,560.548,228.713
7.076,0.1179,27.1971,20.6815,562.476,228.832
7.079,0.1180,27.1853,20.594,559.854,228.949
7.082,0.1180,27.1731,20.6792,561.917,229.068
7.085,0.1181,27.1612,20.5865,559.154,229.185
7.088,0.1181,27.149,20.5853,558.869,229.304
7.091,0.1182,27.1367,20.5802,558.479,229.423
7.094,0.1182,27.1244,20.5852,558.36,229.542
7.096,0.1183,27.112,20.5769,557.883,229.66
7.099,0.1183,27.0996,20.589,557.953,229.779
7.102,0.1184,27.0872,20.5781,557.401,229.897
7.105,0.1184,27.0746,20.5978,557.678,230.016
7.108,0.1185,27.0621,20.5844,557.058,230.134
7.111,0.1185,27.0495,20.6123,557.553,230.252
7.114,0.1186,27.037,20.5962,556.859,230.371
7.117,0.1186,27.0244,20.6323,557.575,230.488
7.120,0.1187,27.0119,20.613,556.796,230.607
7.122,0.1187,26.9992,20.6571,557.726,230.724
7.125,0.1188,26.9869,20.6338,556.842,230.842
7.128,0.1188,26.9742,20.6854,557.972,230.96
7.131,0.1189,26.9619,20.6573,556.961,231.077
7.134,0.1189,26.9493,20.7156,558.27,231.195
7.137,0.1189,26.9372,20.6817,557.108,231.312
7.140,0.1190,26.9247,20.7457,558.571,231.43
7.143,0.1190,26.9127,20.7053,557.237,231.547
7.146,0.1191,26.9003,20.7741,558.829,231.664
7.148,0.1191,26.8885,20.2967,545.749,231.781
7.151,0.1192,26.8762,20.2562,544.408,231.898
7.154,0.1192,26.8647,20.1954,542.543,232.015
7.157,0.1193,26.8524,20.277,544.487,232.132
7.160,0.1193,26.8411,20.2112,542.49,232.249
7.163,0.1194,26.829,20.2807,544.112,232.366
7.166,0.1194,26.8179,20.22,542.256,232.482
7.169,0.1195,26.8059,20.2898,543.887,232.6
7.171,0.1195,26.795,20.226,541.956,232.716
7.174,0.1196,26.7831,20.2962,543.596,232.834
7.177,0.1196,26.7724,20.1828,540.343,232.95
7.180,0.1197,26.7607,20.2469,541.821,233.068
7.183,0.1197,26.7501,20.1894,540.069,233.184
7.186,0.1198,26.7384,20.2531,541.537,233.301
7.189,0.1198,26.728,20.1972,539.831,233.417
7.192,0.1199,26.7165,20.1296,537.792,233.535
7.195,0.1199,26.7062,20.082,536.313,233.651
7.197,0.1200,26.6947,20.1688,538.402,233.769
7.200,0.1200,26.6845,20.1541,537.803,233.885
7.203,0.1201,26.6732,20.0298,534.258,234.003
7.206,0.1201,26.6618,19.9442,531.749,234.12
7.209,0.1201,26.6505,19.9549,531.809,234.238
7.212,0.1202,26.6393,19.9672,531.911,234.356
7.215,0.1202,26.628,19.9792,532.006,234.474
7.218,0.1203,26.6168,19.9923,532.131,234.591
7.221,0.1203,26.6056,19.7936,526.62,234.709
7.223,0.1204,26.5945,19.8071,526.759,234.826
7.226,0.1204,26.5833,19.8198,526.876,234.944
7.229,0.1205,26.5722,19.8324,526.991,235.061
7.232,0.1205,26.561,19.8442,527.083,235.178
7.235,0.1206,26.5499,19.8453,526.892,235.296
7.238,0.1206,26.5388,19.8562,526.96,235.413
7.241,0.1207,26.5277,19.8661,527.003,235.529
7.244,0.1207,26.5166,19.8755,527.029,235.646
7.246,0.1208,26.5055,19.8835,527.021,235.763
7.249,0.1208,26.4944,19.8911,527.002,235.879
7.252,0.1209,26.4833,19.8973,526.947,235.996
7.255,0.1209,26.4723,19.9033,526.885,236.112
7.258,0.1210,26.4612,19.908,526.79,236.228
7.261,0.1210,26.4503,19.9126,526.694,236.344
7.264,0.1211,26.4393,19.9211,526.699,236.46
7.267,0.1211,26.4283,19.9201,526.455,236.575
7.270,0.1212,26.4175,19.9321,526.555,236.691
7.272,0.1212,26.4066,19.927,526.203,236.806
7.275,0.1213,26.3958,19.9415,526.371,236.922
7.278,0.1213,26.385,19.9346,525.974,237.037
7.281,0.1214,26.3744,20.0075,527.686,237.152
7.284,0.1214,26.3638,20.0045,527.395,237.267
7.287,0.1214,26.3534,20.0158,527.483,237.382
7.290,0.1215,26.3428,20.0169,527.302,237.497
7.293,0.1215,26.3326,20.0245,527.297,237.612
7.295,0.1216,26.3222,20.0325,527.298,237.727
7.298,0.1216,26.3121,20.0343,527.146,237.842
7.301,0.1217,26.3018,20.0514,527.388,237.957
7.304,0.1217,26.2919,20.0458,527.043,238.072
7.307,0.1218,26.2817,20.0736,527.569,238.187
7.310,0.1218,26.272,20.0592,526.996,238.302
7.313,0.1219,26.35,20.1017,529.679,238.418
7.316,0.1219,26.3414,20.0952,529.335,238.533
7.319,0.1220,26.333,20.1071,529.481,238.648
7.321,0.1220,26.3247,20.12,529.652,238.764
7.324,0.1221,26.3164,20.1323,529.811,238.879
7.327,0.1221,26.3082,20.1455,529.993,238.995
7.330,0.1222,26.3001,20.1578,530.152,239.11
7.333,0.1222,26.292,20.183,530.652,239.226
7.336,0.1223,26.2839,20.1944,530.788,239.341
7.339,0.1223,26.2759,20.2062,530.936,239.456
7.342,0.1224,26.2679,20.2166,531.048,239.572
7.345,0.1224,26.26,20.2272,531.165,239.687
7.347,0.1225,26.252,20.2364,531.247,239.803
7.350,0.1225,26.2441,20.2509,531.466,239.918
7.353,0.1226,26.2362,20.2534,531.374,240.033
7.356,0.1226,26.2283,20.2709,531.673,240.148
7.359,0.1226,26.2205,20.2676,531.427,240.263
7.362,0.1227,26.2126,20.2869,531.771,240.379
7.365,0.1227,26.2047,20.2792,531.41,240.493
7.368,0.1228,26.1967,20.2987,531.759,240.609
7.370,0.1228,26.1888,20.2887,531.336,240.723
7.373,0.1229,26.1808,20.3066,531.644,240.838
7.376,0.1229,26.1729,20.2966,531.222,240.953
7.379,0.1230,26.1649,20.3114,531.444,241.068
7.382,0.1230,26.1569,20.3039,531.086,241.182
7.385,0.1231,26.1488,20.3023,530.88,241.297
7.388,0.1231,26.1407,20.2786,530.098,241.412
7.391,0.1232,26.1326,20.3055,530.635,241.526
7.394,0.1232,26.1245,20.1542,526.519,241.641
7.396,0.1233,26.1163,20.1777,526.967,241.756
7.399,0.1233,26.1082,20.161,526.367,241.87
7.402,0.1234,26.1,20.1814,526.734,241.985
7.405,0.1234,26.0919,20.1689,526.244,242.1
7.408,0.1235,26.0836,20.1867,526.542,242.214
7.411,0.1235,26.0755,20.1783,526.159,242.329
7.414,0.1236,26.0672,20.1944,526.411,242.444
7.417,0.1236,26.0591,20.1893,526.117,242.559
7.419,0.1237,26.0509,20.205,526.358,242.673
7.422,0.1237,26.0428,20.247,527.288,242.788
7.425,0.1238,26.0346,20.2645,527.577,242.903
7.428,0.1238,26.0266,20.2633,527.383,243.018
7.431,0.1239,26.0184,20.2829,527.729,243.132
7.434,0.1239,26.0105,20.2917,527.797,243.248
7.437,0.1239,26.0025,20.1069,522.83,243.364
7.440,0.1240,25.9947,20.1161,522.912,243.479
7.443,0.1240,25.9868,20.124,522.958,243.595
7.445,0.1241,25.979,20.0801,521.661,243.71
7.448,0.1241,25.9713,20.0851,521.636,243.826
7.451,0.1242,25.9635,20.1009,521.891,243.941
7.454,0.1242,25.9559,20.1036,521.806,244.056
7.457,0.1243,25.9483,20.1232,522.162,244.171
7.460,0.1243,25.9407,20.0291,519.569,244.286
7.463,0.1244,25.9332,20.04,519.702,244.401
7.466,0.1244,25.9258,20.0474,519.745,244.516
7.469,0.1245,25.9184,20.0615,519.962,244.631
7.471,0.1245,28.422,20.121,571.881,244.746
7.474,0.1246,28.4137,20.1555,572.692,244.86
7.477,0.1246,28.4046,20.2043,573.896,244.975
7.480,0.1247,28.3963,20.2403,574.75,245.09
7.483,0.1247,28.3873,20.2184,573.947,245.205
7.486,0.1248,28.379,20.2593,574.938,245.32
7.489,0.1248,28.37,20.2307,573.945,245.435
7.492,0.1249,28.3616,20.1845,572.464,245.549
7.495,0.1249,28.3526,20.1616,571.634,245.664
7.497,0.1250,28.3443,20.198,572.498,245.779
7.500,0.1250,28.3353,20.1015,569.58,245.894
7.503,0.1251,28.3269,20.1314,570.26,246.009
7.506,0.1251,28.3179,20.107,569.388,246.124
7.509,0.1252,28.3095,20.1387,570.116,246.24
7.512,0.1252,28.3004,20.1118,569.172,246.354
7.515,0.1252,28.292,20.1445,569.926,246.47
7.518,0.1253,28.2828,20.1164,568.95,246.585
7.521,0.1253,28.2743,20.0083,565.722,246.701
7.523,0.1254,28.2651,19.9697,564.446,246.816
7.526,0.1254,28.2566,20.0145,565.54,246.932
7.529,0.1255,28.2473,19.9792,564.358,247.047
7.532,0.1255,28.2387,20.021,565.365,247.163
7.535,0.1256,28.2293,19.9895,564.29,247.278
7.538,0.1256,28.2206,20.0283,565.211,247.394
7.541,0.1257,28.2111,20.0006,564.239,247.509
7.544,0.1257,28.2024,20.0368,565.086,247.626
7.547,0.1258,28.1929,20.0121,564.198,247.741
7.549,0.1258,28.1842,19.9328,561.79,247.857
7.552,0.1259,28.1754,19.9401,561.821,247.974
7.555,0.1259,28.1667,19.9474,561.852,248.09
7.558,0.1260,28.1579,19.9549,561.888,248.207
7.561,0.1260,28.1491,19.9624,561.923,248.323
7.564,0.1261,28.1402,19.9702,561.966,248.439
7.567,0.1261,28.1314,19.978,562.009,248.556
7.570,0.1262,28.1226,19.9861,562.06,248.672
7.573,0.1262,28.1138,19.9942,562.112,248.789
7.576,0.1263,28.105,20.0026,562.174,248.905
7.578,0.1263,28.0962,20.0112,562.239,249.021
7.581,0.1264,28.0875,20.02,562.313,249.138
7.584,0.1264,28.0788,20.029,562.392,249.254
7.587,0.1265,28.0702,20.0384,562.48,249.37
7.590,0.1265,28.0616,20.0478,562.574,249.486
7.593,0.1265,28.0531,20.0575,562.675,249.602
7.596,0.1266,28.0446,19.8402,556.412,249.718
7.599,0.1266,28.0362,19.8499,556.515,249.834
7.602,0.1267,28.0278,19.8595,556.619,249.95
7.604,0.1267,28.0195,19.869,556.718,250.065
7.607,0.1268,28.0112,19.8985,557.379,250.181
7.610,0.1268,28.0029,19.9094,557.522,250.297
7.613,0.1269,27.9947,19.9181,557.602,250.412
7.616,0.1269,27.9865,19.9293,557.753,250.527
7.619,0.1270,27.9783,19.9363,557.784,250.643
7.622,0.1270,27.9702,19.9471,557.925,250.758
7.625,0.1271,27.962,19.9525,557.912,250.873
7.628,0.1271,27.9539,19.8501,554.888,250.988
7.631,0.1272,27.9457,19.8547,554.854,251.103
7.633,0.1272,27.9375,19.8631,554.926,251.219
7.636,0.1273,27.9293,19.8671,554.876,251.334
7.639,0.1273,27.9211,19.8076,553.05,251.449
7.642,0.1274,27.9129,19.8003,552.683,251.564
7.645,0.1274,27.9046,19.8476,553.84,251.679
7.648,0.1275,27.8963,19.8909,554.882,251.794
7.651,0.1275,27.888,19.8828,554.49,251.909
7.654,0.1276,27.8796,19.9006,554.82,252.024
7.657,0.1276,27.8712,19.8887,554.322,252.139
7.659,0.1277,27.8627,19.9093,554.728,252.255
7.662,0.1277,27.8543,19.8933,554.112,252.37
7.665,0.1278,27.8457,19.8973,554.055,252.485
7.668,0.1278,27.8372,19.9009,553.984,252.6
7.671,0.1279,27.8285,19.9047,553.919,252.716
7.674,0.1279,27.8199,19.9081,553.842,252.831
7.677,0.1279,27.8113,19.9119,553.776,252.947
7.680,0.1280,27.8026,19.911,553.577,253.062
7.683,0.1280,27.794,19.9164,553.556,253.177
7.685,0.1281,27.7853,19.9217,553.532,253.293
7.688,0.1281,27.7767,19.9275,553.521,253.408
7.691,0.1282,27.7681,19.9334,553.513,253.524
7.694,0.1282,27.7595,19.9397,553.517,253.639
7.697,0.1283,27.751,19.9399,553.352,253.755
7.700,0.1283,27.7424,19.9534,553.556,253.87
7.703,0.1284,27.7339,19.9479,553.234,253.985
7.706,0.1284,27.7254,19.9688,553.642,254.1
7.709,0.1285,27.7171,19.9575,553.162,254.216
7.711,0.1285,27.7086,19.8155,549.06,254.331
7.714,0.1286,27.7004,19.8,548.466,254.446
7.717,0.1286,27.692,19.8322,549.194,254.561
7.720,0.1287,27.6839,19.8111,548.45,254.676
7.723,0.1287,27.6756,19.8496,549.35,254.791
7.726,0.1288,27.6677,19.8228,548.451,254.906
7.729,0.1288,27.6595,19.8671,549.514,255.021
7.732,0.1289,27.6517,19.8344,548.455,255.136
7.735,0.1289,27.6436,19.8841,549.669,255.25
7.737,0.1290,27.636,19.8453,548.445,255.365
7.740,0.1290,27.628,19.9001,549.799,255.479
7.743,0.1291,27.6205,19.855,548.406,255.594
7.746,0.1291,27.6126,19.9145,549.892,255.708
7.749,0.1292,27.6052,19.8632,548.329,255.823
7.752,0.1292,27.5974,19.9272,549.939,255.937
7.755,0.1292,27.5901,19.8698,548.21,256.052
7.758,0.1293,27.5824,19.938,549.937,256.166
7.761,0.1293,27.5752,19.8749,548.054,256.281
7.763,0.1294,27.5676,19.947,549.89,256.395
7.766,0.1294,27.5604,19.879,547.872,256.51
7.769,0.1295,27.5528,19.9546,549.806,256.625
7.772,0.1295,27.5457,19.8825,547.678,256.739
7.775,0.1296,27.5383,19.9612,549.697,256.854
7.778,0.1296,27.5312,19.9243,548.54,256.968
7.781,0.1297,27.5238,19.9283,548.503,257.084
7.784,0.1297,27.5164,19.9163,548.024,257.199
7.787,0.1298,27.509,19.9208,548,257.314
7.789,0.1298,27.5016,19.9204,547.842,257.43
7.792,0.1299,27.4941,19.9269,547.874,257.545
7.795,0.1299,27.4868,19.9248,547.671,257.661
7.798,0.1300,27.4793,19.9338,547.767,257.776
7.801,0.1300,27.472,19.9298,547.511,257.892
7.804,0.1301,27.4645,19.9415,547.683,258.007
7.807,0.1301,27.4573,19.8099,543.925,258.123
7.810,0.1302,27.4497,19.8203,544.06,258.238
7.813,0.1302,27.4425,19.8146,543.761,258.354
7.816,0.1303,27.4349,19.8953,545.825,258.469
7.818,0.1303,27.4278,19.8904,545.55,258.585
7.821,0.1304,27.4201,19.7942,542.759,258.7
7.824,0.1304,27.413,19.8075,542.983,258.816
7.827,0.1305,27.4053,19.7955,542.502,258.931
7.830,0.1305,27.3983,19.8101,542.761,259.047
7.833,0.1305,27.3906,19.7969,542.248,259.162
7.836,0.1306,27.3835,19.8127,542.541,259.278
7.839,0.1306,27.3759,19.7985,542,259.393
7.842,0.1307,27.3688,19.8154,542.326,259.508
7.844,0.1307,27.3612,19.8004,541.763,259.624
7.847,0.1308,27.3542,19.8186,542.122,259.739
7.850,0.1308,27.3466,19.803,541.543,259.855
7.853,0.1309,27.3396,19.8225,541.938,259.97
7.856,0.1309,27.332,19.8673,543.012,260.086
7.859,0.1310,27.3251,19.7914,540.802,260.201
7.862,0.1310,27.3177,19.7992,540.867,260.317
7.865,0.1311,27.3108,19.8008,540.775,260.432
7.868,0.1311,27.3035,19.8097,540.874,260.548
7.871,0.1312,27.2967,19.6188,535.529,260.663
7.873,0.1312,27.2894,19.657,536.43,260.779
7.876,0.1313,27.2827,19.6262,535.455,260.894
7.879,0.1313,27.2756,19.5516,533.283,261.011
7.882,0.1314,27.269,19.5635,533.477,261.126
7.885,0.1314,27.2621,19.5598,533.242,261.242
7.888,0.1315,27.2556,19.5713,533.428,261.357
7.891,0.1315,27.2488,19.5684,533.217,261.473
7.894,0.1316,27.2425,19.5814,533.445,261.588
7.897,0.1316,27.2358,19.5859,533.436,261.704
7.900,0.1317,27.2292,19.5915,533.459,261.821
7.902,0.1317,27.2226,19.5971,533.484,261.937
7.905,0.1318,27.2161,19.6036,533.536,262.053
7.908,0.1318,27.2097,19.6102,533.589,262.17
7.911,0.1319,27.2033,19.6176,533.664,262.286
7.914,0.1319,27.197,19.625,533.74,262.402
7.917,0.1319,27.1906,19.6381,533.973,262.518
7.920,0.1320,27.1843,19.6449,534.033,262.634
7.923,0.1320,27.1781,19.6517,534.095,262.751
7.926,0.1321,27.1718,19.6582,534.148,262.867
7.928,0.1321,27.1655,19.6645,534.196,262.983
7.931,0.1322,27.1593,19.6703,534.231,263.099
7.934,0.1322,27.153,19.6758,534.257,263.215
7.937,0.1323,27.1468,19.6807,534.269,263.33
7.940,0.1323,27.1406,19.6851,534.264,263.446
7.943,0.1324,27.1343,19.689,534.247,263.562
7.946,0.1324,27.1281,19.6921,534.21,263.677
7.949,0.1325,27.122,19.6948,534.161,263.793
7.952,0.1325,27.1158,19.6967,534.091,263.908
7.955,0.1326,27.1097,19.6982,534.013,264.024
7.957,0.1326,27.1035,19.6998,533.935,264.139
7.960,0.1327,27.0974,19.6996,533.808,264.254
7.963,0.1327,27.0913,19.701,533.727,264.37
7.966,0.1328,27.0851,19.6996,533.565,264.484
7.969,0.1328,27.0792,19.7009,533.485,264.599
7.972,0.1329,29.1829,19.6634,573.835,264.714
7.975,0.1329,29.1746,19.6574,573.496,264.829
7.978,0.1330,29.1661,19.6669,573.606,264.944
7.981,0.1330,29.1578,19.6587,573.205,265.059
7.984,0.1331,29.1493,19.3918,565.256,265.173
7.986,0.1331,29.1409,19.3853,564.905,265.288
7.989,0.1332,29.1323,19.4021,565.228,265.402
7.992,0.1332,29.1239,19.3935,564.816,265.517
7.995,0.1333,29.1153,19.4148,565.268,265.631
7.998,0.1333,29.1069,19.404,564.792,265.746
8.001,0.1333,29.0984,19.4301,565.385,265.86
8.004,0.1334,29.0899,19.4172,564.845,265.974
8.007,0.1334,29.0814,19.4483,565.584,266.089
8.010,0.1335,29.0729,19.4332,564.981,266.203
8.013,0.1335,29.0645,19.4437,565.121,266.317
8.015,0.1336,29.056,19.4555,565.3,266.432
8.018,0.1336,29.0475,19.4672,565.475,266.546
8.021,0.1337,29.0391,19.4801,565.685,266.66
8.024,0.1337,29.0306,19.4928,565.887,266.774
8.027,0.1338,29.0221,19.5064,566.116,266.888
8.030,0.1338,29.0137,19.5196,566.335,267.002
8.033,0.1339,29.0053,19.4427,563.94,267.116
8.036,0.1339,28.9968,19.457,564.192,267.23
8.039,0.1340,28.9884,19.4717,564.453,267.343
8.042,0.1340,28.98,19.3766,561.535,267.457
8.044,0.1341,28.9716,19.3866,561.66,267.571
8.047,0.1341,28.9633,19.4063,562.071,267.684
8.050,0.1342,28.955,19.4097,562.009,267.798
8.053,0.1342,28.9467,19.44,562.724,267.911
8.056,0.1343,28.9384,19.4439,562.675,268.024
8.059,0.1343,28.9302,19.4629,563.065,268.137
8.062,0.1344,28.9219,19.4613,562.859,268.251
8.065,0.1344,28.9138,19.4831,563.33,268.364
8.068,0.1345,28.9056,19.475,562.937,268.477
8.071,0.1345,28.8974,19.5006,563.517,268.589
8.073,0.1346,28.8892,19.4852,562.913,268.702
8.076,0.1346,28.8811,19.5156,563.633,268.815
8.079,0.1347,28.873,19.4923,562.8,268.928
8.082,0.1347,28.8649,19.5286,563.69,269.04
8.085,0.1348,28.8567,19.5074,562.918,269.153
8.088,0.1348,28.8486,19.5396,563.689,269.265
8.091,0.1348,28.8404,19.5105,562.69,269.378
8.094,0.1349,28.8322,19.5475,563.597,269.49
8.097,0.1349,28.824,19.5132,562.449,269.603
8.100,0.1350,28.8158,19.5546,563.481,269.715
8.102,0.1350,28.8075,19.5166,562.223,269.827
8.105,0.1351,28.7992,19.5615,563.356,269.94
8.108,0.1351,28.7908,19.5213,562.034,270.051
8.111,0.1352,28.7825,19.5686,563.235,270.164
8.114,0.1352,28.774,19.3681,557.299,270.276
8.117,0.1353,28.7657,19.4018,558.105,270.388
8.120,0.1353,28.757,19.3788,557.277,270.5
8.123,0.1354,28.7486,19.5041,560.715,270.612
8.126,0.1354,28.7399,19.478,559.796,270.724
8.129,0.1355,28.7315,19.4799,559.687,270.836
8.131,0.1355,28.723,19.4856,559.685,270.949
8.134,0.1356,28.7145,19.5361,560.97,271.061
8.137,0.1356,28.7059,19.5443,561.038,271.174
8.140,0.1357,28.6973,19.5446,560.876,271.286
8.143,0.1357,28.6886,19.5547,560.998,271.398
8.146,0.1358,28.68,19.5542,560.815,271.51
8.149,0.1358,28.6713,19.6032,562.05,271.622
8.152,0.1359,28.6626,19.5986,561.746,271.733
8.155,0.1359,28.6539,19.6142,562.025,271.845
8.158,0.1360,28.6452,19.6092,561.709,271.956
8.160,0.1360,28.6366,19.6244,561.976,272.068
8.163,0.1361,28.628,19.6193,561.659,272.179
8.166,0.1361,28.6194,19.6334,561.896,272.291
8.169,0.1362,28.6108,19.6283,561.581,272.402
8.172,0.1362,28.6024,19.6412,561.785,272.513
8.175,0.1362,28.5939,19.4924,557.363,272.624
8.178,0.1363,28.5855,19.5207,558.009,272.735
8.181,0.1363,28.5771,19.4966,557.156,272.846
8.184,0.1364,28.5689,19.526,557.837,272.958
8.187,0.1364,28.5606,19.4996,556.921,273.069
8.189,0.1365,28.5524,19.5317,557.678,273.18
8.192,0.1365,28.5442,19.5021,556.673,273.292
8.195,0.1366,28.5362,19.5387,557.559,273.403
8.198,0.1366,28.5281,19.5047,556.433,273.515
8.201,0.1367,28.5201,19.5477,557.502,273.626
8.204,0.1367,28.512,19.5083,556.221,273.738
8.207,0.1368,28.5041,19.5594,557.521,273.849
8.210,0.1368,28.4961,19.5134,556.057,273.961
8.213,0.1369,28.4882,19.4282,553.475,274.073
8.216,0.1369,28.4803,19.3456,550.969,274.185
8.218,0.1370,28.4723,19.4505,553.801,274.296
8.221,0.1370,28.4645,19.355,550.93,274.409
8.224,0.1371,28.4565,19.4752,554.195,274.52
8.227,0.1371,28.4487,19.1528,544.873,274.633
8.230,0.1372,28.4407,19.2691,548.027,274.744
8.233,0.1372,28.433,19.1701,545.062,274.857
8.236,0.1373,28.425,19.2957,548.479,274.968
8.239,0.1373,28.4173,19.1885,545.285,275.081
8.242,0.1374,28.4092,19.3209,548.893,275.192
8.244,0.1374,28.4016,19.3301,549.006,275.305
8.247,0.1375,28.394,19.3378,549.078,275.417
8.250,0.1375,28.3864,19.2921,547.631,275.53
8.253,0.1376,28.3787,19.2991,547.683,275.642
8.256,0.1376,28.3711,19.2747,546.846,275.754
8.259,0.1376,28.3635,19.1642,543.563,275.867
8.262,0.1377,28.3558,19.218,544.942,275.979
8.265,0.1377,28.3482,19.3225,547.759,276.091
8.268,0.1378,28.3406,19.3239,547.651,276.203
8.271,0.1378,28.3329,19.325,547.533,276.315
8.273,0.1379,28.3252,19.3238,547.351,276.427
8.276,0.1379,28.3175,19.3226,547.169,276.539
8.279,0.1380,28.3098,19.3195,546.931,276.65
8.282,0.1380,28.3021,19.3166,546.7,276.762
8.285,0.1381,28.2944,19.3123,546.429,276.873
8.288,0.1381,28.2866,19.3085,546.172,276.985
8.291,0.1382,28.2789,19.3039,545.894,277.096
8.294,0.1382,28.2711,19.3,545.633,277.207
8.297,0.1383,28.2633,19.2961,545.372,277.319
8.300,0.1383,28.2554,19.4232,548.81,277.43
8.302,0.1384,28.2476,19.4212,548.603,277.541
8.305,0.1384,28.2397,19.4232,548.506,277.652
8.308,0.1385,28.2318,19.4202,548.268,277.762
8.311,0.1385,28.2239,19.4268,548.3,277.873
8.314,0.1386,28.2159,19.4235,548.052,277.984
8.317,0.1386,28.2079,19.434,548.195,278.095
8.320,0.1387,28.1999,19.4313,547.962,278.205
8.323,0.1387,28.1919,19.4447,548.185,278.316
8.326,0.1388,28.1839,19.4434,547.991,278.426
8.328,0.1388,28.1759,19.4583,548.254,278.537
8.331,0.1389,28.1678,19.459,548.117,278.647
8.334,0.1389,28.1598,19.4739,548.38,278.758
8.337,0.1390,28.1517,19.4771,548.312,278.868
8.340,0.1390,28.1436,19.4907,548.539,278.979
8.343,0.1390,28.1356,19.4964,548.542,279.089
8.346,0.1391,28.1275,19.5079,548.709,279.2
8.349,0.1391,28.1195,19.5158,548.774,279.311
8.352,0.1392,28.1115,19.5249,548.874,279.422
8.355,0.1392,28.1035,19.5343,548.981,279.533
8.357,0.1393,28.0956,19.5413,549.025,279.644
8.360,0.1393,28.0876,19.5498,549.106,279.756
8.363,0.1394,28.0797,19.5579,549.179,279.867
8.366,0.1394,28.0718,19.5659,549.249,279.978
8.369,0.1395,28.0639,19.5737,549.315,280.089
8.372,0.1395,28.0561,19.5812,549.373,280.2
8.375,0.1396,28.0484,19.4326,545.054,280.312
8.378,0.1396,28.0407,19.4405,545.125,280.423
8.381,0.1397,28.033,19.4486,545.205,280.535
8.383,0.1397,28.0254,19.4562,545.27,280.647
8.386,0.1398,28.0179,19.4645,545.354,280.758
8.389,0.1398,28.0104,19.4721,545.42,280.87
8.392,0.1399,28.0029,19.4829,545.578,280.982
8.395,0.1399,27.9955,19.5378,546.97,281.093
8.398,0.1400,27.9881,19.5523,547.23,281.205
8.401,0.1400,27.9807,19.557,547.218,281.317
8.404,0.1401,27.9733,19.5868,547.908,281.429
8.407,0.1401,27.966,19.6015,548.176,281.54
8.410,0.1402,27.9587,19.6059,548.154,281.652
8.412,0.1402,27.9513,19.6228,548.484,281.763
8.415,0.1403,27.944,19.6237,548.366,281.875
8.418,0.1403,27.9367,19.5832,547.091,281.986
8.421,0.1404,27.9294,19.5767,546.767,282.098
8.424,0.1404,27.9221,19.427,542.442,282.21
8.427,0.1404,27.9148,19.3345,539.718,282.322
8.430,0.1405,27.9074,19.3444,539.852,282.433
8.433,0.1405,27.9001,19.3451,539.731,282.544
8.436,0.1406,27.8927,19.3534,539.818,282.655
8.438,0.1406,27.8854,19.3539,539.691,282.767
8.441,0.1407,27.878,19.3595,539.705,282.878
8.444,0.1407,29.063,19.4029,563.906,282.99
8.447,0.1408,29.0533,19.4,563.634,283.101
8.450,0.1408,29.0434,19.4093,563.712,283.213
8.453,0.1409,29.0335,19.4014,563.29,283.324
8.456,0.1409,29.0235,19.4161,563.524,283.436
8.459,0.1410,29.0136,19.402,562.923,283.547
8.462,0.1410,29.0035,19.3767,561.991,283.659
8.465,0.1411,28.9935,19.3496,561.013,283.77
8.467,0.1411,28.9832,19.3857,561.86,283.882
8.470,0.1412,28.9732,19.3514,560.67,283.993
8.473,0.1412,28.9628,19.3971,561.793,284.105
8.476,0.1413,28.9527,19.3992,561.659,284.217
8.479,0.1413,28.9426,19.407,561.688,284.329
8.482,0.1414,28.9325,19.406,561.464,284.441
8.485,0.1414,28.9223,19.4195,561.655,284.553
8.488,0.1415,28.9122,19.4156,561.346,284.664
8.491,0.1415,28.902,19.4343,561.69,284.776
8.493,0.1416,28.8919,19.4275,561.297,284.888
8.496,0.1416,28.8817,19.4511,561.779,285
8.499,0.1417,28.8716,19.4413,561.3,285.111
8.502,0.1417,28.8614,19.4689,561.902,285.224
8.505,0.1418,28.8515,19.4558,561.329,285.335
8.508,0.1418,28.8413,19.4871,562.033,285.447
8.511,0.1418,28.8314,19.4054,559.485,285.559
8.514,0.1419,28.8214,19.4391,560.261,285.671
8.517,0.1419,28.8116,19.4194,559.504,285.782
8.520,0.1420,28.8016,19.4562,560.37,285.895
8.522,0.1420,28.7919,19.3703,557.707,286.006
8.525,0.1421,28.782,19.4088,558.624,286.119
8.528,0.1421,28.7724,19.3784,557.563,286.231
8.531,0.1422,28.7626,19.4215,558.612,286.343
8.534,0.1422,28.753,19.3837,557.339,286.455
8.537,0.1423,28.7433,19.4323,558.548,286.568
8.540,0.1423,28.7337,19.3865,557.048,286.68
8.543,0.1424,28.7241,19.4417,558.444,286.793
8.546,0.1424,28.7146,19.4103,557.358,286.905
8.549,0.1425,28.7049,19.3532,555.532,287.018
8.551,0.1425,28.6955,19.3331,554.773,287.131
8.554,0.1426,28.6859,19.361,555.388,287.244
8.557,0.1426,28.6765,19.3373,554.526,287.357
8.560,0.1427,28.6669,19.3692,555.255,287.469
8.563,0.1427,28.6575,19.2458,551.538,287.583
8.566,0.1428,28.648,19.2667,551.95,287.695
8.569,0.1428,28.6387,19.2556,551.454,287.809
8.572,0.1429,28.6291,19.2756,551.845,287.922
8.575,0.1429,28.6199,19.3553,553.947,288.035
8.578,0.1430,28.6104,19.3776,554.401,288.148
8.580,0.1430,28.6013,19.3744,554.132,288.261
8.583,0.1431,28.5917,19.3883,554.344,288.374
8.586,0.1431,28.5826,19.3963,554.397,288.488
8.589,0.1432,28.5731,19.3986,554.279,288.601
8.592,0.1432,28.5641,19.4103,554.438,288.714
8.595,0.1432,28.555,19.4216,554.585,288.828
8.598,0.1433,28.546,19.4321,554.709,288.942
8.601,0.1433,28.537,19.1742,547.174,289.055
8.604,0.1434,28.5279,19.1832,547.257,289.169
8.607,0.1434,28.5188,19.1372,545.771,289.283
8.609,0.1435,28.5096,19.1422,545.737,289.396
8.612,0.1435,28.5005,19.1467,545.689,289.51
8.615,0.1436,28.4913,19.1493,545.587,289.623
8.618,0.1436,28.482,19.1515,545.474,289.737
8.621,0.1437,28.4727,19.1519,545.307,289.85
8.624,0.1437,28.4634,19.1521,545.132,289.963
8.627,0.1438,28.4539,19.1506,544.909,290.076
8.630,0.1438,28.4445,19.1489,544.679,290.189
8.633,0.1439,28.4349,19.1459,544.413,290.302
8.636,0.1439,28.4254,19.0283,540.885,290.415
8.638,0.1440,28.4157,19.025,540.609,290.528
8.641,0.1440,28.406,19.0216,540.329,290.64
8.644,0.1441,28.3963,19.0182,540.046,290.753
8.647,0.1441,28.3865,19.0146,539.759,290.865
8.650,0.1442,28.3767,19.0115,539.485,290.978
8.653,0.1442,28.3669,19.0031,539.058,291.09
8.656,0.1443,28.357,18.9979,538.724,291.202
8.659,0.1443,28.3472,18.9888,538.278,291.314
8.662,0.1444,28.3373,18.9931,538.215,291.426
8.665,0.1444,28.3274,18.9825,537.727,291.538
8.667,0.1445,28.3176,18.9909,537.777,291.65
8.670,0.1445,28.3077,18.9796,537.268,291.763
8.673,0.1446,28.298,18.9914,537.417,291.874
8.676,0.1446,28.2881,18.9801,536.913,291.987
8.679,0.1447,28.2784,18.9881,536.952,292.098
8.682,0.1447,28.2687,18.9868,536.733,292.211
8.685,0.1447,28.259,18.993,536.724,292.323
8.688,0.1448,28.2493,18.9952,536.601,292.436
8.691,0.1448,28.2398,19.0002,536.563,292.548
8.694,0.1449,28.2302,18.9432,534.772,292.661
8.696,0.1449,28.2207,18.9483,534.735,292.773
8.699,0.1450,28.2112,18.9571,534.804,292.886
8.702,0.1450,28.2018,18.9595,534.691,292.999
8.705,0.1451,28.1924,18.973,534.894,293.112
8.708,0.1451,28.183,18.9791,534.89,293.225
8.711,0.1452,28.1738,18.8562,531.249,293.338
8.714,0.1452,28.1645,18.8628,531.261,293.451
8.717,0.1453,28.1552,18.8703,531.297,293.565
8.720,0.1453,28.146,18.8775,531.326,293.678
8.723,0.1454,28.1368,18.8854,531.376,293.792
8.726,0.1454,28.1276,18.893,531.414,293.905
8.728,0.1455,28.1184,18.7182,526.325,294.019
8.731,0.1455,28.1092,18.7245,526.332,294.133
8.734,0.1456,28.1,18.7314,526.353,294.246
8.737,0.1456,28.0908,18.7377,526.358,294.36
8.740,0.1457,28.0816,18.949,532.118,294.474
8.743,0.1457,28.0725,18.9552,532.118,294.587
8.746,0.1458,28.0633,18.9621,532.138,294.701
8.749,0.1458,28.0541,18.9672,532.107,294.815
8.752,0.1459,28.0449,18.9736,532.112,294.928
8.755,0.1459,28.0357,18.9771,532.036,295.042
8.757,0.1460,28.0265,18.9831,532.028,295.155
8.760,0.1460,28.0173,19.0374,533.376,295.268
8.763,0.1461,28.008,19.0452,533.418,295.382
8.766,0.1461,27.9988,19.0416,533.144,295.494
8.769,0.1462,27.9896,19.0503,533.21,295.608
8.772,0.1462,27.9804,18.9604,530.52,295.72
8.775,0.1462,27.9711,18.9705,530.626,295.833
8.778,0.1463,27.9618,18.9706,530.454,295.946
8.781,0.1463,27.9525,18.9814,530.578,296.059
8.784,0.1464,27.9433,18.9717,530.132,296.171
8.787,0.1464,27.934,18.9857,530.346,296.284
8.789,0.1465,27.9247,18.9726,529.806,296.397
8.792,0.1465,27.9154,18.9911,530.145,296.509
8.795,0.1466,27.9062,18.9745,529.504,296.622
8.798,0.1466,27.8968,18.9986,530,296.734
8.801,0.1467,27.8876,18.9781,529.252,296.847
8.804,0.1467,27.8782,19.0088,529.931,296.959
8.807,0.1468,27.869,18.9843,529.072,297.072
8.810,0.1468,27.8596,19.0222,529.951,297.185
8.813,0.1469,27.8504,18.9936,528.979,297.297
8.816,0.1469,27.841,19.0389,530.061,297.41
8.818,0.1470,27.8318,19.0063,528.98,297.523
8.821,0.1470,27.8224,19.0586,530.255,297.636
8.824,0.1471,27.8132,18.9447,526.913,297.749
8.827,0.1471,27.804,18.9356,526.486,297.862
8.830,0.1472,27.7949,18.9425,526.506,297.975
8.833,0.1472,27.7858,18.8092,522.629,298.089
8.836,0.1473,27.7767,18.8177,522.694,298.202
8.839,0.1473,27.7675,18.8308,522.884,298.315
8.842,0.1474,27.7586,18.8384,522.926,298.429
8.845,0.1474,27.7493,18.8534,523.169,298.542
8.848,0.1475,27.7404,18.7941,521.356,298.655
8.850,0.1475,27.7312,18.8079,521.566,298.769
8.853,0.1476,27.7223,18.8133,521.548,298.882
8.856,0.1476,27.7131,18.7451,519.484,298.995
8.859,0.1477,27.7042,18.7508,519.477,299.109
8.862,0.1477,27.695,18.766,519.724,299.222
8.865,0.1477,27.6862,18.7673,519.595,299.335
8.868,0.1478,27.6771,18.7851,519.918,299.449
8.871,0.1478,27.6682,18.7245,518.072,299.562
8.874,0.1479,27.6591,18.7425,518.4,299.675
8.877,0.1479,29.1355,18.8294,548.604,299.788
8.879,0.1480,29.1255,18.8474,548.942,299.901
8.882,0.1480,29.1155,18.8399,548.532,300.015
8.885,0.1481,29.1055,18.8597,548.921,300.128
8.888,0.1481,29.0954,18.8488,548.413,300.241
8.891,0.1482,29.0854,18.8703,548.852,300.354
8.894,0.1482,29.0753,18.8568,548.267,300.467
8.897,0.1483,29.0653,18.8801,548.755,300.58
8.900,0.1483,29.0551,18.8648,548.12,300.694
8.903,0.1484,29.0451,18.8896,548.651,300.807
8.906,0.1484,29.035,18.8735,547.993,300.92
8.909,0.1485,29.025,18.8997,548.563,301.033
8.911,0.1485,29.015,18.8836,547.909,301.147
8.914,0.1486,29.005,18.9142,548.606,301.259
8.917,0.1486,28.9951,18.8865,547.617,301.373
8.920,0.1487,28.9852,18.9077,548.043,301.486
8.923,0.1487,28.9754,18.8994,547.62,301.599
8.926,0.1488,28.9656,18.9246,548.161,301.712
8.929,0.1488,28.9559,18.9139,547.67,301.826
8.932,0.1489,28.9461,18.9429,548.323,301.939
8.935,0.1489,28.9366,18.9298,547.765,302.052
8.938,0.1490,28.9269,18.9624,548.523,302.165
8.940,0.1490,28.9175,18.971,548.593,302.279
8.943,0.1491,28.9082,18.9799,548.674,302.393
8.946,0.1491,28.8989,18.9886,548.75,302.507
8.949,0.1492,28.8896,18.9976,548.833,302.62
8.952,0.1492,28.8803,19.0063,548.907,302.734
8.955,0.1493,28.8711,19.1312,552.337,302.848
8.958,0.1493,28.8618,19.1396,552.402,302.962
8.961,0.1493,28.8524,19.1479,552.464,303.075
8.964,0.1494,28.8431,19.1557,552.511,303.189
8.967,0.1494,28.8337,19.1633,552.548,303.302
8.970,0.1495,28.8243,19.0425,548.887,303.416
8.972,0.1495,28.8149,19.0508,548.946,303.529
8.975,0.1496,28.8054,19.0588,548.997,303.643
8.978,0.1496,28.7959,19.066,549.023,303.756
8.981,0.1497,28.7863,19.0731,549.044,303.869
8.984,0.1497,28.7767,19.0792,549.038,303.983
8.987,0.1498,28.7671,19.0854,549.032,304.096
8.990,0.1498,28.7575,19.0906,548.998,304.209
8.993,0.1499,28.7478,19.0815,548.55,304.322
8.996,0.1499,28.7381,18.9921,545.796,304.435
8.999,0.1500,28.7283,18.9974,545.765,304.548
9.002,0.1500,28.7186,19.0013,545.691,304.66
9.004,0.1501,28.709,19.007,545.67,304.773
9.007,0.1501,28.6992,19.0096,545.561,304.886
9.010,0.1502,28.6896,19.016,545.562,304.999
9.013,0.1502,28.6799,19.0176,545.423,305.112
9.016,0.1503,28.6704,19.0251,545.457,305.224
9.019,0.1503,28.6608,19.0257,545.292,305.337
9.022,0.1504,28.6513,19.0348,545.371,305.45
9.025,0.1504,28.6417,18.9045,541.456,305.563
9.028,0.1505,28.6324,18.9157,541.6,305.676
9.031,0.1505,28.6228,18.9131,541.346,305.788
9.033,0.1506,28.6135,18.8682,539.884,305.901
9.036,0.1506,28.604,18.8679,539.698,306.014
9.039,0.1507,28.5948,18.8789,539.837,306.127
9.042,0.1507,28.5853,18.7093,534.811,306.24
9.045,0.1508,28.5761,18.7231,535.034,306.353
9.048,0.1508,28.5667,18.7201,534.772,306.467
9.051,0.1508,28.5575,18.7362,535.06,306.58
9.054,0.1509,28.5481,18.7321,534.765,306.693
9.057,0.1509,28.5389,18.7392,534.794,306.806
9.060,0.1510,28.5296,18.7466,534.833,306.92
9.063,0.1510,28.5203,18.7539,534.868,307.033
9.065,0.1511,28.5111,18.7616,534.912,307.147
9.068,0.1511,28.5018,18.7689,534.948,307.26
9.071,0.1512,28.4925,18.7767,534.994,307.373
9.074,0.1512,28.4831,18.7841,535.03,307.487
9.077,0.1513,28.4737,18.7919,535.075,307.6
9.080,0.1513,28.4643,18.7994,535.111,307.714
9.083,0.1514,28.4549,18.727,532.874,307.827
9.086,0.1514,28.4454,18.7337,532.887,307.941
9.089,0.1515,28.4359,18.7391,532.864,308.054
9.092,0.1515,28.4265,18.7475,532.925,308.167
9.095,0.1516,28.4169,18.7514,532.857,308.281
9.097,0.1516,28.4075,18.7616,532.971,308.394
9.100,0.1517,28.3979,18.6738,530.297,308.507
9.103,0.1517,28.3885,18.6855,530.453,308.621
9.106,0.1518,28.3788,18.6868,530.31,308.734
9.109,0.1518,28.3694,18.7009,530.534,308.847
9.112,0.1519,28.3597,18.7001,530.329,308.96
9.115,0.1519,28.3502,18.7168,530.626,309.073
9.118,0.1520,28.3405,18.7134,530.346,309.186
9.121,0.1520,28.3311,18.7651,531.637,309.299
9.124,0.1521,28.3213,18.7594,531.292,309.412
9.126,0.1521,28.3119,18.8375,533.325,309.525
9.129,0.1522,28.3022,18.826,532.815,309.638
9.132,0.1522,28.2927,18.8537,533.422,309.751
9.135,0.1523,28.283,18.8382,532.801,309.864
9.138,0.1523,28.2736,18.748,530.073,309.977
9.141,0.1523,28.2638,18.7271,529.299,310.09
9.144,0.1524,28.2544,18.7581,530,310.202
9.147,0.1524,28.2446,18.7345,529.15,310.315
9.150,0.1525,28.2353,18.7035,528.099,310.428
9.153,0.1525,28.2255,18.6901,527.538,310.541
9.156,0.1526,28.2162,18.7037,527.747,310.653
9.158,0.1526,28.2064,18.6905,527.192,310.766
9.161,0.1527,28.1971,18.7001,527.289,310.879
9.164,0.1527,28.1874,18.688,526.765,310.991
9.167,0.1528,28.1781,18.6935,526.747,311.104
9.170,0.1528,28.1684,18.6831,526.273,311.217
9.173,0.1529,28.1592,18.5027,521.022,311.33
9.176,0.1529,28.15,18.3813,517.434,311.442
9.179,0.1530,28.1408,18.376,517.117,311.555
9.182,0.1530,28.1316,18.3714,516.818,311.668
9.185,0.1531,28.1224,18.3664,516.508,311.781
9.187,0.1531,28.1133,18.3624,516.227,311.894
9.190,0.1532,28.1041,18.3588,515.959,312.007
9.193,0.1532,28.0949,18.3555,515.695,312.119
9.196,0.1533,28.0857,18.3547,515.505,312.232
9.199,0.1533,28.0766,18.4133,516.983,312.345
9.202,0.1534,28.0674,18.4216,517.047,312.458
9.205,0.1534,28.0582,18.4133,516.643,312.571
9.208,0.1535,28.0491,18.426,516.833,312.684
9.211,0.1535,28.0399,18.4168,516.406,312.797
9.214,0.1536,28.0307,18.4344,516.728,312.91
9.217,0.1536,28.0215,18.424,516.266,313.023
9.219,0.1537,28.0123,18.4462,516.719,313.136
9.222,0.1537,28.003,18.4341,516.211,313.249
9.225,0.1538,27.9938,18.4606,516.782,313.362
9.228,0.1538,27.9844,18.4466,516.219,313.475
9.231,0.1539,27.9752,18.4768,516.892,313.588
9.234,0.1539,27.9658,18.4606,516.267,313.701
9.237,0.1539,27.9565,18.4936,517.018,313.814
9.240,0.1540,27.9471,18.4753,516.33,313.927
9.243,0.1540,27.9378,18.5102,517.134,314.04
9.246,0.1541,27.9282,18.4898,516.388,314.153
9.248,0.1541,27.9189,18.5258,517.221,314.266
9.251,0.1542,27.9093,18.5037,516.426,314.379
9.254,0.1542,27.9,18.54,517.267,314.492
9.257,0.1543,27.8903,18.5167,516.437,314.605
9.260,0.1543,27.8811,18.4275,513.779,314.718
9.263,0.1544,27.8714,18.3789,512.246,314.83
9.266,0.1544,27.8622,18.4206,513.239,314.943
9.269,0.1545,27.8525,18.3864,512.108,315.056
9.272,0.1545,27.8435,18.4295,513.14,315.169
9.275,0.1546,27.8337,18.3935,511.959,315.281
9.278,0.1546,27.8248,18.438,513.033,315.395
9.280,0.1547,27.8151,18.4006,511.814,315.507
9.283,0.1547,27.8063,18.4469,512.942,315.62
9.286,0.1548,27.7967,18.4082,511.686,315.732
9.289,0.1548,27.7881,18.4132,511.668,315.845
9.292,0.1549,27.7795,18.4187,511.662,315.958
9.295,0.1549,28.1955,18.4469,520.119,316.071
9.298,0.1550,28.1879,18.4774,520.84,316.184
9.301,0.1550,28.1803,18.4822,520.834,316.297
9.304,0.1551,28.1728,18.4219,518.994,316.41
9.307,0.1551,28.1652,18.427,518.999,316.523
9.309,0.1552,28.1576,18.432,519.001,316.636
9.312,0.1552,28.15,18.4376,519.018,316.748
9.315,0.1553,28.1424,18.4429,519.028,316.861
9.318,0.1553,28.1348,18.4488,519.052,316.974
9.321,0.1554,28.1271,18.4543,519.066,317.087
9.324,0.1554,28.1194,18.4602,519.09,317.2
9.327,0.1554,28.1116,18.4658,519.103,317.313
9.330,0.1555,28.1038,18.5571,521.525,317.426
9.333,0.1555,28.096,18.5622,521.522,317.539
9.336,0.1556,28.0881,18.5674,521.522,317.652
9.338,0.1556,28.0802,18.5725,521.519,317.765
9.341,0.1557,28.0722,18.5776,521.514,317.878
9.344,0.1557,28.0642,18.5829,521.513,317.991
9.347,0.1558,28.0562,18.5879,521.505,318.103
9.350,0.1558,28.0481,18.5918,521.464,318.216
9.353,0.1559,28.04,18.4569,517.531,318.329
9.356,0.1559,28.0319,18.4139,516.175,318.442
9.359,0.1560,28.0237,18.4102,515.922,318.555
9.362,0.1560,28.0156,18.4239,516.156,318.668
9.365,0.1561,28.0074,18.4184,515.851,318.781
9.367,0.1561,27.9992,18.4349,516.162,318.894
9.370,0.1562,27.991,18.4285,515.832,319.007
9.373,0.1562,27.9829,18.4469,516.197,319.12
9.376,0.1563,27.9747,18.4404,515.867,319.232
9.379,0.1563,27.9666,18.46,516.262,319.345
9.382,0.1564,27.9585,18.4542,515.951,319.458
9.385,0.1564,27.9504,18.4741,516.358,319.571
9.388,0.1565,27.9424,18.4693,516.075,319.684
9.391,0.1565,27.9344,18.4891,516.483,319.796
9.394,0.1566,27.9264,18.4851,516.224,319.909
9.397,0.1566,27.9185,18.5049,516.63,320.022
9.399,0.1567,27.9107,18.5011,516.379,320.135
9.402,0.1567,27.9029,18.4868,515.836,320.248
9.405,0.1568,27.8951,18.4954,515.931,320.361
9.408,0.1568,27.8874,18.504,516.027,320.473
9.411,0.1569,27.8797,18.5122,516.116,320.586
9.414,0.1569,29.5563,18.4961,546.676,320.699
9.417,0.1569,29.548,18.509,546.903,320.812
9.420,0.1570,29.5397,18.5163,546.966,320.925
9.423,0.1570,29.5315,18.5587,548.067,321.038
9.426,0.1571,29.5233,18.5645,548.085,321.151
9.428,0.1571,29.5151,18.5694,548.079,321.264
9.431,0.1572,29.507,18.5743,548.073,321.377
9.434,0.1572,29.4989,18.5608,547.524,321.49
9.437,0.1573,29.4909,18.5658,547.521,321.603
9.440,0.1573,29.4829,18.5683,547.447,321.716
9.443,0.1574,29.475,18.5734,547.45,321.829
9.446,0.1574,29.4671,18.5755,547.365,321.942
9.449,0.1575,29.4592,18.5801,547.356,322.056
9.452,0.1575,29.4514,18.5832,547.3,322.169
9.455,0.1576,29.4436,18.5866,547.257,322.282
9.457,0.1576,29.4359,18.5922,547.278,322.395
9.460,0.1577,29.4281,18.5936,547.173,322.508
9.463,0.1577,29.4204,18.4833,543.788,322.621
9.466,0.1578,29.4127,18.4839,543.662,322.734
9.469,0.1578,29.4051,18.4978,543.93,322.847
9.472,0.1579,29.3975,18.4948,543.702,322.961
9.475,0.1579,29.3899,18.5153,544.162,323.074
9.478,0.1580,29.3823,18.5082,543.813,323.187
9.481,0.1580,29.3747,18.5357,544.481,323.3
9.484,0.1581,29.3671,18.5241,544,323.413
9.487,0.1581,29.3595,18.5585,544.869,323.526
9.489,0.1582,29.352,18.5424,544.257,323.639
9.492,0.1582,29.3444,18.583,545.305,323.752
9.495,0.1583,29.3368,18.5627,544.572,323.865
9.498,0.1583,29.3292,18.6081,545.762,323.978
9.501,0.1584,29.3217,18.5843,544.922,324.091
9.504,0.1584,29.314,18.607,545.445,324.204
9.507,0.1584,29.3064,18.5675,544.148,324.316
9.510,0.1585,29.2987,18.6332,545.928,324.429
9.513,0.1585,29.2911,18.2803,535.452,324.542
9.516,0.1586,29.2834,18.3692,537.911,324.655
9.518,0.1586,29.2757,18.2989,535.714,324.767
9.521,0.1587,29.2679,18.3086,535.853,324.88
9.524,0.1587,29.2601,18.3154,535.911,324.993
9.527,0.1588,29.2523,18.3266,536.094,325.106
9.530,0.1588,29.2444,18.1838,531.773,325.218
9.533,0.1589,29.2365,18.205,532.25,325.331
9.536,0.1589,29.2286,18.1959,531.841,325.443
9.539,0.1590,29.2207,18.2234,532.502,325.556
9.542,0.1590,29.2127,18.206,531.846,325.668
9.545,0.1591,29.2048,18.2407,532.716,325.78
9.547,0.1591,29.1967,18.2136,531.779,325.892
9.550,0.1592,29.1889,18.2566,532.889,326.004
9.553,0.1592,29.1807,18.1848,530.644,326.116
9.556,0.1593,29.1728,18.2461,532.29,326.228
9.559,0.1593,29.1646,18.1877,530.436,326.34
9.562,0.1594,29.1567,18.2603,532.409,326.451
9.565,0.1594,29.1484,18.1888,530.174,326.563
9.568,0.1595,29.1405,18.2732,532.489,326.675
9.571,0.1595,29.1322,18.1887,529.878,326.787
9.574,0.1596,29.1243,18.2851,532.541,326.898
9.576,0.1596,29.1159,18.1885,529.574,327.01
9.579,0.1597,29.108,18.2966,532.576,327.122
9.582,0.1597,29.0996,18.1889,529.29,327.233
9.585,0.1598,29.0916,18.3081,532.612,327.345
9.588,0.1598,29.0832,18.191,529.053,327.457
9.591,0.1598,29.0752,18.3202,532.663,327.569
9.594,0.1599,29.0668,18.1956,528.889,327.68
9.597,0.1599,29.0588,18.2527,530.401,327.792
9.600,0.1600,29.0503,18.1304,526.695,327.904
9.603,0.1600,29.0423,18.2673,530.523,328.016
9.605,0.1601,29.0338,18.1428,526.756,328.127
9.608,0.1601,29.0258,18.284,530.708,328.239
9.611,0.1602,29.0172,18.1555,526.823,328.351
9.614,0.1602,29.0092,18.2295,528.823,328.463
9.617,0.1603,29.0006,18.0859,524.504,328.574
9.620,0.1603,28.9926,18.2512,529.149,328.687
9.623,0.1604,28.984,18.104,524.725,328.798
9.626,0.1604,28.976,18.2745,529.522,328.91
9.629,0.1605,28.9673,18.123,524.974,329.021
9.632,0.1605,28.9593,18.2989,529.922,329.134
9.634,0.1606,28.9505,18.1996,526.888,329.245
9.637,0.1606,28.9425,18.2143,527.166,329.357
9.640,0.1607,28.9344,18.228,527.418,329.469
9.643,0.1607,28.9263,18.2412,527.651,329.581
9.646,0.1608,28.9182,18.2537,527.864,329.693
9.649,0.1608,28.91,18.265,528.041,329.805
9.652,0.1609,28.9018,18.276,528.208,329.917
9.655,0.1609,28.8935,18.2854,528.328,330.029
9.658,0.1610,28.8852,18.2948,528.45,330.141
9.661,0.1610,28.8769,18.3024,528.517,330.252
9.663,0.1611,28.8685,18.3106,528.601,330.364
9.666,0.1611,28.8601,18.3169,528.629,330.475
9.669,0.1612,28.8517,18.3001,527.99,330.587
9.672,0.1612,28.8433,18.3063,528.015,330.698
9.675,0.1613,28.8348,18.314,528.08,330.809
9.678,0.1613,28.8264,18.3201,528.102,330.92
9.681,0.1613,28.8179,18.3279,528.171,331.031
9.684,0.1614,28.8094,18.3347,528.21,331.142
9.687,0.1614,28.8009,18.3431,528.298,331.253
9.690,0.1615,28.7924,18.3511,528.373,331.364
9.692,0.1615,28.7839,18.3607,528.493,331.474
9.695,0.1616,28.7754,18.3704,528.616,331.585
9.698,0.1616,28.7669,18.3758,528.616,331.695
9.701,0.1617,28.7585,18.393,528.955,331.805
9.704,0.1617,28.75,18.3932,528.806,331.916
9.707,0.1618,28.7416,18.4191,529.394,332.026
9.710,0.1618,28.7332,18.412,529.034,332.136
9.713,0.1619,28.7248,18.4482,529.921,332.246
9.716,0.1619,28.7164,18.4622,530.168,332.356
9.719,0.1620,28.7081,18.4998,531.092,332.466
9.721,0.1620,28.6997,18.4794,530.353,332.576
9.724,0.1621,28.6914,18.5301,531.656,332.686
9.727,0.1621,28.683,18.3855,527.353,332.796
9.730,0.1622,28.6748,18.4587,529.301,332.906
9.733,0.1622,28.6665,18.3966,527.366,333.016
9.736,0.1623,28.6583,18.4894,529.874,333.126
9.739,0.1623,28.6499,18.4034,527.257,333.237
9.742,0.1624,28.6418,18.5172,530.365,333.347
9.745,0.1624,28.6333,18.406,527.023,333.458
9.748,0.1625,28.6252,18.5618,531.335,333.568
9.751,0.1625,28.6166,18.3643,525.525,333.679
9.753,0.1626,28.6085,18.3927,526.188,333.79
9.756,0.1626,28.6004,18.3959,526.128,333.9
9.759,0.1627,28.5922,18.399,526.067,334.011
9.762,0.1627,28.5839,18.4009,525.969,334.122
9.765,0.1628,28.5756,18.4027,525.868,334.233
9.768,0.1628,28.5672,18.4037,525.741,334.344
9.771,0.1628,28.5587,18.2142,520.176,334.455
9.774,0.1629,28.5502,18.2143,520.023,334.566
9.777,0.1629,28.5416,18.2145,519.873,334.677
9.780,0.1630,28.533,18.2148,519.723,334.788
9.782,0.1630,28.5243,18.2152,519.576,334.9
9.785,0.1631,28.5155,18.2177,519.488,335.011
9.788,0.1631,28.5068,18.2173,519.315,335.122
9.791,0.1632,28.4979,18.2212,519.266,335.234
9.794,0.1632,28.4891,18.2215,519.113,335.345
9.797,0.1633,28.4801,18.225,519.052,335.456
9.800,0.1633,28.4713,18.2285,518.988,335.567
9.803,0.1634,28.4623,18.0922,514.944,335.679
9.806,0.1634,28.4534,18.0957,514.883,335.79
9.809,0.1635,28.4444,18.096,514.729,335.901
9.811,0.1635,28.4355,18.1084,514.92,336.012
9.814,0.1636,28.4265,18.0996,514.508,336.124
9.817,0.1636,28.4176,18.1687,516.312,336.234
9.820,0.1637,28.4086,18.1501,515.619,336.346
9.823,0.1637,28.3999,18.1862,516.484,336.456
9.826,0.1638,28.3909,18.1538,515.403,336.568
9.829,0.1638,28.3822,18.2053,516.707,336.679
9.832,0.1639,28.3732,18.2184,516.915,336.79
9.835,0.1639,28.3647,18.2793,518.487,336.901
9.838,0.1640,28.3558,18.2242,516.76,337.012
9.841,0.1640,28.3473,18.2937,518.576,337.123
9.843,0.1641,28.3384,18.2137,516.148,337.234
9.846,0.1641,28.3301,18.3132,518.813,337.345
9.849,0.1642,28.3212,18.2212,516.046,337.457
9.852,0.1642,28.3129,18.3302,518.983,337.568
9.855,0.1643,28.3042,18.2293,515.966,337.679
9.858,0.1643,28.296,18.3442,519.066,337.79
9.861,0.1643,28.2872,18.2382,515.908,337.902
9.864,0.1644,28.2791,18.3546,519.052,338.013
9.867,0.1644,28.2704,18.2334,515.464,338.125
9.870,0.1645,28.2623,18.2365,515.404,338.236
9.872,0.1645,28.2542,18.2642,516.042,338.348
9.875,0.1646,28.2462,18.2677,515.993,338.459
9.878,0.1646,28.2381,18.1858,513.532,338.571
9.881,0.1647,28.2302,18.1871,513.426,338.683
9.884,0.1647,28.2221,18.1924,513.429,338.794
9.887,0.1648,28.2142,18.1937,513.322,338.906
9.890,0.1648,28.2062,18.1975,513.282,339.018
9.893,0.1649,28.1983,18.1996,513.197,339.129
9.896,0.1649,28.1903,18.2004,513.075,339.241
9.899,0.1650,28.1824,18.2041,513.035,339.352
9.902,0.1650,28.1744,18.2008,512.797,339.464
9.904,0.1651,28.1665,18.0609,508.712,339.576
9.907,0.1651,28.1585,18.0557,508.421,339.688
9.910,0.1652,28.1507,18.0603,508.411,339.799
9.913,0.1652,28.1427,18.0504,507.988,339.911
9.916,0.1653,28.1349,18.0578,508.054,340.023
9.919,0.1653,28.127,18.0437,507.516,340.135
9.922,0.1654,28.1192,18.0537,507.655,340.246
9.925,0.1654,29.4602,18.0711,532.378,340.358
9.928,0.1655,29.4523,18.0591,531.881,340.47
9.931,0.1655,29.4444,18.0663,531.95,340.582
9.933,0.1656,29.4363,18.053,531.413,340.694
9.936,0.1656,29.4283,18.0634,531.576,340.806
9.939,0.1657,29.4202,18.0476,530.963,340.917
9.942,0.1657,29.4121,18.0636,531.288,341.03
9.945,0.1658,29.4039,18.0305,530.166,341.141
9.948,0.1658,29.3957,18.0485,530.549,341.254
9.951,0.1658,29.3874,18.0312,529.89,341.366
9.954,0.1659,29.3791,18.0572,530.504,341.478
9.957,0.1659,29.3708,18.0356,529.72,341.59
9.960,0.1660,29.3625,18.0741,530.699,341.702
9.963,0.1660,29.3542,18.0439,529.665,341.814
9.965,0.1661,29.3458,18.0951,531.014,341.926
9.968,0.1661,29.3376,18.0561,529.722,342.039
9.971,0.1662,29.3291,17.881,524.435,342.151
9.974,0.1662,29.321,17.8866,524.454,342.263
9.977,0.1663,29.3125,18.0183,528.162,342.375
9.980,0.1663,29.3044,17.897,524.461,342.487
9.983,0.1664,29.296,18.0417,528.551,342.599
9.986,0.1664,29.2881,18.0476,528.58,342.712
9.989,0.1665,29.2801,18.0529,528.591,342.824
9.992,0.1665,29.2722,18.0578,528.592,342.936
9.995,0.1666,29.2643,18.0621,528.576,343.048
9.997,0.1666,29.2564,18.0658,528.54,343.16
10.000,0.1667,29.2486,18.0689,528.491,343.272
10.003,0.1667,29.2408,18.0712,528.416,343.384
10.006,0.1668,29.2331,18.0731,528.331,343.496
10.009,0.1668,29.2254,18.0739,528.218,343.608
10.012,0.1669,29.2177,18.0746,528.099,343.72
10.015,0.1669,29.2101,18.0743,527.951,343.832
10.018,0.1670,29.2025,18.0739,527.803,343.943
10.021,0.1670,29.1949,18.0727,527.63,344.055
10.024,0.1671,29.1874,18.0715,527.461,344.167
10.027,0.1671,29.1799,18.0697,527.273,344.278
10.029,0.1672,29.1725,18.0682,527.093,344.389
10.032,0.1672,29.165,18.0471,526.344,344.501
10.035,0.1673,29.1576,18.0446,526.137,344.612
10.038,0.1673,29.1503,18.0419,525.926,344.723
10.041,0.1674,29.1429,18.0396,525.725,344.834
10.044,0.1674,29.1355,17.9592,523.252,344.946
10.047,0.1674,29.1282,17.9675,523.36,345.057
10.050,0.1675,29.1209,17.9548,522.861,345.168
10.053,0.1675,29.1136,17.9736,523.277,345.279
10.056,0.1676,29.1063,17.9518,522.509,345.39
10.058,0.1676,29.099,17.9879,523.431,345.501
10.061,0.1677,29.0917,17.9688,522.742,345.612
10.064,0.1677,29.0843,17.9936,523.331,345.723
10.067,0.1678,29.0769,17.9708,522.537,345.833
10.070,0.1678,29.0695,17.9988,523.217,345.945
10.073,0.1679,29.062,17.974,522.36,346.055
10.076,0.1679,29.0545,17.955,521.673,346.167
10.079,0.1680,29.0469,17.9276,520.743,346.277
10.082,0.1680,29.0393,17.959,521.516,346.389
10.085,0.1681,29.0316,17.9294,520.52,346.5
10.088,0.1681,29.0238,17.9628,521.35,346.611
10.090,0.1682,29.016,17.9323,520.322,346.722
10.093,0.1682,29.008,17.9491,520.669,346.833
10.096,0.1683,29,17.9343,520.096,346.944
10.099,0.1683,28.992,17.9526,520.481,347.056
10.102,0.1684,28.9838,17.9539,520.372,347.167
10.105,0.1684,28.9756,17.9556,520.273,347.278
10.108,0.1685,28.9673,17.9573,520.175,347.389
10.111,0.1685,28.9589,17.9595,520.088,347.5
10.114,0.1686,28.9505,17.9619,520.005,347.611
10.117,0.1686,28.9421,17.9647,519.934,347.722
10.120,0.1687,28.9336,17.9677,519.87,347.833
10.122,0.1687,28.9251,17.9712,519.819,347.945
10.125,0.1688,28.9166,17.975,519.776,348.056
10.128,0.1688,28.9081,17.9793,519.749,348.167
10.131,0.1689,28.8996,17.984,519.729,348.278
10.134,0.1689,28.8911,17.9424,518.375,348.389
10.137,0.1689,28.8826,17.945,518.3,348.501
10.140,0.1690,28.8742,17.9569,518.49,348.612
10.143,0.1690,28.8658,17.9575,518.357,348.723
10.146,0.1691,28.8575,17.9724,518.637,348.834
10.149,0.1691,28.8492,17.9711,518.451,348.945
10.151,0.1692,28.8409,17.9884,518.802,349.056
10.154,0.1692,28.8327,17.9855,518.572,349.167
10.157,0.1693,28.8246,18.0044,518.972,349.278
10.160,0.1693,28.8166,18.0003,518.706,349.389
10.163,0.1694,28.8086,18.0199,519.129,349.5
10.166,0.1694,28.8007,18.0147,518.836,349.611
10.169,0.1695,28.7928,18.0343,519.257,349.722
10.172,0.1695,28.785,18.0283,518.945,349.833
10.175,0.1696,28.7773,18.0471,519.345,349.944
10.178,0.1696,28.7696,18.0405,519.018,350.055
10.181,0.1697,28.762,18.058,519.384,350.166
10.183,0.1697,28.7543,18.051,519.045,350.277
10.186,0.1698,28.7468,18.067,519.369,350.388
10.189,0.1698,28.7392,18.0596,519.02,350.499
10.192,0.1699,28.7318,18.0742,519.304,350.61
10.195,0.1699,28.7242,18.0664,518.943,350.721
10.198,0.1700,28.7168,18.0799,519.196,350.832
10.201,0.1700,28.7093,18.0716,518.822,350.943
10.204,0.1701,28.7018,18.0846,519.06,351.054
10.207,0.1701,28.6943,18.0757,518.671,351.165
10.210,0.1702,28.6867,18.0889,518.911,351.276
10.213,0.1702,28.6793,18.0795,518.507,351.387
10.215,0.1703,28.6716,18.0934,518.766,351.498
10.218,0.1703,28.6642,18.0954,518.689,351.609
10.221,0.1704,28.6566,18.0974,518.611,351.72
10.224,0.1704,28.6491,17.8134,510.339,351.832
10.227,0.1705,28.6415,17.8172,510.311,351.943
10.230,0.1705,28.6338,17.8201,510.258,352.054
10.233,0.1705,28.6261,17.8993,512.387,352.165
10.236,0.1706,28.6184,17.8935,512.083,352.276
10.239,0.1706,28.6105,17.9345,513.115,352.387
10.242,0.1707,28.6027,17.9231,512.648,352.498
10.244,0.1707,28.5948,17.822,509.616,352.609
10.247,0.1708,28.5869,17.8125,509.203,352.72
10.250,0.1708,28.5789,17.8311,509.592,352.831
10.253,0.1709,28.5709,17.8205,509.148,352.942
10.256,0.1709,28.5629,17.8413,509.599,353.053
10.259,0.1710,28.5548,17.8781,510.505,353.164
10.262,0.1710,28.5467,17.8722,510.193,353.276
10.265,0.1711,28.5385,17.8916,510.601,353.387
10.268,0.1711,28.5303,17.8854,510.275,353.498
10.271,0.1712,28.5221,17.9055,510.703,353.609
10.274,0.1712,28.5139,17.8987,510.36,353.721
10.276,0.1713,28.5056,17.919,510.793,353.832
10.279,0.1713,28.4973,17.9114,510.428,353.944
10.282,0.1714,28.489,17.9266,510.713,354.055
10.285,0.1714,28.4807,17.9539,511.339,354.167
10.288,0.1715,28.4724,17.9522,511.142,354.279
10.291,0.1715,28.464,17.9662,511.39,354.391
10.294,0.1716,28.4556,17.96,511.064,354.502
10.297,0.1716,28.4472,17.976,511.367,354.614
10.300,0.1717,28.4389,17.9654,510.917,354.726
10.303,0.1717,28.4305,17.983,511.266,354.838
10.306,0.1718,28.4222,17.9685,510.706,354.949
10.308,0.1718,28.4138,17.9842,510.999,355.061
10.311,0.1719,28.4056,17.9698,510.445,355.173
10.314,0.1719,28.3973,17.9834,510.68,355.285
10.317,0.1720,28.3892,17.97,510.153,355.397
10.320,0.1720,28.3809,17.9814,510.329,355.509
10.323,0.1721,28.3729,17.9698,509.856,355.621
10.326,0.1721,28.3647,17.9791,509.973,355.732
10.329,0.1721,28.3569,17.9701,509.577,355.844
10.332,0.1722,28.3488,17.8624,506.377,355.956
10.335,0.1722,28.3411,17.8464,505.785,356.068
10.338,0.1723,28.3335,17.8455,505.626,356.18
10.340,0.1723,28.3259,17.8674,506.109,356.292
10.343,0.1724,28.3184,17.8677,505.984,356.404
10.346,0.1724,28.3109,17.8687,505.878,356.516
10.349,0.1725,28.3035,17.9269,507.395,356.628
10.352,0.1725,28.2962,17.9274,507.277,356.74
10.355,0.1726,28.2889,17.9278,507.156,356.852
10.358,0.1726,28.2816,17.9291,507.064,356.964
10.361,0.1727,28.2744,17.9302,506.966,357.076
10.364,0.1727,28.2672,17.9323,506.895,357.188
10.367,0.1728,28.26,17.9339,506.812,357.3
10.370,0.1728,28.2529,17.9363,506.753,357.412
10.372,0.1729,28.2457,17.9382,506.678,357.523
10.375,0.1729,28.2385,17.9407,506.62,357.635
10.378,0.1730,28.2314,17.9426,506.543,357.747
10.381,0.1730,28.2242,17.9448,506.476,357.859
10.384,0.1731,28.217,17.9463,506.389,357.971
10.387,0.1731,28.2098,17.8346,503.109,358.083
10.390,0.1732,28.2025,17.8374,503.061,358.194
10.393,0.1732,28.1952,17.8399,503.001,358.306
10.396,0.1733,28.1879,17.8385,502.83,358.418
10.399,0.1733,28.1805,17.8439,502.85,358.53
10.402,0.1734,28.1731,17.8385,502.565,358.641
10.405,0.1734,28.1657,17.8461,502.647,358.753
10.407,0.1735,28.1582,17.8279,502.003,358.865
10.410,0.1735,28.1507,17.8341,502.043,358.976
10.413,0.1736,28.1431,17.8287,501.755,359.088
10.416,0.1736,28.1355,17.6089,495.435,359.199
10.419,0.1737,28.1279,17.6026,495.123,359.311
10.422,0.1737,28.1202,17.6093,495.176,359.422
10.425,0.1737,28.1125,17.6052,494.925,359.534
10.428,0.1738,28.1047,17.6089,494.893,359.646
10.431,0.1738,28.097,17.609,494.759,359.758
10.434,0.1739,28.0892,17.6084,494.607,359.869
10.437,0.1739,28.0815,17.6147,494.646,359.981
10.439,0.1740,28.0737,17.6087,494.341,360.093
10.442,0.1740,29.7487,17.5433,521.889,360.205
10.445,0.1741,29.7416,17.5347,521.511,360.316
10.448,0.1741,29.7348,17.5535,521.95,360.428
10.451,0.1742,29.7278,17.5549,521.868,360.54
10.454,0.1742,29.7208,17.4522,518.692,360.652
10.457,0.1743,29.7138,17.4553,518.662,360.764
10.460,0.1743,29.7068,17.4594,518.662,360.876
10.463,0.1744,29.6998,17.4637,518.669,360.988
10.466,0.1744,29.6928,17.4687,518.696,361.1
10.469,0.1745,29.6859,17.474,518.733,361.212
10.471,0.1745,29.679,17.4796,518.778,361.324
10.474,0.1746,29.6722,17.4855,518.833,361.436
10.477,0.1746,29.6654,17.4913,518.885,361.548
10.480,0.1747,29.6587,17.4973,518.945,361.661
10.483,0.1747,29.652,17.5028,518.993,361.773
10.486,0.1748,29.6453,17.5085,519.046,361.885
10.489,0.1748,29.6388,17.5139,519.09,361.998
10.492,0.1749,29.6323,17.5186,519.115,362.11
10.495,0.1749,29.6259,17.5241,519.166,362.222
10.498,0.1750,29.6195,17.527,519.142,362.334
10.501,0.1750,29.6133,17.5334,519.222,362.447
10.503,0.1751,29.6071,17.5339,519.127,362.559
10.506,0.1751,29.6011,17.5422,519.268,362.671
10.509,0.1752,29.595,17.5394,519.078,362.783
10.512,0.1752,29.5892,17.551,519.319,362.896
10.515,0.1753,29.5833,17.5442,519.014,363.007
10.518,0.1753,29.5778,17.5605,519.399,363.12
10.521,0.1753,29.572,17.549,518.959,363.232
10.524,0.1754,29.5667,17.5715,519.53,363.344
10.527,0.1754,29.5611,17.5547,518.935,363.456
10.530,0.1755,29.5559,17.5846,519.729,363.568
10.533,0.1755,29.5505,17.5618,518.96,363.68
10.535,0.1756,29.5455,17.6002,520.006,363.792
10.538,0.1756,29.5402,17.5708,519.044,363.904
10.541,0.1757,29.5354,17.6182,520.359,364.016
10.544,0.1757,29.5302,17.6536,521.313,364.128
10.547,0.1758,29.5255,17.7166,523.092,364.24
10.550,0.1758,29.5203,17.6653,521.484,364.352
10.553,0.1759,29.5157,17.7742,524.62,364.465
10.556,0.1759,29.5106,17.7456,523.685,364.577
10.559,0.1760,29.506,17.7941,525.033,364.689
10.562,0.1760,29.501,17.9002,528.074,364.801
10.565,0.1761,29.4964,17.9241,528.697,364.913
10.567,0.1761,29.4914,18.0004,530.855,365.026
10.570,0.1762,29.4863,18.0034,530.853,365.138
10.573,0.1762,29.4812,18.0075,530.881,365.251
10.576,0.1763,29.476,18.0082,530.811,365.363
10.579,0.1763,29.4708,17.9965,530.369,365.475
10.582,0.1764,29.4655,17.9728,529.576,365.588
10.585,0.1764,29.4601,17.9775,529.62,365.7
10.588,0.1765,29.4547,17.9711,529.335,365.812
10.591,0.1765,29.4492,17.975,529.35,365.924
10.594,0.1766,29.4437,17.9671,529.018,366.037
10.597,0.1766,29.438,17.9702,529.009,366.149
10.599,0.1767,29.4324,17.9621,528.667,366.262
10.602,0.1767,29.4266,17.9646,528.638,366.374
10.605,0.1768,29.4208,17.9577,528.329,366.486
10.608,0.1768,29.4149,17.96,528.291,366.598
10.611,0.1769,29.409,17.8663,525.429,366.711
10.614,0.1769,29.403,17.8824,525.796,366.823
10.617,0.1769,29.397,17.8685,525.281,366.936
10.620,0.1770,29.3909,17.886,525.686,367.048
10.623,0.1770,29.3848,17.7607,521.895,367.16
10.626,0.1771,29.3787,17.7856,522.518,367.273
10.629,0.1771,29.3726,17.7713,521.988,367.385
10.631,0.1772,29.3664,17.7999,522.719,367.497
10.634,0.1772,29.3603,17.7874,522.242,367.61
10.637,0.1773,29.3542,17.8194,523.073,367.722
10.640,0.1773,29.3481,17.8083,522.638,367.835
10.643,0.1774,29.342,17.7823,521.769,367.947
10.646,0.1774,29.3361,17.7554,520.874,368.059
10.649,0.1775,29.3301,17.8066,522.271,368.172
10.652,0.1775,29.3243,17.7786,521.346,368.284
10.655,0.1776,29.3185,17.832,522.807,368.397
10.658,0.1776,29.3128,17.8008,521.792,368.509
10.661,0.1777,29.3072,17.8566,523.328,368.622
10.663,0.1777,29.3018,17.8207,522.178,368.734
10.666,0.1778,29.2964,17.8789,523.787,368.847
10.669,0.1778,29.2912,17.8368,522.461,368.959
10.672,0.1779,29.2861,17.8975,524.147,369.072
10.675,0.1779,29.2812,17.8481,522.613,369.185
10.678,0.1780,29.2762,17.9115,524.383,369.297
10.681,0.1780,29.2716,17.8542,522.622,369.41
10.684,0.1781,29.2669,17.8589,522.674,369.523
10.687,0.1781,29.2623,17.861,522.653,369.635
10.690,0.1782,29.2578,17.7899,520.494,369.748
10.693,0.1782,29.2534,17.5821,514.337,369.861
10.695,0.1783,29.2491,17.5821,514.262,369.974
10.698,0.1783,29.245,17.5806,514.145,370.087
10.701,0.1784,29.2408,17.5796,514.043,370.199
10.704,0.1784,29.2368,17.5777,513.916,370.312
10.707,0.1785,29.2327,17.5763,513.805,370.425
10.710,0.1785,29.2287,17.5748,513.69,370.537
10.713,0.1785,29.2247,17.4892,511.116,370.65
10.716,0.1786,29.2207,17.4894,511.055,370.763
10.719,0.1786,29.2167,17.49,511.001,370.875
10.722,0.1787,29.2127,17.4919,510.985,370.988
10.725,0.1787,29.2087,17.4938,510.971,371.1
10.727,0.1788,29.2045,17.4974,511.005,371.212
10.730,0.1788,29.2004,17.5009,511.034,371.325
10.733,0.1789,29.1962,17.5063,511.116,371.437
10.736,0.1789,29.1919,17.5112,511.184,371.549
10.739,0.1790,29.1876,17.5178,511.303,371.661
10.742,0.1790,29.1832,17.5239,511.401,371.773
10.745,0.1791,29.1787,17.5276,511.433,371.885
10.748,0.1791,29.1741,17.538,511.655,371.997
10.751,0.1792,29.1695,17.5375,511.559,372.109
10.754,0.1792,29.1648,17.5523,511.91,372.221
10.757,0.1793,29.16,17.6247,513.937,372.333
10.759,0.1793,29.1551,17.6437,514.406,372.445
10.762,0.1794,29.1502,17.6298,513.913,372.557
10.765,0.1794,29.1453,17.6551,514.562,372.668
10.768,0.1795,29.1403,17.6308,513.766,372.78
10.771,0.1795,29.1352,17.664,514.643,372.892
10.774,0.1796,29.1301,17.7144,516.022,373.004
10.777,0.1796,29.1249,17.7521,517.027,373.116
10.780,0.1797,29.1197,17.7284,516.247,373.228
10.783,0.1797,29.1145,17.7985,518.195,373.34
10.786,0.1798,29.1091,17.7589,516.946,373.452
10.789,0.1798,29.1039,17.899,520.929,373.564
10.791,0.1799,29.0984,17.8754,520.146,373.676
10.794,0.1799,29.0932,17.9018,520.82,373.788
10.797,0.1800,29.0876,17.8724,519.866,373.9
10.800,0.1800,29.0823,17.8736,519.804,374.012
10.803,0.1801,29.077,17.8752,519.756,374.125
10.806,0.1801,29.0716,17.8771,519.716,374.237
10.809,0.1801,29.0662,17.8795,519.688,374.349
10.812,0.1802,29.0607,17.8824,519.676,374.462
10.815,0.1802,29.0552,17.8857,519.674,374.574
10.818,0.1803,29.0497,17.8898,519.693,374.686
10.821,0.1803,29.0442,17.8941,519.721,374.799
10.823,0.1804,29.0387,17.8992,519.771,374.911
10.826,0.1804,29.0333,17.9045,519.827,375.023
10.829,0.1805,29.0278,17.9106,519.905,375.136
10.832,0.1805,29.0224,17.9197,520.07,375.248
10.835,0.1806,29.0169,18.0012,522.339,375.36
10.838,0.1806,29.0115,18.013,522.586,375.473
10.841,0.1807,29.0061,18.015,522.547,375.585
10.844,0.1807,29.0009,18.0277,522.819,375.697
10.847,0.1808,28.9956,18.0295,522.777,375.809
10.850,0.1808,28.9906,18.0404,523.002,375.922
10.853,0.1809,28.9854,18.0441,523.016,376.034
10.855,0.1809,28.9807,18.0503,523.109,376.146
10.858,0.1810,28.9757,17.9376,519.754,376.258
10.861,0.1810,28.9711,17.9498,520.025,376.369
10.864,0.1811,28.9663,17.9485,519.901,376.481
10.867,0.1811,28.962,17.9522,519.931,376.593
10.870,0.1812,28.9574,17.9587,520.037,376.705
10.873,0.1812,28.9532,17.9518,519.764,376.816
10.876,0.1813,28.9488,17.9682,520.159,376.928
10.879,0.1813,28.9448,17.8862,517.712,377.04
10.882,0.1814,29.2422,17.9862,525.957,377.151
10.885,0.1814,29.2353,17.9262,524.079,377.263
10.887,0.1815,29.2286,17.9972,526.034,377.374
10.890,0.1815,29.2216,17.8849,522.626,377.485
10.893,0.1816,29.2149,17.9633,524.797,377.597
10.896,0.1816,29.2079,17.8861,522.415,377.708
10.899,0.1817,29.2011,17.9761,524.921,377.82
10.902,0.1817,29.194,17.8909,522.308,377.931
10.905,0.1817,29.1872,17.9891,525.052,378.043
10.908,0.1818,29.18,17.8997,522.313,378.154
10.911,0.1818,29.173,18.0023,525.181,378.265
10.914,0.1819,29.1657,17.9123,522.424,378.376
10.916,0.1819,29.1587,17.9187,522.485,378.488
10.919,0.1820,29.1517,17.9276,522.619,378.6
10.922,0.1820,29.1446,17.9345,522.692,378.711
10.925,0.1821,29.1374,17.9446,522.86,378.823
10.928,0.1821,29.1302,17.9527,522.965,378.934
10.931,0.1822,29.1229,17.9618,523.102,379.046
10.934,0.1822,29.1157,17.9725,523.281,379.157
10.937,0.1823,29.1083,17.756,516.847,379.269
10.940,0.1823,29.101,17.7622,516.898,379.38
10.943,0.1824,29.0935,17.795,517.718,379.492
10.946,0.1824,29.0861,17.8066,517.926,379.603
10.948,0.1825,29.0786,17.793,517.396,379.715
10.951,0.1825,29.0712,17.8258,518.216,379.826
10.954,0.1826,29.0635,17.6459,512.852,379.938
10.957,0.1826,29.0561,17.6824,513.781,380.049
10.960,0.1827,29.0484,17.652,512.762,380.161
10.963,0.1827,29.041,17.6995,514.012,380.272
10.966,0.1828,29.0332,17.6563,512.619,380.384
10.969,0.1828,29.0258,17.7155,514.208,380.495
10.972,0.1829,29.018,17.6593,512.437,380.607
10.975,0.1829,29.0106,17.7303,514.365,380.718
10.977,0.1830,29.0027,17.5674,509.502,380.83
10.980,0.1830,31.1121,17.6284,548.455,380.941
10.983,0.1831,31.1047,17.5743,546.644,381.053
10.986,0.1831,31.0975,17.6391,548.531,381.164
10.989,0.1832,31.0903,17.5783,546.515,381.276
10.992,0.1832,31.0832,17.6032,547.164,381.387
10.995,0.1832,31.0761,17.5206,544.471,381.498
10.998,0.1833,31.069,17.6125,547.205,381.61
11.001,0.1833,31.062,17.5273,544.434,381.721
11.004,0.1834,31.0551,17.6221,547.257,381.833
11.006,0.1834,31.0481,17.5456,544.757,381.944
11.009,0.1835,31.0413,17.6166,546.841,382.055
11.012,0.1835,31.0343,17.5621,545.029,382.166
11.015,0.1836,31.0275,17.6266,546.91,382.278
11.018,0.1836,31.0206,17.581,545.375,382.389
11.021,0.1837,31.0138,17.6379,547.017,382.5
11.024,0.1837,31.0069,17.6015,545.768,382.611
11.027,0.1838,31,17.6504,547.162,382.723
11.030,0.1838,30.9931,17.6226,546.179,382.833
11.033,0.1839,30.9862,17.6293,546.265,382.945
11.036,0.1839,30.9792,17.6357,546.342,383.056
11.038,0.1840,30.9723,17.6419,546.41,383.167
11.041,0.1840,30.9652,17.6821,547.532,383.279
11.044,0.1841,30.9582,17.6873,547.568,383.39
11.047,0.1841,30.9511,17.6926,547.606,383.501
11.050,0.1842,30.9439,17.6972,547.621,383.612
11.053,0.1842,30.9368,17.7017,547.634,383.723
11.056,0.1843,30.9295,17.7055,547.623,383.834
11.059,0.1843,30.9223,17.7091,547.606,383.945
11.062,0.1844,30.915,17.712,547.567,384.056
11.065,0.1844,30.9078,17.7146,547.52,384.167
11.067,0.1845,30.9005,17.7167,547.455,384.278
11.070,0.1845,30.8932,17.7185,547.381,384.389
11.073,0.1846,30.8859,17.72,547.297,384.499
11.076,0.1846,30.8786,17.7212,547.206,384.61
11.079,0.1847,30.8713,17.7223,547.112,384.721
11.082,0.1847,30.8641,17.6427,544.524,384.832
11.085,0.1847,30.8569,17.6438,544.432,384.943
11.088,0.1848,30.8496,17.5924,542.72,385.053
11.091,0.1848,30.8425,17.5929,542.608,385.164
11.094,0.1849,30.8353,17.5648,541.617,385.275
11.097,0.1849,30.8281,17.5679,541.586,385.385
11.099,0.1850,30.821,17.5619,541.275,385.496
11.102,0.1850,30.8138,17.5692,541.375,385.607
11.105,0.1851,30.8067,17.5621,541.03,385.717
11.108,0.1851,30.7996,17.5736,541.261,385.828
11.111,0.1852,30.7925,17.597,541.857,385.939
11.114,0.1852,30.7854,17.6089,542.096,386.049
11.117,0.1853,30.7783,17.6039,541.817,386.16
11.120,0.1853,30.7711,17.6505,543.126,386.27
11.123,0.1854,30.764,17.6516,543.033,386.381
11.126,0.1854,30.7568,17.6607,543.187,386.491
11.128,0.1855,30.7497,17.663,543.133,386.602
11.131,0.1855,30.7424,17.6715,543.266,386.712
11.134,0.1856,30.7352,17.6746,543.234,386.823
11.137,0.1856,30.7279,17.682,543.331,386.933
11.140,0.1857,30.7206,17.6852,543.3,387.044
11.143,0.1857,30.7133,17.6913,543.357,387.154
11.146,0.1858,30.7059,17.7393,544.699,387.264
11.149,0.1858,30.6984,17.7429,544.678,387.375
11.152,0.1859,30.691,17.7457,544.634,387.485
11.155,0.1859,30.6834,17.7485,544.586,387.595
11.158,0.1860,30.6759,17.7508,544.521,387.705
11.160,0.1860,30.6682,17.753,544.453,387.815
11.163,0.1861,30.6606,17.755,544.379,387.925
11.166,0.1861,30.6529,17.7569,544.301,388.035
11.169,0.1862,30.6452,17.7593,544.235,388.145
11.172,0.1862,30.6374,17.7615,544.165,388.255
11.175,0.1862,30.6296,17.6467,540.51,388.365
11.178,0.1863,30.6218,17.5453,537.267,388.475
11.181,0.1863,30.614,17.5486,537.231,388.585
11.184,0.1864,30.6062,17.4368,533.673,388.695
11.187,0.1864,30.5984,17.4386,533.592,388.804
11.189,0.1865,30.5906,17.4525,533.882,388.914
11.192,0.1865,30.5828,17.4539,533.79,389.024
11.195,0.1866,30.575,17.472,534.206,389.134
11.198,0.1866,30.5672,17.4734,534.114,389.243
11.201,0.1867,30.5595,17.4943,534.619,389.353
11.204,0.1867,30.5518,17.496,534.533,389.463
11.207,0.1868,30.5442,17.5182,535.078,389.572
11.210,0.1868,30.5365,17.5201,535.002,389.682
11.213,0.1869,30.529,17.5416,535.528,389.792
11.216,0.1869,30.5214,17.5825,536.643,389.901
11.219,0.1870,30.5139,17.5986,537.003,390.011
11.221,0.1870,30.5064,17.6031,537.007,390.121
11.224,0.1871,30.499,17.6143,537.22,390.23
11.227,0.1871,30.4917,17.6198,537.258,390.34
11.230,0.1872,30.4843,17.6248,537.279,390.45
11.233,0.1872,30.4771,17.6318,537.365,390.559
11.236,0.1873,30.4698,17.6293,537.163,390.669
11.239,0.1873,30.4626,17.6385,537.315,390.779
11.242,0.1874,30.4555,17.6282,536.875,390.888
11.245,0.1874,30.4483,17.6403,537.116,390.998
11.248,0.1875,30.4412,17.6222,536.44,391.107
11.250,0.1875,30.4341,17.638,536.797,391.217
11.253,0.1876,30.427,17.6127,535.902,391.327
11.256,0.1876,30.4199,17.6332,536.402,391.436
11.259,0.1877,30.4128,17.6017,535.318,391.546
11.262,0.1877,30.4057,17.6277,535.982,391.655
11.265,0.1877,30.3986,17.4813,531.406,391.765
11.268,0.1878,30.3914,17.4765,531.136,391.875
11.271,0.1878,30.3842,17.472,530.874,391.984
11.274,0.1879,30.3769,17.6627,536.538,392.094
11.277,0.1879,30.3696,17.6577,536.258,392.203
11.279,0.1880,30.3622,17.6575,536.121,392.313
11.282,0.1880,30.3548,17.6532,535.862,392.422
11.285,0.1881,30.3473,17.6572,535.848,392.531
11.288,0.1881,30.3398,17.7208,537.645,392.64
11.291,0.1882,30.3322,17.7263,537.678,392.75
11.294,0.1882,30.3245,17.7245,537.486,392.859
11.297,0.1883,30.3167,17.7351,537.67,392.968
11.300,0.1883,30.309,17.7312,537.413,393.077
11.303,0.1884,30.3011,17.7474,537.764,393.186
11.306,0.1884,30.2932,17.7399,537.398,393.295
11.308,0.1885,30.2851,17.762,537.924,393.404
11.311,0.1885,30.2772,17.8205,539.555,393.513
11.314,0.1886,30.2691,17.8447,540.143,393.623
11.317,0.1886,30.261,17.8298,539.549,393.732
11.320,0.1887,30.2528,17.8927,541.306,393.841
11.323,0.1887,30.2448,17.8642,540.297,393.95
11.326,0.1888,30.2366,17.9072,541.451,394.059
11.329,0.1888,30.2285,17.8709,540.211,394.169
11.332,0.1889,30.2203,17.9199,541.543,394.278
11.335,0.1889,30.2122,17.8759,540.071,394.388
11.338,0.1890,30.204,17.9302,541.564,394.497
11.340,0.1890,30.196,17.7089,534.739,394.607
11.343,0.1891,30.1879,17.7833,536.841,394.716
11.346,0.1891,30.1799,17.7093,534.466,394.826
11.349,0.1892,30.1719,17.7889,536.726,394.935
11.352,0.1892,30.164,17.7081,534.147,395.045
11.355,0.1892,30.1561,17.7931,536.569,395.155
11.358,0.1893,30.1483,17.7056,533.794,395.265
11.361,0.1893,30.1404,17.7953,536.359,395.375
11.364,0.1894,30.1328,17.7024,533.423,395.485
11.367,0.1894,30.125,17.7963,536.114,395.594
11.369,0.1895,30.1174,17.7367,534.183,395.705
11.372,0.1895,30.1097,17.6861,532.523,395.815
11.375,0.1896,30.1023,17.6039,529.917,395.925
11.378,0.1896,30.0947,17.6831,532.166,396.035
11.381,0.1897,30.0873,17.681,531.973,396.145
11.384,0.1897,30.08,17.679,531.785,396.255
11.387,0.1898,30.0727,17.6773,531.603,396.366
11.390,0.1898,30.0655,17.6756,531.424,396.476
11.393,0.1899,30.0582,17.7488,533.498,396.587
11.396,0.1899,30.0511,17.7464,533.299,396.697
11.399,0.1900,30.0439,17.7449,533.128,396.807
11.401,0.1900,30.0368,17.7432,532.949,396.918
11.404,0.1901,30.0297,17.498,525.461,397.028
11.407,0.1901,30.0227,17.4953,525.255,397.139
11.410,0.1902,30.0157,17.4938,525.087,397.249
11.413,0.1902,30.0087,17.4917,524.904,397.359
11.416,0.1903,30.0017,17.4908,524.755,397.47
11.419,0.1903,29.9948,17.4894,524.589,397.58
11.422,0.1904,29.9878,17.4888,524.451,397.69
11.425,0.1904,29.9809,17.5411,525.897,397.801
11.428,0.1905,29.974,17.5404,525.755,397.911
11.431,0.1905,29.9671,17.5392,525.598,398.021
11.433,0.1906,29.9602,17.5412,525.54,398.131
11.436,0.1906,29.9533,17.5408,525.406,398.241
11.439,0.1907,29.9465,17.5404,525.271,398.352
11.442,0.1907,29.9395,17.5377,525.07,398.462
11.445,0.1908,29.9326,17.4066,521.026,398.572
11.448,0.1908,29.9257,17.4322,521.671,398.682
11.451,0.1908,29.9187,17.438,521.721,398.792
11.454,0.1909,29.9117,17.4291,521.333,398.902
11.457,0.1909,29.9046,17.4365,521.433,399.012
11.460,0.1910,29.8976,17.4264,521.006,399.122
11.463,0.1910,29.8904,17.4343,521.12,399.232
11.465,0.1911,29.8833,17.4243,520.696,399.342
11.468,0.1911,29.876,17.4315,520.783,399.452
11.471,0.1912,29.8688,17.4233,520.412,399.563
11.474,0.1912,29.8614,17.428,520.425,399.673
11.477,0.1913,29.8541,17.4236,520.164,399.783
11.480,0.1913,29.8466,17.4243,520.057,399.893
11.483,0.1914,29.8392,17.4256,519.964,400.004
11.486,0.1914,29.8317,17.4208,519.691,400.114
11.489,0.1915,29.8241,17.4296,519.824,400.225
11.492,0.1915,29.8165,17.418,519.344,400.335
11.495,0.1916,29.8089,17.4361,519.751,400.446
11.497,0.1916,29.8013,17.4353,519.595,400.556
11.500,0.1917,29.7936,17.4358,519.477,400.667
11.503,0.1917,29.7859,17.4366,519.366,400.778
11.506,0.1918,29.7782,17.4386,519.29,400.889
11.509,0.1918,29.7705,17.4411,519.23,401
11.512,0.1919,29.7628,17.577,523.143,401.111
11.515,0.1919,29.7552,17.4998,520.709,401.222
11.518,0.1920,29.7475,17.5057,520.75,401.333
11.521,0.1920,29.7398,17.5126,520.821,401.444
11.524,0.1921,29.7322,17.5201,520.91,401.556
11.527,0.1921,29.7246,17.5286,521.03,401.667
11.529,0.1922,29.717,17.5296,520.927,401.779
11.532,0.1922,29.7095,17.3561,515.641,401.89
11.535,0.1923,29.7019,17.3472,515.246,402.002
11.538,0.1923,29.6945,17.3756,515.961,402.113
11.541,0.1924,29.6871,17.3587,515.329,402.225
11.544,0.1924,29.6798,17.3953,516.289,402.336
11.547,0.1924,29.6725,17.371,515.44,402.448
11.550,0.1925,29.6653,17.4141,516.595,402.56
11.553,0.1925,29.6581,17.3835,515.562,402.671
11.556,0.1926,29.651,17.4312,516.851,402.783
11.559,0.1926,29.6439,17.3958,515.678,402.894
11.562,0.1927,29.6369,17.4457,517.035,403.006
11.564,0.1927,29.6299,17.4073,515.777,403.117
11.567,0.1928,29.623,17.4571,517.131,403.228
11.570,0.1928,29.6161,17.2853,511.923,403.34
11.573,0.1929,29.6093,17.3255,512.996,403.451
11.576,0.1929,29.6026,17.2937,511.937,403.562
11.579,0.1930,29.5958,17.3284,512.847,403.673
11.582,0.1930,29.5892,17.301,511.921,403.785
11.585,0.1931,29.5825,17.3283,512.614,403.896
11.588,0.1931,29.576,17.3072,511.876,404.007
11.591,0.1932,29.5693,17.3259,512.316,404.118
11.594,0.1932,29.5628,17.3125,511.807,404.229
11.596,0.1933,29.5562,17.3222,511.977,404.34
11.599,0.1933,29.5498,17.3172,511.719,404.451
11.602,0.1934,29.5431,17.3179,511.625,404.562
11.605,0.1934,29.5367,17.3214,511.616,404.673
11.608,0.1935,29.53,17.3142,511.289,404.784
11.611,0.1935,29.5235,17.3252,511.502,404.895
11.614,0.1936,29.5168,17.3241,511.353,405.006
11.617,0.1936,29.5101,17.3166,511.015,405.118
11.620,0.1937,29.5034,17.3221,511.061,405.229
11.623,0.1937,29.4965,17.3089,510.552,405.34
11.626,0.1938,29.4897,17.3211,510.795,405.452
11.629,0.1938,29.4828,17.3031,510.143,405.563
11.631,0.1939,30.3401,17.2518,523.423,405.675
11.634,0.1939,30.334,17.2423,523.027,405.786
11.637,0.1940,30.3277,17.2293,522.527,405.898
11.640,0.1940,30.3217,17.2228,522.226,406.01
11.643,0.1941,30.3155,17.1792,520.796,406.121
11.646,0.1941,30.3095,17.1734,520.518,406.233
11.649,0.1941,30.3033,17.1859,520.789,406.345
11.652,0.1942,30.2975,17.183,520.603,406.457
11.655,0.1942,30.2913,17.1837,520.515,406.568
11.658,0.1943,30.2855,17.2494,522.407,406.68
11.661,0.1943,30.2793,17.2258,521.584,406.792
11.663,0.1944,30.2736,17.2642,522.651,406.904
11.666,0.1944,30.2674,17.2331,521.603,407.016
11.669,0.1945,30.2618,17.2809,522.951,407.128
11.672,0.1945,30.2556,17.1754,519.651,407.24
11.675,0.1946,30.25,17.2387,521.47,407.352
11.678,0.1946,30.2438,17.1844,519.722,407.464
11.681,0.1947,30.2382,17.2571,521.824,407.576
11.684,0.1947,30.232,17.1942,519.816,407.689
11.687,0.1948,30.2264,17.402,526,407.801
11.690,0.1948,30.2202,17.3452,524.176,407.913
11.693,0.1949,30.2146,17.4189,526.306,408.025
11.696,0.1949,30.2085,17.3557,524.29,408.137
11.698,0.1950,30.2029,17.4347,526.578,408.249
11.701,0.1950,30.1968,17.3663,524.407,408.361
11.704,0.1951,30.1914,17.4477,526.769,408.473
11.707,0.1951,30.1854,17.3769,524.529,408.585
11.710,0.1952,30.18,17.4592,526.92,408.697
11.713,0.1952,30.1743,17.3705,524.143,408.809
11.716,0.1953,30.169,17.4994,527.938,408.921
11.719,0.1953,30.1634,17.3796,524.229,409.033
11.722,0.1954,30.1583,17.509,528.04,409.145
11.725,0.1954,30.1528,17.3885,524.313,409.258
11.728,0.1955,30.1478,17.5169,528.096,409.369
11.730,0.1955,30.1426,17.521,528.129,409.482
11.733,0.1956,30.1374,17.5243,528.136,409.594
11.736,0.1956,30.1323,17.5273,528.138,409.706
11.739,0.1957,30.1272,17.5295,528.115,409.818
11.742,0.1957,30.1222,17.4123,524.498,409.93
11.745,0.1958,30.1172,17.4123,524.41,410.042
11.748,0.1958,30.1122,17.4118,524.307,410.154
11.751,0.1958,30.1072,17.4105,524.182,410.267
11.754,0.1959,30.1023,17.4086,524.039,410.379
11.757,0.1959,30.0973,17.4061,523.876,410.491
11.760,0.1960,30.0923,17.403,523.696,410.603
11.762,0.1960,30.0872,17.3994,523.5,410.715
11.765,0.1961,30.0821,17.3328,521.407,410.827
11.768,0.1961,30.077,17.4492,524.821,410.939
11.771,0.1962,30.0719,17.445,524.603,411.051
11.774,0.1962,30.0667,17.5671,528.184,411.163
11.777,0.1963,30.0614,17.5617,527.931,411.275
11.780,0.1963,30.0562,17.5564,527.678,411.387
11.783,0.1964,30.0509,17.6137,529.307,411.499
11.786,0.1964,30.0455,17.545,527.15,411.611
11.789,0.1965,30.0402,17.5401,526.908,411.723
11.792,0.1965,30.0348,17.5304,526.523,411.835
11.795,0.1966,30.0294,17.5314,526.458,411.947
11.797,0.1966,30.024,17.5186,525.978,412.059
11.800,0.1967,30.0186,17.5249,526.073,412.171
11.803,0.1967,30.0132,17.5105,525.548,412.283
11.806,0.1968,30.0078,17.5209,525.762,412.395
11.809,0.1968,30.0024,17.5071,525.254,412.508
11.812,0.1969,29.997,17.4109,522.274,412.62
11.815,0.1969,29.9916,17.4109,522.182,412.732
11.818,0.1970,29.9862,17.4132,522.154,412.844
11.821,0.1970,29.9809,17.4183,522.217,412.957
11.824,0.1971,29.9753,17.4167,522.073,413.069
11.827,0.1971,29.9701,17.4284,522.329,413.181
11.829,0.1972,29.9645,17.4209,522.009,413.294
11.832,0.1972,29.9593,17.4399,522.488,413.406
11.835,0.1973,29.9536,17.425,521.942,413.519
11.838,0.1973,29.9483,17.452,522.659,413.631
11.841,0.1974,29.9427,17.4285,521.857,413.744
11.844,0.1974,29.9373,17.4636,522.813,413.856
11.847,0.1974,29.9316,17.4649,522.754,413.969
11.850,0.1975,29.9258,17.4657,522.675,414.081
11.853,0.1975,29.92,17.4664,522.596,414.194
11.856,0.1976,29.9142,17.4667,522.503,414.306
11.859,0.1976,29.9084,17.467,522.41,414.419
11.861,0.1977,29.9026,17.4671,522.312,414.531
11.864,0.1977,29.8968,17.4418,521.456,414.644
11.867,0.1978,29.8911,17.4428,521.385,414.756
11.870,0.1978,29.8854,17.4437,521.312,414.869
11.873,0.1979,29.8797,17.2648,515.867,414.981
11.876,0.1979,29.874,17.2664,515.818,415.094
11.879,0.1980,29.8684,17.2669,515.734,415.206
11.882,0.1980,29.8629,17.2709,515.758,415.319
11.885,0.1981,29.8574,17.352,518.087,415.431
11.888,0.1981,29.8519,17.3599,518.226,415.543
11.891,0.1982,29.8467,17.3565,518.035,415.655
11.894,0.1982,29.8413,17.3018,516.307,415.768
11.896,0.1983,29.8362,17.292,515.928,415.88
11.899,0.1983,29.831,17.3138,516.488,415.992
11.902,0.1984,29.8261,17.3071,516.203,416.104
11.905,0.1984,29.821,17.3231,516.591,416.216
11.908,0.1985,29.8163,17.3141,516.243,416.328
11.911,0.1985,29.8112,17.3328,516.712,416.44
11.914,0.1986,29.8067,17.321,516.282,416.552
11.917,0.1986,29.8018,17.3421,516.825,416.664
11.920,0.1987,29.7973,17.3269,516.295,416.777
11.923,0.1987,29.7924,17.3504,516.909,416.889
11.926,0.1988,29.788,17.331,516.257,417.001
11.928,0.1988,29.7831,17.2648,514.2,417.113
11.931,0.1989,29.7787,17.2497,513.675,417.225
11.934,0.1989,29.7738,17.2681,514.137,417.337
11.937,0.1990,29.7693,17.2481,513.465,417.449
11.940,0.1990,29.7643,17.2692,514.007,417.561
11.943,0.1991,29.7598,17.2439,513.174,417.674
11.946,0.1991,29.7547,17.2683,513.813,417.786
11.949,0.1991,29.75,17.2375,512.815,417.898
11.952,0.1992,29.7449,17.266,513.575,418.01
11.955,0.1992,29.7401,17.2297,512.413,418.123
11.958,0.1993,29.7349,17.2631,513.316,418.235
11.960,0.1993,29.7299,17.2216,511.998,418.347
11.963,0.1994,29.7247,17.0374,506.433,418.46
11.966,0.1994,29.7194,17.0389,506.387,418.572
11.969,0.1995,29.7141,17.0382,506.275,418.684
11.972,0.1995,29.7087,17.0417,506.286,418.797
11.975,0.1996,29.7033,17.0419,506.199,418.909
11.978,0.1996,29.6978,17.096,507.714,419.022
11.981,0.1997,29.6923,17.0984,507.692,419.134
11.984,0.1997,29.6868,17.1016,507.691,419.246
11.987,0.1998,29.6814,17.1079,507.787,419.358
11.990,0.1998,29.6759,17.1094,507.736,419.471
11.993,0.1999,29.6704,17.1543,508.974,419.583
11.995,0.1999,29.6649,17.1535,508.857,419.695
11.998,0.2000,29.6594,17.1716,509.3,419.807
12.001,0.2000,29.654,17.1653,509.021,419.919
12.004,0.2001,29.6485,17.1924,509.729,420.031
12.007,0.2001,29.6431,17.1785,509.222,420.144
12.010,0.2002,29.6376,17.2159,510.239,420.255
12.013,0.2002,29.6322,17.1923,509.446,420.368
12.016,0.2003,29.6267,17.2412,510.802,420.48
12.019,0.2003,29.6213,17.2063,509.673,420.592
12.022,0.2004,29.6159,17.2673,511.387,420.704
12.025,0.2004,29.6105,17.2199,509.89,420.816
12.027,0.2005,29.605,17.2931,511.962,420.928
12.030,0.2005,29.5996,17.2327,510.082,421.04
12.033,0.2006,29.5941,17.3176,512.498,421.152
12.036,0.2006,29.5887,17.2445,510.244,421.264
12.039,0.2007,29.6384,17.3533,514.324,421.377
12.042,0.2007,29.6308,17.2752,511.879,421.489
12.045,0.2007,29.6236,17.3737,514.672,421.601
12.048,0.2008,29.6161,17.2854,511.927,421.713
12.051,0.2008,29.6089,17.391,514.928,421.826
12.054,0.2009,29.6015,17.2944,511.94,421.938
12.057,0.2009,29.5944,17.4049,515.087,422.051
12.059,0.2010,29.587,17.3024,511.926,422.163
12.062,0.2010,29.58,17.4155,515.151,422.275
12.065,0.2011,29.5727,17.3096,511.893,422.388
12.068,0.2011,29.5657,17.3588,513.226,422.5
12.071,0.2012,29.5585,17.2492,509.861,422.613
12.074,0.2012,29.5516,17.3626,513.091,422.725
12.077,0.2013,29.5444,17.255,509.788,422.838
12.080,0.2013,29.5375,17.3007,511.019,422.95
12.083,0.2014,29.5306,17.3011,510.913,423.063
12.086,0.2014,29.5237,17.3021,510.822,423.175
12.089,0.2015,29.5169,17.2262,508.464,423.288
12.091,0.2015,29.5101,17.228,508.401,423.4
12.094,0.2016,29.5033,17.1498,505.977,423.513
12.097,0.2016,29.4965,17.1529,505.951,423.625
12.100,0.2017,29.4898,17.1554,505.91,423.738
12.103,0.2017,29.4831,17.3078,510.286,423.85
12.106,0.2018,29.4763,17.3083,510.187,423.962
12.109,0.2018,29.4696,17.3109,510.147,424.075
12.112,0.2019,29.463,17.3125,510.079,424.187
12.115,0.2019,29.4563,17.316,510.066,424.299
12.118,0.2020,31.5862,17.3452,547.869,424.412
12.121,0.2020,31.579,17.349,547.864,424.524
12.124,0.2021,31.5718,17.3518,547.827,424.636
12.126,0.2021,31.5645,17.3557,547.823,424.748
12.129,0.2022,31.5573,17.3588,547.795,424.86
12.132,0.2022,31.55,17.3624,547.783,424.972
12.135,0.2023,31.5428,17.3656,547.759,425.084
12.138,0.2023,31.5356,17.0924,539.021,425.196
12.141,0.2023,31.5285,17.0969,539.039,425.308
12.144,0.2024,31.5214,17.1001,539.02,425.42
12.147,0.2024,31.5143,17.105,539.051,425.532
12.150,0.2025,31.5073,17.1078,539.019,425.643
12.153,0.2025,31.5003,17.2173,542.352,425.755
12.156,0.2026,31.4934,17.2155,542.175,425.867
12.158,0.2026,31.4866,17.2249,542.354,425.979
12.161,0.2027,31.4797,17.2223,542.154,426.09
12.164,0.2027,31.473,17.1583,540.022,426.202
12.167,0.2028,31.4662,17.1538,539.766,426.314
12.170,0.2028,31.4596,17.1668,540.06,426.425
12.173,0.2029,31.4529,17.1621,539.798,426.537
12.176,0.2029,31.4464,17.1762,540.127,426.649
12.179,0.2030,31.4398,17.172,539.885,426.76
12.182,0.2030,31.4333,17.1862,540.219,426.872
12.185,0.2031,31.4268,17.1835,540.022,426.984
12.188,0.2031,31.4203,17.1965,540.321,427.096
12.190,0.2032,31.4139,17.1962,540.201,427.207
12.193,0.2032,31.4075,17.2065,540.414,427.319
12.196,0.2033,31.4011,17.2132,540.514,427.431
12.199,0.2033,31.3947,17.172,539.111,427.542
12.202,0.2034,31.3883,17.1779,539.185,427.654
12.205,0.2034,31.382,17.1833,539.246,427.765
12.208,0.2035,31.3756,17.1879,539.282,427.877
12.211,0.2035,31.3693,17.1921,539.303,427.989
12.214,0.2036,31.3629,17.2606,541.342,428.1
12.217,0.2036,31.3566,17.2634,541.322,428.212
12.220,0.2037,31.3502,17.2652,541.267,428.324
12.222,0.2037,31.3438,17.2663,541.191,428.436
12.225,0.2038,31.3375,17.2662,541.08,428.547
12.228,0.2038,31.3311,17.2647,540.92,428.659
12.231,0.2039,31.3247,17.2637,540.78,428.771
12.234,0.2039,31.3182,17.2599,540.548,428.883
12.237,0.2040,31.3118,17.2581,540.381,428.994
12.240,0.2040,31.3052,17.2526,540.098,429.106
12.243,0.2040,31.2987,17.2501,539.908,429.218
12.246,0.2041,31.2921,17.244,539.602,429.33
12.249,0.2041,31.2856,17.241,539.394,429.442
12.252,0.2042,31.2789,17.235,539.091,429.554
12.255,0.2042,31.2722,17.2319,538.879,429.665
12.257,0.2043,31.2654,17.2267,538.601,429.777
12.260,0.2043,31.2587,17.224,538.401,429.889
12.263,0.2044,31.2518,17.22,538.157,430.001
12.266,0.2044,31.245,17.2186,537.994,430.112
12.269,0.2045,31.238,17.2155,537.777,430.224
12.272,0.2045,31.2311,17.2098,537.48,430.336
12.275,0.2046,31.224,17.2727,539.323,430.448
12.278,0.2046,31.2171,17.2743,539.255,430.559
12.281,0.2047,31.21,17.2718,539.055,430.671
12.284,0.2047,31.2031,17.2774,539.109,430.783
12.287,0.2048,31.1959,17.2731,538.849,430.895
12.289,0.2048,31.189,17.2835,539.055,431.006
12.292,0.2049,31.1818,17.2758,538.691,431.118
12.295,0.2049,31.1749,17.292,539.075,431.229
12.298,0.2050,31.1677,17.2796,538.564,431.341
12.301,0.2050,31.1608,17.3019,539.14,431.452
12.304,0.2051,31.1536,17.2837,538.451,431.564
12.307,0.2051,31.1468,17.3123,539.221,431.675
12.310,0.2052,31.1396,17.1805,534.995,431.787
12.313,0.2052,31.1328,17.1854,535.031,431.898
12.316,0.2053,31.126,17.1889,535.021,432.01
12.319,0.2053,31.1191,17.1946,535.082,432.121
12.321,0.2054,31.1123,17.1966,535.025,432.232
12.324,0.2054,31.1055,17.1557,533.638,432.343
12.327,0.2055,31.0987,17.1564,533.541,432.455
12.330,0.2055,31.0919,17.162,533.599,432.566
12.333,0.2056,31.0851,17.1501,533.111,432.677
12.336,0.2056,31.0782,17.1573,533.219,432.788
12.339,0.2056,31.0714,17.1371,532.474,432.899
12.342,0.2057,31.0646,17.1441,532.573,433.01
12.345,0.2057,31.0577,17.1414,532.372,433.121
12.348,0.2058,31.0509,17.1491,532.496,433.232
12.351,0.2058,31.0441,17.1946,533.791,433.343
12.354,0.2059,31.0372,17.3211,537.598,433.454
12.356,0.2059,31.0304,17.3331,537.854,433.566
12.359,0.2060,31.0236,17.3239,537.45,433.677
12.362,0.2060,31.0168,17.3406,537.849,433.788
12.365,0.2061,31.01,17.3294,537.384,433.899
12.368,0.2061,31.0032,17.3501,537.91,434.01
12.371,0.2062,30.9965,17.3372,537.393,434.121
12.374,0.2062,30.9897,17.3611,538.014,434.233
12.377,0.2063,30.9831,17.3467,537.454,434.344
12.380,0.2063,30.9763,17.3722,538.126,434.455
12.383,0.2064,30.9698,17.3566,537.53,434.566
12.386,0.2064,30.963,17.3822,538.205,434.678
12.388,0.2065,30.9566,17.3656,537.579,434.789
12.391,0.2065,30.9498,17.3898,538.212,434.901
12.394,0.2066,30.9434,17.3723,537.557,435.012
12.397,0.2066,30.9366,17.3942,538.119,435.123
12.400,0.2067,30.9303,17.3756,537.432,435.235
12.403,0.2067,30.9235,17.3653,536.995,435.346
12.406,0.2068,30.9172,17.3675,536.955,435.458
12.409,0.2068,30.9103,17.3611,536.636,435.569
12.412,0.2069,30.9041,17.3647,536.641,435.68
12.415,0.2069,30.8971,17.3539,536.187,435.792
12.418,0.2070,30.8909,17.3582,536.209,435.903
12.421,0.2070,30.8837,17.2515,532.79,436.014
12.423,0.2071,30.8775,17.254,532.759,436.126
12.426,0.2071,30.8702,17.2444,532.339,436.237
12.429,0.2072,30.8639,17.2285,531.738,436.349
12.432,0.2072,30.8575,17.2271,531.585,436.46
12.435,0.2073,30.851,17.2267,531.46,436.572
12.438,0.2073,30.8444,17.2272,531.363,436.683
12.441,0.2073,30.8378,17.2294,531.318,436.795
12.444,0.2074,30.8311,17.2324,531.294,436.906
12.447,0.2074,30.8243,17.2377,531.338,437.017
12.450,0.2075,30.8174,17.2433,531.394,437.129
12.453,0.2075,30.8104,17.2514,531.523,437.24
12.455,0.2076,30.8034,17.2595,531.653,437.351
12.458,0.2076,30.7963,17.2699,531.85,437.462
12.461,0.2077,30.7892,17.28,532.037,437.573
12.464,0.2077,30.782,17.3668,534.586,437.684
12.467,0.2078,30.7748,17.3775,534.79,437.795
12.470,0.2078,30.7676,17.389,535.018,437.906
12.473,0.2079,30.7603,17.3996,535.217,438.017
12.476,0.2079,30.7531,17.4462,536.524,438.128
12.479,0.2080,30.7458,17.4561,536.7,438.239
12.482,0.2080,30.7385,17.465,536.849,438.35
12.485,0.2081,30.7313,17.473,536.967,438.461
12.487,0.2081,30.7241,17.4794,537.037,438.572
12.490,0.2082,30.7168,17.4798,536.924,438.682
12.493,0.2082,30.7096,17.4884,537.062,438.793
12.496,0.2083,30.7024,17.4815,536.726,438.904
12.499,0.2083,30.6953,17.492,536.922,439.015
12.502,0.2084,30.6881,17.4788,536.391,439.126
12.505,0.2084,30.681,17.491,536.641,439.236
12.508,0.2085,30.6739,17.4729,535.963,439.347
12.511,0.2085,30.6669,17.3323,531.528,439.458
12.514,0.2086,30.6599,17.2089,527.623,439.569
12.517,0.2086,30.6529,17.2301,528.151,439.68
12.520,0.2087,30.6459,17.2052,527.268,439.791
12.522,0.2087,30.6389,17.2292,527.883,439.901
12.525,0.2088,30.632,17.2033,526.97,440.012
12.528,0.2088,30.6251,17.2301,527.674,440.123
12.531,0.2089,30.6182,17.2043,526.766,440.234
12.534,0.2089,30.6114,17.2341,527.56,440.345
12.537,0.2089,30.6046,17.2091,526.677,440.456
12.540,0.2090,30.5979,17.2755,528.595,440.568
12.543,0.2090,30.5911,17.2433,527.492,440.679
12.546,0.2091,30.5844,17.2492,527.558,440.79
12.549,0.2091,30.5778,17.2565,527.668,440.901
12.552,0.2092,30.5712,17.2637,527.772,441.013
12.554,0.2092,30.5646,17.272,527.914,441.124
12.557,0.2093,30.5581,17.28,528.044,441.236
12.560,0.2093,30.5515,17.2888,528.2,441.347
12.563,0.2094,30.545,17.3412,529.688,441.459
12.566,0.2094,30.5384,17.3507,529.862,441.57
12.569,0.2095,30.5319,17.3597,530.024,441.682
12.572,0.2095,30.5254,17.3685,530.181,441.793
12.575,0.2096,30.5189,17.377,530.325,441.905
12.578,0.2096,30.5124,17.3756,530.171,442.016
12.581,0.2097,30.5059,17.3922,530.563,442.128
12.584,0.2097,30.4993,17.3806,530.097,442.239
12.586,0.2098,30.4928,17.4255,531.354,442.351
12.589,0.2098,30.4863,17.4119,530.823,442.462
12.592,0.2099,30.4797,17.4348,531.408,442.573
12.595,0.2099,30.4731,17.4155,530.704,442.685
12.598,0.2100,30.4666,17.4417,531.389,442.796
12.601,0.2100,30.4599,17.4181,530.553,442.907
12.604,0.2101,30.4532,17.454,531.53,443.018
12.607,0.2101,30.4465,17.4319,530.739,443.13
12.610,0.2102,30.4398,17.3926,529.427,443.241
12.613,0.2102,30.4329,17.3894,529.211,443.352
12.616,0.2103,31.3692,17.2426,540.887,443.463
12.618,0.2103,31.364,17.2643,541.477,443.574
12.621,0.2104,31.3583,17.2438,540.737,443.685
12.624,0.2104,31.3532,17.2727,541.553,443.795
12.627,0.2105,31.3474,17.2446,540.575,443.906
12.630,0.2105,31.3424,17.2811,541.631,444.017
12.633,0.2105,31.3367,17.2451,540.405,444.128
12.636,0.2106,31.3316,17.2894,541.704,444.238
12.639,0.2106,31.326,17.3145,542.394,444.349
12.642,0.2107,31.321,17.3919,544.732,444.46
12.645,0.2107,31.3155,17.3129,542.162,444.57
12.648,0.2108,31.3105,17.3998,544.797,444.681
12.650,0.2108,31.3051,17.3112,541.929,444.792
12.653,0.2109,31.3002,17.4072,544.848,444.902
12.656,0.2109,31.2949,17.4206,545.175,445.013
12.659,0.2110,31.29,17.4854,547.119,445.123
12.662,0.2110,31.2848,17.4277,545.222,445.234
12.665,0.2111,31.2796,17.4283,545.15,445.345
12.668,0.2111,31.2744,17.4272,545.026,445.456
12.671,0.2112,31.2693,17.4286,544.981,445.567
12.674,0.2112,31.2641,17.4265,544.823,445.677
12.677,0.2113,31.259,17.4289,544.81,445.788
12.679,0.2113,31.2538,17.4254,544.609,445.899
12.682,0.2114,31.2487,17.4291,544.636,446.01
12.685,0.2114,31.2435,17.4239,544.384,446.121
12.688,0.2115,31.2384,17.4095,543.846,446.232
12.691,0.2115,31.2332,17.3915,543.193,446.342
12.694,0.2116,31.2281,17.4099,543.678,446.453
12.697,0.2116,31.2228,17.3874,542.884,446.564
12.700,0.2117,31.2177,17.4102,543.506,446.675
12.703,0.2117,31.2124,17.3827,542.557,446.786
12.706,0.2118,31.2073,17.4101,543.321,446.897
12.709,0.2118,31.2019,17.3773,542.204,447.008
12.711,0.2119,31.1967,17.4095,543.118,447.118
12.714,0.2119,31.1913,17.371,541.824,447.229
12.717,0.2120,31.1861,17.4083,542.896,447.34
12.720,0.2120,31.1806,17.364,541.421,447.451
12.723,0.2121,31.1754,17.4067,542.66,447.562
12.726,0.2121,31.1699,17.3566,541.004,447.673
12.729,0.2121,31.1646,17.107,533.134,447.784
12.732,0.2122,31.1591,17.0177,530.258,447.894
12.735,0.2122,31.1538,17.1044,532.868,448.005
12.738,0.2123,31.1483,16.9043,526.538,448.116
12.741,0.2123,31.1429,17.0157,529.918,448.227
12.743,0.2124,31.1374,16.8947,526.058,448.337
12.746,0.2124,31.132,17.0139,529.677,448.448
12.749,0.2125,31.1264,16.8875,525.647,448.559
12.752,0.2125,31.121,17.014,529.492,448.669
12.755,0.2126,31.1155,16.8831,525.326,448.78
12.758,0.2126,31.11,17.0163,529.377,448.891
12.761,0.2127,31.1045,16.8821,525.109,449.002
12.764,0.2127,31.0989,17.1194,532.394,449.112
12.767,0.2128,31.0935,17.0264,529.412,449.223
12.770,0.2128,31.0879,17.1275,532.457,449.333
12.773,0.2129,31.0825,17.0082,528.657,449.444
12.775,0.2129,31.0767,17.0736,530.592,449.554
12.778,0.2130,31.0714,17.082,530.763,449.665
12.781,0.2130,31.066,17.0909,530.946,449.776
12.784,0.2131,31.0606,17.0991,531.107,449.886
12.787,0.2131,31.0551,17.1077,531.28,449.997
12.790,0.2132,31.0496,17.1149,531.411,450.107
12.793,0.2132,31.0441,17.1608,532.742,450.218
12.796,0.2133,31.0385,17.167,532.838,450.329
12.799,0.2133,31.0329,17.1734,532.939,450.439
12.802,0.2134,31.0272,17.2577,535.458,450.55
12.805,0.2134,31.0215,17.2603,535.441,450.66
12.807,0.2135,31.0158,17.2604,535.347,450.77
12.810,0.2135,31.0101,17.2605,535.25,450.881
12.813,0.2136,31.0044,17.2583,535.082,450.991
12.816,0.2136,30.9986,17.2559,534.908,451.101
12.819,0.2137,30.9928,17.2517,534.678,451.212
12.822,0.2137,30.987,17.2472,534.438,451.322
12.825,0.2137,30.9812,17.2414,534.159,451.432
12.828,0.2138,30.9754,17.2353,533.869,451.542
12.831,0.2138,30.9695,17.2285,533.56,451.652
12.834,0.2139,30.9637,17.2214,533.236,451.762
12.837,0.2139,30.9578,17.2142,532.913,451.872
12.840,0.2140,30.9519,17.206,532.558,451.982
12.842,0.2140,30.946,17.1994,532.252,452.092
12.845,0.2141,30.94,17.1908,531.885,452.202
12.848,0.2141,30.934,17.1851,531.605,452.312
12.851,0.2142,30.9281,17.1766,531.238,452.422
12.854,0.2142,30.9221,17.1719,530.992,452.532
12.857,0.2143,30.9161,17.1637,530.635,452.642
12.860,0.2143,30.91,17.1603,530.425,452.752
12.863,0.2144,30.9039,17.1526,530.083,452.862
12.866,0.2144,30.8978,17.1505,529.912,452.971
12.869,0.2145,30.8917,17.1886,530.987,453.081
12.872,0.2145,30.8856,17.1828,530.702,453.191
12.874,0.2146,30.8795,17.1814,530.552,453.301
12.877,0.2146,30.8733,17.1517,529.53,453.411
12.880,0.2147,30.8671,17.1416,529.113,453.521
12.883,0.2147,30.861,17.1485,529.22,453.631
12.886,0.2148,30.8548,17.1387,528.81,453.741
12.889,0.2148,30.8486,17.1465,528.947,453.851
12.892,0.2149,30.8424,17.1376,528.564,453.961
12.895,0.2149,30.8363,17.1372,528.447,454.071
12.898,0.2150,30.8302,17.1378,528.363,454.181
12.901,0.2150,30.8241,17.1386,528.282,454.291
12.904,0.2151,30.818,17.1405,528.235,454.401
12.906,0.2151,30.8119,17.1425,528.192,454.511
12.909,0.2152,30.8058,17.0277,524.552,454.621
12.912,0.2152,30.7997,17.0307,524.541,454.731
12.915,0.2153,30.7935,17.0351,524.571,454.841
12.918,0.2153,30.7874,17.0275,524.233,454.951
12.921,0.2154,30.7813,17.0328,524.293,455.061
12.924,0.2154,30.7753,17.0384,524.363,455.171
12.927,0.2154,30.7692,16.9201,520.617,455.28
12.930,0.2155,30.7631,16.9269,520.724,455.39
12.933,0.2155,30.7571,16.9368,520.928,455.5
12.936,0.2156,30.7511,16.944,521.046,455.61
12.938,0.2156,30.7451,16.9549,521.281,455.72
12.941,0.2157,30.7391,16.9622,521.403,455.829
12.944,0.2157,30.7332,16.9733,521.644,455.939
12.947,0.2158,30.7272,16.9805,521.763,456.049
12.950,0.2158,30.7213,16.9908,521.981,456.158
12.953,0.2159,30.7155,16.9976,522.088,456.268
12.956,0.2159,30.7096,17.0062,522.254,456.377
12.959,0.2160,30.7038,17.0759,524.294,456.487
12.962,0.2160,30.698,17.0742,524.143,456.596
12.965,0.2161,30.6922,17.0883,524.477,456.706
12.968,0.2161,30.6865,17.0821,524.189,456.815
12.971,0.2162,30.6808,17.0971,524.552,456.925
12.973,0.2162,30.6751,17.0866,524.134,457.034
12.976,0.2163,30.6695,17.1019,524.507,457.144
12.979,0.2163,30.6638,17.1542,526.014,457.253
12.982,0.2164,30.6582,17.1807,526.729,457.363
12.985,0.2164,30.6526,17.1533,525.795,457.472
12.988,0.2165,30.6471,17.1784,526.47,457.582
12.991,0.2165,30.6415,17.1087,524.236,457.691
12.994,0.2166,30.6361,17.1978,526.873,457.801
12.997,0.2166,30.6305,17.1045,523.92,457.91
13.000,0.2167,30.6251,17.1949,526.594,458.02
13.003,0.2167,30.6195,17.1015,523.641,458.129
13.005,0.2168,30.6141,17.1912,526.294,458.239
13.008,0.2168,30.6085,17.1009,523.432,458.349
13.011,0.2169,30.6032,17.0993,523.292,458.458
13.014,0.2169,30.5978,17.0953,523.079,458.568
13.017,0.2170,30.5924,17.0997,523.121,458.678
13.020,0.2170,30.5869,17.1315,523.999,458.787
13.023,0.2170,30.5814,17.0526,521.494,458.897
13.026,0.2171,30.5759,17.0467,521.218,459.007
13.029,0.2171,30.5703,17.0581,521.471,459.116
13.032,0.2172,30.5646,17.0246,520.351,459.226
13.035,0.2172,30.5589,17.0361,520.604,459.336
13.037,0.2173,30.5531,17.0307,520.341,459.446
13.040,0.2173,30.5473,17.0452,520.686,459.555
13.043,0.2174,30.5414,17.0381,520.369,459.665
13.046,0.2174,30.5355,17.0556,520.801,459.775
13.049,0.2175,30.5295,17.0459,520.404,459.885
13.052,0.2175,30.5236,17.0663,520.925,459.994
13.055,0.2176,30.5175,17.0532,520.42,460.104
13.058,0.2176,30.5115,17.0768,521.038,460.214
13.061,0.2177,30.5053,17.0593,520.399,460.324
13.064,0.2177,30.4992,17.0866,521.129,460.433
13.067,0.2178,30.493,17.2975,527.452,460.543
13.069,0.2178,30.487,17.3045,527.562,460.653
13.072,0.2179,30.4807,17.2977,527.246,460.763
13.075,0.2179,30.4747,17.3099,527.513,460.873
13.078,0.2180,30.4685,17.2992,527.081,460.982
13.081,0.2180,30.4625,17.3151,527.462,461.092
13.084,0.2181,30.4563,17.3006,526.913,461.202
13.087,0.2181,30.4505,17.3205,527.419,461.312
13.090,0.2182,30.4443,17.3025,526.765,461.422
13.093,0.2182,30.4387,17.3263,527.39,461.532
13.096,0.2183,30.4326,17.3056,526.656,461.642
13.099,0.2183,30.4271,17.3326,527.381,461.752
13.101,0.2184,30.4212,17.1525,521.797,461.862
13.104,0.2184,30.4158,17.1649,522.086,461.972
13.107,0.2185,30.41,17.1592,521.813,462.082
13.110,0.2185,30.4049,17.1693,522.03,462.192
13.113,0.2186,30.3992,17.168,521.893,462.302
13.116,0.2186,30.3943,17.1732,521.966,462.412
13.119,0.2186,30.3888,17.1783,522.028,462.522
13.122,0.2187,30.3841,17.1762,521.881,462.632
13.125,0.2187,30.3787,17.1895,522.196,462.742
13.128,0.2188,30.3741,17.1904,522.143,462.852
13.131,0.2188,30.3696,17.1201,519.93,462.962
13.133,0.2189,30.3652,17.1202,519.859,463.072
13.136,0.2189,30.3607,17.1203,519.784,463.182
13.139,0.2190,30.3564,17.12,519.702,463.292
13.142,0.2190,30.352,17.1196,519.613,463.402
13.145,0.2191,30.3476,17.1188,519.515,463.513
13.148,0.2191,30.3432,17.1177,519.407,463.623
13.151,0.2192,30.3388,17.1164,519.291,463.733
13.154,0.2192,30.3344,17.1146,519.16,463.843
13.157,0.2193,30.3299,17.1853,521.23,463.953
13.160,0.2193,30.3254,17.1829,521.078,464.063
13.163,0.2194,30.3209,17.1806,520.931,464.173
13.165,0.2194,31.4126,17.1747,539.501,464.282
13.168,0.2195,31.4058,17.1719,539.298,464.392
13.171,0.2195,31.399,17.1684,539.069,464.502
13.174,0.2196,31.3921,17.1651,538.85,464.612
13.177,0.2196,31.3852,17.1612,538.607,464.722
13.180,0.2197,31.3781,17.1575,538.372,464.832
13.183,0.2197,31.371,17.1533,538.116,464.942
13.186,0.2198,31.3639,16.9977,533.115,465.052
13.189,0.2198,31.3567,16.9978,532.994,465.162
13.192,0.2199,31.3494,16.9902,532.633,465.272
13.195,0.2199,31.3421,16.9938,532.62,465.382
13.197,0.2200,31.3347,16.9819,532.124,465.492
13.200,0.2200,31.3273,16.9894,532.231,465.602
13.203,0.2201,31.3198,16.9734,531.602,465.712
13.206,0.2201,31.3123,16.9443,530.564,465.822
13.209,0.2202,31.3048,16.9202,529.681,465.932
13.212,0.2202,31.2972,16.9392,530.149,466.042
13.215,0.2202,31.2896,16.9106,529.126,466.152
13.218,0.2203,31.282,16.9355,529.776,466.263
13.221,0.2203,31.2744,16.8274,526.266,466.373
13.224,0.2204,31.2667,16.8834,527.89,466.483
13.227,0.2204,31.259,16.8215,525.825,466.593
13.229,0.2205,31.2514,16.8877,527.764,466.703
13.232,0.2205,31.2437,16.8197,525.511,466.814
13.235,0.2206,31.2361,16.8958,527.757,466.924
13.238,0.2206,31.2284,16.8226,525.343,467.034
13.241,0.2207,31.2208,16.9078,527.875,467.145
13.244,0.2207,31.2131,16.9117,527.867,467.255
13.247,0.2208,31.2055,16.9175,527.919,467.365
13.250,0.2208,31.1979,16.9232,527.969,467.476
13.253,0.2209,31.1904,16.7864,523.574,467.586
13.256,0.2209,31.1829,16.7941,523.688,467.696
13.259,0.2210,31.1755,16.803,523.841,467.807
13.261,0.2210,31.1681,16.8114,523.98,467.917
13.264,0.2211,31.1609,16.8207,524.147,468.027
13.267,0.2211,31.1537,16.8293,524.296,468.138
13.270,0.2212,31.1466,16.8384,524.459,468.248
13.273,0.2212,31.1397,16.8467,524.6,468.359
13.276,0.2213,31.1328,16.7711,522.133,468.469
13.279,0.2213,31.126,16.7696,521.972,468.579
13.282,0.2214,31.1194,16.7932,522.594,468.69
13.285,0.2214,31.1128,16.7197,520.198,468.8
13.288,0.2215,31.1065,16.7501,521.037,468.911
13.291,0.2215,31.1001,16.7987,522.441,469.021
13.293,0.2216,31.094,16.8347,523.458,469.132
13.296,0.2216,31.0877,16.8,522.274,469.242
13.299,0.2217,31.0819,16.844,523.543,469.352
13.302,0.2217,31.0758,16.7964,521.96,469.463
13.305,0.2218,31.0701,16.8493,523.509,469.573
13.308,0.2218,31.064,16.7884,521.515,469.684
13.311,0.2218,31.0584,16.8512,523.372,469.795
13.314,0.2219,31.0525,16.7721,520.815,469.905
13.317,0.2219,31.0469,16.8419,522.888,470.016
13.320,0.2220,31.0409,16.756,520.12,470.126
13.323,0.2220,31.0352,16.8376,522.559,470.237
13.326,0.2221,31.0291,16.7395,519.411,470.347
13.328,0.2221,31.0233,16.8329,522.214,470.458
13.331,0.2222,31.0171,16.724,518.73,470.569
13.334,0.2222,31.0111,16.8288,521.879,470.679
13.337,0.2223,31.0047,16.7109,518.117,470.79
13.340,0.2223,30.9984,16.826,521.579,470.9
13.343,0.2224,30.9918,16.7013,517.602,471.011
13.346,0.2224,30.9853,16.8252,521.333,471.122
13.349,0.2225,30.9785,16.6957,517.207,471.232
13.352,0.2225,30.9717,16.8269,521.157,471.343
13.355,0.2226,30.9648,16.6944,516.94,471.454
13.358,0.2226,30.9577,16.8314,521.061,471.564
13.360,0.2227,30.9507,16.8329,520.991,471.675
13.363,0.2227,30.9436,16.8414,521.135,471.786
13.366,0.2228,30.9364,16.8387,520.93,471.897
13.369,0.2228,30.9291,16.8546,521.299,472.007
13.372,0.2229,30.9218,16.8468,520.932,472.118
13.375,0.2229,30.9144,16.8709,521.554,472.229
13.378,0.2230,30.907,16.8564,520.981,472.34
13.381,0.2230,30.8997,16.8899,521.892,472.451
13.384,0.2231,30.8923,16.867,521.059,472.561
13.387,0.2231,30.885,16.9176,522.498,472.672
13.390,0.2232,30.8776,16.8894,521.506,472.783
13.393,0.2232,30.8704,16.9401,522.946,472.894
13.395,0.2233,30.8632,17.1345,528.824,473.005
13.398,0.2233,30.8561,17.2045,530.865,473.116
13.401,0.2234,30.8491,17.218,531.158,473.227
13.404,0.2234,30.8421,17.2928,533.345,473.338
13.407,0.2235,30.8352,17.2241,531.11,473.449
13.410,0.2235,30.8284,17.3124,533.714,473.56
13.413,0.2235,30.8217,17.2287,531.019,473.671
13.416,0.2236,30.815,17.3678,535.19,473.782
13.419,0.2236,30.8085,17.2838,532.487,473.893
13.422,0.2237,30.802,17.3816,535.387,474.004
13.425,0.2237,30.7955,17.2672,531.752,474.116
13.428,0.2238,30.7891,17.268,531.666,474.227
13.430,0.2238,30.7828,17.1566,528.128,474.338
13.433,0.2239,30.7765,17.2726,531.59,474.449
13.436,0.2239,30.7703,17.1519,527.771,474.56
13.439,0.2240,30.7641,17.2724,531.372,474.672
13.442,0.2240,30.7581,17.1447,527.338,474.783
13.445,0.2241,30.752,17.2676,531.014,474.894
13.448,0.2241,30.7461,17.0282,523.55,475.005
13.451,0.2242,30.7401,17.1583,527.446,475.117
13.454,0.2242,30.7343,17.0164,522.986,475.228
13.457,0.2243,30.7284,17.1496,526.979,475.339
13.460,0.2243,30.7227,17.0025,522.362,475.45
13.463,0.2244,30.7169,17.0775,524.568,475.561
13.465,0.2244,30.7113,16.9309,519.97,475.673
13.468,0.2245,30.7057,17.0627,523.921,475.784
13.471,0.2245,30.7002,16.9149,519.29,475.895
13.474,0.2246,30.6946,17.0475,523.266,476.006
13.477,0.2246,30.6893,16.8806,518.054,476.118
13.480,0.2247,30.6839,16.8747,517.783,476.229
13.483,0.2247,30.6786,16.8695,517.531,476.34
13.486,0.2248,30.6733,16.8649,517.303,476.452
13.489,0.2248,30.668,16.8616,517.111,476.563
13.492,0.2249,30.6627,16.8586,516.931,476.674
13.495,0.2249,30.6573,16.8572,516.798,476.786
13.497,0.2250,30.652,16.8558,516.663,476.897
13.500,0.2250,30.6465,16.8561,516.58,477.009
13.503,0.2251,30.641,16.8558,516.48,477.12
13.506,0.2251,30.6354,16.8572,516.427,477.231
13.509,0.2252,30.6298,16.8576,516.344,477.343
13.512,0.2252,30.624,16.8593,516.298,477.455
13.515,0.2252,30.6182,16.8596,516.209,477.566
13.518,0.2253,30.6122,16.8607,516.143,477.678
13.521,0.2253,30.6061,16.7792,513.547,477.789
13.524,0.2254,30.5999,16.7801,513.471,477.901
13.527,0.2254,30.5936,16.7792,513.336,478.012
13.530,0.2255,30.5872,16.7779,513.189,478.124
13.532,0.2255,30.5807,16.7748,512.983,478.236
13.535,0.2256,30.574,16.7977,513.573,478.347
13.538,0.2256,30.5673,16.7921,513.291,478.459
13.541,0.2257,30.5604,16.7866,513.007,478.571
13.544,0.2257,30.5535,16.8352,514.376,478.682
13.547,0.2258,30.5465,16.8279,514.034,478.794
13.550,0.2258,30.5395,16.8207,513.696,478.905
13.553,0.2259,30.5324,16.81,513.249,479.017
13.556,0.2259,30.5253,16.8061,513.012,479.129
13.559,0.2260,30.5182,16.7904,512.411,479.24
13.562,0.2260,30.5111,16.7936,512.391,479.352
13.565,0.2261,30.5039,16.771,511.581,479.463
13.567,0.2261,30.4969,16.7851,511.895,479.575
13.570,0.2262,30.4898,16.7538,510.819,479.686
13.573,0.2262,30.4829,16.7822,511.569,479.798
13.576,0.2263,30.4759,16.7405,510.18,479.909
13.579,0.2263,30.4691,16.7855,511.44,480.021
13.582,0.2264,30.4622,16.7323,509.702,480.132
13.585,0.2264,30.4556,16.8795,514.076,480.244
13.588,0.2265,30.4489,16.8236,512.26,480.355
13.591,0.2265,30.4425,16.8946,514.313,480.467
13.594,0.2266,30.436,16.8971,514.281,480.578
13.597,0.2266,30.4296,16.9017,514.313,480.69
13.600,0.2267,30.4233,16.9059,514.333,480.801
13.602,0.2267,30.4172,16.9118,514.408,480.913
13.605,0.2268,30.4111,16.9169,514.46,481.024
13.608,0.2268,30.4051,16.9233,514.554,481.136
13.611,0.2269,30.3992,16.9286,514.614,481.247
13.614,0.2269,30.3934,16.9346,514.698,481.359
13.617,0.2269,30.3877,16.8829,513.033,481.47
13.620,0.2270,30.382,16.8892,513.129,481.582
13.623,0.2270,30.3765,16.8943,513.189,481.693
13.626,0.2271,30.3709,16.8993,513.249,481.805
13.629,0.2271,30.3655,16.823,510.837,481.917
13.632,0.2272,30.3601,16.8262,510.846,482.028
13.634,0.2272,30.3547,16.8269,510.776,482.14
13.637,0.2273,30.3494,16.5992,503.774,482.252
13.640,0.2273,30.344,16.5941,503.53,482.363
13.643,0.2274,30.3388,16.5988,503.587,482.475
13.646,0.2274,30.3334,16.588,503.17,482.586
13.649,0.2275,30.3281,16.5967,503.345,482.698
13.652,0.2275,30.3226,16.5788,502.714,482.81
13.655,0.2276,30.3173,16.5939,503.084,482.921
13.658,0.2276,30.3118,16.5678,502.2,483.033
13.661,0.2277,30.3064,16.5919,502.84,483.145
13.664,0.2277,30.3006,16.5566,501.676,483.256
13.667,0.2278,30.2951,16.5917,502.645,483.368
13.669,0.2278,30.2891,16.5468,501.189,483.479
13.672,0.2279,30.2834,16.5941,502.527,483.591
13.675,0.2279,30.2772,16.5398,500.778,483.702
13.678,0.2280,30.2713,16.5206,500.099,483.814
13.681,0.2280,31.9033,16.5244,527.183,483.925
13.684,0.2281,31.8984,16.8755,538.303,484.037
13.687,0.2281,31.8928,16.8744,538.172,484.148
13.690,0.2282,31.8878,16.6831,531.986,484.26
13.693,0.2282,31.8821,16.6803,531.803,484.371
13.696,0.2283,31.877,16.699,532.313,484.483
13.699,0.2283,31.8713,16.6979,532.182,484.594
13.701,0.2284,31.8662,16.7173,532.717,484.706
13.704,0.2284,31.8605,16.7191,532.68,484.817
13.707,0.2285,31.8555,16.7369,533.163,484.929
13.710,0.2285,31.8499,16.7488,533.448,485.04
13.713,0.2286,31.8442,16.7539,533.516,485.152
13.716,0.2286,31.8386,16.7722,534.005,485.263
13.719,0.2286,31.8331,16.7702,533.847,485.375
13.722,0.2287,31.8275,16.794,534.512,485.486
13.725,0.2287,31.8221,16.7849,534.132,485.598
13.728,0.2288,31.8166,16.8132,534.938,485.709
13.731,0.2288,31.8113,16.5962,527.947,485.821
13.734,0.2289,31.8059,16.6635,529.998,485.932
13.736,0.2289,31.8008,16.6583,529.749,486.043
13.739,0.2290,31.7954,16.6747,530.178,486.155
13.742,0.2290,31.7905,16.6674,529.864,486.266
13.745,0.2291,31.7852,16.6815,530.226,486.377
13.748,0.2291,31.7803,16.6732,529.881,486.489
13.751,0.2292,31.7751,16.7364,531.802,486.6
13.754,0.2292,31.7703,16.7323,531.591,486.711
13.757,0.2293,31.7652,16.7342,531.565,486.823
13.760,0.2293,31.7605,16.7324,531.427,486.934
13.763,0.2294,31.7553,16.7298,531.259,487.045
13.766,0.2294,31.7507,16.7311,531.223,487.157
13.769,0.2295,31.7456,16.7242,530.919,487.268
13.771,0.2295,31.7409,16.7292,531.002,487.379
13.774,0.2296,31.7359,16.7093,530.285,487.49
13.777,0.2296,31.7312,16.7643,531.953,487.602
13.780,0.2297,31.7262,16.6986,529.783,487.713
13.783,0.2297,31.7216,16.7617,531.707,487.824
13.786,0.2298,31.7166,16.6901,529.351,487.935
13.789,0.2298,31.7119,16.7609,531.52,488.047
13.792,0.2299,31.7069,16.6843,529.008,488.158
13.795,0.2299,31.7023,16.7621,531.398,488.269
13.798,0.2300,31.6973,16.6815,528.76,488.381
13.801,0.2300,31.6927,16.7652,531.333,488.492
13.803,0.2301,31.6878,16.6816,528.604,488.603
13.806,0.2301,31.6832,16.7698,531.321,488.714
13.809,0.2302,31.6785,16.6841,528.527,488.826
13.812,0.2302,31.6738,16.6771,528.228,488.937
13.815,0.2303,31.6692,16.5738,524.878,489.049
13.818,0.2303,31.6645,16.6842,528.298,489.16
13.821,0.2303,31.6599,16.5798,524.915,489.272
13.824,0.2304,31.6553,16.691,528.36,489.383
13.827,0.2304,31.6507,16.6941,528.381,489.494
13.830,0.2305,31.6461,16.6967,528.385,489.606
13.833,0.2305,31.6415,16.5921,524.998,489.718
13.836,0.2306,31.6369,16.7055,528.511,489.829
13.838,0.2306,31.6323,16.707,528.48,489.941
13.841,0.2307,31.6276,16.708,528.434,490.052
13.844,0.2307,31.6228,16.6434,526.31,490.164
13.847,0.2308,31.6181,16.6444,526.263,490.276
13.850,0.2308,31.6132,16.6445,526.186,490.387
13.853,0.2309,31.6083,16.6444,526.1,490.499
13.856,0.2309,31.6033,16.6432,525.981,490.61
13.859,0.2310,31.5982,16.642,525.858,490.721
13.862,0.2310,31.5931,16.6398,525.702,490.833
13.865,0.2311,31.5879,16.6375,525.543,490.944
13.868,0.2311,31.5825,16.6344,525.356,491.056
13.870,0.2312,31.5771,16.6312,525.167,491.167
13.873,0.2312,31.5716,16.6274,524.956,491.278
13.876,0.2313,31.5661,16.6236,524.743,491.389
13.879,0.2313,31.5605,16.6194,524.517,491.5
13.882,0.2314,31.5548,16.6152,524.289,491.611
13.885,0.2314,31.549,16.6109,524.056,491.722
13.888,0.2315,31.5432,16.6073,523.847,491.833
13.891,0.2315,31.5374,16.6023,523.593,491.944
13.894,0.2316,31.5315,16.5997,523.413,492.055
13.897,0.2316,31.5256,16.5944,523.147,492.166
13.900,0.2317,31.5197,16.5931,523.008,492.277
13.903,0.2317,31.5138,16.588,522.751,492.388
13.905,0.2318,31.508,16.5939,522.839,492.499
13.908,0.2318,31.5021,16.5815,522.353,492.609
13.911,0.2319,31.4963,16.5908,522.551,492.72
13.914,0.2319,31.4906,16.5773,522.028,492.831
13.917,0.2320,31.485,16.5902,522.343,492.942
13.920,0.2320,31.4793,16.5755,521.787,493.053
13.923,0.2320,31.4739,16.5923,522.224,493.163
13.926,0.2321,31.4684,16.5764,521.634,493.274
13.929,0.2321,31.4632,16.5971,522.197,493.385
13.932,0.2322,31.4579,16.58,521.571,493.496
13.935,0.2322,31.4529,16.7176,525.815,493.607
13.937,0.2323,31.4477,16.7089,525.459,493.718
13.940,0.2323,31.4429,16.6112,522.303,493.829
13.943,0.2324,31.438,16.5516,520.349,493.94
13.946,0.2324,31.4331,16.5568,520.431,494.051
13.949,0.2325,31.4283,16.5617,520.507,494.162
13.952,0.2325,31.4236,16.5679,520.622,494.274
13.955,0.2326,31.419,16.5736,520.726,494.385
13.958,0.2326,31.4144,16.5805,520.864,494.496
13.961,0.2327,31.4098,16.5868,520.987,494.607
13.964,0.2327,31.4052,16.6078,521.573,494.719
13.967,0.2328,31.4007,16.6137,521.681,494.83
13.970,0.2328,31.3961,16.6203,521.814,494.941
13.972,0.2329,31.3916,16.6263,521.927,495.053
13.975,0.2329,31.387,16.6359,522.15,495.164
13.978,0.2330,31.3824,16.6389,522.169,495.275
13.981,0.2330,31.3778,16.651,522.469,495.387
13.984,0.2331,31.3731,16.6508,522.389,495.498
13.987,0.2331,31.3683,16.665,522.754,495.609
13.990,0.2332,31.3636,16.6616,522.568,495.72
13.993,0.2332,31.3587,16.6776,522.986,495.832
13.996,0.2333,31.3538,16.6707,522.689,495.943
13.999,0.2333,31.3488,16.6881,523.151,496.054
14.002,0.2334,31.3438,16.6775,522.737,496.165
14.005,0.2334,31.3386,16.6963,523.238,496.276
14.007,0.2335,31.3335,16.6818,522.699,496.387
14.010,0.2335,31.3281,16.7015,523.226,496.498
14.013,0.2336,31.3229,16.6638,521.959,496.609
14.016,0.2336,31.3174,16.7016,523.053,496.72
14.019,0.2337,31.3121,16.659,521.627,496.831
14.022,0.2337,31.3065,16.6992,522.794,496.942
14.025,0.2337,31.301,16.6515,521.208,497.053
14.028,0.2338,31.2954,16.6948,522.47,497.164
14.031,0.2338,31.2898,16.6417,520.717,497.275
14.034,0.2339,31.2841,16.7525,524.087,497.386
14.037,0.2339,31.2785,16.696,522.225,497.497
14.039,0.2340,31.2728,16.7457,523.685,497.608
14.042,0.2340,31.2671,16.6831,521.631,497.718
14.045,0.2341,31.2613,16.635,520.032,497.829
14.048,0.2341,31.2556,16.5635,517.702,497.94
14.051,0.2342,31.2498,16.6304,519.698,498.051
14.054,0.2342,31.2441,16.5512,517.129,498.162
14.057,0.2343,31.2383,16.6275,519.415,498.272
14.060,0.2343,31.2327,16.6221,519.152,498.383
14.063,0.2344,31.227,16.5314,516.227,498.494
14.066,0.2344,31.2213,16.6272,519.121,498.605
14.069,0.2345,31.2156,16.6328,519.204,498.716
14.072,0.2345,31.2099,16.6211,518.744,498.827
14.074,0.2346,31.2042,16.6325,519.005,498.938
14.077,0.2346,31.1986,16.7854,523.679,499.048
14.080,0.2347,31.1929,16.8008,524.065,499.159
14.083,0.2347,31.1873,16.7857,523.502,499.27
14.086,0.2348,31.1818,16.887,526.566,499.381
14.089,0.2348,31.1762,16.8745,526.082,499.492
14.092,0.2349,31.1707,16.8951,526.633,499.603
14.095,0.2349,31.1652,16.8819,526.127,499.714
14.098,0.2350,31.1598,16.9055,526.77,499.824
14.101,0.2350,31.1544,16.8912,526.236,499.935
14.104,0.2351,31.149,16.9173,526.956,500.046
14.106,0.2351,31.1438,16.9015,526.378,500.157
14.109,0.2352,31.1385,16.9299,527.17,500.268
14.112,0.2352,31.1333,16.9119,526.525,500.379
14.115,0.2353,31.1281,16.9426,527.392,500.489
14.118,0.2353,31.1231,16.9215,526.65,500.6
14.121,0.2354,31.1179,16.955,527.603,500.711
14.124,0.2354,31.113,16.9581,527.617,500.822
14.127,0.2354,31.1079,16.9725,527.98,500.933
14.130,0.2355,31.1031,17.1489,533.384,501.044
14.133,0.2355,31.0981,17.1628,533.729,501.155
14.136,0.2356,31.0933,17.1554,533.418,501.266
14.139,0.2356,31.0883,17.173,533.88,501.377
14.141,0.2357,31.0836,17.1593,533.373,501.488
14.144,0.2357,31.0787,17.1812,533.97,501.598
14.147,0.2358,31.074,17.1605,533.246,501.709
14.150,0.2358,31.9576,17.0239,544.044,501.82
14.153,0.2359,31.9522,17.0087,543.468,501.931
14.156,0.2359,31.9471,17.0234,543.847,502.042
14.159,0.2360,31.9417,17.0075,543.249,502.153
14.162,0.2360,31.9365,17.022,543.622,502.264
14.165,0.2361,31.9311,17.0051,542.992,502.375
14.168,0.2361,31.9258,17.0201,543.379,502.485
14.171,0.2362,31.9204,17.002,542.709,502.596
14.173,0.2362,31.9149,17.0179,543.123,502.707
14.176,0.2363,31.9094,17.0161,542.975,502.818
14.179,0.2363,31.904,17.0143,542.823,502.929
14.182,0.2364,31.8984,17.0126,542.674,503.04
14.185,0.2364,31.8928,17.0106,542.517,503.151
14.188,0.2365,31.8871,17.009,542.368,503.262
14.191,0.2365,31.8814,17.007,542.207,503.372
14.194,0.2366,31.8755,17.0055,542.059,503.483
14.197,0.2366,31.8697,16.8355,536.542,503.594
14.200,0.2367,31.8638,16.8334,536.377,503.705
14.203,0.2367,31.8578,16.8305,536.184,503.815
14.206,0.2368,31.8518,16.8281,536.005,503.926
14.208,0.2368,31.8458,16.8246,535.794,504.037
14.211,0.2369,31.8398,16.8217,535.599,504.147
14.214,0.2369,31.8337,16.8176,535.367,504.258
14.217,0.2370,31.8276,16.814,535.151,504.368
14.220,0.2370,31.8216,16.8094,534.9,504.479
14.223,0.2370,31.8155,16.8051,534.662,504.59
14.226,0.2371,31.8094,16.7609,533.155,504.7
14.229,0.2371,31.8034,16.6534,529.633,504.811
14.232,0.2372,31.7974,16.6471,529.332,504.921
14.235,0.2372,31.7913,16.6408,529.032,505.032
14.238,0.2373,31.7853,16.6794,530.159,505.142
14.240,0.2373,31.7793,16.6721,529.826,505.253
14.243,0.2374,31.7733,16.4202,521.724,505.363
14.246,0.2374,31.7672,16.4122,521.369,505.474
14.249,0.2375,31.7612,16.4095,521.186,505.584
14.252,0.2375,31.7551,16.4806,523.345,505.695
14.255,0.2376,31.7492,16.4823,523.299,505.805
14.258,0.2376,31.7431,16.4727,522.894,505.916
14.261,0.2377,31.7372,16.4777,522.956,506.027
14.264,0.2377,31.7311,16.468,522.546,506.137
14.267,0.2378,31.7252,16.4769,522.732,506.248
14.270,0.2378,31.7191,16.4669,522.313,506.358
14.272,0.2379,31.7132,16.4802,522.638,506.469
14.275,0.2379,31.7071,16.4695,522.199,506.579
14.278,0.2380,31.7012,16.4877,522.679,506.69
14.281,0.2380,31.6951,16.4756,522.197,506.801
14.284,0.2381,31.6893,16.4992,522.849,506.911
14.287,0.2381,31.6832,16.4848,522.292,507.022
14.290,0.2382,31.6774,16.5144,523.133,507.132
14.293,0.2382,31.6715,16.5201,523.217,507.243
14.296,0.2383,31.6655,16.5273,523.347,507.354
14.299,0.2383,31.6596,16.5341,523.463,507.464
14.302,0.2384,31.6537,16.5422,523.622,507.574
14.305,0.2384,31.6479,16.5494,523.755,507.685
14.307,0.2385,31.6421,16.6181,525.833,507.795
14.310,0.2385,31.6364,16.6255,525.97,507.906
14.313,0.2386,31.6307,16.7629,530.223,508.016
14.316,0.2386,31.6251,16.7708,530.377,508.126
14.319,0.2387,31.6195,16.7791,530.546,508.236
14.322,0.2387,31.614,16.7857,530.663,508.347
14.325,0.2387,31.6086,16.7878,530.638,508.457
14.328,0.2388,31.6031,16.7975,530.854,508.567
14.331,0.2388,31.5978,16.6957,527.546,508.677
14.334,0.2389,31.5924,16.7095,527.895,508.787
14.337,0.2389,31.5872,16.6977,527.434,508.897
14.339,0.2390,31.5819,16.7152,527.896,509.007
14.342,0.2390,31.5767,16.697,527.236,509.117
14.345,0.2391,31.5714,16.5557,522.687,509.227
14.348,0.2391,31.5662,16.5205,521.49,509.338
14.351,0.2392,31.5609,16.5595,522.633,509.447
14.354,0.2392,31.5558,16.5188,521.264,509.557
14.357,0.2393,31.5504,16.5617,522.527,509.667
14.360,0.2393,31.5452,16.5176,521.052,509.777
14.363,0.2394,31.5397,16.4913,520.132,509.887
14.366,0.2394,31.5345,16.5269,521.168,509.997
14.369,0.2395,31.5289,16.5791,522.721,510.107
14.372,0.2395,31.5235,16.5299,521.081,510.217
14.374,0.2396,31.5178,16.5838,522.686,510.327
14.377,0.2396,31.5123,16.5359,521.084,510.437
14.380,0.2397,31.5065,16.5898,522.687,510.547
14.383,0.2397,31.5009,16.545,521.181,510.657
14.386,0.2398,31.4949,16.5972,522.728,510.767
14.389,0.2398,31.4892,16.5568,521.362,510.877
14.392,0.2399,31.4831,16.6058,522.803,510.986
14.395,0.2399,31.4773,16.5709,521.608,511.096
14.398,0.2400,31.4712,16.6154,522.906,511.206
14.401,0.2400,31.4653,16.5863,521.894,511.316
14.404,0.2401,31.4591,16.6256,523.027,511.425
14.407,0.2401,31.4532,16.602,522.187,511.535
14.409,0.2402,31.4471,16.6072,522.249,511.645
14.412,0.2402,31.4409,16.6049,522.073,511.755
14.415,0.2403,31.4347,16.7129,525.365,511.864
14.418,0.2403,31.4286,16.6466,523.18,511.974
14.421,0.2404,31.4225,16.6704,523.825,512.083
14.424,0.2404,31.4165,16.6472,522.995,512.193
14.427,0.2404,31.4104,16.6795,523.911,512.302
14.430,0.2405,31.4045,16.6472,522.796,512.412
14.433,0.2405,31.3986,16.6877,523.97,512.521
14.436,0.2406,31.3927,16.5597,519.853,512.63
14.439,0.2406,31.3869,16.6171,521.558,512.74
14.441,0.2407,31.3811,16.559,519.639,512.849
14.444,0.2407,31.3754,16.625,521.616,512.958
14.447,0.2408,31.3698,16.5594,519.464,513.067
14.450,0.2408,31.3642,16.6331,521.683,513.177
14.453,0.2409,31.3586,16.5615,519.346,513.286
14.456,0.2409,31.3531,16.6418,521.77,513.395
14.459,0.2410,31.3475,16.5658,519.297,513.504
14.462,0.2410,31.3421,16.6513,521.885,513.613
14.465,0.2411,31.3366,16.5724,519.323,513.723
14.468,0.2411,31.3311,16.6619,522.035,513.832
14.471,0.2412,31.3256,16.4474,515.226,513.941
14.474,0.2412,31.3202,16.5463,518.235,514.05
14.476,0.2413,31.3147,16.4593,515.419,514.16
14.479,0.2413,31.3093,16.5602,518.49,514.269
14.482,0.2414,31.3038,16.4728,515.66,514.378
14.485,0.2414,31.2984,16.5245,517.189,514.487
14.488,0.2415,31.2928,16.481,515.738,514.597
14.491,0.2415,31.2874,16.5381,517.434,514.706
14.494,0.2416,31.2818,16.4958,516.018,514.815
14.497,0.2416,31.2764,16.5514,517.668,514.924
14.500,0.2417,31.2709,16.4986,515.924,515.033
14.503,0.2417,31.2655,16.5641,517.884,515.143
14.506,0.2418,31.2599,16.4996,515.776,515.252
14.508,0.2418,31.2545,16.576,518.074,515.361
14.511,0.2419,31.2489,16.5126,516.001,515.47
14.514,0.2419,31.2436,16.557,517.301,515.579
14.517,0.2420,31.238,16.5118,515.797,515.688
14.520,0.2420,31.2328,16.5667,517.423,515.798
14.523,0.2421,31.2272,16.5093,515.54,515.907
14.526,0.2421,31.222,16.5135,515.584,516.016
14.529,0.2421,31.2168,16.5169,515.607,516.125
14.532,0.2422,31.2117,16.5203,515.625,516.234
14.535,0.2422,31.2065,16.5229,515.622,516.344
14.538,0.2423,31.2013,16.62,518.567,516.453
14.541,0.2423,31.1962,16.622,518.542,516.562
14.543,0.2424,31.1911,16.6236,518.508,516.671
14.546,0.2424,31.1859,16.6247,518.456,516.78
14.549,0.2425,31.1808,16.6253,518.392,516.889
14.552,0.2425,31.1757,16.6255,518.313,516.998
14.555,0.2426,31.1705,16.7094,520.842,517.107
14.558,0.2426,31.1654,16.7097,520.763,517.216
14.561,0.2427,31.1602,16.6773,519.668,517.325
14.564,0.2427,31.1551,16.6772,519.581,517.434
14.567,0.2428,31.1499,16.6768,519.48,517.543
14.570,0.2428,31.1446,16.7861,522.797,517.652
14.573,0.2429,31.1394,16.7836,522.631,517.761
14.576,0.2429,31.1341,16.7813,522.47,517.87
14.578,0.2430,31.1288,16.7783,522.288,517.979
14.581,0.2430,31.1234,16.7757,522.117,518.087
14.584,0.2431,31.118,16.7724,521.925,518.196
14.587,0.2431,31.1126,16.7613,521.488,518.305
14.590,0.2432,31.1072,16.7664,521.556,518.414
14.593,0.2432,31.1017,16.7473,520.869,518.523
14.596,0.2433,31.0962,16.702,519.368,518.631
14.599,0.2433,31.0906,16.679,518.559,518.74
14.602,0.2434,31.085,16.695,518.965,518.849
14.605,0.2434,31.0794,16.668,518.031,518.958
14.608,0.2435,31.0738,16.6894,518.603,519.067
14.610,0.2435,31.068,16.6603,517.603,519.175
14.613,0.2436,31.0624,16.6857,518.298,519.284
14.616,0.2436,31.0566,16.6565,517.296,519.393
14.619,0.2437,31.051,16.4822,511.789,519.502
14.622,0.2437,31.0452,16.4719,511.372,519.611
14.625,0.2438,31.0395,16.4815,511.578,519.72
14.628,0.2438,31.0337,16.4783,511.383,519.828
14.631,0.2438,31.028,16.4833,511.444,519.937
14.634,0.2439,31.0222,16.4888,511.518,520.046
14.637,0.2439,31.0165,16.4874,511.381,520.155
14.640,0.2440,31.0107,16.5024,511.752,520.264
14.643,0.2440,31.0051,16.5054,511.752,520.373
14.645,0.2441,30.9995,16.5095,511.787,520.482
14.648,0.2441,30.9939,16.6875,517.21,520.591
14.651,0.2442,30.9883,16.6918,517.25,520.7
14.654,0.2442,30.9828,16.6955,517.274,520.809
14.657,0.2443,30.9773,16.7002,517.327,520.919
14.660,0.2443,30.9718,16.7042,517.359,521.028
14.663,0.2444,30.9664,16.7088,517.411,521.137
14.666,0.2444,30.961,16.7126,517.438,521.246
14.669,0.2445,30.9557,16.7166,517.474,521.356
14.672,0.2445,30.9503,16.7199,517.485,521.465
14.675,0.2446,30.945,16.7166,517.296,521.574
14.678,0.2446,30.9397,16.7254,517.481,521.684
14.680,0.2447,30.9345,16.7154,517.083,521.793
14.683,0.2447,30.9292,16.6838,516.017,521.902
14.686,0.2448,30.924,16.6608,515.22,522.012
14.689,0.2448,30.9188,16.6878,515.966,522.121
14.692,0.2449,30.9136,16.6588,514.984,522.231
14.695,0.2449,30.9083,16.6896,515.847,522.34
14.698,0.2450,32.1597,16.6941,536.877,522.45
14.701,0.2450,32.1539,16.8103,540.515,522.559
14.704,0.2451,32.1479,16.7707,539.144,522.668
14.707,0.2451,32.142,16.8093,540.285,522.778
14.710,0.2452,32.1358,16.7724,538.993,522.887
14.712,0.2452,32.1297,16.8073,540.014,522.997
14.715,0.2453,32.1234,16.7759,538.899,523.106
14.718,0.2453,32.1172,16.8049,539.727,523.215
14.721,0.2454,32.1108,16.7814,538.863,523.325
14.724,0.2454,32.1045,16.8029,539.447,523.434
14.727,0.2455,32.098,16.7309,537.029,523.543
14.730,0.2455,32.0916,16.6228,533.452,523.653
14.733,0.2455,32.085,16.6244,533.393,523.762
14.736,0.2456,32.0786,16.6202,533.151,523.871
14.739,0.2456,32.0719,16.6332,533.458,523.981
14.742,0.2457,32.0655,16.6202,532.937,524.09
14.745,0.2457,32.0589,16.6072,532.406,524.199
14.747,0.2458,32.0524,16.5903,531.759,524.309
14.750,0.2458,32.0458,16.6151,532.445,524.418
14.753,0.2459,32.0394,16.5995,531.839,524.528
14.756,0.2459,32.0327,16.622,532.447,524.637
14.759,0.2460,32.0264,16.6283,532.544,524.746
14.762,0.2460,32.0201,16.6267,532.388,524.856
14.765,0.2461,32.0138,16.6392,532.683,524.965
14.768,0.2461,32.0075,16.6302,532.293,525.075
14.771,0.2462,32.0013,16.6481,532.76,525.185
14.774,0.2462,31.995,16.6332,532.178,525.294
14.777,0.2463,31.9888,16.655,532.774,525.404
14.780,0.2463,31.9826,16.6359,532.058,525.514
14.782,0.2464,31.9764,16.6599,532.726,525.624
14.785,0.2464,31.9702,16.6388,531.947,525.734
14.788,0.2465,31.9641,16.6631,532.622,525.844
14.791,0.2465,31.958,16.6423,531.853,525.954
14.794,0.2466,31.9519,16.6649,532.474,526.064
14.797,0.2466,31.9458,16.3366,521.885,526.174
14.800,0.2467,31.9398,16.3363,521.776,526.284
14.803,0.2467,31.9337,16.3424,521.872,526.394
14.806,0.2468,31.9277,16.3338,521.501,526.504
14.809,0.2468,31.9217,16.348,521.857,526.615
14.812,0.2469,31.9158,16.3306,521.205,526.725
14.815,0.2469,31.9098,16.3371,521.314,526.835
14.817,0.2470,31.9039,16.3012,520.072,526.945
14.820,0.2470,31.8979,16.3422,521.282,527.056
14.823,0.2471,31.8921,16.2979,519.773,527.166
14.826,0.2471,31.8861,16.3461,521.215,527.276
14.829,0.2472,31.8803,16.2954,519.501,527.386
14.832,0.2472,31.8744,16.4444,524.155,527.497
14.835,0.2472,31.8686,16.3643,521.507,527.607
14.838,0.2473,31.8627,16.5283,526.635,527.717
14.841,0.2473,31.857,16.4202,523.1,527.827
14.844,0.2474,31.851,16.6379,529.934,527.938
14.847,0.2474,31.8454,16.5348,526.557,528.048
14.850,0.2475,31.8394,16.6406,529.826,528.158
14.852,0.2475,31.8338,16.5373,526.447,528.268
14.855,0.2476,31.8278,16.6418,529.672,528.378
14.858,0.2476,31.8223,16.5413,526.382,528.489
14.861,0.2477,31.8162,16.6419,529.481,528.599
14.864,0.2477,31.8107,16.5466,526.358,528.709
14.867,0.2478,31.8046,16.6411,529.263,528.819
14.870,0.2478,31.7991,16.5529,526.368,528.929
14.873,0.2479,31.7929,16.6397,529.025,529.04
14.876,0.2479,31.7874,16.6433,529.048,529.15
14.879,0.2480,31.7819,16.6466,529.06,529.26
14.882,0.2480,31.7764,16.6497,529.068,529.371
14.884,0.2481,31.7708,16.654,529.111,529.481
14.887,0.2481,31.7652,16.6563,529.092,529.591
14.890,0.2482,31.7596,16.6582,529.056,529.702
14.893,0.2482,31.7539,16.6595,529.005,529.812
14.896,0.2483,31.7482,16.6603,528.935,529.922
14.899,0.2483,31.7425,16.6605,528.847,530.033
14.902,0.2484,31.7367,16.5657,525.741,530.143
14.905,0.2484,31.7309,16.5647,525.611,530.254
14.908,0.2485,31.725,16.6134,527.062,530.364
14.911,0.2485,31.7191,16.6108,526.881,530.475
14.914,0.2486,31.7132,16.6076,526.679,530.585
14.917,0.2486,31.7072,16.6037,526.459,530.696
14.919,0.2487,31.7012,16.5994,526.221,530.806
14.922,0.2487,31.6952,16.5946,525.968,530.917
14.925,0.2488,31.6891,16.5292,523.795,531.027
14.928,0.2488,31.683,16.5234,523.513,531.138
14.931,0.2489,31.6769,16.5176,523.226,531.249
14.934,0.2489,31.6708,16.5115,522.933,531.359
14.937,0.2489,31.6646,16.511,522.813,531.47
14.940,0.2490,31.6583,16.4997,522.354,531.58
14.943,0.2490,31.6521,16.5055,522.433,531.691
14.946,0.2491,31.6458,16.4891,521.81,531.802
14.949,0.2491,31.6396,16.5023,522.127,531.912
14.952,0.2492,31.6333,16.4805,521.333,532.023
14.954,0.2492,31.627,16.5026,521.929,532.134
14.957,0.2493,31.6207,16.4749,520.949,532.245
14.960,0.2493,31.6145,16.5071,521.865,532.355
14.963,0.2494,31.6082,16.4728,520.677,532.466
14.966,0.2494,31.602,16.4337,519.339,532.577
14.969,0.2495,31.5958,16.4009,518.201,532.688
14.972,0.2495,31.5896,16.4469,519.551,532.799
14.975,0.2496,31.5835,16.4076,518.209,532.91
14.978,0.2496,31.5774,16.5387,522.25,533.021
14.981,0.2497,31.5714,16.5092,521.22,533.131
14.984,0.2497,31.5654,16.5587,522.681,533.242
14.987,0.2498,31.5595,16.535,521.836,533.353
14.989,0.2498,31.5536,16.5813,523.198,533.464
14.992,0.2499,31.5478,16.5895,523.362,533.575
14.995,0.2499,31.5421,16.5977,523.528,533.686
14.998,0.2500,31.5364,16.6055,523.678,533.797
15.001,0.2500,31.5308,16.6133,523.831,533.908
15.004,0.2501,31.5252,16.6202,523.954,534.019
15.007,0.2501,31.5196,16.6271,524.081,534.13
15.010,0.2502,31.514,16.6328,524.166,534.241
15.013,0.2502,31.5085,16.6384,524.252,534.352
15.016,0.2503,31.503,16.5255,520.603,534.463
15.019,0.2503,31.4975,16.5294,520.635,534.574
15.022,0.2504,31.492,16.5317,520.617,534.685
15.025,0.2504,31.4864,16.5363,520.668,534.796
15.027,0.2505,31.481,16.5349,520.534,534.907
15.030,0.2505,31.4754,16.5404,520.616,535.018
15.033,0.2506,31.4699,16.5352,520.363,535.129
15.036,0.2506,31.4643,16.5425,520.498,535.24
15.039,0.2507,31.4588,16.5332,520.115,535.351
15.042,0.2507,31.4531,16.5431,520.334,535.462
15.045,0.2507,31.4476,16.5294,519.81,535.573
15.048,0.2508,31.4418,16.543,520.143,535.684
15.051,0.2508,31.4362,16.6907,524.692,535.795
15.054,0.2509,31.4303,16.705,525.044,535.906
15.057,0.2509,31.4246,16.6845,524.303,536.017
15.060,0.2510,31.4187,16.7032,524.793,536.128
15.062,0.2510,31.4129,16.632,522.459,536.239
15.065,0.2511,31.4069,16.5465,519.674,536.35
15.068,0.2511,31.4011,16.543,519.467,536.461
15.071,0.2512,31.395,16.2857,511.29,536.572
15.074,0.2512,31.3891,16.3821,514.218,536.683
15.077,0.2513,31.383,16.3589,513.391,536.794
15.080,0.2513,31.377,16.3857,514.133,536.905
15.083,0.2514,31.3708,16.3601,513.23,537.017
15.086,0.2514,31.3648,16.3904,514.081,537.128
15.089,0.2515,31.3586,16.4331,515.319,537.239
15.092,0.2515,31.3526,16.4648,516.215,537.35
15.095,0.2516,31.3464,16.4355,515.194,537.461
15.097,0.2516,31.3404,16.4718,516.233,537.573
15.100,0.2517,31.3342,16.4384,515.084,537.684
15.103,0.2517,31.3282,16.4803,516.299,537.795
15.106,0.2518,31.322,16.4417,514.987,537.907
15.109,0.2518,31.316,16.4467,515.045,538.018
15.112,0.2519,31.3101,16.4479,514.986,538.129
15.115,0.2519,31.3042,16.4569,515.171,538.241
15.118,0.2520,31.2983,16.5159,516.918,538.352
15.121,0.2520,31.2924,16.5308,517.289,538.464
15.124,0.2521,31.2865,16.5227,516.938,538.575
15.127,0.2521,31.2806,16.5421,517.448,538.686
15.129,0.2522,31.2748,16.5295,516.957,538.798
15.132,0.2522,31.269,16.5529,517.593,538.909
15.135,0.2523,31.2632,16.5358,516.964,539.021
15.138,0.2523,31.2575,16.5627,517.709,539.132
15.141,0.2524,31.2517,16.5414,516.946,539.243
15.144,0.2524,31.246,16.5712,517.783,539.355
15.147,0.2524,31.2403,16.5456,516.89,539.466
15.150,0.2525,31.2346,16.5779,517.804,539.577
15.153,0.2525,31.2289,16.5482,516.784,539.689
15.156,0.2526,31.2232,16.5826,517.763,539.8
15.159,0.2526,31.2175,16.549,516.618,539.911
15.162,0.2527,31.2119,16.5853,517.659,540.023
15.164,0.2527,31.2062,16.5476,516.387,540.134
15.167,0.2528,31.2005,16.5862,517.497,540.245
15.170,0.2528,31.1947,16.5442,516.092,540.356
15.173,0.2529,31.1891,16.5855,517.285,540.467
15.176,0.2529,31.1833,16.6172,518.18,540.579
15.179,0.2530,31.1776,16.6611,519.453,540.69
15.182,0.2530,31.1718,16.4983,514.281,540.801
15.185,0.2531,31.1661,16.5512,515.835,540.912
15.188,0.2531,31.1602,16.4901,513.834,541.024
15.191,0.2532,31.1545,16.705,520.435,541.135
15.194,0.2532,31.1486,16.6742,519.378,541.246
15.197,0.2533,31.1429,16.7036,520.197,541.357
15.199,0.2533,31.1369,16.6674,518.97,541.469
15.202,0.2534,31.1312,16.6092,517.063,541.58
15.205,0.2534,31.1252,16.7591,521.632,541.691
15.208,0.2535,31.1196,16.7711,521.908,541.803
15.211,0.2535,31.1136,16.7563,521.349,541.914
15.214,0.2536,31.1079,16.5993,516.37,542.025
15.217,0.2536,31.1019,16.6441,517.664,542.137
15.220,0.2537,31.0963,16.5007,513.109,542.248
15.223,0.2537,31.0903,16.5466,514.438,542.359
15.226,0.2538,31.0847,16.5517,514.505,542.471
15.229,0.2538,31.0791,16.5567,514.568,542.582
15.232,0.2539,31.0735,16.5611,514.612,542.694
15.234,0.2539,31.0679,16.5653,514.65,542.805
15.237,0.2540,31.0623,16.5908,515.35,542.916
15.240,0.2540,31.0567,16.5919,515.29,543.028
15.243,0.2541,31.0511,16.5253,513.128,543.139
15.246,0.2541,31.0455,16.5228,512.96,543.251
15.249,0.2542,31.0398,16.5188,512.74,543.362
15.252,0.2542,31.0342,16.514,512.498,543.473
15.255,0.2542,31.0285,16.5076,512.205,543.585
15.258,0.2543,31.0228,16.5003,511.887,543.696
15.261,0.2543,31.0171,16.4917,511.526,543.808
15.264,0.2544,31.0113,16.4823,511.136,543.919
15.267,0.2544,31.0055,16.4718,510.718,544.03
15.269,0.2545,30.9997,16.4605,510.272,544.141
15.272,0.2545,30.9939,16.4488,509.812,544.253
15.275,0.2546,30.988,16.4363,509.33,544.364
15.278,0.2546,30.9822,16.424,508.851,544.475
15.281,0.2547,30.9762,16.4112,508.357,544.586
15.284,0.2547,30.9703,16.399,507.883,544.697
15.287,0.2548,30.9644,16.4029,507.907,544.808
15.290,0.2548,30.9584,16.3753,506.953,544.92
15.293,0.2549,30.9525,16.3967,507.518,545.031
15.296,0.2549,30.9465,16.3543,506.107,545.142
15.299,0.2550,30.9405,16.3935,507.223,545.253
15.301,0.2550,30.9345,16.3373,505.386,545.364
15.304,0.2551,30.9285,16.3943,507.051,545.475
15.307,0.2551,31.7734,16.3552,519.66,545.586
15.310,0.2552,31.7683,16.4275,521.874,545.697
15.313,0.2552,31.7632,16.3474,519.247,545.808
15.316,0.2553,31.7582,16.4363,521.989,545.919
15.319,0.2553,31.7533,16.3441,518.98,546.03
15.322,0.2554,31.7484,16.4488,522.222,546.141
15.325,0.2554,31.7435,16.3451,518.85,546.252
15.328,0.2555,31.7387,16.4643,522.555,546.363
15.331,0.2555,31.7339,16.3497,518.839,546.474
15.334,0.2556,31.7292,16.4819,522.958,546.585
15.336,0.2556,31.7245,16.3571,518.922,546.696
15.339,0.2557,31.7199,16.2663,515.964,546.807
15.342,0.2557,31.7152,16.2718,516.063,546.917
15.345,0.2558,31.7106,16.2772,516.16,547.028
15.348,0.2558,31.706,16.2821,516.239,547.139
15.351,0.2559,31.7014,16.2869,516.316,547.25
15.354,0.2559,31.6969,16.2905,516.359,547.361
15.357,0.2559,31.6924,16.2941,516.4,547.472
15.360,0.2560,31.688,16.3888,519.328,547.582
15.363,0.2560,31.6837,16.3906,519.316,547.693
15.366,0.2561,31.6794,16.3909,519.255,547.804
15.369,0.2561,31.6751,16.3041,516.433,547.915
15.371,0.2562,31.6709,16.3022,516.306,548.026
15.374,0.2562,31.6667,16.3146,516.63,548.136
15.377,0.2563,31.6626,16.2965,515.989,548.247
15.380,0.2563,31.6585,16.3221,516.734,548.358
15.383,0.2564,31.6544,16.2873,515.566,548.469
15.386,0.2564,31.6504,16.3157,516.399,548.58
15.389,0.2565,31.6464,16.3454,517.272,548.69
15.392,0.2565,31.6424,16.4072,519.163,548.801
15.395,0.2566,31.6384,16.3303,516.665,548.912
15.398,0.2566,31.6345,16.4115,519.168,549.023
15.401,0.2567,31.6304,16.3142,516.026,549.133
15.404,0.2567,31.6264,16.4162,519.186,549.244
15.406,0.2568,31.6223,16.298,515.379,549.355
15.409,0.2568,31.6183,16.4954,521.556,549.466
15.412,0.2569,31.614,16.3509,516.917,549.577
15.415,0.2569,31.61,16.5015,521.613,549.687
15.418,0.2570,31.6056,16.3358,516.302,549.798
15.421,0.2570,31.6015,16.5087,521.7,549.909
15.424,0.2571,31.597,16.3228,515.749,550.02
15.427,0.2571,31.5927,16.5166,521.806,550.131
15.430,0.2572,31.5881,16.3123,515.273,550.241
15.433,0.2572,31.5838,16.5247,521.912,550.352
15.436,0.2573,31.579,16.3045,514.879,550.463
15.439,0.2573,31.5746,16.5321,521.995,550.574
15.441,0.2574,31.5697,16.2995,514.571,550.685
15.444,0.2574,31.5653,16.5382,522.031,550.795
15.447,0.2575,31.5604,16.2971,514.342,550.906
15.450,0.2575,31.5559,16.542,521.997,551.017
15.453,0.2576,31.551,16.297,514.185,551.127
15.456,0.2576,31.5465,16.6181,524.243,551.238
15.459,0.2576,31.5416,16.6201,524.225,551.349
15.462,0.2577,31.5368,16.6336,524.571,551.459
15.465,0.2577,31.532,16.6206,524.081,551.57
15.468,0.2578,31.5272,16.5316,521.195,551.681
15.471,0.2578,31.5225,16.4994,520.102,551.791
15.474,0.2579,31.5178,16.5407,521.324,551.902
15.476,0.2579,31.5131,16.4906,519.67,552.012
15.479,0.2580,31.5085,16.5474,521.384,552.123
15.482,0.2580,31.5039,16.4786,519.14,552.233
15.485,0.2581,31.4994,16.5526,521.397,552.343
15.488,0.2581,31.495,16.4641,518.535,552.454
15.491,0.2582,31.4906,16.5569,521.386,552.564
15.494,0.2582,31.4862,16.3681,515.369,552.675
15.497,0.2583,31.4819,16.3732,515.46,552.785
15.500,0.2583,31.4775,16.2654,511.994,552.896
15.503,0.2584,31.4734,16.377,515.441,553.006
15.506,0.2584,31.4691,16.2528,511.462,553.117
15.509,0.2585,31.465,16.3816,515.446,553.227
15.511,0.2585,31.4607,16.2422,510.992,553.338
15.514,0.2586,31.4567,16.3866,515.47,553.448
15.517,0.2586,31.4525,16.234,510.6,553.559
15.520,0.2587,31.4486,16.2855,512.157,553.669
15.523,0.2587,31.4444,16.1595,508.127,553.78
15.526,0.2588,31.4406,16.291,512.199,553.89
15.529,0.2588,31.4365,16.1604,508.027,554.001
15.532,0.2589,31.4328,16.2939,512.161,554.112
15.535,0.2589,31.4287,16.1631,507.984,554.222
15.538,0.2590,31.4251,16.2929,512.005,554.333
15.541,0.2590,31.421,16.1665,507.967,554.444
15.544,0.2591,31.4175,16.2869,511.695,554.554
15.546,0.2591,31.4136,16.243,510.252,554.665
15.549,0.2592,31.4102,16.3226,512.696,554.775
15.552,0.2592,31.4064,16.2465,510.243,554.886
15.555,0.2593,31.403,16.3123,512.254,554.997
15.558,0.2593,31.3993,16.2473,510.155,555.107
15.561,0.2594,31.396,16.2965,511.644,555.218
15.564,0.2594,31.3923,16.2451,509.971,555.329
15.567,0.2594,31.389,16.2761,510.891,555.439
15.570,0.2595,31.3854,16.1121,505.685,555.55
15.573,0.2595,31.382,16.1495,506.804,555.66
15.576,0.2596,31.3784,16.1441,506.577,555.771
15.579,0.2596,31.3748,16.1378,506.319,555.882
15.581,0.2597,31.3711,16.1319,506.077,555.993
15.584,0.2597,31.3673,16.1253,505.806,556.103
15.587,0.2598,31.3635,16.1196,505.566,556.214
15.590,0.2598,31.3595,16.2916,510.896,556.325
15.593,0.2599,31.3554,16.2871,510.69,556.435
15.596,0.2599,31.3513,16.2822,510.469,556.546
15.599,0.2600,31.347,16.2789,510.295,556.656
15.602,0.2600,31.3426,16.2753,510.111,556.767
15.605,0.2601,31.3381,16.2746,510.016,556.877
15.608,0.2601,31.3334,16.2739,509.918,556.988
15.611,0.2602,31.3287,16.2748,509.869,557.098
15.614,0.2602,31.3239,16.2758,509.821,557.209
15.616,0.2603,31.319,16.278,509.811,557.319
15.619,0.2603,31.3141,16.2804,509.804,557.429
15.622,0.2604,31.309,16.2835,509.821,557.54
15.625,0.2604,31.304,16.2868,509.841,557.65
15.628,0.2605,31.2989,16.2903,509.869,557.76
15.631,0.2605,31.2938,16.2939,509.899,557.87
15.634,0.2606,31.2888,16.2973,509.922,557.981
15.637,0.2606,31.2837,16.4109,513.394,558.091
15.640,0.2607,31.2787,16.4139,513.405,558.201
15.643,0.2607,31.2737,16.4176,513.439,558.311
15.646,0.2608,31.2687,16.3738,511.989,558.421
15.649,0.2608,31.2638,16.3794,512.084,558.532
15.651,0.2609,31.2589,16.3767,511.917,558.642
15.654,0.2609,31.2542,16.3868,512.157,558.752
15.657,0.2610,31.2495,16.3764,511.753,558.862
15.660,0.2610,31.2449,16.3946,512.247,558.972
15.663,0.2611,31.2403,16.3733,511.507,559.082
15.666,0.2611,31.2359,16.4031,512.367,559.192
15.669,0.2611,31.2313,16.3683,511.205,559.303
15.672,0.2612,31.2271,16.448,513.624,559.413
15.675,0.2612,31.2227,16.5233,515.903,559.523
15.678,0.2613,31.2186,16.5378,516.287,559.633
15.681,0.2613,31.2142,16.5287,515.931,559.743
15.683,0.2614,31.2102,16.5517,516.582,559.853
15.686,0.2614,31.2059,16.5352,515.995,559.963
15.689,0.2615,31.202,16.5657,516.882,560.073
15.692,0.2615,31.1978,16.5697,516.939,560.183
15.695,0.2616,31.1936,16.5735,516.988,560.293
15.698,0.2616,31.1895,16.5774,517.04,560.404
15.701,0.2617,31.1854,16.5809,517.083,560.514
15.704,0.2617,31.1813,16.5847,517.133,560.624
15.707,0.2618,31.1773,16.588,517.168,560.734
15.710,0.2618,31.1734,16.5915,517.212,560.844
15.713,0.2619,31.1695,16.5943,517.236,560.954
15.716,0.2619,31.1656,16.4387,512.321,561.064
15.718,0.2620,31.1619,16.1747,504.034,561.174
15.721,0.2620,31.1582,16.1819,504.198,561.285
15.724,0.2621,31.1545,16.1793,504.058,561.395
15.727,0.2621,31.1508,16.1771,503.931,561.505
15.730,0.2622,31.1473,16.1738,503.77,561.615
15.733,0.2622,31.1437,16.1706,503.612,561.725
15.736,0.2623,31.1403,16.1676,503.464,561.835
15.739,0.2623,31.1367,16.0801,500.683,561.945
15.742,0.2624,31.1335,16.079,500.595,562.054
15.745,0.2624,31.1299,16.0701,500.259,562.164
15.748,0.2625,31.1268,16.0722,500.274,562.274
15.751,0.2625,31.1232,16.0603,499.848,562.384
15.753,0.2626,31.1201,15.9673,496.904,562.494
15.756,0.2626,31.1164,15.9515,496.352,562.604
15.759,0.2627,31.1133,15.9633,496.669,562.713
15.762,0.2627,31.1095,15.9454,496.054,562.823
15.765,0.2628,31.1063,15.9621,496.52,562.933
15.768,0.2628,31.1024,15.8027,491.503,563.042
15.771,0.2628,31.099,15.833,492.391,563.152
15.774,0.2629,31.095,15.8055,491.472,563.262
15.777,0.2629,31.0914,15.962,496.282,563.371
15.780,0.2630,31.0872,15.9374,495.45,563.481
15.783,0.2630,31.0835,15.972,496.466,563.59
15.785,0.2631,31.079,15.9508,495.735,563.7
15.788,0.2631,31.0751,15.9829,496.672,563.809
15.791,0.2632,31.0705,15.9672,496.11,563.918
15.794,0.2632,31.0665,15.9936,496.864,564.028
15.797,0.2633,31.0618,15.9856,496.54,564.137
15.800,0.2633,31.0576,16.003,497.015,564.246
15.803,0.2634,31.0529,16.0046,496.988,564.356
15.806,0.2634,31.0486,16.0103,497.098,564.465
15.809,0.2635,31.0439,16.0195,497.309,564.574
15.812,0.2635,31.0392,16.0234,497.354,564.684
15.815,0.2636,31.0346,15.9766,495.828,564.793
15.818,0.2636,31.03,15.9724,495.622,564.903
15.820,0.2637,31.0254,15.9889,496.063,565.012
15.823,0.2637,31.021,15.9781,495.657,565.121
15.826,0.2638,31.0166,15.9969,496.172,565.231
15.829,0.2638,31.0124,15.9807,495.6,565.34
15.832,0.2639,31.0083,16.0011,496.165,565.449
15.835,0.2639,31.0043,15.9808,495.472,565.559
15.838,0.2640,31.0003,16.002,496.066,565.668
15.841,0.2640,30.9966,15.9789,495.292,565.777
15.844,0.2641,30.9928,16.2405,503.338,565.887
15.847,0.2641,30.9893,16.2299,502.954,565.996
15.850,0.2642,30.9858,16.2568,503.73,566.105
15.853,0.2642,30.9825,16.247,503.371,566.215
15.855,0.2643,30.979,16.2544,503.545,566.324
15.858,0.2643,30.976,16.2445,503.189,566.433
15.861,0.2644,30.9726,16.2531,503.4,566.543
15.864,0.2644,30.9697,16.2423,503.02,566.652
15.867,0.2645,30.9664,16.2531,503.301,566.761
15.870,0.2645,31.5507,16.3038,514.396,566.871
15.873,0.2645,31.5446,16.3294,515.105,566.98
15.876,0.2646,31.5383,16.3023,514.148,567.089
15.879,0.2646,31.5323,16.3338,515.041,567.198
15.882,0.2647,31.5259,16.3003,513.882,567.308
15.885,0.2647,31.5198,16.2546,512.341,567.417
15.887,0.2648,31.5134,16.2324,511.539,567.526
15.890,0.2648,31.5073,16.2559,512.179,567.635
15.893,0.2649,31.5008,16.1426,508.503,567.744
15.896,0.2649,31.4946,16.1636,509.065,567.854
15.899,0.2650,31.488,16.1387,508.175,567.963
15.902,0.2650,31.4818,16.1631,508.844,568.072
15.905,0.2651,31.475,16.1341,507.82,568.181
15.908,0.2651,31.4687,16.162,508.598,568.29
15.911,0.2652,31.4617,16.1291,507.451,568.399
15.914,0.2652,31.4555,16.1608,508.345,568.508
15.917,0.2653,31.4483,16.1243,507.083,568.617
15.920,0.2653,31.442,16.1602,508.109,568.727
15.922,0.2654,31.4346,16.1201,506.729,568.835
15.925,0.2654,31.4283,16.1206,506.642,568.945
15.928,0.2655,31.4218,16.1215,506.567,569.054
15.931,0.2655,31.4153,16.1228,506.504,569.163
15.934,0.2656,31.4086,16.1245,506.449,569.272
15.937,0.2656,31.4018,16.1269,506.415,569.381
15.940,0.2657,31.3949,16.1295,506.384,569.49
15.943,0.2657,31.3878,16.133,506.38,569.599
15.946,0.2658,31.3807,16.1364,506.37,569.708
15.949,0.2658,31.3734,16.1407,506.387,569.818
15.952,0.2659,31.366,16.1446,506.391,569.927
15.955,0.2659,31.3585,16.1492,506.415,570.036
15.957,0.2660,31.351,16.1532,506.419,570.145
15.960,0.2660,31.3433,16.1576,506.433,570.254
15.963,0.2661,31.3356,16.2246,508.409,570.363
15.966,0.2661,31.3279,16.2287,508.409,570.472
15.969,0.2662,31.3201,16.232,508.388,570.581
15.972,0.2662,31.3122,16.2347,508.344,570.69
15.975,0.2662,31.3044,16.2368,508.282,570.798
15.978,0.2663,31.2966,16.2376,508.181,570.907
15.981,0.2663,31.2888,16.2381,508.07,571.016
15.984,0.2664,31.281,16.2369,507.905,571.125
15.987,0.2664,31.2732,16.2401,507.881,571.234
15.989,0.2665,31.2655,16.2325,507.519,571.343
15.992,0.2665,31.2578,16.2386,507.583,571.451
15.995,0.2666,31.2502,16.2252,507.04,571.56
15.998,0.2666,31.2426,16.2342,507.2,571.669
16.001,0.2667,31.235,16.216,506.506,571.778
16.004,0.2667,31.2275,16.1784,505.21,571.886
16.007,0.2668,31.2201,16.0185,500.098,571.995
16.010,0.2668,31.2127,16.029,500.31,572.103
16.013,0.2669,31.2053,16.0076,499.523,572.212
16.016,0.2669,31.198,16.0213,499.832,572.321
16.019,0.2670,31.1907,16.0006,499.071,572.429
16.022,0.2670,31.1834,16.0172,499.472,572.538
16.024,0.2671,31.1762,15.9993,498.796,572.647
16.027,0.2671,31.1689,16.081,501.225,572.755
16.030,0.2672,31.1617,16.0785,501.033,572.864
16.033,0.2672,31.1543,16.0865,501.165,572.973
16.036,0.2673,31.1472,16.0914,501.2,573.081
16.039,0.2673,31.1397,16.0967,501.249,573.19
16.042,0.2674,31.1326,16.1062,501.427,573.299
16.045,0.2674,31.1254,16.1174,501.661,573.407
16.048,0.2675,31.1182,16.1279,501.871,573.516
16.051,0.2675,31.1109,16.1399,502.127,573.625
16.054,0.2676,31.1036,16.2067,504.088,573.733
16.057,0.2676,31.0962,16.2169,504.284,573.842
16.059,0.2677,31.0888,16.249,505.164,573.951
16.062,0.2677,31.0814,16.2573,505.299,574.06
16.065,0.2678,31.074,16.2634,505.369,574.169
16.068,0.2678,31.0666,16.1868,502.87,574.277
16.071,0.2679,31.0592,16.1087,500.323,574.386
16.074,0.2679,31.0518,16.1145,500.384,574.495
16.077,0.2679,31.0445,16.1066,500.022,574.604
16.080,0.2680,31.0371,16.1136,500.12,574.713
16.083,0.2680,31.0299,16.0961,499.459,574.821
16.086,0.2681,31.0226,16.105,499.618,574.93
16.089,0.2681,31.0154,16.0782,498.672,575.039
16.092,0.2682,31.0082,16.0902,498.928,575.147
16.094,0.2682,31.0011,16.055,497.724,575.256
16.097,0.2683,30.9939,15.9008,492.828,575.365
16.100,0.2683,30.9869,16.0625,497.728,575.473
16.103,0.2684,30.9797,16.0841,498.28,575.582
16.106,0.2684,30.9728,16.0381,496.745,575.691
16.109,0.2685,30.9656,16.0661,497.495,575.799
16.112,0.2685,30.9587,16.019,495.926,575.908
16.115,0.2686,30.9515,16.0537,496.885,576.016
16.118,0.2686,30.9445,16.0077,495.35,576.125
16.121,0.2687,30.9373,16.0487,496.504,576.233
16.124,0.2687,30.9303,16.0058,495.064,576.342
16.127,0.2688,30.923,16.0785,497.196,576.45
16.129,0.2688,30.9159,16.0429,495.981,576.559
16.132,0.2689,30.9085,16.0912,497.356,576.667
16.135,0.2689,30.9014,16.0615,496.324,576.776
16.138,0.2690,30.894,16.11,497.704,576.884
16.141,0.2690,30.8868,16.0869,496.873,576.993
16.144,0.2691,30.8794,16.1327,498.166,577.101
16.147,0.2691,30.8722,16.1163,497.545,577.21
16.150,0.2692,30.8647,16.1562,498.657,577.319
16.153,0.2692,30.8576,16.1466,498.244,577.427
16.156,0.2693,30.8501,16.1778,499.087,577.536
16.159,0.2693,30.8431,16.1919,499.407,577.645
16.161,0.2694,30.836,16.201,499.574,577.753
16.164,0.2694,30.829,16.2141,499.865,577.862
16.167,0.2695,30.822,16.218,499.871,577.971
16.170,0.2695,30.8151,16.2286,500.087,578.08
16.173,0.2696,30.8082,16.228,499.957,578.188
16.176,0.2696,30.8013,16.2346,500.046,578.297
16.179,0.2696,30.7946,16.2312,499.834,578.406
16.182,0.2697,30.7878,16.1202,496.306,578.515
16.185,0.2697,30.7813,16.1131,495.983,578.624
16.188,0.2698,30.7746,16.1103,495.787,578.733
16.191,0.2698,30.7681,16.1582,497.158,578.841
16.194,0.2699,30.7616,16.1577,497.036,578.95
16.196,0.2699,30.7552,16.1475,496.62,579.059
16.199,0.2700,30.7487,16.1408,496.309,579.168
16.202,0.2700,30.7424,16.1367,496.08,579.277
16.205,0.2701,30.7359,16.124,495.586,579.386
16.208,0.2701,30.7296,16.1275,495.593,579.495
16.211,0.2702,30.7232,16.1095,494.935,579.604
16.214,0.2702,30.7169,16.1037,494.655,579.713
16.217,0.2703,30.7104,16.0743,493.649,579.822
16.220,0.2703,30.7041,16.0983,494.282,579.931
16.223,0.2704,30.6976,16.1212,494.882,580.04
16.226,0.2704,30.6912,16.1362,495.238,580.148
16.229,0.2705,30.6848,16.1197,494.63,580.258
16.231,0.2705,30.6783,16.1397,495.138,580.366
16.234,0.2706,30.6719,16.1234,494.536,580.475
16.237,0.2706,30.6653,16.146,495.122,580.584
16.240,0.2707,30.659,16.0914,493.345,580.693
16.243,0.2707,30.6524,16.1208,494.142,580.802
16.246,0.2708,30.6462,16.1045,493.542,580.911
16.249,0.2708,30.6396,16.1325,494.295,581.02
16.252,0.2709,30.6336,16.1367,494.325,581.129
16.255,0.2709,30.6271,16.1763,495.431,581.238
16.258,0.2710,30.6211,16.1497,494.522,581.348
16.261,0.2710,30.6147,16.1842,495.474,581.457
16.264,0.2711,30.609,16.1616,494.691,581.566
16.266,0.2711,30.6027,16.1899,495.454,581.675
16.269,0.2712,30.5972,16.1725,494.833,581.784
16.272,0.2712,30.591,16.1936,495.377,581.893
16.275,0.2713,30.5856,16.1987,495.448,582.003
16.278,0.2713,30.5803,16.2031,495.497,582.112
16.281,0.2714,30.5751,16.208,495.56,582.221
16.284,0.2714,30.5698,16.2121,495.601,582.331
16.287,0.2714,30.5646,16.2169,495.664,582.44
16.290,0.2715,30.5594,16.2211,495.707,582.55
16.293,0.2715,30.5542,16.2261,495.774,582.659
16.296,0.2716,30.5489,16.0532,490.406,582.768
16.299,0.2716,30.5436,16.0591,490.502,582.878
16.301,0.2717,30.5383,15.962,487.453,582.987
16.304,0.2717,30.5329,15.9663,487.497,583.096
16.307,0.2718,30.5274,16.1293,492.386,583.206
16.310,0.2718,30.5219,16.1329,492.407,583.315
16.313,0.2719,30.5162,16.1366,492.428,583.424
16.316,0.2719,30.5105,16.1387,492.4,583.533
16.319,0.2720,30.5047,16.1411,492.379,583.643
16.322,0.2720,30.4989,16.1412,492.289,583.752
16.325,0.2721,30.4929,16.1419,492.214,583.861
16.328,0.2721,30.4869,15.806,481.877,583.971
16.331,0.2722,30.4809,15.6869,478.151,584.08
16.334,0.2722,30.4747,15.683,477.934,584.189
16.337,0.2723,30.4686,15.6805,477.762,584.299
16.339,0.2723,30.4624,15.6743,477.477,584.408
16.342,0.2724,30.4563,15.6714,477.292,584.517
16.345,0.2724,30.4501,15.6631,476.944,584.627
16.348,0.2725,30.4439,15.6611,476.786,584.736
16.351,0.2725,30.4378,15.6509,476.379,584.846
16.354,0.2726,30.4316,15.6515,476.302,584.955
16.357,0.2726,30.4256,15.6394,475.837,585.064
16.360,0.2727,30.4195,15.6445,475.898,585.174
16.363,0.2727,30.4135,15.6304,475.374,585.284
16.366,0.2728,30.4075,15.6417,475.626,585.393
16.369,0.2728,30.4016,15.6257,475.045,585.503
16.372,0.2729,30.3956,15.6447,475.53,585.612
16.374,0.2729,30.3898,15.5627,472.946,585.722
16.377,0.2730,30.3839,15.5737,473.189,585.832
16.380,0.2730,30.3781,15.573,473.079,585.942
16.383,0.2731,30.3722,15.7016,476.894,586.051
16.386,0.2731,30.3664,15.6876,476.376,586.161
16.389,0.2732,30.3606,15.7244,477.401,586.271
16.392,0.2732,30.3548,15.7348,477.627,586.381
16.395,0.2732,30.3491,15.7473,477.915,586.491
16.398,0.2733,30.3433,15.7592,478.185,586.601
16.401,0.2733,30.3375,15.7728,478.509,586.711
16.404,0.2734,30.3317,15.7854,478.799,586.82
16.407,0.2734,30.3259,15.7993,479.127,586.93
16.409,0.2735,30.3201,15.8116,479.41,587.04
16.412,0.2735,30.3143,15.7318,476.898,587.15
16.415,0.2736,30.3086,15.7421,477.12,587.26
16.418,0.2736,30.3029,15.7521,477.335,587.37
16.421,0.2737,30.2972,15.76,477.485,587.48
16.424,0.2737,30.2916,15.7633,477.497,587.59
16.427,0.2738,30.2861,15.772,477.67,587.7
16.430,0.2738,31.6,15.7991,499.251,587.81
16.433,0.2739,31.5962,15.8025,499.297,587.92
16.436,0.2739,31.5924,15.7969,499.061,588.03
16.439,0.2740,31.5886,15.6486,494.319,588.14
16.442,0.2740,31.585,15.6435,494.099,588.25
16.444,0.2741,31.5812,15.6335,493.726,588.36
16.447,0.2741,31.5776,15.6308,493.582,588.47
16.450,0.2742,31.5738,15.6148,493.021,588.58
16.453,0.2742,31.5703,15.6178,493.057,588.691
16.456,0.2743,31.5665,15.5952,492.286,588.801
16.459,0.2743,31.563,15.6068,492.598,588.911
16.462,0.2744,31.5591,15.5773,491.605,589.021
16.465,0.2744,31.5557,15.6,492.268,589.131
16.468,0.2745,31.5519,15.5632,491.047,589.241
16.471,0.2745,31.5485,15.5983,492.102,589.351
16.474,0.2746,31.5447,15.5543,490.655,589.461
16.477,0.2746,31.5415,15.7099,495.514,589.572
16.480,0.2747,31.5377,15.6538,493.685,589.682
16.482,0.2747,31.5346,15.6268,492.785,589.792
16.485,0.2748,31.5309,15.6091,492.168,589.902
16.488,0.2748,31.5279,15.681,494.39,590.013
16.491,0.2749,31.5243,15.6157,492.274,590.123
16.494,0.2749,31.5215,15.6927,494.658,590.233
16.497,0.2750,31.5179,15.6226,492.391,590.344
16.500,0.2750,31.5152,15.7015,494.837,590.454
16.503,0.2750,31.5117,15.6272,492.439,590.564
16.506,0.2751,31.5089,15.7051,494.851,590.675
16.509,0.2751,31.5054,15.7052,494.799,590.785
16.512,0.2752,31.5019,15.7035,494.691,590.895
16.515,0.2752,31.4983,15.6976,494.448,591.006
16.517,0.2753,31.4946,15.6943,494.285,591.116
16.520,0.2753,31.4907,15.6818,493.833,591.227
16.523,0.2754,31.4868,15.6776,493.638,591.337
16.526,0.2754,31.4827,15.6585,492.971,591.448
16.529,0.2755,31.4784,15.6549,492.792,591.558
16.532,0.2755,31.474,15.8284,498.184,591.669
16.535,0.2756,31.4694,15.8257,498.026,591.779
16.538,0.2756,31.4646,15.8003,497.151,591.89
16.541,0.2757,31.4596,15.8,497.063,592
16.544,0.2757,31.4544,15.6852,493.368,592.111
16.547,0.2758,31.449,15.6798,493.115,592.221
16.550,0.2758,31.4434,15.6619,492.464,592.332
16.552,0.2759,31.4377,15.66,492.313,592.443
16.555,0.2759,31.4318,15.6465,491.797,592.553
16.558,0.2760,31.4258,15.6485,491.768,592.664
16.561,0.2760,31.4197,15.6411,491.439,592.775
16.564,0.2761,31.4136,15.6471,491.532,592.885
16.567,0.2761,31.4073,15.5816,489.376,592.996
16.570,0.2762,31.4012,15.6115,490.219,593.107
16.573,0.2762,31.3949,15.6631,491.743,593.218
16.576,0.2763,31.3889,15.6696,491.853,593.328
16.579,0.2763,31.3828,15.6845,492.223,593.439
16.582,0.2764,31.377,15.6906,492.325,593.55
16.585,0.2764,31.3711,15.7119,492.9,593.661
16.587,0.2765,31.3657,15.7164,492.955,593.772
16.590,0.2765,31.3601,15.7427,493.693,593.882
16.593,0.2766,31.3551,15.7441,493.66,593.993
16.596,0.2766,31.3499,15.8679,497.457,594.104
16.599,0.2767,31.3454,15.8614,497.183,594.215
16.602,0.2767,31.3406,15.8978,498.247,594.326
16.605,0.2767,31.3365,15.9589,500.097,594.437
16.608,0.2768,31.332,15.9828,500.772,594.548
16.611,0.2768,31.3284,15.9744,500.452,594.659
16.614,0.2769,31.3242,16.0013,501.229,594.77
16.617,0.2769,31.3208,15.9833,500.61,594.881
16.620,0.2770,31.3169,16.0137,501.497,594.991
16.622,0.2770,31.3136,15.9852,500.556,595.102
16.625,0.2771,31.3098,15.9887,500.605,595.213
16.628,0.2771,31.306,15.9888,500.545,595.324
16.631,0.2772,31.3022,15.9897,500.512,595.435
16.634,0.2772,31.2983,15.9874,500.378,595.546
16.637,0.2773,31.2943,15.9867,500.292,595.657
16.640,0.2773,31.2902,15.8589,496.229,595.768
16.643,0.2774,31.286,15.8575,496.117,595.879
16.646,0.2774,31.2817,15.8541,495.942,595.99
16.649,0.2775,31.2773,15.8533,495.849,596.1
16.652,0.2775,31.2727,15.8514,495.715,596.211
16.655,0.2776,31.268,15.8515,495.646,596.322
16.657,0.2776,31.2631,15.8307,494.917,596.433
16.660,0.2777,31.2581,15.8304,494.83,596.544
16.663,0.2777,31.253,15.8307,494.757,596.655
16.666,0.2778,31.2478,15.8308,494.677,596.766
16.669,0.2778,31.2424,15.8323,494.638,596.877
16.672,0.2779,31.237,15.8321,494.546,596.988
16.675,0.2779,31.2315,15.8339,494.516,597.099
16.678,0.2780,31.2259,15.8327,494.39,597.21
16.681,0.2780,31.2202,15.8341,494.343,597.321
16.684,0.2781,31.2145,15.8313,494.166,597.433
16.687,0.2781,31.2088,15.8341,494.163,597.544
16.690,0.2782,31.2031,15.8266,493.841,597.655
16.692,0.2782,31.1974,15.9226,496.744,597.766
16.695,0.2783,31.1917,15.9112,496.297,597.877
16.698,0.2783,31.1859,15.914,496.293,597.988
16.701,0.2784,31.1802,15.8008,492.673,598.1
16.704,0.2784,31.1745,15.7945,492.384,598.211
16.707,0.2785,31.1688,15.7892,492.13,598.322
16.710,0.2785,31.163,15.7815,491.799,598.433
16.713,0.2785,31.1574,15.7773,491.579,598.544
16.716,0.2786,31.1516,15.7696,491.248,598.655
16.719,0.2786,31.1459,15.7683,491.12,598.767
16.722,0.2787,31.1402,15.7618,490.824,598.878
16.725,0.2787,31.1345,15.7656,490.853,598.989
16.727,0.2788,31.1287,15.7609,490.616,599.1
16.730,0.2788,31.123,15.7718,490.865,599.211
16.733,0.2789,31.1173,15.7689,490.686,599.322
16.736,0.2789,31.1116,15.8506,493.138,599.433
16.739,0.2790,31.1059,15.8531,493.123,599.544
16.742,0.2790,31.1002,15.8666,493.454,599.655
16.745,0.2791,31.0945,15.7152,488.658,599.766
16.748,0.2791,31.0889,15.729,488.998,599.877
16.751,0.2792,31.0834,15.623,485.617,599.988
16.754,0.2792,31.078,15.6392,486.035,600.099
16.757,0.2793,31.0726,15.6575,486.519,600.21
16.760,0.2793,31.0674,15.6745,486.965,600.321
16.762,0.2794,31.0623,15.6923,487.438,600.432
16.765,0.2794,31.0573,15.7085,487.864,600.543
16.768,0.2795,31.0524,15.7243,488.277,600.654
16.771,0.2795,31.0477,15.7861,490.122,600.764
16.774,0.2796,31.0431,15.7936,490.283,600.875
16.777,0.2796,31.0387,16.0241,497.369,600.986
16.780,0.2797,31.0344,16.0291,497.452,601.097
16.783,0.2797,31.0303,16.0394,497.707,601.208
16.786,0.2798,31.0263,16.0319,497.409,601.319
16.789,0.2798,31.0225,16.0398,497.596,601.43
16.792,0.2799,31.0186,16.0354,497.396,601.541
16.795,0.2799,31.015,16.0383,497.429,601.652
16.797,0.2800,31.0113,16.0306,497.13,601.763
16.800,0.2800,31.0078,16.0275,496.979,601.873
16.803,0.2801,31.0041,16.0186,496.641,601.984
16.806,0.2801,31.0006,16.009,496.289,602.095
16.809,0.2802,30.9969,16.0011,495.985,602.206
16.812,0.2802,30.9933,15.985,495.429,602.317
16.815,0.2802,30.9895,15.9807,495.235,602.428
16.818,0.2803,30.9857,15.9584,494.482,602.539
16.821,0.2803,30.9817,15.9602,494.475,602.65
16.824,0.2804,30.9777,15.932,493.538,602.761
16.827,0.2804,30.9736,15.9421,493.785,602.872
16.830,0.2805,30.9693,15.8247,490.078,602.983
16.832,0.2805,30.9649,15.8594,491.085,603.094
16.835,0.2806,30.9603,15.8038,489.29,603.205
16.838,0.2806,30.9558,15.8508,490.675,603.316
16.841,0.2807,30.951,15.7891,488.688,603.427
16.844,0.2807,30.9463,15.8487,490.458,603.537
16.847,0.2808,30.9413,15.5926,482.454,603.648
16.850,0.2808,30.9365,15.6489,484.123,603.759
16.853,0.2809,30.9314,15.5879,482.156,603.87
16.856,0.2809,30.9265,15.655,484.156,603.981
16.859,0.2810,30.9214,15.6553,484.082,604.091
16.862,0.2810,30.9162,15.6644,484.285,604.202
16.865,0.2811,30.911,15.6594,484.047,604.313
16.867,0.2811,30.9059,15.6764,484.492,604.423
16.870,0.2812,30.9007,15.7707,487.325,604.534
16.873,0.2812,30.8957,15.7882,487.787,604.645
16.876,0.2813,30.8906,15.7751,487.303,604.755
16.879,0.2813,30.8857,15.7961,487.874,604.866
16.882,0.2814,31.5703,15.8465,500.28,604.976
16.885,0.2814,31.5644,15.8701,500.931,605.087
16.888,0.2815,31.5586,15.8412,499.924,605.197
16.891,0.2815,31.5529,15.8671,500.651,605.308
16.894,0.2816,31.5474,15.7949,498.287,605.418
16.897,0.2816,31.5419,15.8163,498.877,605.529
16.900,0.2817,31.5367,15.7866,497.858,605.639
16.902,0.2817,31.5315,15.8085,498.467,605.749
16.905,0.2818,31.5266,15.6816,494.388,605.86
16.908,0.2818,31.5217,15.6909,494.605,605.97
16.911,0.2819,31.517,15.678,494.124,606.081
16.914,0.2819,31.5124,15.6866,494.323,606.191
16.917,0.2820,31.508,15.7665,496.77,606.302
16.920,0.2820,31.5036,15.739,495.835,606.412
16.923,0.2820,31.4995,15.7669,496.65,606.522
16.926,0.2821,31.4954,15.7389,495.703,606.633
16.929,0.2821,31.4915,15.7691,496.593,606.743
16.932,0.2822,31.4877,15.7414,495.66,606.854
16.935,0.2822,31.484,15.7734,496.609,606.964
16.937,0.2823,31.4806,15.7464,495.705,607.074
16.940,0.2823,31.4771,15.7797,496.7,607.185
16.943,0.2824,31.4739,15.7533,495.82,607.295
16.946,0.2824,31.4706,15.7879,496.856,607.405
16.949,0.2825,31.4677,15.7615,495.978,607.516
16.952,0.2825,31.4644,15.7974,497.055,607.626
16.955,0.2826,31.4616,15.7057,494.126,607.736
16.958,0.2826,31.4584,15.7427,495.24,607.847
16.961,0.2827,31.4556,15.7096,494.155,607.957
16.964,0.2827,31.4523,15.7489,495.338,608.067
16.967,0.2828,31.4494,15.6747,492.959,608.177
16.970,0.2828,31.4459,15.6915,493.434,608.288
16.972,0.2829,31.4427,15.6698,492.7,608.398
16.975,0.2829,31.4389,15.672,492.71,608.508
16.978,0.2830,31.4349,15.6718,492.643,608.618
16.981,0.2830,31.4306,15.6716,492.57,608.728
16.984,0.2831,31.4261,15.6693,492.425,608.839
16.987,0.2831,31.4213,15.6669,492.274,608.949
16.990,0.2832,31.4162,15.6627,492.063,609.059
16.993,0.2832,31.4109,15.6584,491.845,609.169
16.996,0.2833,31.4052,15.6702,492.125,609.279
16.999,0.2833,31.3992,15.6648,491.861,609.389
17.002,0.2834,31.393,15.6589,491.578,609.499
17.005,0.2834,31.3864,15.6524,491.274,609.609
17.007,0.2835,31.3796,15.6463,490.975,609.719
17.010,0.2835,31.3726,15.6398,490.66,609.829
17.013,0.2836,31.3653,15.6343,490.374,609.939
17.016,0.2836,31.3579,15.6286,490.08,610.049
17.019,0.2837,31.3503,15.6245,489.833,610.159
17.022,0.2837,31.3426,15.8249,495.995,610.268
17.025,0.2837,31.3348,15.8229,495.808,610.378
17.028,0.2838,31.327,15.8208,495.617,610.488
17.031,0.2838,31.3191,15.8209,495.498,610.597
17.034,0.2839,31.3113,15.8213,495.386,610.707
17.037,0.2839,31.3035,15.8225,495.298,610.816
17.040,0.2840,31.2956,15.8268,495.31,610.926
17.042,0.2840,31.288,15.8288,495.25,611.035
17.045,0.2841,31.2803,15.8366,495.376,611.145
17.048,0.2841,31.273,15.8388,495.327,611.254
17.051,0.2842,31.2656,15.7315,491.856,611.364
17.054,0.2842,31.2587,15.7239,491.511,611.473
17.057,0.2843,31.2517,15.5651,486.434,611.582
17.060,0.2843,31.2452,15.5615,486.223,611.691
17.063,0.2844,31.2386,15.689,490.102,611.801
17.066,0.2844,31.2326,15.6766,489.62,611.91
17.069,0.2845,31.2265,15.715,490.724,612.019
17.072,0.2845,31.2209,15.591,486.765,612.128
17.075,0.2846,31.2152,15.6284,487.846,612.237
17.077,0.2846,31.2101,15.6048,487.027,612.346
17.080,0.2847,31.2049,15.6456,488.219,612.455
17.083,0.2847,31.2002,15.6122,487.104,612.565
17.086,0.2848,31.1954,15.6567,488.417,612.674
17.089,0.2848,31.191,15.613,486.983,612.783
17.092,0.2849,31.1865,15.6156,486.995,612.892
17.095,0.2849,31.1822,15.6151,486.912,613.001
17.098,0.2850,31.178,15.6151,486.847,613.11
17.101,0.2850,31.1738,15.6125,486.701,613.219
17.104,0.2851,31.1698,15.6108,486.585,613.329
17.107,0.2851,31.1658,15.6073,486.413,613.438
17.110,0.2852,31.1618,15.605,486.279,613.547
17.112,0.2852,31.1578,15.6019,486.123,613.656
17.115,0.2853,31.1539,15.6001,486.004,613.765
17.118,0.2853,31.15,15.5987,485.899,613.874
17.121,0.2854,31.146,15.5983,485.825,613.984
17.124,0.2854,31.1421,15.6077,486.055,614.093
17.127,0.2855,31.138,15.6009,485.782,614.202
17.130,0.2855,31.134,15.7158,489.295,614.311
17.133,0.2855,31.1298,15.6425,486.949,614.42
17.136,0.2856,31.1256,15.6606,487.446,614.529
17.139,0.2856,31.1213,15.6558,487.228,614.638
17.142,0.2857,31.1169,15.6739,487.722,614.748
17.144,0.2857,31.1123,15.672,487.591,614.857
17.147,0.2858,31.1076,15.6855,487.94,614.966
17.150,0.2858,31.1028,15.6899,488,615.075
17.153,0.2859,31.0978,15.5441,483.389,615.184
17.156,0.2859,31.0927,15.5567,483.7,615.293
17.159,0.2860,31.0873,15.5507,483.431,615.401
17.162,0.2860,31.0818,15.5757,484.121,615.51
17.165,0.2861,31.0761,15.5532,483.331,615.619
17.168,0.2861,31.0702,15.5921,484.45,615.728
17.171,0.2862,31.064,15.5515,483.091,615.837
17.174,0.2862,31.0577,15.6048,484.65,615.946
17.177,0.2863,31.0511,15.5914,484.131,616.054
17.179,0.2863,31.0445,15.6495,485.832,616.163
17.182,0.2864,31.0376,15.5835,483.675,616.272
17.185,0.2864,31.0306,15.6586,485.895,616.381
17.188,0.2865,31.0234,15.5329,481.882,616.489
17.191,0.2865,31.0161,15.6437,485.206,616.598
17.194,0.2866,31.0088,15.5294,481.548,616.707
17.197,0.2866,31.0013,15.6503,485.179,616.815
17.200,0.2867,30.9939,15.5283,481.283,616.924
17.203,0.2867,30.9864,15.6558,485.119,617.033
17.206,0.2868,30.9791,15.5302,481.113,617.141
17.209,0.2868,30.9717,15.5332,481.089,617.25
17.212,0.2869,30.9644,15.4868,479.539,617.359
17.214,0.2869,30.9572,15.482,479.28,617.468
17.217,0.2870,30.9502,15.5701,481.897,617.576
17.220,0.2870,30.9432,15.5651,481.636,617.685
17.223,0.2871,30.9367,15.5809,482.022,617.794
17.226,0.2871,30.9302,15.5756,481.755,617.903
17.229,0.2872,30.9242,15.5937,482.222,618.012
17.232,0.2872,30.9181,15.5895,482,618.12
17.235,0.2872,30.9127,15.6072,482.46,618.229
17.238,0.2873,30.9071,15.6058,482.329,618.338
17.241,0.2873,30.9023,15.6198,482.687,618.447
17.244,0.2874,30.8972,15.6223,482.687,618.556
17.247,0.2874,30.8929,15.6297,482.848,618.665
17.249,0.2875,30.8883,15.6371,483.004,618.774
17.252,0.2875,30.8844,15.6354,482.891,618.883
17.255,0.2876,30.8802,15.809,488.185,618.992
17.258,0.2876,30.8766,15.7996,487.839,619.1
17.261,0.2877,30.8728,15.816,488.283,619.209
17.264,0.2877,30.8694,15.7944,487.562,619.318
17.267,0.2878,30.8658,15.8162,488.178,619.427
17.270,0.2878,30.8624,15.7529,486.171,619.536
17.273,0.2879,30.859,15.7713,486.686,619.645
17.276,0.2879,30.8555,15.7417,485.72,619.754
17.279,0.2880,30.8521,15.763,486.322,619.863
17.282,0.2880,30.8485,15.7284,485.197,619.972
17.284,0.2881,30.8451,15.7505,485.824,620.081
17.287,0.2881,30.8412,15.7146,484.657,620.19
17.290,0.2882,30.8376,15.7354,485.243,620.299
17.293,0.2882,30.8335,15.7023,484.157,620.408
17.296,0.2883,30.8297,15.72,484.642,620.517
17.299,0.2883,30.8254,15.6965,483.851,620.626
17.302,0.2884,30.8215,15.7063,484.092,620.735
17.305,0.2884,30.8168,15.6948,483.664,620.844
17.308,0.2885,30.8128,15.6967,483.658,620.953
17.311,0.2885,30.8079,15.6972,483.596,621.061
17.314,0.2886,30.8037,15.6926,483.391,621.17
17.317,0.2886,30.7985,15.7031,483.633,621.279
17.319,0.2887,30.7942,15.6953,483.322,621.388
17.322,0.2887,30.7888,15.7116,483.741,621.497
17.325,0.2888,30.7843,15.7292,484.214,621.606
17.328,0.2888,30.7797,15.736,484.348,621.715
17.331,0.2889,30.775,15.7422,484.467,621.824
17.334,0.2889,30.7702,15.8164,486.674,621.933
17.337,0.2889,30.7653,15.8191,486.679,622.043
17.340,0.2890,30.7604,15.8213,486.668,622.152
17.343,0.2890,30.7553,15.8228,486.634,622.261
17.346,0.2891,30.7501,15.8702,488.012,622.37
17.349,0.2891,30.7449,15.8708,487.947,622.479
17.352,0.2892,30.7395,15.8702,487.843,622.588
17.354,0.2892,30.734,15.8692,487.724,622.697
17.357,0.2893,30.7284,15.8668,487.561,622.806
17.360,0.2893,30.7227,15.8637,487.377,622.915
17.363,0.2894,30.7169,15.8593,487.148,623.024
17.366,0.2894,30.711,15.8541,486.894,623.133
17.369,0.2895,30.705,15.8476,486.601,623.242
17.372,0.2895,30.699,15.9415,489.389,623.351
17.375,0.2896,30.6929,15.9345,489.076,623.46
17.378,0.2896,30.6867,15.8481,486.326,623.569
17.381,0.2897,30.6805,15.8389,485.945,623.678
17.384,0.2897,30.6744,15.8277,485.504,623.787
17.387,0.2898,30.6682,15.8232,485.268,623.896
17.389,0.2898,30.6621,15.8046,484.603,624.005
17.392,0.2899,30.656,15.8052,484.524,624.113
17.395,0.2899,30.6499,15.7814,483.697,624.222
17.398,0.2900,30.644,15.7866,483.766,624.331
17.401,0.2900,30.6381,15.7605,482.873,624.44
17.404,0.2901,30.6324,15.7695,483.057,624.549
17.407,0.2901,30.6267,15.7451,482.22,624.658
17.410,0.2902,30.6213,15.756,482.47,624.766
17.413,0.2902,30.6158,15.6227,478.302,624.875
17.416,0.2903,30.6106,15.6353,478.606,624.984
17.419,0.2903,30.6054,15.8545,485.232,625.093
17.422,0.2904,30.6004,15.5664,476.337,625.202
17.424,0.2904,30.5954,15.5739,476.489,625.311
17.427,0.2905,30.5906,15.5777,476.531,625.419
17.430,0.2905,30.5857,15.599,477.106,625.528
17.433,0.2906,30.5811,15.599,477.035,625.637
17.436,0.2906,30.5762,15.5916,476.731,625.746
17.439,0.2907,30.5717,15.5383,475.03,625.855
17.442,0.2907,30.5669,15.5584,475.571,625.964
17.445,0.2907,30.5621,15.5818,476.212,626.073
17.448,0.2908,31.3328,15.685,491.455,626.182
17.451,0.2908,31.3261,15.7087,492.092,626.291
17.454,0.2909,31.3196,15.7291,492.629,626.4
17.457,0.2909,31.3132,15.7515,493.231,626.509
17.459,0.2910,31.307,15.7695,493.696,626.618
17.462,0.2910,31.3008,15.7883,494.188,626.726
17.465,0.2911,31.2948,15.802,494.52,626.835
17.468,0.2911,31.2889,15.8151,494.836,626.944
17.471,0.2912,31.2832,15.8228,494.986,627.053
17.474,0.2912,31.2775,15.8201,494.813,627.162
17.477,0.2913,31.2718,15.8295,495.018,627.271
17.480,0.2913,31.2663,15.8109,494.35,627.38
17.483,0.2914,31.2607,15.8213,494.585,627.488
17.486,0.2914,31.2553,15.788,493.458,627.597
17.489,0.2915,31.2496,15.7989,493.71,627.706
17.492,0.2915,31.244,15.7534,492.2,627.814
17.495,0.2916,31.2382,15.7648,492.463,627.923
17.497,0.2916,31.2323,15.6336,488.274,628.032
17.500,0.2917,31.2262,15.6451,488.537,628.14
17.503,0.2917,31.2199,15.5839,486.528,628.249
17.506,0.2918,31.2133,15.5078,484.049,628.358
17.509,0.2918,31.2065,15.4451,481.989,628.466
17.512,0.2919,31.1995,15.461,482.376,628.575
17.515,0.2919,31.1921,15.3988,480.32,628.683
17.518,0.2920,31.1845,15.4222,480.934,628.792
17.521,0.2920,31.1765,15.3622,478.939,628.9
17.524,0.2921,31.1683,15.3956,479.855,629.009
17.527,0.2921,31.1598,15.3386,477.946,629.118
17.530,0.2922,31.1512,15.384,479.231,629.226
17.532,0.2922,31.1421,15.3297,477.399,629.335
17.535,0.2923,31.1332,15.3887,479.1,629.443
17.538,0.2923,31.1239,15.3357,477.307,629.552
17.541,0.2924,31.1147,15.4089,479.445,629.661
17.544,0.2924,31.1053,15.3553,477.633,629.769
17.547,0.2925,31.0962,15.4424,480.2,629.878
17.550,0.2925,31.0869,15.386,478.302,629.987
17.553,0.2925,31.0778,15.4854,481.254,630.095
17.556,0.2926,31.0689,15.3104,475.677,630.204
17.559,0.2926,31.0602,15.3858,477.885,630.313
17.562,0.2927,31.0516,15.3953,478.047,630.422
17.565,0.2927,31.0432,15.3085,475.226,630.53
17.567,0.2928,31.0352,15.2966,474.733,630.639
17.570,0.2928,31.0273,15.3631,476.676,630.748
17.573,0.2929,31.02,15.3302,475.544,630.857
17.576,0.2929,31.0125,15.4096,477.892,630.965
17.579,0.2930,31.0058,15.3574,476.17,631.074
17.582,0.2930,30.9988,15.4451,478.78,631.183
17.585,0.2931,30.9927,15.3763,476.553,631.292
17.588,0.2931,30.9861,15.5943,483.205,631.4
17.591,0.2932,30.9803,15.5196,480.802,631.509
17.594,0.2932,30.974,15.6005,483.211,631.618
17.597,0.2933,30.9685,15.5175,480.553,631.726
17.600,0.2933,30.9624,15.597,482.919,631.835
17.603,0.2934,30.957,15.2142,470.986,631.944
17.605,0.2934,30.951,15.286,473.117,632.052
17.608,0.2935,30.9455,15.2012,470.41,632.161
17.611,0.2935,30.9395,15.2713,472.487,632.27
17.614,0.2936,30.9339,15.1842,469.706,632.378
17.617,0.2936,30.9278,15.2536,471.761,632.487
17.620,0.2937,30.922,15.1647,468.923,632.596
17.623,0.2937,30.9158,15.1522,468.442,632.704
17.626,0.2938,30.9097,15.0582,465.446,632.813
17.629,0.2938,30.9035,15.1342,467.699,632.922
17.632,0.2939,30.8972,15.0382,464.638,633.03
17.635,0.2939,30.8909,15.1187,467.031,633.139
17.638,0.2940,30.8845,15.0197,463.874,633.248
17.640,0.2940,30.8781,15.1067,466.465,633.356
17.643,0.2941,30.8717,15.0034,463.18,633.465
17.646,0.2941,30.8654,15.0982,466.012,633.574
17.649,0.2942,30.859,14.9848,462.415,633.683
17.652,0.2942,30.8528,15.1403,467.121,633.792
17.655,0.2943,30.8465,15.0512,464.276,633.9
17.658,0.2943,30.8404,15.1334,466.721,634.009
17.661,0.2943,30.8343,15.0369,463.651,634.118
17.664,0.2944,30.8284,15.1309,466.462,634.227
17.667,0.2944,30.8224,15.0254,463.119,634.336
17.670,0.2945,30.8166,15.1542,467.002,634.445
17.673,0.2945,30.8107,15.076,464.503,634.554
17.675,0.2946,30.805,15.1078,465.395,634.663
17.678,0.2946,30.7993,15.1116,465.425,634.772
17.681,0.2947,30.7935,15.1159,465.473,634.881
17.684,0.2947,30.7878,15.1222,465.578,634.99
17.687,0.2948,30.782,15.1295,465.715,635.099
17.690,0.2948,30.7761,15.1439,466.069,635.208
17.693,0.2949,30.7702,15.1536,466.279,635.317
17.696,0.2949,30.7641,15.1645,466.523,635.426
17.699,0.2950,30.7579,15.1765,466.799,635.535
17.702,0.2950,30.7516,15.1894,467.099,635.644
17.705,0.2951,30.7452,15.2031,467.421,635.753
17.708,0.2951,30.7386,15.2172,467.755,635.862
17.711,0.2952,30.7319,15.2315,468.094,635.971
17.713,0.2952,30.7251,15.246,468.436,636.08
17.716,0.2953,30.7182,15.26,468.759,636.189
17.719,0.2953,30.7112,15.2514,468.391,636.298
17.722,0.2954,30.7042,15.2621,468.611,636.407
17.725,0.2954,30.6972,15.2726,468.825,636.515
17.728,0.2955,30.6901,15.4052,472.787,636.624
17.731,0.2955,30.6831,15.413,472.92,636.733
17.734,0.2956,30.6762,15.2738,468.541,636.842
17.737,0.2956,30.6694,15.2718,468.375,636.951
17.740,0.2957,30.6626,15.2778,468.458,637.06
17.743,0.2957,30.6561,15.2666,468.015,637.168
17.746,0.2958,30.6497,15.2759,468.2,637.277
17.748,0.2958,30.6435,15.2555,467.481,637.386
17.751,0.2959,30.6374,15.2695,467.819,637.495
17.754,0.2959,30.6316,15.2402,466.831,637.604
17.757,0.2960,30.626,15.2611,467.387,637.713
17.760,0.2960,30.6205,15.223,466.137,637.822
17.763,0.2961,30.6153,15.2532,466.982,637.931
17.766,0.2961,30.6102,15.2066,465.479,638.04
17.769,0.2961,30.6053,15.2484,466.682,638.149
17.772,0.2962,30.6005,15.1936,464.932,638.258
17.775,0.2962,30.5958,15.249,466.554,638.366
17.778,0.2963,30.5911,15.186,464.557,638.475
17.781,0.2963,30.5865,15.2565,466.642,638.584
17.783,0.2964,30.5819,15.1851,464.389,638.693
17.786,0.2964,30.5773,15.2714,466.959,638.802
17.789,0.2965,30.5727,15.1913,464.438,638.911
17.792,0.2965,30.5679,15.2022,464.701,639.02
17.795,0.2966,30.5631,15.2165,465.064,639.13
17.798,0.2966,30.5581,15.2301,465.403,639.239
17.801,0.2967,30.5531,15.2465,465.829,639.348
17.804,0.2967,30.548,15.2616,466.211,639.457
17.807,0.2968,30.5429,15.1647,463.172,639.566
17.810,0.2968,30.5376,15.1824,463.634,639.675
17.813,0.2969,30.5323,15.2012,464.127,639.784
17.816,0.2969,30.527,15.217,464.53,639.893
17.818,0.2970,30.5216,15.2325,464.92,640.002
17.821,0.2970,30.5163,15.2451,465.223,640.112
17.824,0.2971,30.511,15.2402,464.993,640.221
17.827,0.2971,30.5057,15.2645,465.654,640.33
17.830,0.2972,30.5006,15.2394,464.809,640.439
17.833,0.2972,30.4954,15.2742,465.793,640.548
17.836,0.2973,30.4906,15.2304,464.384,640.657
17.839,0.2973,30.4857,15.2742,465.645,640.767
17.842,0.2974,30.4813,15.2147,463.763,640.876
17.845,0.2974,30.4767,15.2713,465.418,640.985
17.848,0.2975,30.4726,15.2251,463.948,641.094
17.851,0.2975,30.4683,15.2556,464.811,641.203
17.854,0.2976,30.4645,15.2033,463.161,641.312
17.856,0.2976,30.4605,15.2387,464.177,641.422
17.859,0.2977,30.4571,15.182,462.4,641.531
17.862,0.2977,30.4531,15.2235,463.603,641.64
17.865,0.2978,30.4499,15.1636,461.73,641.749
17.868,0.2978,30.446,15.2126,463.162,641.859
17.871,0.2979,30.4429,15.3779,468.147,641.968
17.874,0.2979,30.4388,15.4197,469.359,642.077
17.877,0.2979,30.4356,15.468,470.777,642.186
17.880,0.2980,30.4313,15.5353,472.761,642.296
17.883,0.2980,30.4279,15.4686,470.675,642.405
17.886,0.2981,30.4233,15.519,472.139,642.514
17.889,0.2981,30.4194,15.4272,469.288,642.623
17.891,0.2982,30.4144,15.6196,475.062,642.733
17.894,0.2982,30.4102,15.5244,472.099,642.842
17.897,0.2983,30.4048,15.6486,475.791,642.951
17.900,0.2983,30.4001,15.5434,472.521,643.06
17.903,0.2984,30.3943,15.6795,476.568,643.17
17.906,0.2984,30.3893,15.5618,472.911,643.279
17.909,0.2985,30.3832,15.5766,473.266,643.388
17.912,0.2985,30.377,15.5863,473.464,643.497
17.915,0.2986,30.3709,15.6019,473.843,643.607
17.918,0.2986,30.3646,15.6053,473.85,643.716
17.921,0.2987,30.3587,15.6208,474.228,643.825
17.924,0.2987,30.3524,15.6176,474.032,643.935
17.927,0.2988,30.3469,15.6325,474.396,644.044
17.929,0.2988,30.3407,15.6226,474.002,644.153
17.932,0.2989,30.3356,15.637,474.359,644.261
17.935,0.2989,30.3298,15.6213,473.791,644.37
17.938,0.2990,30.3252,15.6636,475.003,644.477
17.941,0.2990,30.3197,15.6627,474.889,644.586
17.944,0.2991,30.3155,15.6545,474.575,644.693
17.947,0.2991,30.3105,15.651,474.39,644.802
17.950,0.2992,30.3066,15.2941,463.512,644.909
17.953,0.2992,30.302,15.2859,463.193,645.018
17.955,0.2993,30.2984,15.2337,461.557,645.126
17.958,0.2993,30.2941,15.2414,461.726,645.236
17.961,0.2994,30.2906,15.2354,461.49,645.345
17.964,0.2994,30.2866,15.2373,461.485,645.455
17.967,0.2995,30.2831,15.2404,461.528,645.565
17.970,0.2995,30.2794,15.2147,460.693,645.674
17.973,0.2995,30.2758,15.2134,460.599,645.781
17.976,0.2996,31.2065,15.3205,478.099,645.891
17.979,0.2996,31.2015,15.3132,477.794,645.996
17.981,0.2997,31.1971,15.3212,477.978,646.106
17.984,0.2997,31.1924,15.3186,477.823,646.212
17.987,0.2998,31.1882,15.3203,477.811,646.322
17.990,0.2998,31.1836,15.3218,477.789,646.43
17.993,0.2999,31.1795,15.3166,477.566,646.54
17.996,0.2999,31.1751,15.3221,477.668,646.65
17.999,0.3000,31.1711,15.3116,477.279,646.76
18.002,0.3000,31.1666,15.3192,477.447,646.869
18.005,0.3001,31.1625,15.3037,476.903,646.979
18.008,0.3001,31.158,15.3137,477.144,647.089
18.011,0.3002,31.1537,15.2941,476.466,647.199
18.013,0.3002,31.1489,15.3071,476.798,647.308
18.016,0.3003,31.1442,15.2839,476.004,647.417
18.019,0.3003,31.1393,15.3013,476.472,647.524
18.022,0.3004,31.134,15.2742,475.548,647.634
18.025,0.3004,31.1288,15.2729,475.427,647.739
18.028,0.3005,31.1233,15.2723,475.322,647.844
18.031,0.3005,31.1175,15.2727,475.247,647.949
18.033,0.3006,31.1115,15.2737,475.186,648.055
18.036,0.3006,31.1051,15.2767,475.185,648.161
18.039,0.3007,31.0985,15.2802,475.192,648.269
18.042,0.3007,31.0915,15.2071,472.811,648.378
18.045,0.3007,31.0843,15.2141,472.92,648.488
18.048,0.3008,31.077,15.2245,473.133,648.598
18.051,0.3008,31.0696,15.2346,473.333,648.707
18.054,0.3009,31.0621,15.2478,473.63,648.817
18.057,0.3009,31.0547,15.3277,475.998,648.927
18.059,0.3010,31.0473,15.2239,472.662,649.037
18.062,0.3010,31.0401,15.1094,468.996,649.147
18.065,0.3011,31.0329,15.1236,469.328,649.257
18.068,0.3011,31.026,15.236,472.711,649.367
18.071,0.3012,31.0193,15.2478,472.976,649.477
18.074,0.3012,31.0128,15.4766,479.973,649.587
18.077,0.3013,31.0065,15.4835,480.088,649.697
18.080,0.3013,31.0006,15.4897,480.19,649.807
18.083,0.3014,30.9949,15.4922,480.178,649.917
18.086,0.3014,30.9894,15.4948,480.174,650.027
18.089,0.3015,30.9842,15.4925,480.024,650.138
18.092,0.3015,30.9793,15.4921,479.935,650.248
18.094,0.3016,30.9746,15.485,479.642,650.356
18.097,0.3016,30.9701,15.4833,479.52,650.465
18.100,0.3017,30.9657,15.4712,479.077,650.572
18.103,0.3017,30.9615,15.4705,478.991,650.682
18.106,0.3018,30.9575,15.4536,478.405,650.786
18.109,0.3018,30.9535,15.4562,478.424,650.896
18.111,0.3019,30.9497,15.435,477.709,650.997
18.114,0.3019,30.9458,15.443,477.896,651.108
18.117,0.3019,30.9421,15.4178,477.058,651.207
18.120,0.3020,30.9382,15.4331,477.474,651.318
18.123,0.3020,30.9344,15.404,476.514,651.418
18.125,0.3021,30.9305,15.4285,477.211,651.529
18.128,0.3021,30.9266,15.3958,476.139,651.632
18.131,0.3022,30.9227,15.4304,477.148,651.742
18.134,0.3022,30.9186,15.395,475.992,651.848
18.137,0.3023,30.9146,15.346,474.414,651.958
18.140,0.3023,30.9105,15.3497,474.467,652.063
18.142,0.3024,30.9065,15.3565,474.615,652.167
18.145,0.3024,30.9024,15.3633,474.761,652.272
18.148,0.3025,30.8982,15.3729,474.994,652.378
18.151,0.3025,30.894,15.3825,475.226,652.486
18.154,0.3026,30.8898,15.4241,476.446,652.596
18.157,0.3026,30.8855,15.435,476.718,652.706
18.160,0.3027,30.8813,15.447,477.024,652.816
18.162,0.3027,30.8771,15.4578,477.292,652.926
18.165,0.3028,30.8729,15.5296,479.443,653.036
18.168,0.3028,30.8688,15.5393,479.68,653.146
18.171,0.3029,30.8647,15.5354,479.497,653.255
18.174,0.3029,30.8608,15.5554,480.052,653.359
18.177,0.3029,30.8567,15.5386,479.469,653.469
18.179,0.3030,30.853,15.5654,480.239,653.569
18.182,0.3030,30.8488,15.539,479.36,653.677
18.185,0.3031,30.8453,15.5686,480.217,653.774
18.188,0.3031,30.8408,15.5368,479.168,653.884
18.190,0.3032,30.8372,15.5645,479.966,653.98
18.193,0.3032,30.8326,15.5319,478.887,654.09
18.196,0.3033,30.8287,15.5525,479.463,654.189
18.199,0.3033,30.8238,15.5239,478.506,654.299
18.202,0.3034,30.8195,15.5318,478.68,654.405
18.204,0.3034,30.8144,15.5128,478.018,654.512
18.207,0.3035,30.81,15.5048,477.703,654.616
18.210,0.3035,30.8048,15.4984,477.426,654.722
18.213,0.3035,30.8002,15.4733,476.579,654.825
18.215,0.3036,30.7949,15.4806,476.723,654.931
18.218,0.3036,30.7901,15.4386,475.358,655.035
18.221,0.3037,30.7847,15.4591,475.904,655.143
18.224,0.3037,30.7797,15.4021,474.072,655.25
18.227,0.3038,30.7742,15.4344,474.982,655.36
18.230,0.3038,30.7691,15.3664,472.809,655.468
18.233,0.3039,30.7638,15.4078,474.002,655.579
18.236,0.3039,30.7588,15.3333,471.633,655.689
18.238,0.3040,30.7539,15.3807,473.017,655.798
18.241,0.3040,30.7492,15.3065,470.662,655.902
18.244,0.3041,30.7448,15.3546,472.074,656.01
18.247,0.3041,30.7406,15.2857,469.892,656.11
18.249,0.3042,30.7366,15.3998,473.337,656.218
18.252,0.3042,30.7326,15.3904,472.986,656.316
18.255,0.3042,30.7287,15.3727,472.383,656.415
18.257,0.3043,30.725,15.3734,472.347,656.512
18.260,0.3043,30.7212,15.43,474.028,656.617
18.263,0.3044,30.7176,15.4356,474.145,656.714
18.266,0.3044,30.7139,15.2739,469.12,656.824
18.268,0.3045,30.7103,15.2942,469.691,656.925
18.271,0.3045,30.7068,15.251,468.309,657.035
18.274,0.3046,30.7033,15.2792,469.121,657.136
18.277,0.3046,30.7,15.2336,467.672,657.242
18.279,0.3047,30.6962,15.2658,468.603,657.346
18.282,0.3047,30.6929,15.2214,467.188,657.451
18.285,0.3047,30.6891,15.309,469.821,657.551
18.288,0.3048,30.6855,15.267,468.476,657.658
18.290,0.3048,30.6817,15.2987,469.389,657.756
18.293,0.3049,30.6776,15.1878,465.924,657.866
18.296,0.3049,30.6735,15.2225,466.926,657.965
18.298,0.3050,30.6693,15.1881,465.806,658.069
18.301,0.3050,30.6648,15.2202,466.723,658.17
18.304,0.3051,30.6603,15.1919,465.788,658.269
18.307,0.3051,30.6553,15.2215,466.62,658.375
18.309,0.3052,30.6506,15.1989,465.855,658.471
18.312,0.3052,30.6452,15.2271,466.637,658.58
18.314,0.3052,30.6402,15.2089,466.003,658.675
18.317,0.3053,30.6347,15.237,466.78,658.782
18.320,0.3053,30.6293,15.222,466.239,658.877
18.323,0.3054,30.6238,15.2698,467.618,658.981
18.325,0.3054,30.6179,15.3795,470.89,659.081
18.328,0.3055,30.6124,15.3701,470.516,659.186
18.331,0.3055,30.6059,15.4041,471.455,659.295
18.334,0.3056,30.6003,15.4825,473.77,659.4
18.337,0.3056,30.5938,15.5058,474.382,659.51
18.339,0.3057,30.5884,15.509,474.395,659.614
18.342,0.3057,30.5822,15.6737,479.336,659.72
18.345,0.3058,30.5769,15.6932,479.849,659.828
18.348,0.3058,30.5709,15.6893,479.636,659.933
18.351,0.3058,30.5658,15.7216,480.542,660.04
18.354,0.3059,30.56,15.8597,484.671,660.148
18.356,0.3059,30.5551,15.8125,483.153,660.256
18.359,0.3060,30.5495,15.7834,482.175,660.366
18.362,0.3060,30.5449,15.787,482.212,660.47
18.365,0.3061,30.5403,15.7862,482.115,660.577
18.368,0.3061,30.5359,15.6806,478.822,660.684
18.371,0.3062,30.5316,15.6717,478.481,660.79
18.373,0.3062,30.5274,15.6608,478.083,660.896
18.376,0.3063,30.5232,15.6461,477.568,661.003
18.379,0.3063,30.5191,15.6293,476.993,661.107
18.382,0.3064,30.5151,15.6095,476.327,661.21
18.384,0.3064,30.5112,15.5878,475.602,661.311
18.387,0.3064,30.5073,15.5635,474.799,661.412
18.390,0.3065,30.5033,15.5368,473.923,661.512
18.392,0.3065,30.4992,15.5079,472.978,661.613
18.395,0.3066,30.4949,15.4758,471.934,661.717
18.398,0.3066,30.4904,15.442,470.834,661.824
18.401,0.3067,30.4857,15.4074,469.706,661.93
18.404,0.3067,30.481,15.3741,468.617,662.035
18.406,0.3068,30.4763,15.342,467.567,662.135
18.409,0.3068,30.4714,15.3107,466.538,662.235
18.411,0.3069,30.4665,15.2812,465.564,662.334
18.414,0.3069,30.4613,15.2527,464.617,662.434
18.417,0.3069,30.4559,15.2268,463.747,662.535
18.420,0.3070,30.4502,15.2273,463.675,662.639
18.422,0.3070,30.4441,15.1309,460.647,662.749
18.425,0.3071,30.4379,15.1728,461.829,662.856
18.428,0.3071,30.4318,15.1012,459.556,662.962
18.431,0.3072,30.425,15.1795,461.835,663.072
18.434,0.3072,30.4193,15.21,462.677,663.167
18.436,0.3073,30.4122,15.3205,465.932,663.277
18.439,0.3073,30.4068,15.2264,462.987,663.366
18.442,0.3074,30.3996,15.3588,466.9,663.473
18.444,0.3074,30.3941,15.264,463.937,663.56
18.447,0.3074,30.3869,15.4107,468.285,663.666
18.449,0.3075,30.3812,15.322,465.501,663.754
18.452,0.3075,30.3739,15.475,470.037,663.86
18.454,0.3076,30.368,15.3992,467.644,663.95
18.457,0.3076,30.3605,15.5504,472.119,664.058
18.460,0.3077,30.3541,15.4968,470.391,664.154
18.463,0.3077,30.3465,15.6327,474.396,664.264
18.465,0.3078,30.4898,15.6382,476.807,664.355
18.468,0.3078,30.4851,15.7683,480.697,664.464
18.470,0.3078,30.4811,15.816,482.089,664.553
18.473,0.3079,30.4774,15.8602,483.378,664.641
18.475,0.3079,30.4739,15.9047,484.678,664.729
18.478,0.3080,30.4704,15.9453,485.859,664.818
18.480,0.3080,30.4669,15.9854,487.026,664.91
18.483,0.3080,30.4635,16.0208,488.048,665.005
18.485,0.3081,30.4599,16.0527,488.966,665.103
18.488,0.3081,30.4565,16.0775,489.664,665.204
18.491,0.3082,30.4529,16.0964,490.183,665.306
18.493,0.3082,30.4494,16.1067,490.438,665.408
18.496,0.3083,30.4458,16.1099,490.481,665.51
18.499,0.3083,30.4423,16.1082,490.37,665.61
18.501,0.3083,30.4393,16.0956,489.939,665.696
18.504,0.3084,30.4356,16.0852,489.564,665.795
18.506,0.3084,30.4328,16.061,488.78,665.872
18.508,0.3085,30.4289,16.0431,488.174,665.969
18.510,0.3085,30.4261,16.0103,487.131,666.041
18.513,0.3085,30.4219,15.9845,486.277,666.139
18.515,0.3086,30.4189,15.9453,485.038,666.21
18.517,0.3086,30.4141,15.9105,483.902,666.312
18.519,0.3087,30.4107,15.8651,482.47,666.385
18.522,0.3087,30.4051,15.51,471.582,666.493
18.525,0.3087,30.4009,15.4536,469.803,666.577
18.527,0.3088,30.3954,15.4411,469.339,666.673
18.530,0.3088,30.3902,15.3551,466.645,666.765
18.532,0.3089,30.3845,15.3778,467.248,666.855
18.534,0.3089,30.379,15.2603,463.594,666.945
18.537,0.3089,30.3728,15.3193,465.291,667.035
18.539,0.3090,30.3672,15.1775,460.896,667.121
18.542,0.3090,30.3602,15.2662,463.486,667.214
18.544,0.3091,30.3543,15.108,458.591,667.298
18.546,0.3091,30.3466,15.221,461.906,667.394
18.549,0.3091,30.3401,15.0514,456.66,667.481
18.551,0.3092,30.3315,15.0389,456.151,667.583
18.554,0.3092,30.3244,14.8563,450.509,667.673
18.557,0.3093,30.3154,15.1538,459.394,667.776
18.559,0.3093,30.3079,15.0209,455.252,667.866
18.562,0.3094,30.2988,15.1522,459.095,667.968
18.564,0.3094,30.2912,15.0246,455.113,668.057
18.567,0.3094,30.2822,15.1607,459.099,668.157
18.569,0.3095,30.2747,15.1695,459.251,668.243
18.569,0.3095,30.2738,15.1649,459.099,668.254
18.570,0.3095,30.2716,15.304,463.279,668.279
18.570,0.3095,30.2704,15.2989,463.105,668.293
18.571,0.3095,30.2691,15.3074,463.343,668.308
18.571,0.3095,30.2675,15.3063,463.284,668.327
18.572,0.3095,30.2665,15.3101,463.385,668.338
18.572,0.3095,30.2644,15.3165,463.545,668.363
18.573,0.3095,30.2635,15.3126,463.414,668.373
18.573,0.3096,30.2617,15.3255,463.775,668.395
18.573,0.3096,30.2608,15.3152,463.451,668.404
18.574,0.3096,30.2598,15.3305,463.899,668.416
18.574,0.3096,30.259,15.3179,463.505,668.426
18.575,0.3096,30.2556,15.3469,464.331,668.465
18.575,0.3096,30.2548,15.3208,463.527,668.474
18.576,0.3096,30.2513,15.3646,464.798,668.515
18.577,0.3096,30.2505,15.3238,463.552,668.524
18.578,0.3096,30.2466,15.3845,465.329,668.571
18.578,0.3096,30.2458,15.327,463.577,668.58
18.579,0.3097,30.242,15.4044,465.86,668.625
18.580,0.3097,30.2412,15.3304,463.609,668.634
18.581,0.3097,30.2375,15.4237,466.374,668.678
18.581,0.3097,30.2368,15.334,463.649,668.687
18.582,0.3097,30.233,15.4436,466.907,668.732
18.583,0.3097,30.2322,15.3378,463.695,668.741
18.584,0.3097,30.2281,15.4656,467.496,668.79
18.584,0.3097,30.2274,15.3418,463.743,668.799
18.585,0.3098,30.223,15.489,468.125,668.852
18.586,0.3098,30.2223,15.3461,463.794,668.861
18.587,0.3098,30.2173,15.5164,468.862,668.922
18.588,0.3098,30.2166,15.3506,463.843,668.931
18.588,0.3098,30.2161,15.5189,468.92,668.937
18.588,0.3098,30.2154,15.28,461.693,668.946
18.588,0.3098,30.2149,15.4475,466.745,668.952
18.588,0.3098,30.2143,15.2843,461.805,668.96
18.589,0.3098,30.2137,15.4505,466.817,668.967
18.589,0.3098,30.2133,15.2874,461.882,668.973
18.589,0.3098,30.2126,15.4541,466.907,668.981
18.589,0.3098,30.2122,15.2899,461.94,668.986
18.589,0.3098,30.2113,15.4587,467.028,668.997
18.589,0.3098,30.211,15.4598,467.056,669.001
18.590,0.3098,30.2107,15.4609,467.084,669.005
18.590,0.3098,30.2104,15.462,467.113,669.008
18.590,0.3098,30.2102,15.463,467.141,669.012
18.590,0.3098,30.2099,15.4641,467.169,669.016
18.590,0.3098,30.2096,15.4652,467.198,669.02
18.590,0.3098,30.2093,15.4663,467.226,669.024
18.590,0.3098,30.209,15.4674,467.254,669.027
18.590,0.3098,30.2087,15.4685,467.283,669.031
18.590,0.3098,30.2084,15.4696,467.311,669.035
18.591,0.3098,30.2081,15.4706,467.34,669.039
18.591,0.3098,30.2079,15.4717,467.368,669.042
18.591,0.3098,30.2076,15.4728,467.397,669.046
18.591,0.3098,30.2073,15.4739,467.425,669.05
18.591,0.3098,30.207,15.475,467.454,669.054
18.591,0.3099,30.2067,15.4761,467.482,669.058
18.591,0.3099,30.2064,15.4772,467.511,669.061
18.591,0.3099,30.2062,15.4783,467.54,669.065
18.591,0.3099,30.2059,15.4794,467.568,669.069
18.591,0.3099,30.2056,15.4805,467.597,669.073
18.592,0.3099,30.2053,15.4816,467.626,669.077
18.592,0.3099,30.205,15.483,467.665,669.08
18.592,0.3099,30.2048,15.4838,467.684,669.084
18.592,0.3099,30.2045,15.4855,467.732,669.088
18.592,0.3099,30.2042,15.486,467.742,669.092
18.592,0.3099,30.2039,15.488,467.799,669.096
18.592,0.3099,30.2036,15.4882,467.799,669.1
18.592,0.3099,30.2034,15.4905,467.866,669.103
18.592,0.3099,30.2031,15.4904,467.857,669.107
18.592,0.3099,30.2028,15.493,467.933,669.111
18.593,0.3099,30.2025,15.4926,467.915,669.115
18.593,0.3099,30.2023,15.4955,468,669.119
18.593,0.3099,30.202,15.4948,467.973,669.122
18.593,0.3099,30.2017,15.498,468.067,669.126
18.593,0.3099,30.2014,15.497,468.031,669.13
18.593,0.3099,30.2012,15.5005,468.133,669.134
18.593,0.3099,30.2009,15.4992,468.089,669.138
18.593,0.3099,30.2006,15.503,468.2,669.141
18.593,0.3099,30.2003,15.5014,468.147,669.145
18.593,0.3099,30.2001,15.5055,468.267,669.149
18.594,0.3099,30.1998,15.5066,468.296,669.153
18.594,0.3099,30.1995,15.5077,468.325,669.157
18.594,0.3099,30.1992,15.5088,468.355,669.161
18.594,0.3099,30.199,15.5099,468.384,669.164
18.594,0.3099,30.1987,15.511,468.413,669.168
18.594,0.3099,30.1984,15.5121,468.442,669.172
18.594,0.3099,30.1982,15.5132,468.471,669.176
18.594,0.3099,30.1979,15.5143,468.5,669.18
18.594,0.3099,30.1976,15.5154,468.529,669.183
18.595,0.3099,30.1974,15.5165,468.558,669.187
18.595,0.3099,30.1971,15.5176,468.587,669.191
18.595,0.3099,30.1968,15.5191,468.628,669.195
18.595,0.3099,30.1966,15.5198,468.645,669.199
18.595,0.3099,30.1963,15.5217,468.698,669.203
18.595,0.3099,30.196,15.522,468.704,669.206
18.595,0.3099,30.1958,15.5243,468.768,669.21
18.595,0.3099,30.1955,15.5242,468.762,669.214
18.595,0.3099,30.1952,15.5269,468.838,669.218
18.595,0.3099,30.195,15.5264,468.82,669.222
18.596,0.3099,30.1947,15.5295,468.908,669.226
18.596,0.3099,30.1944,15.5286,468.879,669.229
18.596,0.3099,30.1942,15.5321,468.979,669.233
18.596,0.3099,30.1939,15.5308,468.937,669.237
18.596,0.3099,30.1937,15.5347,469.049,669.241
18.596,0.3099,30.1934,15.533,468.995,669.245
18.596,0.3099,30.1931,15.5373,469.119,669.248
18.596,0.3099,30.1929,15.5352,469.054,669.252
18.596,0.3099,30.1926,15.5399,469.189,669.256
18.596,0.3099,30.1924,15.5374,469.112,669.26
18.597,0.3099,30.1921,15.5425,469.26,669.264
18.597,0.3099,30.1919,15.5396,469.171,669.268
18.597,0.3099,30.1916,15.5451,469.33,669.271
18.597,0.3099,30.1913,15.5419,469.229,669.275
18.597,0.3099,30.1911,15.5476,469.4,669.279
18.597,0.3100,30.1908,15.5441,469.288,669.283
18.597,0.3100,30.1906,15.5502,469.471,669.287
18.597,0.3100,30.1903,15.5463,469.347,669.29
18.597,0.3100,30.1901,15.5528,469.541,669.294
18.597,0.3100,30.1898,15.5485,469.405,669.298
18.598,0.3100,30.1896,15.5554,469.612,669.302
18.598,0.3100,30.1893,15.5565,469.641,669.306
18.598,0.3100,30.1891,15.5581,469.685,669.31
18.598,0.3100,30.1888,15.5587,469.7,669.313
18.598,0.3100,30.1886,15.5608,469.757,669.317
18.598,0.3100,30.1883,15.5609,469.759,669.321
18.598,0.3100,30.1881,15.5634,469.83,669.325
18.598,0.3100,30.1878,15.5631,469.817,669.329
18.598,0.3100,30.1876,15.5661,469.903,669.332
18.599,0.3100,30.1873,15.5653,469.876,669.336
18.599,0.3100,30.1871,15.5688,469.976,669.34
18.599,0.3100,30.1868,15.5675,469.935,669.344
18.599,0.3100,30.1866,15.5715,470.049,669.348
18.599,0.3100,30.1863,15.5697,469.994,669.352
18.599,0.3100,30.1861,15.5741,470.122,669.355
18.599,0.3100,30.1859,15.572,470.053,669.359
18.599,0.3100,30.1856,15.5768,470.195,669.363
18.599,0.3100,30.1854,15.5742,470.112,669.367
18.599,0.3100,30.1851,15.5795,470.268,669.371
18.600,0.3100,30.1849,15.5764,470.171,669.375
18.600,0.3100,30.1846,15.5821,470.341,669.378
18.600,0.3100,30.1844,15.5786,470.23,669.382
18.600,0.3100,30.1842,15.5848,470.415,669.386
18.600,0.3100,30.1839,15.5808,470.289,669.39
18.600,0.3100,30.1837,15.5875,470.488,669.394
18.600,0.3100,30.1834,15.583,470.348,669.397
18.600,0.3100,30.1832,15.5902,470.561,669.401
18.600,0.3100,30.183,15.5852,470.407,669.405
18.600,0.3100,30.1827,15.5928,470.634,669.409
18.601,0.3100,30.1825,15.5874,470.466,669.413
18.601,0.3100,30.1823,15.5955,470.707,669.417
18.601,0.3100,30.182,15.5896,470.525,669.42
18.601,0.3100,30.1818,15.5982,470.782,669.424
18.601,0.3100,30.1816,15.5918,470.584,669.428
18.601,0.3100,30.1813,15.6009,470.857,669.432
18.601,0.3100,30.1811,15.594,470.643,669.436
18.601,0.3100,30.1809,15.6037,470.932,669.439
18.601,0.3100,30.1806,15.5962,470.703,669.443
18.601,0.3100,30.1804,15.6064,471.007,669.447
18.602,0.3100,30.1802,15.5984,470.762,669.451
18.602,0.3100,30.1799,15.6091,471.081,669.455
18.602,0.3100,30.1797,15.6102,471.111,669.459
18.602,0.3100,30.1795,15.6113,471.141,669.462
18.602,0.3100,30.1793,15.6124,471.17,669.466
18.602,0.3100,30.179,15.6135,471.2,669.47
18.602,0.3100,30.1788,15.6146,471.23,669.474
18.602,0.3100,30.1786,15.6157,471.26,669.478
18.602,0.3100,30.1783,15.6168,471.289,669.481
18.603,0.3100,30.1781,15.6179,471.319,669.485
18.603,0.3100,30.1779,15.619,471.349,669.489
18.603,0.3100,30.1777,15.6201,471.378,669.493
18.603,0.3100,30.1774,15.6212,471.408,669.497
18.603,0.3100,30.1772,15.6223,471.438,669.501
18.603,0.3101,30.177,15.6234,471.468,669.504
18.603,0.3101,30.1768,15.6245,471.498,669.508
18.603,0.3101,30.1766,15.6256,471.527,669.512
18.603,0.3101,30.1763,15.6267,471.557,669.516
18.603,0.3101,30.1761,15.6278,471.587,669.52
18.604,0.3101,30.1759,15.6289,471.617,669.524
18.604,0.3101,30.1757,15.63,471.647,669.527
18.604,0.3101,30.1755,15.6311,471.677,669.531
18.604,0.3101,30.1752,15.6322,471.706,669.535
18.604,0.3101,30.175,15.634,471.755,669.539
18.604,0.3101,30.1748,15.6344,471.766,669.543
18.604,0.3101,30.1746,15.6368,471.834,669.546
18.604,0.3101,30.1744,15.6366,471.826,669.55
18.604,0.3101,30.1742,15.6396,471.913,669.554
18.604,0.3101,30.174,15.6389,471.886,669.558
18.605,0.3101,30.1737,15.6425,471.991,669.562
18.605,0.3101,30.1735,15.6411,471.946,669.566
18.605,0.3101,30.1733,15.6453,472.07,669.569
18.605,0.3101,30.1731,15.6433,472.006,669.573
18.605,0.3101,30.1729,15.6481,472.149,669.577
18.605,0.3101,30.1727,15.6455,472.066,669.581
18.605,0.3101,30.1725,15.651,472.228,669.585
18.605,0.3101,30.1723,15.6477,472.127,669.588
18.605,0.3101,30.1721,15.6538,472.307,669.592
18.606,0.3101,30.1719,15.6499,472.187,669.596
18.606,0.3101,30.1717,15.6566,472.387,669.6
18.606,0.3101,30.1714,15.6521,472.247,669.604
18.606,0.3101,30.1712,15.6595,472.466,669.608
18.606,0.3101,30.171,15.6606,472.496,669.611
18.606,0.3101,30.1708,15.6617,472.527,669.615
18.606,0.3101,30.1706,15.6628,472.557,669.619
18.606,0.3101,30.1704,15.6639,472.587,669.623
18.606,0.3101,30.1702,15.665,472.618,669.627
18.606,0.3101,30.17,15.6662,472.648,669.63
18.607,0.3101,30.1698,15.6673,472.679,669.634
18.607,0.3101,30.1696,15.6684,472.709,669.638
18.607,0.3101,30.1694,15.6695,472.74,669.642
18.607,0.3101,30.1692,15.6706,472.771,669.646
18.607,0.3101,30.169,15.6717,472.801,669.65
18.607,0.3101,30.1688,15.6737,472.856,669.653
18.607,0.3101,30.1686,15.674,472.863,669.657
18.607,0.3101,30.1684,15.6767,472.941,669.661
18.607,0.3101,30.1682,15.6762,472.925,669.665
18.607,0.3101,30.168,15.6797,473.027,669.669
18.608,0.3101,30.1678,15.6785,472.987,669.672
18.608,0.3101,30.1677,15.6828,473.113,669.676
18.608,0.3101,30.1675,15.6808,473.049,669.68
18.608,0.3101,30.1673,15.6858,473.199,669.684
18.608,0.3101,30.1671,15.6831,473.112,669.688
18.608,0.3101,30.1669,15.6889,473.286,669.692
18.608,0.3101,30.1667,15.6854,473.176,669.695
18.608,0.3101,30.1665,15.692,473.373,669.699
18.608,0.3101,30.1663,15.6877,473.24,669.703
18.608,0.3101,30.1661,15.6951,473.461,669.707
18.609,0.3101,30.1659,15.69,473.304,669.711
18.609,0.3101,30.1658,15.6983,473.55,669.715
18.609,0.3101,30.1656,15.6924,473.369,669.718
18.609,0.3101,30.1654,15.7014,473.64,669.722
18.609,0.3102,30.1652,15.6947,473.435,669.726
18.609,0.3102,30.165,15.7046,473.73,669.73
18.609,0.3102,30.1648,15.6971,473.502,669.734
18.609,0.3102,30.1647,15.7078,473.821,669.737
18.609,0.3102,30.1645,15.6996,473.57,669.741
18.610,0.3102,30.1643,15.7111,473.914,669.745
18.610,0.3102,30.1641,15.7021,473.639,669.749
18.610,0.3102,30.1639,15.7144,474.008,669.753
18.610,0.3102,30.1638,15.7046,473.709,669.757
18.610,0.3102,30.1636,15.7178,474.104,669.76
18.610,0.3102,30.1634,15.719,474.14,669.764
18.610,0.3102,30.1632,15.7224,474.237,669.768
18.610,0.3102,30.163,15.7217,474.214,669.772
18.610,0.3102,30.1629,15.727,474.372,669.776
18.610,0.3102,30.1627,15.7244,474.29,669.779
18.611,0.3102,30.1625,15.7318,474.51,669.783
18.611,0.3102,30.1623,15.7272,474.37,669.787
18.611,0.3102,30.1622,15.7366,474.651,669.791
18.611,0.3102,30.162,15.7302,474.453,669.795
18.611,0.3102,30.1618,15.7416,474.796,669.799
18.611,0.3102,30.1616,15.7332,474.54,669.802
18.611,0.3102,30.1615,15.7468,474.946,669.806
18.611,0.3102,30.1613,15.7365,474.633,669.81
18.611,0.3102,30.1611,15.7521,475.101,669.814
18.611,0.3102,30.161,15.7399,474.732,669.818
18.612,0.3102,30.1608,15.7577,475.264,669.821
18.612,0.3102,30.1606,15.7437,474.839,669.825
18.612,0.3102,30.1605,15.7635,475.434,669.829
18.612,0.3102,30.1603,15.7477,474.956,669.833
18.612,0.3102,30.1601,15.7697,475.615,669.837
18.612,0.3102,30.16,15.7521,475.083,669.841
18.612,0.3102,30.1598,15.7762,475.807,669.844
18.612,0.3102,30.1596,15.7569,475.222,669.848
18.612,0.3102,30.1595,15.7832,476.012,669.852
18.613,0.3102,30.1593,15.7621,475.375,669.856
18.613,0.3102,30.1591,15.7906,476.23,669.86
18.613,0.3102,30.159,15.7678,475.541,669.864
18.613,0.3102,30.1588,15.7984,476.462,669.867
18.613,0.3102,30.1586,15.774,475.722,669.871
18.613,0.3102,30.1585,15.8067,476.707,669.875
18.613,0.3102,30.1583,15.7806,475.916,669.879
18.613,0.3102,30.1582,15.8174,477.023,669.883
18.613,0.3102,30.158,15.7876,476.122,669.886
18.613,0.3102,30.1579,15.8283,477.349,669.89
18.614,0.3102,30.1577,15.795,476.339,669.894
18.614,0.3102,30.1575,15.8396,477.683,669.898
18.614,0.3102,30.1574,15.8026,476.565,669.902
18.614,0.3102,30.1572,15.8511,478.024,669.906
18.614,0.3102,30.1571,15.8105,476.798,669.909
18.614,0.3102,30.157,15.8626,478.369,669.913
18.614,0.3102,30.1568,15.8666,478.487,669.917
18.614,0.3102,30.1567,15.8707,478.606,669.921
18.614,0.3102,30.1565,15.8746,478.724,669.925
18.614,0.3102,30.1564,15.8786,478.843,669.928
18.615,0.3102,30.1563,15.8826,478.96,669.932
18.615,0.3102,30.1562,15.8865,479.077,669.936
18.615,0.3102,30.1561,15.8904,479.192,669.94
