t_s,t_min,Q_m3s,reservoir_level_m,breach_top_width_m,breach_invert_m,storage_m3
0.000,0.0000,0,513.433,0,513.433,7.87676e+08
10.000,0.1667,0,513.433,0,513.433,7.87676e+08
20.000,0.3333,4.56529e-07,513.433,0.00248986,513.43,7.87676e+08
30.000,0.5000,1.46089e-05,513.433,0.00996014,513.424,7.87676e+08
40.000,0.6667,0.000110935,513.433,0.0224129,513.412,7.87676e+08
50.000,0.8333,0.000467473,513.433,0.0398518,513.396,7.87676e+08
60.000,1.0000,0.00142659,513.433,0.0622816,513.376,7.87676e+08
70.000,1.1667,0.00354975,513.433,0.0897086,513.351,7.87676e+08
80.000,1.3333,0.00767224,513.433,0.122141,513.322,7.87676e+08
90.000,1.5000,0.0149579,513.433,0.159587,513.288,7.87676e+08
100.000,1.6667,0.0269538,513.433,0.202057,513.249,7.87676e+08
110.000,1.8333,0.0456449,513.433,0.249564,513.206,7.87676e+08
120.000,2.0000,0.0735089,513.433,0.302121,513.159,7.87676e+08
130.000,2.1667,0.11357,513.433,0.359742,513.107,7.87676e+08
140.000,2.3333,0.169456,513.433,0.422444,513.05,7.87676e+08
150.000,2.5000,0.245447,513.433,0.490243,512.989,7.87676e+08
160.000,2.6667,0.346539,513.433,0.563159,512.924,7.87676e+08
170.000,2.8333,0.478488,513.433,0.641211,512.853,7.87676e+08
180.000,3.0000,0.647872,513.433,0.724422,512.779,7.87676e+08
190.000,3.1667,0.862143,513.433,0.812813,512.7,7.87676e+08
200.000,3.3333,1.12968,513.433,0.906409,512.616,7.87676e+08
210.000,3.5000,1.45984,513.433,1.00524,512.528,7.87676e+08
220.000,3.6667,1.86303,513.433,1.10932,512.436,7.87676e+08
230.000,3.8333,2.35072,513.433,1.21869,512.339,7.87676e+08
240.000,4.0000,2.93555,513.433,1.33337,512.237,7.87676e+08
250.000,4.1667,3.63135,513.433,1.4534,512.132,7.87676e+08
260.000,4.3333,4.45319,513.433,1.5788,512.021,7.87675e+08
270.000,4.5000,5.41746,513.433,1.70962,511.906,7.87675e+08
280.000,4.6667,6.54188,513.433,1.84588,511.787,7.87675e+08
290.000,4.8333,7.84563,513.433,1.98762,511.664,7.87675e+08
300.000,5.0000,9.34929,513.433,2.13487,511.536,7.87675e+08
310.000,5.1667,11.075,513.433,2.28769,511.403,7.87675e+08
320.000,5.3333,13.0465,513.433,2.44609,511.266,7.87675e+08
330.000,5.5000,15.289,513.433,2.61013,511.125,7.87675e+08
340.000,5.6667,17.8296,513.433,2.77985,510.979,7.87675e+08
350.000,5.8333,20.697,513.433,2.95528,510.829,7.87674e+08
360.000,6.0000,23.9216,513.433,3.13648,510.675,7.87674e+08
370.000,6.1667,27.5358,513.433,3.32348,510.516,7.87674e+08
380.000,6.3333,31.5739,513.433,3.51634,510.353,7.87674e+08
390.000,6.5000,36.0718,513.433,3.7151,510.186,7.87673e+08
400.000,6.6667,41.0677,513.433,3.91981,510.014,7.87673e+08
410.000,6.8333,46.6019,513.433,4.13051,509.838,7.87672e+08
420.000,7.0000,52.7164,513.433,4.34726,509.657,7.87672e+08
430.000,7.1667,59.4556,513.433,4.57012,509.473,7.87671e+08
440.000,7.3333,66.8662,513.433,4.79912,509.284,7.87671e+08
450.000,7.5000,74.9967,513.433,5.03433,509.091,7.8767e+08
460.000,7.6667,83.8983,513.433,5.27579,508.893,7.87669e+08
470.000,7.8333,93.6244,513.433,5.52357,508.691,7.87668e+08
480.000,8.0000,104.231,513.433,5.77772,508.485,7.87667e+08
490.000,8.1667,115.775,513.433,6.0383,508.275,7.87666e+08
500.000,8.3333,128.318,513.433,6.30536,508.061,7.87665e+08
510.000,8.5000,141.924,513.433,6.57896,507.842,7.87663e+08
520.000,8.6667,156.657,513.433,6.85916,507.62,7.87662e+08
530.000,8.8333,172.586,513.433,7.14602,507.393,7.8766e+08
540.000,9.0000,189.782,513.433,7.43961,507.162,7.87658e+08
550.000,9.1667,208.319,513.433,7.73998,506.926,7.87656e+08
560.000,9.3333,228.272,513.432,8.0472,506.687,7.87654e+08
570.000,9.5000,249.721,513.432,8.36132,506.444,7.87651e+08
580.000,9.6667,272.749,513.432,8.68242,506.196,7.87648e+08
590.000,9.8333,297.439,513.432,9.01056,505.944,7.87645e+08
600.000,10.0000,323.879,513.432,9.34579,505.689,7.87642e+08
610.000,10.1667,352.161,513.432,9.6882,505.429,7.87639e+08
620.000,10.3333,382.377,513.432,10.0378,505.165,7.87635e+08
630.000,10.5000,414.624,513.432,10.3948,504.898,7.87631e+08
640.000,10.6667,449.002,513.432,10.7591,504.626,7.87626e+08
650.000,10.8333,485.613,513.432,11.1308,504.35,7.87621e+08
660.000,11.0000,524.564,513.432,11.51,504.071,7.87616e+08
670.000,11.1667,565.964,513.432,11.8969,503.787,7.8761e+08
680.000,11.3333,609.923,513.432,12.2913,503.499,7.87604e+08
690.000,11.5000,656.559,513.432,12.6935,503.208,7.87598e+08
700.000,11.6667,705.99,513.432,13.1034,502.913,7.87591e+08
710.000,11.8333,758.337,513.432,13.5212,502.614,7.87583e+08
720.000,12.0000,813.726,513.432,13.9469,502.311,7.87575e+08
730.000,12.1667,872.285,513.432,14.3806,502.004,7.87566e+08
740.000,12.3333,934.146,513.431,14.8223,501.693,7.87557e+08
750.000,12.5000,999.445,513.431,15.2722,501.379,7.87547e+08
760.000,12.6667,1068.32,513.431,15.7303,501.06,7.87536e+08
770.000,12.8333,1140.91,513.431,16.1966,500.738,7.87525e+08
780.000,13.0000,1217.37,513.431,16.6713,500.413,7.87513e+08
790.000,13.1667,1297.84,513.431,17.1544,500.083,7.875e+08
800.000,13.3333,1382.47,513.431,17.646,499.75,7.87486e+08
810.000,13.5000,1471.43,513.43,18.1461,499.414,7.87471e+08
820.000,13.6667,1564.87,513.43,18.6549,499.073,7.87455e+08
830.000,13.8333,1662.95,513.43,19.1723,498.729,7.87439e+08
840.000,14.0000,1765.84,513.43,19.6986,498.381,7.87421e+08
850.000,14.1667,1873.71,513.43,20.2336,498.03,7.87402e+08
860.000,14.3333,1986.74,513.429,20.7776,497.676,7.87383e+08
870.000,14.5000,2105.1,513.429,21.3306,497.317,7.87362e+08
880.000,14.6667,2228.97,513.429,21.8926,496.955,7.87339e+08
890.000,14.8333,2358.54,513.429,22.4637,496.59,7.87316e+08
900.000,15.0000,2493.99,513.428,23.0441,496.221,7.87291e+08
910.000,15.1667,2635.52,513.428,23.6336,495.849,7.87264e+08
920.000,15.3333,2783.32,513.428,24.2326,495.473,7.87237e+08
930.000,15.5000,2937.59,513.428,24.8409,495.094,7.87207e+08
940.000,15.6667,3098.54,513.427,25.4587,494.712,7.87176e+08
950.000,15.8333,3266.36,513.427,26.086,494.326,7.87143e+08
960.000,16.0000,3441.27,513.426,26.7229,493.937,7.87109e+08
970.000,16.1667,3623.47,513.426,27.3695,493.545,7.87073e+08
980.000,16.3333,3813.2,513.426,28.0258,493.149,7.87035e+08
990.000,16.5000,4010.66,513.425,28.6919,492.75,7.86995e+08
1000.000,16.6667,4216.08,513.425,29.3679,492.348,7.86952e+08
1010.000,16.8333,4429.69,513.424,30.0539,491.943,7.86908e+08
1020.000,17.0000,4651.72,513.424,30.7498,491.534,7.86862e+08
1030.000,17.1667,4882.4,513.423,31.4558,491.123,7.86813e+08
1040.000,17.3333,5121.96,513.423,32.1719,490.708,7.86762e+08
1050.000,17.5000,5370.65,513.422,32.8982,490.29,7.86708e+08
1060.000,17.6667,5628.71,513.421,33.6347,489.869,7.86652e+08
1070.000,17.8333,5896.39,513.421,34.3815,489.445,7.86593e+08
1080.000,18.0000,6173.95,513.42,35.1387,489.018,7.86531e+08
1090.000,18.1667,6461.62,513.419,35.9063,488.588,7.86466e+08
1100.000,18.3333,6759.67,513.419,36.6845,488.155,7.86399e+08
1110.000,18.5000,7068.36,513.418,37.4731,487.719,7.86328e+08
1120.000,18.6667,7387.95,513.417,38.2723,487.281,7.86254e+08
1130.000,18.8333,7718.7,513.416,39.0822,486.839,7.86177e+08
1140.000,19.0000,8060.9,513.415,39.9028,486.395,7.86096e+08
1150.000,19.1667,8414.79,513.414,40.7341,485.947,7.86012e+08
1160.000,19.3333,8780.68,513.413,41.5762,485.497,7.85924e+08
1170.000,19.5000,9158.82,513.412,42.4292,485.044,7.85833e+08
1180.000,19.6667,9549.49,513.411,43.2931,484.589,7.85737e+08
1190.000,19.8333,9952.99,513.41,44.1679,484.13,7.85638e+08
1200.000,20.0000,10369.6,513.409,45.0537,483.669,7.85534e+08
1210.000,20.1667,10799.6,513.408,45.9506,483.206,7.85426e+08
1220.000,20.3333,11243.3,513.407,46.8586,482.739,7.85314e+08
1230.000,20.5000,11700.9,513.405,47.7776,482.27,7.85197e+08
1240.000,20.6667,12172.9,513.404,48.7079,481.799,7.85075e+08
1250.000,20.8333,12659.4,513.402,49.6493,481.325,7.84948e+08
1260.000,21.0000,13160.8,513.401,50.6021,480.849,7.84817e+08
1270.000,21.1667,13677.3,513.399,51.566,480.37,7.8468e+08
1280.000,21.3333,14209.3,513.398,52.5413,479.888,7.84538e+08
1290.000,21.5000,14757.1,513.396,53.528,479.405,7.8439e+08
1300.000,21.6667,15321,513.395,54.526,478.918,7.84237e+08
1310.000,21.8333,15901.3,513.393,55.5355,478.43,7.84078e+08
1320.000,22.0000,16498.2,513.391,56.5564,477.939,7.83913e+08
1330.000,22.1667,17112.2,513.389,57.5888,477.446,7.83742e+08
1340.000,22.3333,17743.6,513.387,58.6327,476.95,7.83564e+08
1350.000,22.5000,18392.5,513.385,59.6881,476.453,7.83381e+08
1360.000,22.6667,19059.4,513.383,60.755,475.953,7.8319e+08
1370.000,22.8333,19744.6,513.381,61.8335,475.451,7.82993e+08
1380.000,23.0000,20448.4,513.379,62.9236,474.947,7.82788e+08
1390.000,23.1667,21171.1,513.376,64.0253,474.441,7.82576e+08
1400.000,23.3333,21913,513.374,65.1386,473.933,7.82357e+08
1410.000,23.5000,22674.5,513.371,66.2636,473.422,7.8213e+08
1420.000,23.6667,23455.8,513.369,67.4001,472.91,7.81896e+08
1430.000,23.8333,24257.4,513.366,68.5484,472.396,7.81653e+08
1440.000,24.0000,25079.4,513.363,69.7083,471.88,7.81403e+08
1450.000,24.1667,25922.2,513.36,70.8798,471.361,7.81143e+08
1460.000,24.3333,26786.2,513.357,72.0631,470.841,7.80875e+08
1470.000,24.5000,27671.7,513.354,73.258,470.32,7.80599e+08
1480.000,24.6667,28579,513.351,74.4646,469.796,7.80313e+08
1490.000,24.8333,29508.3,513.348,75.6828,469.271,7.80018e+08
1500.000,25.0000,30460.1,513.344,76.9127,468.743,7.79713e+08
1510.000,25.1667,31434.6,513.341,78.1543,468.215,7.79399e+08
1520.000,25.3333,32432.2,513.337,79.4076,467.684,7.79075e+08
1530.000,25.5000,33453.1,513.334,80.6724,467.152,7.7874e+08
1540.000,25.6667,34497.7,513.33,81.9489,466.618,7.78395e+08
1550.000,25.8333,35566.4,513.326,83.2371,466.083,7.78039e+08
1560.000,26.0000,36659.3,513.322,84.5368,465.546,7.77673e+08
1570.000,26.1667,37776.8,513.318,85.8481,465.008,7.77295e+08
1580.000,26.3333,38919.3,513.313,87.171,464.468,7.76906e+08
1590.000,26.5000,40087,513.309,88.5054,463.927,7.76505e+08
1600.000,26.6667,41280.2,513.304,89.8513,463.384,7.76092e+08
1610.000,26.8333,42499.3,513.299,91.2087,462.84,7.75667e+08
1620.000,27.0000,43744.4,513.295,92.5775,462.294,7.7523e+08
1630.000,27.1667,45016,513.29,93.9578,461.748,7.7478e+08
1640.000,27.3333,46314.4,513.284,95.3494,461.2,7.74316e+08
1650.000,27.5000,47639.7,513.279,96.7524,460.651,7.7384e+08
1660.000,27.6667,48992.3,513.274,98.1667,460.1,7.7335e+08
1670.000,27.8333,50372.4,513.268,99.5923,459.549,7.72846e+08
1680.000,28.0000,51780.5,513.262,101.029,458.996,7.72329e+08
1690.000,28.1667,53216.6,513.257,102.477,458.442,7.71796e+08
1700.000,28.3333,54681.1,513.25,103.936,457.888,7.7125e+08
1710.000,28.5000,56174.3,513.244,105.406,457.332,7.70688e+08
1720.000,28.6667,57696.4,513.238,106.888,456.775,7.70111e+08
1730.000,28.8333,59247.7,513.231,108.38,456.217,7.69518e+08
1740.000,29.0000,60828.4,513.224,109.883,455.658,7.6891e+08
1750.000,29.1667,62438.8,513.218,111.397,455.099,7.68286e+08
1760.000,29.3333,64079.1,513.21,112.922,454.539,7.67645e+08
1770.000,29.5000,65749.6,513.203,114.457,453.977,7.66987e+08
1780.000,29.6667,67450.4,513.196,116.003,453.415,7.66313e+08
1790.000,29.8333,69181.9,513.188,117.56,452.853,7.65621e+08
1800.000,30.0000,70944.2,513.18,119.127,452.289,7.64912e+08
1810.000,30.1667,72737.5,513.172,120.705,451.725,7.64184e+08
1820.000,30.3333,74562.1,513.164,122.293,451.16,7.63439e+08
1830.000,30.5000,76418.1,513.155,123.891,450.595,7.62675e+08
1840.000,30.6667,78305.8,513.147,125.5,450.029,7.61891e+08
1850.000,30.8333,80225.3,513.138,127.118,449.463,7.61089e+08
1860.000,31.0000,82176.9,513.129,128.747,448.896,7.60267e+08
1870.000,31.1667,84160.6,513.119,130.385,448.329,7.59426e+08
1880.000,31.3333,86176.7,513.11,132.034,447.761,7.58564e+08
1890.000,31.5000,88225.3,513.1,133.692,447.193,7.57682e+08
1900.000,31.6667,90306.6,513.09,135.36,446.624,7.56779e+08
1910.000,31.8333,92420.7,513.08,137.037,446.056,7.55855e+08
1920.000,32.0000,94567.7,513.069,138.724,445.487,7.54909e+08
1930.000,32.1667,96747.8,513.058,140.42,444.917,7.53941e+08
1940.000,32.3333,98961.1,513.047,142.126,444.348,7.52952e+08
1950.000,32.5000,101208,513.036,143.84,443.778,7.5194e+08
1960.000,32.6667,103488,513.025,145.564,443.208,7.50905e+08
1970.000,32.8333,105801,513.013,147.296,442.639,7.49847e+08
1980.000,33.0000,108148,513.001,149.038,442.069,7.48765e+08
1990.000,33.1667,110529,512.989,150.787,441.499,7.4766e+08
2000.000,33.3333,112943,512.976,152.546,440.929,7.46531e+08
2010.000,33.5000,115392,512.963,154.313,440.359,7.45377e+08
2020.000,33.6667,117874,512.95,156.088,439.789,7.44198e+08
2030.000,33.8333,120390,512.937,157.871,439.219,7.42994e+08
2040.000,34.0000,122939,512.923,159.663,438.65,7.41765e+08
2050.000,34.1667,125523,512.909,161.462,438.081,7.40509e+08
2060.000,34.3333,128140,512.895,163.269,437.512,7.39228e+08
2070.000,34.5000,130792,512.881,165.084,436.943,7.3792e+08
2080.000,34.6667,133477,512.866,166.906,436.374,7.36585e+08
2090.000,34.8333,136196,512.851,168.736,435.806,7.35223e+08
2100.000,35.0000,138949,512.835,170.572,435.238,7.33834e+08
2110.000,35.1667,141736,512.82,172.416,434.671,7.32417e+08
2120.000,35.3333,144557,512.803,174.267,434.104,7.30971e+08
2130.000,35.5000,147411,512.787,176.124,433.538,7.29497e+08
2140.000,35.6667,150298,512.77,177.988,432.972,7.27994e+08
2150.000,35.8333,153219,512.753,179.859,432.406,7.26462e+08
2160.000,36.0000,156174,512.736,181.736,431.842,7.249e+08
2170.000,36.1667,159161,512.718,183.619,431.277,7.23308e+08
2180.000,36.3333,162182,512.7,185.507,430.714,7.21687e+08
2190.000,36.5000,165236,512.682,187.402,430.151,7.20034e+08
2200.000,36.6667,168322,512.663,189.302,429.589,7.18351e+08
2210.000,36.8333,171442,512.644,191.208,429.028,7.16637e+08
2220.000,37.0000,174593,512.625,193.119,428.467,7.14891e+08
2230.000,37.1667,177777,512.605,195.036,427.908,7.13113e+08
2240.000,37.3333,180993,512.585,196.957,427.349,7.11303e+08
2250.000,37.5000,184241,512.565,198.883,426.791,7.0946e+08
2260.000,37.6667,187520,512.544,200.813,426.234,7.07585e+08
2270.000,37.8333,190831,512.523,202.748,425.678,7.05677e+08
2280.000,38.0000,194173,512.501,204.687,425.123,7.03735e+08
2290.000,38.1667,197546,512.479,206.63,424.57,7.0176e+08
2300.000,38.3333,200949,512.457,208.578,424.017,6.9975e+08
2310.000,38.5000,204383,512.434,210.528,423.465,6.97706e+08
2320.000,38.6667,207847,512.411,212.483,422.915,6.95628e+08
2330.000,38.8333,211341,512.388,214.44,422.365,6.93515e+08
2340.000,39.0000,214863,512.364,216.401,421.817,6.91366e+08
2350.000,39.1667,218415,512.34,218.364,421.27,6.89182e+08
2360.000,39.3333,221996,512.315,220.33,420.725,6.86962e+08
2370.000,39.5000,225604,512.29,222.299,420.181,6.84706e+08
2380.000,39.6667,229241,512.265,224.27,419.638,6.82413e+08
2390.000,39.8333,232905,512.239,226.243,419.097,6.80084e+08
2400.000,40.0000,236597,512.213,228.218,418.557,6.77718e+08
2410.000,40.1667,240315,512.186,230.195,418.018,6.75315e+08
2420.000,40.3333,244059,512.159,232.173,417.481,6.72875e+08
2430.000,40.5000,247829,512.131,234.153,416.945,6.70396e+08
2440.000,40.6667,251625,512.103,236.133,416.412,6.6788e+08
2450.000,40.8333,255445,512.075,238.115,415.879,6.65326e+08
2460.000,41.0000,259290,512.046,240.097,415.349,6.62733e+08
2470.000,41.1667,263159,512.017,242.08,414.82,6.60101e+08
2480.000,41.3333,267051,511.987,244.063,414.292,6.57431e+08
2490.000,41.5000,270966,511.957,246.045,413.767,6.54721e+08
2500.000,41.6667,274904,511.927,248.028,413.243,6.51972e+08
2510.000,41.8333,278863,511.896,250.01,412.721,6.49183e+08
2520.000,42.0000,282843,511.865,251.992,412.201,6.46355e+08
2530.000,42.1667,286845,511.833,253.973,411.682,6.43486e+08
2540.000,42.3333,290866,511.8,255.952,411.166,6.40578e+08
2550.000,42.5000,294907,511.768,257.931,410.652,6.37629e+08
2560.000,42.6667,298967,511.734,259.907,410.139,6.34639e+08
2570.000,42.8333,303045,511.701,261.883,409.629,6.31609e+08
2580.000,43.0000,307141,511.667,263.856,409.12,6.28537e+08
2590.000,43.1667,311253,511.632,265.827,408.614,6.25425e+08
2599.915,43.3319,315383,511.598,267.796,408.109,6.22298e+08
2609.654,43.4942,319492,511.563,269.746,407.611,6.19186e+08
2619.223,43.6537,323544,511.529,271.659,407.124,6.1609e+08
2628.628,43.8105,327537,511.494,273.535,406.648,6.1301e+08
2637.875,43.9646,331475,511.46,275.377,406.182,6.09945e+08
2646.969,44.1161,335357,511.427,277.184,405.725,6.06895e+08
2655.915,44.2652,339186,511.393,278.959,405.278,6.0386e+08
2664.718,44.4120,342962,511.359,280.701,404.84,6.00841e+08
2673.384,44.5564,346686,511.326,282.413,404.411,5.97837e+08
2681.916,44.6986,350360,511.293,284.094,403.99,5.94848e+08
2690.318,44.8386,353985,511.26,285.746,403.578,5.91873e+08
2698.594,44.9766,357561,511.227,287.37,403.173,5.88914e+08
2706.749,45.1125,361089,511.194,288.966,402.776,5.8597e+08
2714.786,45.2464,364571,511.162,290.535,402.387,5.8304e+08
2722.707,45.3785,368007,511.13,292.078,402.005,5.80124e+08
2730.517,45.5086,371398,511.097,293.595,401.63,5.77224e+08
2738.219,45.6370,374745,511.065,295.087,401.262,5.74338e+08
2745.815,45.7636,378048,511.033,296.556,400.901,5.71466e+08
2753.308,45.8885,381310,511.002,298,400.546,5.68609e+08
2760.702,46.0117,384529,510.968,299.419,400.197,5.65766e+08
2767.998,46.1333,387696,510.935,300.815,399.855,5.62937e+08
2775.200,46.2533,390823,510.902,302.19,399.518,5.60122e+08
2782.310,46.3718,393910,510.87,303.543,399.187,5.57322e+08
2789.330,46.4888,396959,510.837,304.875,398.862,5.54535e+08
2796.262,46.6044,399969,510.804,306.187,398.542,5.51762e+08
2803.109,46.7185,402942,510.772,307.479,398.227,5.49003e+08
2809.872,46.8312,405878,510.74,308.752,397.918,5.46258e+08
2816.554,46.9426,408778,510.708,310.005,397.613,5.43527e+08
2823.156,47.0526,411642,510.676,311.24,397.314,5.4081e+08
2829.680,47.1613,414471,510.645,312.457,397.019,5.38105e+08
2836.128,47.2688,417265,510.613,313.656,396.729,5.35415e+08
2842.501,47.3750,420026,510.582,314.837,396.444,5.32738e+08
2848.802,47.4800,422753,510.551,316.002,396.163,5.30074e+08
2855.032,47.5839,425447,510.519,317.149,395.887,5.27424e+08
2861.192,47.6865,428108,510.489,318.281,395.614,5.24787e+08
2867.283,47.7881,430738,510.458,319.396,395.346,5.22163e+08
2873.308,47.8885,433336,510.427,320.496,395.082,5.19552e+08
2879.268,47.9878,435904,510.397,321.58,394.822,5.16954e+08
2885.163,48.0861,438441,510.367,322.649,394.566,5.14369e+08
2890.996,48.1833,440948,510.337,323.704,394.314,5.11798e+08
2896.767,48.2794,443425,510.307,324.744,394.065,5.09239e+08
2902.477,48.3746,445874,510.277,325.77,393.82,5.06692e+08
2908.129,48.4688,448293,510.247,326.782,393.578,5.04159e+08
2913.722,48.5620,450685,510.218,327.78,393.34,5.01638e+08
2919.258,48.6543,453048,510.188,328.765,393.106,4.9913e+08
2924.738,48.7456,455385,510.159,329.736,392.874,4.96634e+08
2930.164,48.8361,457694,510.13,330.695,392.646,4.94151e+08
2935.535,48.9256,459976,510.101,331.641,392.422,4.9168e+08
2940.854,49.0142,462233,510.072,332.575,392.2,4.89222e+08
2946.120,49.1020,464463,510.044,333.496,391.981,4.86776e+08
2951.336,49.1889,466668,510.015,334.406,391.766,4.84342e+08
2956.501,49.2750,468848,509.987,335.303,391.553,4.8192e+08
2961.617,49.3603,471003,509.958,336.189,391.344,4.79511e+08
2966.684,49.4447,473134,509.93,337.064,391.137,4.77113e+08
2971.704,49.5284,475240,509.902,337.928,390.933,4.74728e+08
2976.677,49.6113,477323,509.875,338.78,390.731,4.72354e+08
2981.603,49.6934,479382,509.847,339.622,390.533,4.69992e+08
2986.485,49.7747,481418,509.819,340.453,390.337,4.67642e+08
2991.321,49.8554,483432,509.792,341.274,390.143,4.65304e+08
2996.114,49.9352,485422,509.765,342.084,389.952,4.62977e+08
3000.864,50.0144,487391,509.738,342.884,389.764,4.60663e+08
3005.571,50.0928,489338,509.711,343.675,389.578,4.58359e+08
3010.236,50.1706,491263,509.684,344.455,389.394,4.56067e+08
3014.860,50.2477,493167,509.657,345.226,389.213,4.53787e+08
3019.443,50.3241,495049,509.631,345.988,389.034,4.51518e+08
3023.986,50.3998,496911,509.604,346.74,388.857,4.49261e+08
3028.490,50.4748,498753,509.578,347.483,388.683,4.47014e+08
3032.955,50.5493,500574,509.552,348.218,388.511,4.44779e+08
3037.382,50.6230,502375,509.526,348.943,388.341,4.42555e+08
3041.771,50.6962,504157,509.5,349.659,388.173,4.40343e+08
3046.123,50.7687,505919,509.474,350.367,388.007,4.38141e+08
3050.438,50.8406,507662,509.448,351.067,387.843,4.3595e+08
3054.717,50.9120,509386,509.423,351.758,387.682,4.3377e+08
3058.961,50.9827,511091,509.398,352.441,387.522,4.31602e+08
3063.169,51.0528,512778,509.372,353.116,387.364,4.29444e+08
3067.343,51.1224,514447,509.347,353.783,387.208,4.27296e+08
3071.483,51.1914,516097,509.322,354.442,387.054,4.2516e+08
3075.589,51.2598,517730,509.297,355.094,386.902,4.23034e+08
3079.662,51.3277,519345,509.272,355.738,386.751,4.20919e+08
3083.702,51.3950,520943,509.248,356.374,386.603,4.18814e+08
3087.709,51.4618,522524,509.223,357.003,386.456,4.1672e+08
3091.685,51.5281,524088,509.199,357.625,386.311,4.14637e+08
3095.629,51.5938,525635,509.175,358.24,386.168,4.12563e+08
3099.542,51.6590,527166,509.15,358.847,386.026,4.10501e+08
3103.424,51.7237,528680,509.126,359.448,385.886,4.08448e+08
3107.276,51.7879,530179,509.102,360.042,385.748,4.06406e+08
3111.098,51.8516,531661,509.079,360.629,385.611,4.04374e+08
3114.891,51.9148,533128,509.055,361.209,385.476,4.02352e+08
3118.654,51.9776,534579,509.031,361.783,385.342,4.0034e+08
3122.389,52.0398,536015,509.008,362.35,385.21,3.98338e+08
3126.094,52.1016,537436,508.985,362.911,385.08,3.96347e+08
3129.772,52.1629,538842,508.962,363.466,384.951,3.94365e+08
3133.422,52.2237,540233,508.938,364.014,384.823,3.92393e+08
3137.045,52.2841,541610,508.915,364.557,384.697,3.90431e+08
3140.640,52.3440,542972,508.893,365.093,384.572,3.88479e+08
3144.208,52.4035,544320,508.87,365.623,384.449,3.86537e+08
3147.750,52.4625,545653,508.847,366.148,384.327,3.84604e+08
3151.266,52.5211,546973,508.825,366.667,384.206,3.82681e+08
3154.756,52.5793,548279,508.802,367.18,384.087,3.80768e+08
3158.220,52.6370,549572,508.78,367.687,383.969,3.78864e+08
3161.659,52.6943,550851,508.758,368.189,383.852,3.76969e+08
3165.073,52.7512,552117,508.736,368.685,383.737,3.75085e+08
3168.462,52.8077,553370,508.714,369.176,383.623,3.73209e+08
3171.827,52.8638,554610,508.692,369.662,383.51,3.71343e+08
3175.167,52.9195,555837,508.67,370.142,383.399,3.69486e+08
3178.484,52.9747,557051,508.649,370.618,383.288,3.67639e+08
3181.776,53.0296,558253,508.627,371.088,383.179,3.65801e+08
3185.046,53.0841,559442,508.606,371.553,383.071,3.63972e+08
3188.292,53.1382,560620,508.584,372.013,382.964,3.62152e+08
3191.515,53.1919,561785,508.563,372.467,382.859,3.60341e+08
3194.716,53.2453,562935,508.541,372.916,382.754,3.58539e+08
3197.894,53.2982,564068,508.519,373.359,382.651,3.56747e+08
3201.050,53.3508,565191,508.497,373.798,382.549,3.54963e+08
3204.184,53.4031,566302,508.475,374.233,382.447,3.53188e+08
3207.296,53.4549,567401,508.454,374.663,382.347,3.51422e+08
3210.387,53.5064,568489,508.432,375.088,382.248,3.49665e+08
3213.456,53.5576,569566,508.411,375.509,382.15,3.47917e+08
3216.505,53.6084,570632,508.39,375.925,382.053,3.46177e+08
3219.533,53.6589,571688,508.369,376.337,381.957,3.44446e+08
3222.540,53.7090,572732,508.348,376.744,381.862,3.42724e+08
3225.526,53.7588,573766,508.327,377.148,381.768,3.4101e+08
3228.493,53.8082,574789,508.306,377.547,381.675,3.39305e+08
3231.439,53.8573,575802,508.285,377.942,381.583,3.37609e+08
3234.366,53.9061,576805,508.265,378.333,381.492,3.35921e+08
3237.273,53.9545,577798,508.244,378.72,381.402,3.34241e+08
3240.160,54.0027,578780,508.224,379.102,381.313,3.3257e+08
3243.028,54.0505,579753,508.203,379.481,381.224,3.30907e+08
3245.877,54.0980,580716,508.183,379.856,381.137,3.29253e+08
3248.708,54.1451,581669,508.163,380.227,381.051,3.27606e+08
3251.519,54.1920,582613,508.143,380.594,380.965,3.25968e+08
3254.312,54.2385,583547,508.123,380.958,380.88,3.24339e+08
3257.087,54.2848,584472,508.103,381.317,380.796,3.22717e+08
3259.843,54.3307,585387,508.084,381.674,380.713,3.21103e+08
3262.582,54.3764,586293,508.064,382.026,380.631,3.19498e+08
3265.302,54.4217,587190,508.045,382.375,380.55,3.179e+08
3268.005,54.4668,588079,508.025,382.72,380.469,3.16311e+08
3270.690,54.5115,588958,508.006,383.062,380.389,3.14729e+08
3273.358,54.5560,589829,507.987,383.4,380.31,3.13156e+08
3276.009,54.6002,590691,507.968,383.735,380.232,3.1159e+08
3278.643,54.6440,591544,507.949,384.066,380.155,3.10032e+08
3281.260,54.6877,592389,507.93,384.395,380.078,3.08482e+08
3283.860,54.7310,593225,507.911,384.719,380.002,3.06939e+08
3286.443,54.7741,594053,507.892,385.041,379.927,3.05405e+08
3289.010,54.8168,594873,507.874,385.359,379.853,3.03878e+08
3291.561,54.8593,595685,507.855,385.674,379.779,3.02358e+08
3294.095,54.9016,596489,507.837,385.986,379.706,3.00846e+08
3296.614,54.9436,597285,507.818,386.295,379.634,2.99342e+08
3299.116,54.9853,598072,507.8,386.601,379.563,2.97845e+08
3301.603,55.0267,598853,507.782,386.904,379.492,2.96356e+08
3304.074,55.0679,599625,507.764,387.204,379.422,2.94874e+08
3306.530,55.1088,600390,507.746,387.5,379.352,2.934e+08
3308.970,55.1495,601147,507.728,387.794,379.284,2.91933e+08
3311.395,55.1899,601897,507.71,388.085,379.216,2.90473e+08
3313.805,55.2301,602640,507.692,388.373,379.148,2.89021e+08
3316.200,55.2700,603375,507.675,388.658,379.081,2.87576e+08
3318.581,55.3097,604103,507.657,388.941,379.015,2.86138e+08
3320.946,55.3491,604824,507.64,389.22,378.95,2.84707e+08
3323.297,55.3883,605537,507.622,389.497,378.885,2.83284e+08
3325.633,55.4272,606244,507.605,389.771,378.821,2.81867e+08
3327.955,55.4659,606944,507.588,390.043,378.757,2.80458e+08
3330.263,55.5044,607637,507.571,390.312,378.694,2.79056e+08
3332.557,55.5426,608324,507.554,390.578,378.632,2.7766e+08
3334.836,55.5806,609003,507.537,390.841,378.57,2.76272e+08
3337.102,55.6184,609676,507.52,391.103,378.508,2.74891e+08
3339.354,55.6559,610343,507.503,391.361,378.448,2.73516e+08
3341.592,55.6932,611003,507.486,391.617,378.388,2.72149e+08
3343.817,55.7303,611656,507.47,391.871,378.328,2.70788e+08
3346.028,55.7671,612303,507.453,392.122,378.269,2.69434e+08
3348.226,55.8038,612944,507.437,392.37,378.211,2.68087e+08
3350.411,55.8402,613579,507.42,392.616,378.153,2.66746e+08
3352.582,55.8764,614207,507.404,392.86,378.096,2.65413e+08
3354.741,55.9123,614830,507.388,393.102,378.039,2.64086e+08
3356.886,55.9481,615446,507.372,393.341,377.983,2.62765e+08
3359.019,55.9836,616057,507.356,393.578,377.927,2.61451e+08
3361.139,56.0190,616661,507.34,393.813,377.872,2.60144e+08
3363.246,56.0541,617260,507.324,394.045,377.817,2.58843e+08
3365.341,56.0890,617853,507.308,394.275,377.763,2.57549e+08
3367.423,56.1237,618440,507.292,394.503,377.709,2.56261e+08
3369.493,56.1582,619022,507.277,394.729,377.656,2.5498e+08
3371.550,56.1925,619598,507.261,394.953,377.603,2.53705e+08
3373.596,56.2266,620169,507.246,395.174,377.551,2.52437e+08
3375.629,56.2605,620734,507.23,395.394,377.499,2.51175e+08
3377.650,56.2942,621293,507.215,395.611,377.448,2.49919e+08
3379.660,56.3277,621847,507.2,395.826,377.397,2.48669e+08
3381.658,56.3610,622396,507.185,396.039,377.347,2.47426e+08
3383.644,56.3941,622940,507.169,396.251,377.297,2.46189e+08
3385.618,56.4270,623478,507.154,396.46,377.247,2.44958e+08
3387.581,56.4597,624012,507.139,396.667,377.198,2.43733e+08
3389.532,56.4922,624540,507.125,396.873,377.15,2.42514e+08
3391.472,56.5245,625063,507.11,397.076,377.102,2.41302e+08
3393.401,56.5567,625581,507.095,397.277,377.054,2.40095e+08
3395.318,56.5886,626095,507.08,397.477,377.007,2.38895e+08
3397.224,56.6204,626603,507.066,397.675,376.96,2.377e+08
3399.119,56.6520,627107,507.051,397.871,376.914,2.36512e+08
3401.004,56.6834,627605,507.037,398.065,376.868,2.35329e+08
3402.877,56.7146,628099,507.023,398.257,376.822,2.34153e+08
3404.740,56.7457,628589,507.008,398.447,376.777,2.32982e+08
3406.591,56.7765,629073,506.994,398.636,376.732,2.31817e+08
3408.432,56.8072,629553,506.98,398.823,376.688,2.30658e+08
3410.263,56.8377,630029,506.966,399.008,376.644,2.29504e+08
3412.083,56.8680,630500,506.952,399.192,376.6,2.28357e+08
3413.893,56.8982,630967,506.938,399.373,376.557,2.27215e+08
3415.692,56.9282,631429,506.924,399.554,376.514,2.26079e+08
3417.481,56.9580,631887,506.91,399.732,376.472,2.24949e+08
3419.259,56.9877,632340,506.896,399.909,376.43,2.23824e+08
3421.028,57.0171,632789,506.883,400.084,376.388,2.22705e+08
3422.786,57.0464,633234,506.869,400.257,376.347,2.21591e+08
3424.535,57.0756,633675,506.856,400.429,376.306,2.20483e+08
3426.273,57.1046,634112,506.842,400.6,376.265,2.19381e+08
3428.002,57.1334,634544,506.829,400.769,376.225,2.18284e+08
3429.721,57.1620,634973,506.816,400.936,376.185,2.17193e+08
3431.430,57.1905,635397,506.802,401.102,376.146,2.16107e+08
3433.129,57.2188,635817,506.789,401.266,376.107,2.15026e+08
3434.819,57.2470,636234,506.776,401.429,376.068,2.13951e+08
3436.500,57.2750,636647,506.763,401.59,376.029,2.12881e+08
3438.170,57.3028,637055,506.75,401.75,375.991,2.11817e+08
3439.832,57.3305,637460,506.737,401.908,375.953,2.10758e+08
3441.484,57.3581,637861,506.724,402.065,375.916,2.09704e+08
3443.127,57.3854,638259,506.711,402.22,375.879,2.08655e+08
3444.760,57.4127,638652,506.699,402.374,375.842,2.07612e+08
3446.385,57.4397,639042,506.686,402.527,375.805,2.06574e+08
3448.000,57.4667,639429,506.673,402.678,375.769,2.05541e+08
3449.606,57.4934,639812,506.661,402.828,375.733,2.04514e+08
3451.203,57.5201,640191,506.648,402.977,375.698,2.03491e+08
3452.792,57.5465,640566,506.636,403.124,375.662,2.02473e+08
3454.371,57.5729,640939,506.624,403.27,375.627,2.01461e+08
3455.942,57.5990,641307,506.611,403.414,375.593,2.00454e+08
3457.504,57.6251,641673,506.599,403.557,375.558,1.99452e+08
3459.057,57.6510,642035,506.587,403.699,375.524,1.98454e+08
3460.602,57.6767,642393,506.575,403.84,375.49,1.97462e+08
3462.138,57.7023,642748,506.563,403.98,375.457,1.96475e+08
3463.666,57.7278,643100,506.551,404.118,375.424,1.95492e+08
3465.185,57.7531,643449,506.539,404.255,375.391,1.94515e+08
3466.695,57.7783,643794,506.527,404.391,375.358,1.93542e+08
3468.198,57.8033,644137,506.515,404.525,375.326,1.92575e+08
3469.692,57.8282,644476,506.503,404.658,375.294,1.91612e+08
3471.178,57.8530,644812,506.492,404.791,375.262,1.90654e+08
3472.655,57.8776,645145,506.48,404.921,375.23,1.897e+08
3474.125,57.9021,645474,506.468,405.051,375.199,1.88752e+08
3475.586,57.9264,645801,506.457,405.18,375.168,1.87808e+08
3477.039,57.9507,646125,506.445,405.307,375.137,1.86869e+08
3478.485,57.9747,646446,506.434,405.434,375.106,1.85935e+08
3479.922,57.9987,646764,506.423,405.559,375.076,1.85005e+08
3481.352,58.0225,647078,506.411,405.683,375.046,1.8408e+08
3482.773,58.0462,647391,506.4,405.806,375.016,1.8316e+08
3484.187,58.0698,647700,506.389,405.928,374.987,1.82244e+08
3485.593,58.0932,648006,506.378,406.049,374.958,1.81333e+08
3486.992,58.1165,648310,506.367,406.169,374.929,1.80426e+08
3488.383,58.1397,648610,506.356,406.288,374.9,1.79524e+08
3489.766,58.1628,648908,506.345,406.406,374.871,1.78626e+08
3491.142,58.1857,649204,506.334,406.522,374.843,1.77733e+08
3492.510,58.2085,649496,506.323,406.638,374.815,1.76844e+08
3493.871,58.2312,649786,506.312,406.753,374.787,1.7596e+08
3495.224,58.2537,650073,506.302,406.866,374.759,1.7508e+08
3496.570,58.2762,650358,506.291,406.979,374.732,1.74205e+08
3497.909,58.2985,650640,506.28,407.091,374.705,1.73334e+08
3499.240,58.3207,650919,506.27,407.201,374.678,1.72467e+08
3500.565,58.3427,651196,506.259,407.311,374.651,1.71605e+08
3501.882,58.3647,651471,506.249,407.42,374.625,1.70747e+08
3503.192,58.3865,651743,506.238,407.528,374.598,1.69893e+08
3504.495,58.4082,652012,506.228,407.635,374.572,1.69044e+08
3505.790,58.4298,652279,506.218,407.741,374.546,1.68199e+08
3507.079,58.4513,652544,506.207,407.846,374.521,1.67358e+08
3508.361,58.4727,652806,506.197,407.95,374.495,1.66521e+08
3509.636,58.4939,653066,506.187,408.053,374.47,1.65688e+08
3510.904,58.5151,653323,506.177,408.155,374.445,1.6486e+08
3512.165,58.5361,653578,506.167,408.257,374.42,1.64035e+08
3513.420,58.5570,653831,506.157,408.358,374.396,1.63215e+08
3514.667,58.5778,654082,506.147,408.457,374.371,1.62399e+08
3515.908,58.5985,654330,506.135,408.553,374.347,1.61587e+08
3517.142,58.6190,654559,506.122,408.645,374.323,1.60779e+08
3518.370,58.6395,654777,506.11,408.737,374.299,1.59975e+08
3519.591,58.6599,654993,506.097,408.828,374.276,1.59175e+08
3520.806,58.6801,655206,506.085,408.919,374.252,1.5838e+08
3522.014,58.7002,655418,506.073,409.008,374.229,1.57588e+08
3523.216,58.7203,655628,506.06,409.097,374.206,1.568e+08
3524.412,58.7402,655836,506.048,409.185,374.183,1.56016e+08
3525.601,58.7600,656042,506.036,409.272,374.16,1.55236e+08
3526.783,58.7797,656245,506.024,409.358,374.138,1.54459e+08
3527.960,58.7993,656447,506.012,409.444,374.115,1.53687e+08
3529.130,58.8188,656647,506,409.529,374.093,1.52919e+08
3530.294,58.8382,656846,505.988,409.613,374.071,1.52154e+08
3531.452,58.8575,657042,505.976,409.696,374.049,1.51393e+08
3532.604,58.8767,657236,505.964,409.779,374.028,1.50636e+08
3533.749,58.8958,657429,505.952,409.861,374.006,1.49883e+08
3534.889,58.9148,657620,505.941,409.942,373.985,1.49134e+08
3536.023,58.9337,657809,505.929,410.023,373.964,1.48388e+08
3537.150,58.9525,657996,505.918,410.103,373.943,1.47646e+08
3538.272,58.9712,658181,505.906,410.182,373.922,1.46908e+08
3539.387,58.9898,658365,505.895,410.261,373.902,1.46173e+08
3540.497,59.0083,658547,505.883,410.339,373.881,1.45443e+08
3541.601,59.0267,658727,505.872,410.416,373.861,1.44715e+08
3542.699,59.0450,658906,505.861,410.492,373.841,1.43992e+08
3543.792,59.0632,659083,505.849,410.568,373.821,1.43272e+08
3544.878,59.0813,659258,505.838,410.643,373.801,1.42555e+08
3545.959,59.0993,659432,505.827,410.718,373.781,1.41843e+08
3547.034,59.1172,659604,505.816,410.792,373.762,1.41133e+08
3548.104,59.1351,659774,505.805,410.865,373.742,1.40428e+08
3549.168,59.1528,659943,505.794,410.938,373.723,1.39726e+08
3550.226,59.1704,660110,505.783,411.01,373.704,1.39027e+08
3551.279,59.1880,660275,505.772,411.081,373.685,1.38332e+08
3552.326,59.2054,660439,505.761,411.152,373.666,1.3764e+08
3553.368,59.2228,660602,505.751,411.222,373.648,1.36952e+08
3554.404,59.2401,660763,505.74,411.292,373.629,1.36267e+08
3555.435,59.2573,660922,505.729,411.361,373.611,1.35586e+08
3556.461,59.2743,661080,505.719,411.429,373.593,1.34908e+08
3557.481,59.2913,661237,505.708,411.497,373.574,1.34233e+08
3558.496,59.3083,661392,505.698,411.564,373.557,1.33562e+08
3559.505,59.3251,661546,505.687,411.631,373.539,1.32894e+08
3560.509,59.3418,661698,505.677,411.697,373.521,1.3223e+08
3561.508,59.3585,661849,505.667,411.763,373.504,1.31569e+08
3562.502,59.3750,661998,505.656,411.828,373.486,1.30911e+08
3563.491,59.3915,662146,505.646,411.892,373.469,1.30256e+08
3564.474,59.4079,662292,505.636,411.956,373.452,1.29605e+08
3565.452,59.4242,662438,505.626,412.019,373.435,1.28957e+08
3566.425,59.4404,662582,505.616,412.082,373.418,1.28312e+08
3567.393,59.4566,662724,505.606,412.145,373.401,1.27671e+08
3568.356,59.4726,662865,505.596,412.206,373.385,1.27032e+08
3569.314,59.4886,663005,505.586,412.268,373.368,1.26397e+08
3570.268,59.5045,663144,505.576,412.328,373.352,1.25765e+08
3571.216,59.5203,663281,505.566,412.389,373.336,1.25136e+08
3572.159,59.5360,663417,505.557,412.448,373.32,1.24511e+08
3573.097,59.5516,663552,505.547,412.508,373.304,1.23888e+08
3574.030,59.5672,663686,505.537,412.566,373.288,1.23269e+08
3574.959,59.5826,663818,505.528,412.625,373.272,1.22652e+08
3575.882,59.5980,663949,505.518,412.682,373.256,1.22039e+08
3576.801,59.6134,664079,505.508,412.74,373.241,1.21429e+08
3577.715,59.6286,664207,505.499,412.796,373.226,1.20822e+08
3578.625,59.6437,664335,505.49,412.853,373.21,1.20218e+08
3579.529,59.6588,664461,505.48,412.909,373.195,1.19617e+08
3580.429,59.6738,664586,505.471,412.964,373.18,1.19019e+08
3581.324,59.6887,664710,505.462,413.019,373.165,1.18423e+08
3582.215,59.7036,664833,505.452,413.073,373.15,1.17831e+08
3583.101,59.7184,664955,505.443,413.127,373.136,1.17242e+08
3583.983,59.7330,665075,505.434,413.181,373.121,1.16656e+08
3584.859,59.7477,665195,505.425,413.234,373.107,1.16073e+08
3585.732,59.7622,665313,505.416,413.287,373.092,1.15492e+08
3586.600,59.7767,665430,505.407,413.339,373.078,1.14915e+08
3587.463,59.7910,665547,505.398,413.391,373.064,1.1434e+08
3588.322,59.8054,665662,505.389,413.442,373.05,1.13769e+08
3589.176,59.8196,665776,505.38,413.493,373.036,1.132e+08
3590.026,59.8338,665889,505.371,413.544,373.022,1.12634e+08
3590.872,59.8479,666001,505.362,413.594,373.008,1.12071e+08
3591.713,59.8619,666112,505.354,413.644,372.995,1.1151e+08
3592.550,59.8758,666222,505.345,413.693,372.981,1.10953e+08
3593.382,59.8897,666331,505.336,413.742,372.968,1.10398e+08
3594.211,59.9035,666439,505.328,413.79,372.955,1.09846e+08
3595.035,59.9172,666546,505.319,413.838,372.941,1.09297e+08
3595.854,59.9309,666651,505.311,413.886,372.928,1.0875e+08
3596.670,59.9445,666756,505.302,413.934,372.915,1.08206e+08
3597.481,59.9580,666860,505.294,413.98,372.902,1.07665e+08
3598.288,59.9715,666964,505.285,414.027,372.889,1.07127e+08
3599.091,59.9849,667066,505.277,414.073,372.877,1.06591e+08
3599.890,59.9982,667167,505.269,414.119,372.864,1.06059e+08
3600.685,60.0114,667267,505.26,414.164,372.851,1.05528e+08
3601.475,60.0246,667367,505.252,414.209,372.839,1.05001e+08
3602.262,60.0377,667465,505.244,414.254,372.827,1.04476e+08
3603.045,60.0507,667563,505.236,414.298,372.814,1.03953e+08
3603.823,60.0637,667659,505.228,414.342,372.802,1.03433e+08
3604.598,60.0766,667755,505.22,414.386,372.79,1.02916e+08
3605.368,60.0895,667850,505.212,414.429,372.778,1.02402e+08
3606.135,60.1022,667944,505.204,414.472,372.766,1.0189e+08
3606.897,60.1150,668037,505.196,414.515,372.754,1.0138e+08
3607.656,60.1276,668130,505.188,414.557,372.742,1.00873e+08
3608.411,60.1402,668221,505.18,414.599,372.731,1.00369e+08
3609.162,60.1527,668312,505.172,414.64,372.719,9.98671e+07
3609.909,60.1651,668402,505.164,414.681,372.708,9.93678e+07
3610.652,60.1775,668491,505.157,414.722,372.696,9.88709e+07
3611.391,60.1899,668579,505.149,414.763,372.685,9.83766e+07
3612.127,60.2021,668666,505.141,414.803,372.674,9.78847e+07
3612.859,60.2143,668753,505.134,414.843,372.662,9.73953e+07
3613.587,60.2264,668839,505.126,414.882,372.651,9.69083e+07
3614.311,60.2385,668924,505.118,414.922,372.64,9.64238e+07
3615.032,60.2505,669008,505.111,414.961,372.629,9.59416e+07
3615.749,60.2625,669092,505.103,414.999,372.619,9.54619e+07
3616.462,60.2744,669175,505.096,415.038,372.608,9.49846e+07
3617.172,60.2862,669257,505.089,415.076,372.597,9.45097e+07
3617.878,60.2980,669338,505.081,415.113,372.586,9.40372e+07
3618.580,60.3097,669419,505.074,415.151,372.576,9.3567e+07
3619.279,60.3213,669499,505.067,415.188,372.565,9.30991e+07
3619.974,60.3329,669578,505.059,415.224,372.555,9.26336e+07
3620.666,60.3444,669656,505.052,415.261,372.545,9.21705e+07
3621.354,60.3559,669734,505.045,415.297,372.534,9.17096e+07
3622.038,60.3673,669811,505.038,415.333,372.524,9.12511e+07
3622.720,60.3787,669887,505.031,415.369,372.514,9.07948e+07
3623.397,60.3900,669963,505.023,415.404,372.504,9.03408e+07
3624.071,60.4012,670038,505.016,415.439,372.494,8.98891e+07
3624.742,60.4124,670112,505.009,415.474,372.484,8.94397e+07
3625.409,60.4235,670186,505.002,415.509,372.474,8.89925e+07
3626.073,60.4346,670259,504.996,415.543,372.465,8.85475e+07
3626.734,60.4456,670331,504.989,415.577,372.455,8.81048e+07
3627.391,60.4565,670403,504.982,415.61,372.445,8.76643e+07
3628.044,60.4674,670474,504.975,415.644,372.436,8.7226e+07
3628.695,60.4782,670544,504.968,415.677,372.426,8.67898e+07
3629.342,60.4890,670614,504.961,415.71,372.417,8.63559e+07
3629.986,60.4998,670683,504.955,415.743,372.408,8.59241e+07
3630.626,60.5104,670751,504.948,415.775,372.398,8.54945e+07
3631.263,60.5211,670819,504.941,415.807,372.389,8.5067e+07
3631.897,60.5316,670887,504.935,415.839,372.38,8.46417e+07
3632.528,60.5421,670953,504.928,415.871,372.371,8.42185e+07
3633.156,60.5526,671019,504.921,415.902,372.362,8.37974e+07
3633.780,60.5630,671085,504.915,415.933,372.353,8.33784e+07
3634.401,60.5734,671150,504.908,415.964,372.344,8.29615e+07
3635.019,60.5837,671214,504.902,415.995,372.335,8.25467e+07
3635.634,60.5939,671278,504.895,416.025,372.327,8.21339e+07
3636.246,60.6041,671341,504.889,416.055,372.318,8.17233e+07
3636.854,60.6142,671404,504.883,416.085,372.309,8.13147e+07
3637.460,60.6243,671466,504.876,416.115,372.301,8.09081e+07
3638.062,60.6344,671528,504.87,416.145,372.292,8.05035e+07
3638.662,60.6444,671589,504.864,416.174,372.284,8.0101e+07
3639.258,60.6543,671649,504.857,416.203,372.275,7.97005e+07
3639.851,60.6642,671709,504.851,416.232,372.267,7.9302e+07
3640.442,60.6740,671768,504.845,416.26,372.259,7.89055e+07
3641.029,60.6838,671827,504.839,416.289,372.25,7.8511e+07
3641.613,60.6936,671886,504.833,416.317,372.242,7.81184e+07
3642.194,60.7032,671943,504.827,416.345,372.234,7.77278e+07
3642.773,60.7129,672001,504.821,416.372,372.226,7.73392e+07
3643.348,60.7225,672058,504.815,416.4,372.218,7.69525e+07
3643.921,60.7320,672114,504.809,416.427,372.21,7.65677e+07
3644.490,60.7415,672170,504.803,416.454,372.202,7.61849e+07
3645.057,60.7509,672225,504.797,416.481,372.194,7.5804e+07
3645.621,60.7603,672280,504.791,416.508,372.187,7.5425e+07
3646.181,60.7697,672334,504.785,416.534,372.179,7.50478e+07
3646.739,60.7790,672388,504.779,416.56,372.171,7.46726e+07
3647.295,60.7882,672441,504.773,416.587,372.163,7.42992e+07
3647.847,60.7975,672494,504.767,416.612,372.156,7.39277e+07
3648.397,60.8066,672547,504.762,416.638,372.148,7.35581e+07
3648.944,60.8157,672599,504.756,416.663,372.141,7.31903e+07
3649.488,60.8248,672650,504.75,416.689,372.133,7.28244e+07
3650.029,60.8338,672701,504.745,416.714,372.126,7.24602e+07
3650.567,60.8428,672752,504.739,416.739,372.119,7.20979e+07
3651.103,60.8517,672802,504.733,416.763,372.112,7.17374e+07
3651.636,60.8606,672852,504.728,416.788,372.104,7.13788e+07
3652.167,60.8694,672901,504.722,416.812,372.097,7.10219e+07
3652.694,60.8782,672950,504.717,416.836,372.09,7.06667e+07
3653.219,60.8870,672999,504.711,416.86,372.083,7.03134e+07
3653.742,60.8957,673047,504.706,416.884,372.076,6.99618e+07
3654.261,60.9044,673094,504.7,416.908,372.069,6.9612e+07
3654.779,60.9130,673142,504.695,416.931,372.062,6.9264e+07
3655.293,60.9215,673189,504.689,416.954,372.055,6.89177e+07
3655.805,60.9301,673235,504.684,416.977,372.048,6.85731e+07
3656.314,60.9386,673281,504.679,417,372.041,6.82302e+07
3656.821,60.9470,673326,504.673,417.023,372.035,6.78891e+07
3657.325,60.9554,673372,504.668,417.045,372.028,6.75496e+07
3657.826,60.9638,673416,504.663,417.068,372.021,6.72119e+07
3658.325,60.9721,673461,504.657,417.09,372.015,6.68758e+07
3658.822,60.9804,673505,504.652,417.112,372.008,6.65414e+07
3659.316,60.9886,673549,504.647,417.134,372.002,6.62087e+07
3659.807,60.9968,673592,504.642,417.155,371.995,6.58777e+07
3660.296,61.0049,673635,504.637,417.177,371.989,6.55483e+07
3660.783,61.0130,673677,504.632,417.198,371.982,6.52205e+07
3661.267,61.0211,673719,504.626,417.22,371.976,6.48944e+07
3661.748,61.0291,673761,504.621,417.241,371.97,6.457e+07
3662.228,61.0371,673803,504.616,417.262,371.963,6.42471e+07
3662.704,61.0451,673844,504.611,417.282,371.957,6.39259e+07
3663.179,61.0530,673884,504.606,417.303,371.951,6.36063e+07
3663.650,61.0608,673925,504.601,417.323,371.945,6.32882e+07
3664.120,61.0687,673965,504.596,417.344,371.939,6.29718e+07
3664.587,61.0765,674004,504.592,417.364,371.933,6.26569e+07
3665.052,61.0842,674044,504.587,417.384,371.927,6.23436e+07
3665.514,61.0919,674083,504.582,417.403,371.921,6.20319e+07
3665.974,61.0996,674121,504.577,417.423,371.915,6.17218e+07
3666.432,61.1072,674160,504.572,417.443,371.909,6.14131e+07
3666.888,61.1148,674198,504.567,417.462,371.903,6.11061e+07
3667.341,61.1223,674235,504.563,417.481,371.897,6.08006e+07
3667.792,61.1299,674273,504.558,417.5,371.891,6.04966e+07
3668.240,61.1373,674310,504.553,417.519,371.886,6.01941e+07
3668.687,61.1448,674346,504.548,417.538,371.88,5.98931e+07
3669.131,61.1522,674383,504.544,417.557,371.874,5.95936e+07
3669.572,61.1595,674419,504.539,417.575,371.869,5.92957e+07
3670.012,61.1669,674455,504.535,417.594,371.863,5.89992e+07
3670.449,61.1742,674490,504.53,417.612,371.858,5.87042e+07
3670.885,61.1814,674525,504.525,417.63,371.852,5.84107e+07
3671.317,61.1886,674560,504.521,417.648,371.847,5.81186e+07
3671.748,61.1958,674595,504.516,417.666,371.841,5.7828e+07
3672.177,61.2029,674629,504.512,417.684,371.836,5.75389e+07
3672.603,61.2101,674663,504.507,417.701,371.83,5.72512e+07
3673.028,61.2171,674697,504.503,417.719,371.825,5.69649e+07
3673.450,61.2242,674730,504.498,417.736,371.82,5.66801e+07
3673.870,61.2312,674763,504.494,417.754,371.814,5.63967e+07
3674.288,61.2381,674796,504.49,417.771,371.809,5.61147e+07
3674.703,61.2451,674829,504.485,417.788,371.804,5.58341e+07
3675.117,61.2519,674861,504.481,417.804,371.799,5.5555e+07
3675.529,61.2588,674893,504.476,417.821,371.794,5.52772e+07
3675.938,61.2656,674925,504.472,417.838,371.789,5.50008e+07
3676.346,61.2724,674956,504.468,417.854,371.784,5.47258e+07
3676.751,61.2792,674987,504.464,417.871,371.778,5.44522e+07
3677.154,61.2859,675018,504.459,417.887,371.773,5.41799e+07
3677.556,61.2926,675049,504.455,417.903,371.769,5.3909e+07
3677.955,61.2992,675079,504.451,417.919,371.764,5.36395e+07
3678.352,61.3059,675109,504.447,417.935,371.759,5.33713e+07
3678.747,61.3125,675139,504.443,417.951,371.754,5.31044e+07
3679.141,61.3190,675169,504.438,417.966,371.749,5.28389e+07
3679.532,61.3255,675198,504.434,417.982,371.744,5.25747e+07
3679.921,61.3320,675227,504.43,417.997,371.739,5.23118e+07
3680.309,61.3385,675256,504.426,418.013,371.735,5.20503e+07
3680.694,61.3449,675285,504.422,418.028,371.73,5.179e+07
3681.077,61.3513,675313,504.418,418.043,371.725,5.15311e+07
3681.459,61.3576,675342,504.414,418.058,371.721,5.12734e+07
3681.839,61.3640,675370,504.41,418.073,371.716,5.10171e+07
3682.216,61.3703,675397,504.406,418.088,371.711,5.0762e+07
3682.592,61.3765,675425,504.402,418.102,371.707,5.05082e+07
3682.966,61.3828,675452,504.398,418.117,371.702,5.02556e+07
3683.338,61.3890,675479,504.394,418.132,371.698,5.00043e+07
3683.708,61.3951,675506,504.39,418.146,371.693,4.97543e+07
3684.076,61.4013,675532,504.386,418.16,371.689,4.95055e+07
3684.443,61.4074,675559,504.383,418.174,371.684,4.9258e+07
3684.807,61.4135,675585,504.379,418.188,371.68,4.90117e+07
3685.170,61.4195,675611,504.375,418.202,371.676,4.87667e+07
3685.531,61.4255,675636,504.371,418.216,371.671,4.85228e+07
3685.890,61.4315,675662,504.367,418.23,371.667,4.82802e+07
3686.247,61.4375,675687,504.364,418.244,371.663,4.80388e+07
3686.603,61.4434,675712,504.36,418.257,371.658,4.77986e+07
3686.956,61.4493,675737,504.356,418.271,371.654,4.75596e+07
3687.308,61.4551,675762,504.352,418.284,371.65,4.73218e+07
3687.658,61.4610,675786,504.349,418.297,371.646,4.70852e+07
3688.007,61.4668,675810,504.345,418.311,371.642,4.68498e+07
3688.353,61.4726,675835,504.341,418.324,371.637,4.66155e+07
3688.698,61.4783,675858,504.338,418.337,371.633,4.63825e+07
3689.041,61.4840,675882,504.334,418.35,371.629,4.61506e+07
3689.383,61.4897,675905,504.33,418.362,371.625,4.59198e+07
3689.722,61.4954,675929,504.327,418.375,371.621,4.56902e+07
3690.060,61.5010,675952,504.323,418.388,371.617,4.54618e+07
3690.397,61.5066,675975,504.32,418.4,371.613,4.52344e+07
3690.731,61.5122,675997,504.316,418.413,371.609,4.50083e+07
3691.064,61.5177,676020,504.313,418.425,371.605,4.47832e+07
3691.395,61.5233,676042,504.309,418.438,371.602,4.45593e+07
3691.725,61.5287,676064,504.306,418.45,371.598,4.43365e+07
3692.053,61.5342,676086,504.302,418.462,371.594,4.41148e+07
3692.379,61.5396,676108,504.299,418.474,371.59,4.38943e+07
3692.704,61.5451,676129,504.295,418.486,371.586,4.36748e+07
3693.027,61.5504,676151,504.292,418.498,371.582,4.34564e+07
3693.348,61.5558,676172,504.289,418.509,371.579,4.32391e+07
3693.668,61.5611,676193,504.285,418.521,371.575,4.30229e+07
3693.986,61.5664,676214,504.282,418.533,371.571,4.28078e+07
3694.302,61.5717,676235,504.279,418.544,371.568,4.25938e+07
3694.617,61.5770,676255,504.275,418.556,371.564,4.23808e+07
3694.931,61.5822,676276,504.272,418.567,371.56,4.21689e+07
3695.242,61.5874,676296,504.269,418.579,371.557,4.19581e+07
3695.552,61.5925,676316,504.265,418.59,371.553,4.17483e+07
3695.861,61.5977,676336,504.262,418.601,371.549,4.15395e+07
3696.168,61.6028,676356,504.259,418.612,371.546,4.13318e+07
3696.474,61.6079,676375,504.256,418.623,371.542,4.11252e+07
3696.778,61.6130,676394,504.252,418.634,371.539,4.09196e+07
3697.080,61.6180,676414,504.249,418.645,371.535,4.0715e+07
3697.381,61.6230,676433,504.246,418.655,371.532,4.05114e+07
3697.681,61.6280,676452,504.243,418.666,371.529,4.03088e+07
3697.979,61.6330,676471,504.24,418.677,371.525,4.01073e+07
3698.275,61.6379,676489,504.237,418.687,371.522,3.99067e+07
3698.570,61.6428,676508,504.234,418.698,371.518,3.97072e+07
3698.863,61.6477,676526,504.23,418.708,371.515,3.95087e+07
3699.155,61.6526,676544,504.227,418.719,371.512,3.93111e+07
3699.446,61.6574,676562,504.224,418.729,371.508,3.91146e+07
3699.735,61.6622,676580,504.221,418.739,371.505,3.8919e+07
3700.023,61.6670,676598,504.218,418.749,371.502,3.87244e+07
3700.309,61.6718,676615,504.215,418.759,371.499,3.85308e+07
3700.593,61.6766,676633,504.212,418.769,371.495,3.83381e+07
3700.877,61.6813,676650,504.209,418.779,371.492,3.81464e+07
3701.159,61.6860,676667,504.206,418.789,371.489,3.79557e+07
3701.439,61.6907,676684,504.203,418.799,371.486,3.77659e+07
3701.718,61.6953,676701,504.2,418.808,371.483,3.75771e+07
3701.996,61.6999,676718,504.197,418.818,371.479,3.73892e+07
3702.272,61.7045,676735,504.194,418.828,371.476,3.72023e+07
3702.547,61.7091,676751,504.192,418.837,371.473,3.70163e+07
3702.820,61.7137,676767,504.189,418.847,371.47,3.68312e+07
3703.092,61.7182,676784,504.186,418.856,371.467,3.6647e+07
3703.363,61.7227,676800,504.183,418.865,371.464,3.64638e+07
3703.633,61.7272,676816,504.18,418.875,371.461,3.62815e+07
3703.901,61.7317,676832,504.177,418.884,371.458,3.61001e+07
3704.167,61.7361,676847,504.174,418.893,371.455,3.59196e+07
3704.433,61.7405,676863,504.172,418.902,371.452,3.574e+07
3704.697,61.7449,676878,504.169,418.911,371.449,3.55613e+07
3704.959,61.7493,676894,504.166,418.92,371.446,3.53835e+07
3705.221,61.7537,676909,504.163,418.929,371.443,3.52065e+07
3705.481,61.7580,676924,504.161,418.938,371.44,3.50305e+07
3705.739,61.7623,676939,504.158,418.946,371.437,3.48554e+07
3705.997,61.7666,676954,504.155,418.955,371.435,3.46811e+07
3706.253,61.7709,676969,504.152,418.964,371.432,3.45077e+07
3706.508,61.7751,676983,504.15,418.972,371.429,3.43351e+07
3706.761,61.7794,676998,504.147,418.981,371.426,3.41635e+07
3707.014,61.7836,677012,504.144,418.989,371.423,3.39926e+07
3707.265,61.7877,677026,504.142,418.998,371.421,3.38227e+07
3707.515,61.7919,677041,504.139,419.006,371.418,3.36536e+07
3707.763,61.7961,677055,504.136,419.015,371.415,3.34853e+07
3708.010,61.8002,677069,504.134,419.023,371.412,3.33179e+07
3708.256,61.8043,677082,504.131,419.031,371.41,3.31513e+07
3708.501,61.8084,677096,504.129,419.039,371.407,3.29855e+07
3708.745,61.8124,677110,504.126,419.047,371.404,3.28206e+07
3708.987,61.8165,677123,504.124,419.055,371.402,3.26565e+07
3709.228,61.8205,677137,504.121,419.063,371.399,3.24932e+07
3709.468,61.8245,677150,504.118,419.071,371.396,3.23307e+07
3709.707,61.8284,677163,504.116,419.079,371.394,3.21691e+07
3709.945,61.8324,677176,504.113,419.087,371.391,3.20082e+07
3710.181,61.8363,677189,504.111,419.095,371.389,3.18482e+07
3710.416,61.8403,677202,504.108,419.102,371.386,3.1689e+07
3710.650,61.8442,677215,504.106,419.11,371.383,3.15305e+07
3710.883,61.8480,677228,504.104,419.118,371.381,3.13729e+07
3711.114,61.8519,677240,504.101,419.125,371.378,3.1216e+07
3711.345,61.8557,677253,504.099,419.133,371.376,3.10599e+07
3711.574,61.8596,677265,504.096,419.14,371.373,3.09046e+07
3711.802,61.8634,677277,504.094,419.148,371.371,3.07501e+07
3712.029,61.8672,677290,504.091,419.155,371.368,3.05963e+07
3712.255,61.8709,677302,504.089,419.162,371.366,3.04434e+07
3712.480,61.8747,677314,504.087,419.17,371.364,3.02911e+07
3712.703,61.8784,677326,504.084,419.177,371.361,3.01397e+07
3712.926,61.8821,677338,504.082,419.184,371.359,2.9989e+07
3713.147,61.8858,677349,504.08,419.191,371.356,2.98391e+07
3713.368,61.8895,677361,504.077,419.198,371.354,2.96899e+07
3713.587,61.8931,677373,504.075,419.205,371.352,2.95414e+07
3713.805,61.8967,677384,504.073,419.212,371.349,2.93937e+07
3714.022,61.9004,677395,504.07,419.219,371.347,2.92467e+07
3714.238,61.9040,677407,504.068,419.226,371.345,2.91005e+07
3714.452,61.9075,677418,504.066,419.233,371.342,2.8955e+07
3714.666,61.9111,677429,504.064,419.24,371.34,2.88102e+07
3714.879,61.9146,677440,504.061,419.247,371.338,2.86662e+07
3715.090,61.9182,677451,504.059,419.254,371.336,2.85228e+07
3715.301,61.9217,677462,504.057,419.26,371.333,2.83802e+07
3715.510,61.9252,677473,504.055,419.267,371.331,2.82383e+07
3715.719,61.9286,677483,504.052,419.273,371.329,2.80971e+07
3715.926,61.9321,677494,504.05,419.28,371.327,2.79566e+07
3716.132,61.9355,677504,504.048,419.287,371.324,2.78169e+07
3716.338,61.9390,677515,504.046,419.293,371.322,2.76778e+07
3716.542,61.9424,677525,504.044,419.299,371.32,2.75394e+07
3716.745,61.9458,677536,504.042,419.306,371.318,2.74017e+07
3716.947,61.9491,677546,504.039,419.312,371.316,2.72647e+07
3717.149,61.9525,677556,504.037,419.319,371.314,2.71284e+07
3717.349,61.9558,677566,504.035,419.325,371.312,2.69927e+07
3717.548,61.9591,677576,504.033,419.331,371.309,2.68578e+07
3717.746,61.9624,677586,504.031,419.337,371.307,2.67235e+07
3717.943,61.9657,677596,504.029,419.343,371.305,2.65898e+07
3718.140,61.9690,677605,504.027,419.349,371.303,2.64569e+07
3718.335,61.9722,677615,504.025,419.356,371.301,2.63246e+07
3718.529,61.9755,677625,504.023,419.362,371.299,2.6193e+07
3718.722,61.9787,677634,504.021,419.368,371.297,2.6062e+07
3718.915,61.9819,677644,504.019,419.373,371.295,2.59317e+07
3719.106,61.9851,677653,504.017,419.379,371.293,2.58021e+07
3719.296,61.9883,677662,504.015,419.385,371.291,2.5673e+07
3719.486,61.9914,677672,504.013,419.391,371.289,2.55447e+07
3719.674,61.9946,677681,504.011,419.397,371.287,2.5417e+07
3719.862,61.9977,677690,504.009,419.403,371.285,2.52899e+07
3720.048,62.0008,677699,504.007,419.408,371.283,2.51634e+07
3720.234,62.0039,677708,504.005,419.414,371.281,2.50376e+07
3720.419,62.0070,677717,504.003,419.42,371.279,2.49124e+07
3720.602,62.0100,677726,504.001,419.425,371.277,2.47879e+07
3720.785,62.0131,677734,503.999,419.431,371.275,2.46639e+07
3720.967,62.0161,677743,503.997,419.437,371.273,2.45406e+07
3721.148,62.0191,677752,503.995,419.442,371.272,2.44179e+07
3721.328,62.0221,677760,503.993,419.448,371.27,2.42958e+07
3721.508,62.0251,677769,503.991,419.453,371.268,2.41743e+07
3721.686,62.0281,677777,503.989,419.458,371.266,2.40535e+07
3721.864,62.0311,677786,503.987,419.464,371.264,2.39332e+07
3722.040,62.0340,677794,503.986,419.469,371.262,2.38135e+07
3722.216,62.0369,677802,503.984,419.474,371.26,2.36945e+07
3722.391,62.0398,677811,503.982,419.48,371.259,2.3576e+07
3722.564,62.0427,677819,503.98,419.485,371.257,2.34581e+07
3722.737,62.0456,677827,503.978,419.49,371.255,2.33408e+07
3722.910,62.0485,677835,503.976,419.495,371.253,2.32241e+07
3723.081,62.0513,677843,503.975,419.5,371.252,2.3108e+07
3723.251,62.0542,677851,503.973,419.506,371.25,2.29924e+07
3723.421,62.0570,677858,503.971,419.511,371.248,2.28775e+07
3723.590,62.0598,677866,503.969,419.516,371.246,2.27631e+07
3723.758,62.0626,677874,503.967,419.521,371.245,2.26493e+07
3723.925,62.0654,677882,503.966,419.526,371.243,2.2536e+07
3724.091,62.0682,677889,503.964,419.531,371.241,2.24234e+07
3724.256,62.0709,677897,503.962,419.536,371.239,2.23112e+07
3724.421,62.0737,677904,503.96,419.54,371.238,2.21997e+07
3724.585,62.0764,677912,503.959,419.545,371.236,2.20887e+07
3724.748,62.0791,677919,503.957,419.55,371.234,2.19782e+07
3724.910,62.0818,677926,503.955,419.555,371.233,2.18683e+07
3725.071,62.0845,677934,503.954,419.56,371.231,2.1759e+07
3725.231,62.0872,677941,503.952,419.564,371.229,2.16502e+07
3725.391,62.0899,677948,503.95,419.569,371.228,2.1542e+07
3725.550,62.0925,677955,503.948,419.574,371.226,2.14343e+07
3725.708,62.0951,677962,503.947,419.579,371.225,2.13271e+07
3725.865,62.0978,677969,503.945,419.583,371.223,2.12204e+07
3726.022,62.1004,677976,503.943,419.588,371.221,2.11143e+07
3726.178,62.1030,677983,503.942,419.592,371.22,2.10088e+07
3726.332,62.1055,677990,503.94,419.597,371.218,2.09037e+07
3726.487,62.1081,677997,503.939,419.601,371.217,2.07992e+07
3726.640,62.1107,678004,503.937,419.606,371.215,2.06952e+07
3726.793,62.1132,678010,503.935,419.61,371.213,2.05917e+07
3726.944,62.1157,678017,503.934,419.615,371.212,2.04888e+07
3727.096,62.1183,678024,503.932,419.619,371.21,2.03863e+07
3727.246,62.1208,678030,503.931,419.623,371.209,2.02844e+07
3727.395,62.1233,678037,503.929,419.628,371.207,2.0183e+07
3727.544,62.1257,678043,503.927,419.632,371.206,2.00821e+07
3727.692,62.1282,678050,503.926,419.636,371.204,1.99817e+07
3727.840,62.1307,678056,503.924,419.641,371.203,1.98817e+07
3727.986,62.1331,678062,503.923,419.645,371.201,1.97823e+07
3728.132,62.1355,678069,503.921,419.649,371.2,1.96834e+07
3728.277,62.1380,678075,503.92,419.653,371.198,1.9585e+07
3728.422,62.1404,678081,503.918,419.658,371.197,1.94871e+07
3728.565,62.1428,678087,503.917,419.662,371.196,1.93896e+07
3728.708,62.1451,678093,503.915,419.666,371.194,1.92927e+07
3728.851,62.1475,678099,503.914,419.67,371.193,1.91962e+07
3728.992,62.1499,678106,503.912,419.674,371.191,1.91003e+07
3729.133,62.1522,678111,503.911,419.678,371.19,1.90048e+07
3729.273,62.1546,678117,503.909,419.682,371.188,1.89097e+07
3729.413,62.1569,678123,503.908,419.686,371.187,1.88152e+07
3729.551,62.1592,678129,503.906,419.69,371.186,1.87211e+07
3729.689,62.1615,678135,503.905,419.694,371.184,1.86275e+07
3729.827,62.1638,678141,503.903,419.698,371.183,1.85344e+07
3729.963,62.1661,678146,503.902,419.702,371.181,1.84417e+07
3730.099,62.1683,678152,503.9,419.706,371.18,1.83495e+07
3730.235,62.1706,678158,503.899,419.709,371.179,1.82577e+07
3730.369,62.1728,678163,503.897,419.713,371.177,1.81664e+07
3730.503,62.1751,678169,503.896,419.717,371.176,1.80756e+07
3730.636,62.1773,678174,503.895,419.721,371.175,1.79852e+07
3730.769,62.1795,678180,503.893,419.725,371.173,1.78953e+07
3730.901,62.1817,678185,503.892,419.728,371.172,1.78058e+07
3731.032,62.1839,678191,503.89,419.732,371.171,1.77168e+07
3731.163,62.1860,678196,503.889,419.736,371.169,1.76282e+07
3731.293,62.1882,678202,503.888,419.739,371.168,1.75401e+07
3731.422,62.1904,678207,503.886,419.743,371.167,1.74524e+07
3731.551,62.1925,678212,503.885,419.747,371.166,1.73651e+07
3731.679,62.1946,678217,503.884,419.75,371.164,1.72783e+07
3731.806,62.1968,678222,503.882,419.754,371.163,1.71919e+07
3731.933,62.1989,678228,503.881,419.757,371.162,1.71059e+07
3732.059,62.2010,678233,503.88,419.761,371.161,1.70204e+07
3732.185,62.2031,678238,503.878,419.764,371.159,1.69353e+07
3732.309,62.2052,678243,503.877,419.768,371.158,1.68506e+07
3732.434,62.2072,678248,503.876,419.771,371.157,1.67664e+07
3732.557,62.2093,678253,503.874,419.775,371.156,1.66825e+07
3732.680,62.2113,678258,503.873,419.778,371.154,1.65991e+07
3732.803,62.2134,678263,503.872,419.782,371.153,1.65161e+07
3732.924,62.2154,678268,503.87,419.785,371.152,1.64336e+07
3733.045,62.2174,678272,503.869,419.788,371.151,1.63514e+07
3733.166,62.2194,678277,503.868,419.792,371.15,1.62696e+07
3733.286,62.2214,678282,503.867,419.795,371.148,1.61883e+07
3733.405,62.2234,678287,503.865,419.798,371.147,1.61073e+07
3733.524,62.2254,678291,503.864,419.802,371.146,1.60268e+07
3733.642,62.2274,678296,503.863,419.805,371.145,1.59467e+07
3733.760,62.2293,678301,503.862,419.808,371.144,1.58669e+07
3733.877,62.2313,678305,503.86,419.811,371.143,1.57876e+07
3733.993,62.2332,678310,503.859,419.815,371.141,1.57087e+07
3734.109,62.2351,678314,503.858,419.818,371.14,1.56301e+07
3734.224,62.2371,678319,503.857,419.821,371.139,1.5552e+07
3734.339,62.2390,678323,503.855,419.824,371.138,1.54742e+07
3734.453,62.2409,678328,503.854,419.827,371.137,1.53968e+07
3734.566,62.2428,678332,503.853,419.83,371.136,1.53199e+07
3734.679,62.2447,678337,503.852,419.833,371.135,1.52433e+07
3734.791,62.2465,678341,503.851,419.837,371.134,1.5167e+07
3734.903,62.2484,678345,503.85,419.84,371.133,1.50912e+07
3735.015,62.2502,678349,503.848,419.843,371.131,1.50158e+07
3735.125,62.2521,678354,503.847,419.846,371.13,1.49407e+07
3735.235,62.2539,678358,503.846,419.849,371.129,1.4866e+07
3735.345,62.2557,678362,503.845,419.852,371.128,1.47916e+07
3735.454,62.2576,678366,503.844,419.855,371.127,1.47177e+07
3735.562,62.2594,678371,503.843,419.858,371.126,1.46441e+07
3735.670,62.2612,678375,503.841,419.861,371.125,1.45709e+07
3735.778,62.2630,678379,503.84,419.863,371.124,1.4498e+07
3735.885,62.2647,678383,503.839,419.866,371.123,1.44255e+07
3735.991,62.2665,678387,503.838,419.869,371.122,1.43534e+07
3736.097,62.2683,678391,503.837,419.872,371.121,1.42816e+07
3736.202,62.2700,678395,503.836,419.875,371.12,1.42102e+07
3736.307,62.2718,678399,503.835,419.878,371.119,1.41392e+07
3736.411,62.2735,678403,503.834,419.881,371.118,1.40685e+07
3736.515,62.2752,678407,503.832,419.883,371.117,1.39981e+07
3736.618,62.2770,678410,503.831,419.886,371.116,1.39281e+07
3736.720,62.2787,678414,503.83,419.889,371.115,1.38585e+07
3736.823,62.2804,678418,503.829,419.892,371.114,1.37892e+07
3736.924,62.2821,678422,503.828,419.894,371.113,1.37203e+07
3737.025,62.2838,678426,503.827,419.897,371.112,1.36517e+07
3737.126,62.2854,678429,503.826,419.9,371.111,1.35834e+07
3737.226,62.2871,678433,503.825,419.903,371.11,1.35155e+07
3737.326,62.2888,678437,503.824,419.905,371.109,1.34479e+07
3737.425,62.2904,678440,503.823,419.908,371.108,1.33807e+07
3737.523,62.2921,678444,503.822,419.911,371.107,1.33138e+07
3737.621,62.2937,678448,503.821,419.913,371.106,1.32472e+07
3737.719,62.2953,678451,503.82,419.916,371.105,1.3181e+07
3737.816,62.2969,678455,503.819,419.918,371.104,1.31151e+07
3737.913,62.2985,678458,503.818,419.921,371.103,1.30495e+07
3738.009,62.3002,678462,503.817,419.923,371.102,1.29842e+07
3738.105,62.3017,678465,503.816,419.926,371.101,1.29193e+07
3738.200,62.3033,678469,503.815,419.929,371.1,1.28547e+07
3738.295,62.3049,678472,503.814,419.931,371.1,1.27904e+07
3738.389,62.3065,678476,503.813,419.934,371.099,1.27265e+07
3738.483,62.3080,678479,503.812,419.936,371.098,1.26629e+07
3738.576,62.3096,678483,503.811,419.939,371.097,1.25995e+07
3738.669,62.3111,678486,503.81,419.941,371.096,1.25365e+07
3738.761,62.3127,678489,503.809,419.943,371.095,1.24739e+07
3738.853,62.3142,678493,503.808,419.946,371.094,1.24115e+07
3738.945,62.3157,678496,503.807,419.948,371.093,1.23494e+07
3739.036,62.3173,678499,503.806,419.951,371.092,1.22877e+07
3739.126,62.3188,678502,503.805,419.953,371.092,1.22263e+07
3739.216,62.3203,678506,503.804,419.956,371.091,1.21651e+07
3739.306,62.3218,678509,503.803,419.958,371.09,1.21043e+07
3739.395,62.3233,678512,503.802,419.96,371.089,1.20438e+07
3739.484,62.3247,678515,503.801,419.963,371.088,1.19836e+07
3739.572,62.3262,678518,503.8,419.965,371.087,1.19236e+07
3739.660,62.3277,678521,503.799,419.967,371.086,1.1864e+07
3739.748,62.3291,678524,503.798,419.97,371.086,1.18047e+07
3739.834,62.3306,678528,503.797,419.972,371.085,1.17457e+07
3739.921,62.3320,678531,503.796,419.974,371.084,1.16869e+07
3740.007,62.3335,678534,503.795,419.976,371.083,1.16285e+07
3740.093,62.3349,678537,503.795,419.979,371.082,1.15704e+07
3740.178,62.3363,678540,503.794,419.981,371.081,1.15125e+07
3740.263,62.3377,678543,503.793,419.983,371.081,1.1455e+07
3740.347,62.3391,678546,503.792,419.985,371.08,1.13977e+07
3740.431,62.3405,678549,503.791,419.987,371.079,1.13407e+07
3740.515,62.3419,678551,503.79,419.99,371.078,1.1284e+07
3740.598,62.3433,678554,503.789,419.992,371.077,1.12276e+07
3740.681,62.3447,678557,503.788,419.994,371.077,1.11714e+07
3740.763,62.3461,678560,503.787,419.996,371.076,1.11156e+07
3740.845,62.3474,678563,503.787,419.998,371.075,1.106e+07
3740.926,62.3488,678566,503.786,420,371.074,1.10047e+07
3741.008,62.3501,678569,503.785,420.002,371.074,1.09497e+07
3741.088,62.3515,678571,503.784,420.005,371.073,1.08949e+07
3741.169,62.3528,678574,503.783,420.007,371.072,1.08404e+07
3741.248,62.3541,678577,503.782,420.009,371.071,1.07862e+07
3741.328,62.3555,678580,503.782,420.011,371.07,1.07323e+07
3741.407,62.3568,678582,503.781,420.013,371.07,1.06787e+07
3741.486,62.3581,678585,503.78,420.015,371.069,1.06253e+07
3741.564,62.3594,678588,503.779,420.017,371.068,1.05721e+07
3741.642,62.3607,678590,503.778,420.019,371.068,1.05193e+07
3741.719,62.3620,678593,503.777,420.021,371.067,1.04667e+07
3741.796,62.3633,678596,503.777,420.023,371.066,1.04143e+07
3741.873,62.3646,678598,503.776,420.025,371.065,1.03623e+07
3741.950,62.3658,678601,503.775,420.027,371.065,1.03105e+07
3742.026,62.3671,678603,503.774,420.029,371.064,1.02589e+07
3742.101,62.3684,678606,503.773,420.031,371.063,1.02076e+07
3742.176,62.3696,678608,503.773,420.033,371.062,1.01566e+07
3742.251,62.3709,678611,503.772,420.035,371.062,1.01058e+07
3742.326,62.3721,678614,503.771,420.037,371.061,1.00553e+07
3742.400,62.3733,678616,503.77,420.038,371.06,1.0005e+07
3742.473,62.3746,678619,503.769,420.04,371.06,9.95496e+06
3742.547,62.3758,678621,503.769,420.042,371.059,9.90519e+06
3742.620,62.3770,678623,503.768,420.044,371.058,9.85566e+06
3742.692,62.3782,678626,503.767,420.046,371.058,9.80638e+06
3742.765,62.3794,678628,503.766,420.048,371.057,9.75735e+06
3742.837,62.3806,678631,503.766,420.05,371.056,9.70857e+06
3742.908,62.3818,678633,503.765,420.051,371.056,9.66002e+06
3742.979,62.3830,678635,503.764,420.053,371.055,9.61172e+06
3743.050,62.3842,678638,503.763,420.055,371.054,9.56366e+06
3743.120,62.3853,678640,503.763,420.057,371.054,9.51585e+06
3743.191,62.3865,678642,503.762,420.059,371.053,9.46827e+06
3743.260,62.3877,678645,503.761,420.06,371.052,9.42093e+06
3743.330,62.3888,678647,503.76,420.062,371.052,9.37382e+06
3743.399,62.3900,678649,503.76,420.064,371.051,9.32695e+06
3743.468,62.3911,678652,503.759,420.066,371.05,9.28032e+06
3743.536,62.3923,678654,503.758,420.067,371.05,9.23392e+06
3743.604,62.3934,678656,503.757,420.069,371.049,9.18775e+06
3743.672,62.3945,678658,503.757,420.071,371.048,9.14181e+06
3743.739,62.3956,678660,503.756,420.073,371.048,9.0961e+06
3743.806,62.3968,678663,503.755,420.074,371.047,9.05062e+06
3743.873,62.3979,678665,503.755,420.076,371.046,9.00536e+06
3743.939,62.3990,678667,503.754,420.078,371.046,8.96034e+06
3744.005,62.4001,678669,503.753,420.079,371.045,8.91554e+06
3744.071,62.4012,678671,503.752,420.081,371.045,8.87096e+06
3744.136,62.4023,678673,503.752,420.083,371.044,8.8266e+06
3744.201,62.4034,678676,503.751,420.084,371.043,8.78247e+06
3744.266,62.4044,678678,503.75,420.086,371.043,8.73856e+06
3744.330,62.4055,678680,503.75,420.088,371.042,8.69487e+06
3744.394,62.4066,678682,503.749,420.089,371.042,8.65139e+06
3744.458,62.4076,678684,503.748,420.091,371.041,8.60813e+06
3744.521,62.4087,678686,503.748,420.092,371.04,8.56509e+06
3744.585,62.4097,678688,503.747,420.094,371.04,8.52227e+06
3744.647,62.4108,678690,503.746,420.096,371.039,8.47966e+06
3744.710,62.4118,678692,503.746,420.097,371.039,8.43726e+06
3744.772,62.4129,678694,503.745,420.099,371.038,8.39507e+06
3744.834,62.4139,678696,503.744,420.1,371.037,8.3531e+06
3744.895,62.4149,678698,503.744,420.102,371.037,8.31133e+06
3744.957,62.4159,678700,503.743,420.103,371.036,8.26977e+06
3745.017,62.4170,678702,503.742,420.105,371.036,8.22843e+06
3745.078,62.4180,678704,503.742,420.106,371.035,8.18728e+06
3745.138,62.4190,678706,503.741,420.108,371.035,8.14635e+06
3745.198,62.4200,678708,503.741,420.109,371.034,8.10562e+06
3745.258,62.4210,678710,503.74,420.111,371.033,8.06509e+06
3745.318,62.4220,678711,503.739,420.112,371.033,8.02476e+06
3745.377,62.4229,678713,503.739,420.114,371.032,7.98464e+06
3745.435,62.4239,678715,503.738,420.115,371.032,7.94471e+06
3745.494,62.4249,678717,503.737,420.117,371.031,7.90499e+06
3745.552,62.4259,678719,503.737,420.118,371.031,7.86547e+06
3745.610,62.4268,678721,503.736,420.12,371.03,7.82614e+06
3745.668,62.4278,678722,503.736,420.121,371.03,7.78701e+06
3745.725,62.4288,678724,503.735,420.123,371.029,7.74807e+06
3745.782,62.4297,678726,503.734,420.124,371.029,7.70933e+06
3745.839,62.4307,678728,503.734,420.125,371.028,7.67079e+06
3745.896,62.4316,678730,503.733,420.127,371.028,7.63243e+06
3745.952,62.4325,678731,503.733,420.128,371.027,7.59427e+06
3746.008,62.4335,678733,503.732,420.13,371.026,7.5563e+06
3746.063,62.4344,678735,503.731,420.131,371.026,7.51852e+06
3746.119,62.4353,678737,503.731,420.132,371.025,7.48092e+06
3746.174,62.4362,678738,503.73,420.134,371.025,7.44352e+06
3746.229,62.4371,678740,503.73,420.135,371.024,7.4063e+06
3746.283,62.4381,678742,503.729,420.136,371.024,7.36927e+06
3746.338,62.4390,678743,503.728,420.138,371.023,7.33242e+06
3746.392,62.4399,678745,503.728,420.139,371.023,7.29576e+06
3746.445,62.4408,678747,503.727,420.14,371.022,7.25928e+06
3746.499,62.4416,678748,503.727,420.142,371.022,7.22299e+06
3746.552,62.4425,678750,503.726,420.143,371.021,7.18687e+06
3746.605,62.4434,678752,503.726,420.144,371.021,7.15094e+06
3746.658,62.4443,678753,503.725,420.146,371.02,7.11518e+06
3746.710,62.4452,678755,503.725,420.147,371.02,7.07961e+06
3746.762,62.4460,678757,503.724,420.148,371.019,7.04421e+06
3746.814,62.4469,678758,503.723,420.15,371.019,7.00899e+06
3746.866,62.4478,678760,503.723,420.151,371.019,6.97394e+06
3746.917,62.4486,678761,503.722,420.152,371.018,6.93907e+06
3746.968,62.4495,678763,503.722,420.153,371.018,6.90438e+06
3747.019,62.4503,678764,503.721,420.155,371.017,6.86986e+06
3747.070,62.4512,678766,503.721,420.156,371.017,6.83551e+06
3747.120,62.4520,678768,503.72,420.157,371.016,6.80133e+06
3747.170,62.4528,678769,503.72,420.158,371.016,6.76732e+06
3747.220,62.4537,678771,503.719,420.16,371.015,6.73338e+06
3747.270,62.4545,678772,503.719,420.161,371.015,6.69945e+06
3747.320,62.4553,678774,503.718,420.162,371.014,6.66551e+06
3747.370,62.4562,678775,503.718,420.163,371.014,6.63157e+06
3747.420,62.4570,678777,503.717,420.164,371.013,6.59763e+06
3747.470,62.4578,678778,503.716,420.166,371.013,6.56369e+06
3747.520,62.4587,678780,503.716,420.167,371.012,6.52975e+06
3747.570,62.4595,678781,503.715,420.168,371.012,6.49581e+06
3747.620,62.4603,678783,503.715,420.169,371.012,6.46187e+06
3747.670,62.4612,678784,503.714,420.171,371.011,6.42793e+06
3747.720,62.4620,678786,503.714,420.172,371.011,6.39399e+06
3747.770,62.4628,678787,503.536,419.821,371.01,6.36006e+06
3747.820,62.4637,677067,503.237,419.229,371.01,6.3262e+06
3747.870,62.4645,674171,502.939,418.639,371.009,6.29249e+06
3747.920,62.4653,671295,502.642,418.051,371.009,6.25893e+06
3747.970,62.4662,668437,502.347,417.467,371.008,6.22551e+06
3748.020,62.4670,665598,502.053,416.884,371.008,6.19223e+06
3748.070,62.4678,662777,501.76,416.305,371.007,6.15909e+06
3748.120,62.4687,659975,501.468,415.727,371.007,6.12609e+06
3748.170,62.4695,657192,501.175,415.147,371.007,6.09323e+06
3748.220,62.4703,654399,500.878,414.559,371.006,6.06051e+06
3748.270,62.4712,651579,500.582,413.974,371.006,6.02793e+06
3748.320,62.4720,648778,500.288,413.392,371.005,5.99549e+06
3748.370,62.4728,645995,499.995,412.812,371.005,5.96319e+06
3748.420,62.4737,643231,499.703,412.234,371.004,5.93103e+06
3748.470,62.4745,640485,499.413,411.659,371.004,5.89901e+06
3748.520,62.4753,637757,499.123,411.086,371.003,5.86712e+06
3748.570,62.4762,635046,498.835,410.515,371.003,5.83537e+06
3748.620,62.4770,632349,498.54,409.932,371.002,5.80375e+06
3748.670,62.4778,629603,498.247,409.352,371.002,5.77227e+06
3748.720,62.4787,626874,497.955,408.774,371.001,5.74093e+06
3748.770,62.4795,624164,497.664,408.199,371.001,5.70972e+06
3748.820,62.4803,621472,497.375,407.626,371.001,5.67864e+06
3748.870,62.4812,618798,497.087,407.055,371,5.6477e+06
3748.920,62.4820,616141,496.8,406.487,371,5.6169e+06
3748.970,62.4828,613502,496.514,405.922,370.999,5.58622e+06
3749.020,62.4837,610880,496.224,405.348,370.999,5.55568e+06
3749.070,62.4845,608227,495.933,404.772,370.998,5.52527e+06
3749.120,62.4853,605569,495.644,404.198,370.998,5.49499e+06
3749.170,62.4862,602929,495.355,403.627,370.997,5.46484e+06
3749.220,62.4870,600307,495.068,403.059,370.997,5.43483e+06
3749.270,62.4878,597702,494.782,402.493,370.996,5.40494e+06
3749.320,62.4887,595114,494.497,401.929,370.996,5.37518e+06
3749.370,62.4895,592544,494.214,401.368,370.996,5.34556e+06
3749.420,62.4903,589991,493.93,400.806,370.995,5.31606e+06
3749.470,62.4912,587439,493.641,400.234,370.995,5.28669e+06
3749.520,62.4920,584849,493.353,399.664,370.994,5.25744e+06
3749.570,62.4928,582277,493.067,399.098,370.994,5.22833e+06
3749.620,62.4937,579722,492.782,398.533,370.993,5.19934e+06
3749.670,62.4945,577184,492.498,397.971,370.993,5.17048e+06
3749.720,62.4953,574663,492.215,397.412,370.992,5.14175e+06
3749.770,62.4962,572160,491.934,396.855,370.992,5.11314e+06
3749.820,62.4970,569673,491.654,396.3,370.991,5.08466e+06
3749.870,62.4978,567202,491.369,395.738,370.991,5.0563e+06
3749.920,62.4987,564701,491.084,395.172,370.991,5.02806e+06
3749.970,62.4995,562194,490.8,394.609,370.99,4.99995e+06
3750.020,62.5003,559704,490.516,394.049,370.99,4.97197e+06
3750.070,62.5012,557232,490.235,393.491,370.989,4.94411e+06
3750.120,62.5020,554776,489.954,392.936,370.989,4.91637e+06
3750.170,62.5028,552336,489.675,392.383,370.988,4.88875e+06
3750.220,62.5037,549913,489.397,391.832,370.988,4.86126e+06
3750.270,62.5045,547507,489.119,391.283,370.987,4.83388e+06
3750.320,62.5053,545112,488.836,390.722,370.987,4.80663e+06
3750.370,62.5062,542669,488.553,390.163,370.986,4.77949e+06
3750.420,62.5070,540242,488.272,389.606,370.986,4.75248e+06
3750.470,62.5078,537832,487.992,389.052,370.986,4.72559e+06
3750.520,62.5087,535439,487.714,388.5,370.985,4.69882e+06
3750.570,62.5095,533061,487.436,387.951,370.985,4.67216e+06
3750.620,62.5103,530700,487.16,387.405,370.984,4.64563e+06
3750.670,62.5112,528355,486.885,386.86,370.984,4.61921e+06
3750.720,62.5120,526026,486.609,386.313,370.983,4.59291e+06
3750.770,62.5128,523689,486.328,385.757,370.983,4.56673e+06
3750.820,62.5137,521323,486.049,385.204,370.982,4.54066e+06
3750.870,62.5145,518973,485.771,384.654,370.982,4.51471e+06
3750.920,62.5153,516640,485.494,384.106,370.982,4.48888e+06
3750.970,62.5162,514323,485.218,383.56,370.981,4.46316e+06
3751.020,62.5170,512021,484.944,383.017,370.981,4.43756e+06
3751.070,62.5178,509736,484.671,382.477,370.98,4.41207e+06
3751.120,62.5187,507466,484.399,381.938,370.98,4.3867e+06
3751.170,62.5195,505211,484.124,381.394,370.979,4.36144e+06
3751.220,62.5203,502935,483.846,380.844,370.979,4.33629e+06
3751.270,62.5212,500644,483.57,380.297,370.978,4.31126e+06
3751.320,62.5220,498369,483.295,379.752,370.978,4.28634e+06
3751.370,62.5228,496110,483.021,379.21,370.977,4.26154e+06
3751.420,62.5237,493866,482.748,378.671,370.977,4.23684e+06
3751.470,62.5245,491638,482.477,378.133,370.977,4.21226e+06
3751.520,62.5253,489425,482.207,377.598,370.976,4.18779e+06
3751.570,62.5262,487227,481.938,377.066,370.976,4.16343e+06
3751.620,62.5270,485045,481.665,376.525,370.975,4.13918e+06
3751.670,62.5278,482833,481.39,375.981,370.975,4.11504e+06
3751.720,62.5287,480614,481.116,375.44,370.974,4.09101e+06
3751.770,62.5295,478411,480.844,374.901,370.974,4.06708e+06
3751.820,62.5303,476222,480.573,374.364,370.973,4.04327e+06
3751.870,62.5312,474050,480.303,373.83,370.973,4.01957e+06
3751.920,62.5320,471892,480.035,373.299,370.972,3.99598e+06
3751.970,62.5328,469749,479.768,372.769,370.972,3.97249e+06
3752.020,62.5337,467621,479.502,372.243,370.972,3.94911e+06
3752.070,62.5345,465508,479.231,371.707,370.971,3.92583e+06
3752.120,62.5353,463365,478.959,371.168,370.971,3.90266e+06
3752.170,62.5362,461215,478.688,370.632,370.97,3.8796e+06
3752.220,62.5370,459081,478.419,370.099,370.97,3.85665e+06
3752.270,62.5378,456961,478.15,369.568,370.969,3.8338e+06
3752.320,62.5387,454857,477.883,369.039,370.969,3.81106e+06
3752.370,62.5395,452767,477.618,368.513,370.968,3.78842e+06
3752.420,62.5403,450692,477.353,367.989,370.968,3.76589e+06
3752.470,62.5412,448631,477.09,367.468,370.968,3.74345e+06
3752.520,62.5420,446585,476.822,366.938,370.967,3.72112e+06
3752.570,62.5428,444513,476.553,366.405,370.967,3.6989e+06
3752.620,62.5437,442430,476.285,365.874,370.966,3.67678e+06
3752.670,62.5445,440362,476.018,365.346,370.966,3.65476e+06
3752.720,62.5453,438309,475.753,364.82,370.965,3.63284e+06
3752.770,62.5462,436270,475.488,364.297,370.965,3.61103e+06
3752.820,62.5470,434246,475.225,363.776,370.964,3.58932e+06
3752.870,62.5478,432236,474.963,363.257,370.964,3.56771e+06
3752.920,62.5487,430240,474.702,362.741,370.964,3.54619e+06
3752.970,62.5495,428258,474.439,362.219,370.963,3.52478e+06
3753.020,62.5503,426262,474.172,361.691,370.963,3.50347e+06
3753.070,62.5512,424243,473.907,361.165,370.962,3.48226e+06
3753.120,62.5520,422239,473.642,360.642,370.962,3.46114e+06
3753.170,62.5528,420250,473.379,360.121,370.961,3.44013e+06
3753.220,62.5537,418274,473.117,359.602,370.961,3.41922e+06
3753.270,62.5545,416313,472.857,359.086,370.96,3.3984e+06
3753.320,62.5553,414366,472.597,358.573,370.96,3.37768e+06
3753.370,62.5562,412432,472.339,358.061,370.96,3.35706e+06
3753.420,62.5570,410513,472.08,357.55,370.959,3.33654e+06
3753.470,62.5578,408595,471.816,357.026,370.959,3.31611e+06
3753.520,62.5587,406639,471.553,356.505,370.958,3.29578e+06
3753.570,62.5595,404696,471.291,355.986,370.958,3.27554e+06
3753.620,62.5603,402768,471.03,355.47,370.957,3.2554e+06
3753.670,62.5612,400853,470.771,354.956,370.957,3.23536e+06
3753.720,62.5620,398953,470.512,354.445,370.956,3.21541e+06
3753.770,62.5628,397066,470.255,353.936,370.956,3.19556e+06
3753.820,62.5637,395192,470,353.429,370.955,3.1758e+06
3753.870,62.5645,393333,469.745,352.925,370.955,3.15613e+06
3753.920,62.5653,391486,469.484,352.41,370.955,3.13656e+06
3753.970,62.5662,389601,469.224,351.893,370.954,3.11708e+06
3754.020,62.5670,387718,468.964,351.379,370.954,3.09769e+06
3754.070,62.5678,385848,468.705,350.867,370.953,3.0784e+06
3754.120,62.5687,383992,468.448,350.358,370.953,3.0592e+06
3754.170,62.5695,382150,468.192,349.851,370.952,3.04009e+06
3754.220,62.5703,380321,467.938,349.347,370.952,3.02108e+06
3754.270,62.5712,378506,467.684,348.845,370.951,3.00215e+06
3754.320,62.5720,376703,467.432,348.345,370.951,2.98332e+06
3754.370,62.5728,374914,467.178,347.842,370.951,2.96457e+06
3754.420,62.5737,373116,466.919,347.329,370.95,2.94591e+06
3754.470,62.5745,371290,466.661,346.819,370.95,2.92735e+06
3754.520,62.5753,369477,466.405,346.312,370.949,2.90888e+06
3754.570,62.5762,367677,466.15,345.807,370.949,2.89049e+06
3754.620,62.5770,365891,465.896,345.304,370.948,2.8722e+06
3754.670,62.5778,364118,465.644,344.804,370.948,2.85399e+06
3754.720,62.5787,362358,465.392,344.307,370.948,2.83587e+06
3754.770,62.5795,360611,465.142,343.811,370.947,2.81784e+06
3754.820,62.5803,358877,464.893,343.318,370.947,2.7999e+06
3754.870,62.5812,357155,464.638,342.814,370.946,2.78204e+06
3754.920,62.5820,355398,464.383,342.308,370.946,2.76427e+06
3754.970,62.5828,353640,464.129,341.804,370.945,2.74659e+06
3755.020,62.5837,351894,463.876,341.303,370.945,2.729e+06
3755.070,62.5845,350162,463.624,340.805,370.944,2.71149e+06
3755.120,62.5853,348443,463.373,340.309,370.944,2.69406e+06
3755.170,62.5862,346736,463.124,339.815,370.944,2.67673e+06
3755.220,62.5870,345043,462.876,339.324,370.943,2.65948e+06
3755.270,62.5878,343361,462.629,338.835,370.943,2.64231e+06
3755.320,62.5887,341692,462.383,338.347,370.942,2.62522e+06
3755.370,62.5895,340030,462.129,337.845,370.942,2.60822e+06
3755.420,62.5903,338324,461.877,337.345,370.941,2.59131e+06
3755.470,62.5912,336630,461.625,336.848,370.941,2.57447e+06
3755.520,62.5920,334950,461.376,336.353,370.94,2.55773e+06
3755.570,62.5928,333282,461.127,335.861,370.94,2.54106e+06
3755.620,62.5937,331627,460.88,335.371,370.94,2.52448e+06
3755.670,62.5945,329984,460.633,334.883,370.939,2.50798e+06
3755.720,62.5953,328354,460.388,334.398,370.939,2.49156e+06
3755.770,62.5962,326736,460.145,333.916,370.938,2.47523e+06
3755.820,62.5970,325130,459.899,333.43,370.938,2.45897e+06
3755.870,62.5978,323516,459.649,332.933,370.937,2.4428e+06
3755.920,62.5987,321873,459.399,332.439,370.937,2.4267e+06
3755.970,62.5995,320242,459.151,331.948,370.936,2.41069e+06
3756.020,62.6003,318624,458.904,331.459,370.936,2.39476e+06
3756.070,62.6012,317018,458.659,330.973,370.936,2.37891e+06
3756.120,62.6020,315424,458.414,330.489,370.935,2.36314e+06
3756.170,62.6028,313843,458.171,330.008,370.935,2.34744e+06
3756.220,62.6037,312273,457.929,329.528,370.934,2.33183e+06
3756.270,62.6045,310716,457.689,329.052,370.934,2.31629e+06
3756.320,62.6053,309170,457.445,328.57,370.933,2.30084e+06
3756.370,62.6062,307610,457.197,328.079,370.933,2.28546e+06
3756.420,62.6070,306027,456.951,327.591,370.933,2.27015e+06
3756.470,62.6078,304456,456.706,327.105,370.932,2.25493e+06
3756.520,62.6087,302897,456.462,326.622,370.932,2.23979e+06
3756.570,62.6095,301351,456.219,326.141,370.931,2.22472e+06
3756.620,62.6103,299816,455.978,325.663,370.931,2.20973e+06
3756.670,62.6112,298293,455.737,325.187,370.93,2.19481e+06
3756.720,62.6120,296782,455.498,324.714,370.93,2.17997e+06
3756.770,62.6128,295282,455.26,324.243,370.929,2.16521e+06
3756.820,62.6137,293794,455.02,323.767,370.929,2.15052e+06
3756.870,62.6145,292293,454.775,323.282,370.929,2.13591e+06
3756.920,62.6153,290767,454.531,322.799,370.928,2.12137e+06
3756.970,62.6162,289254,454.289,322.319,370.928,2.1069e+06
3757.020,62.6170,287752,454.047,321.841,370.927,2.09252e+06
3757.070,62.6178,286262,453.807,321.366,370.927,2.0782e+06
3757.120,62.6187,284784,453.569,320.893,370.926,2.06396e+06
3757.170,62.6195,283317,453.331,320.423,370.926,2.0498e+06
3757.220,62.6203,281862,453.095,319.955,370.925,2.03571e+06
3757.270,62.6212,280418,452.86,319.489,370.925,2.02168e+06
3757.320,62.6220,278985,452.623,319.021,370.925,2.00774e+06
3757.370,62.6228,277547,452.381,318.541,370.924,1.99386e+06
3757.420,62.6237,276077,452.14,318.063,370.924,1.98005e+06
3757.470,62.6245,274618,451.9,317.588,370.923,1.96632e+06
3757.520,62.6253,273171,451.661,317.115,370.923,1.95267e+06
3757.570,62.6262,271736,451.424,316.645,370.922,1.93908e+06
3757.620,62.6270,270312,451.188,316.177,370.922,1.92556e+06
3757.670,62.6278,268899,450.953,315.712,370.922,1.91212e+06
3757.720,62.6287,267497,450.719,315.249,370.921,1.89874e+06
3757.770,62.6295,266106,450.487,314.789,370.921,1.88544e+06
3757.820,62.6303,264726,450.255,314.331,370.92,1.8722e+06
3757.870,62.6312,263356,450.015,313.855,370.92,1.85903e+06
3757.920,62.6320,261939,449.776,313.383,370.919,1.84594e+06
3757.970,62.6328,260533,449.539,312.912,370.919,1.83291e+06
3758.020,62.6337,259138,449.303,312.445,370.919,1.81995e+06
3758.070,62.6345,257754,449.068,311.979,370.918,1.80707e+06
3758.120,62.6353,256382,448.834,311.517,370.918,1.79425e+06
3758.170,62.6362,255021,448.602,311.056,370.917,1.7815e+06
3758.220,62.6370,253670,448.371,310.598,370.917,1.76881e+06
3758.270,62.6378,252330,448.141,310.143,370.916,1.7562e+06
3758.320,62.6387,251001,447.912,309.69,370.916,1.74365e+06
3758.370,62.6395,249682,447.678,309.226,370.915,1.73116e+06
3758.420,62.6403,248337,447.441,308.758,370.915,1.71874e+06
3758.470,62.6412,246981,447.206,308.292,370.915,1.7064e+06
3758.520,62.6420,245637,446.972,307.829,370.914,1.69411e+06
3758.570,62.6428,244303,446.74,307.368,370.914,1.6819e+06
3758.620,62.6437,242980,446.508,306.91,370.913,1.66975e+06
3758.670,62.6445,241668,446.278,306.454,370.913,1.65767e+06
3758.720,62.6453,240366,446.049,306.001,370.912,1.64565e+06
3758.770,62.6462,239075,445.822,305.55,370.912,1.63369e+06
3758.820,62.6470,237795,445.595,305.102,370.912,1.6218e+06
3758.870,62.6478,236524,445.369,304.653,370.911,1.60998e+06
3758.920,62.6487,235257,445.134,304.189,370.911,1.59821e+06
3758.970,62.6495,233949,444.901,303.727,370.91,1.58652e+06
3759.020,62.6503,232652,444.67,303.268,370.91,1.57488e+06
3759.070,62.6512,231366,444.439,302.812,370.909,1.56332e+06
3759.120,62.6520,230090,444.21,302.358,370.909,1.55181e+06
3759.170,62.6528,228825,443.982,301.906,370.909,1.54037e+06
3759.220,62.6537,227571,443.755,301.457,370.908,1.52899e+06
3759.270,62.6545,226327,443.53,301.011,370.908,1.51768e+06
3759.320,62.6553,225092,443.305,300.567,370.907,1.50642e+06
3759.370,62.6562,223868,443.082,300.125,370.907,1.49523e+06
3759.420,62.6570,222654,442.855,299.676,370.906,1.4841e+06
3759.470,62.6578,221422,442.624,299.218,370.906,1.47302e+06
3759.520,62.6587,220170,442.395,298.763,370.905,1.46202e+06
3759.570,62.6595,218930,442.166,298.31,370.905,1.45107e+06
3759.620,62.6603,217699,441.939,297.86,370.905,1.44018e+06
3759.670,62.6612,216479,441.713,297.412,370.904,1.42936e+06
3759.720,62.6620,215269,441.488,296.967,370.904,1.4186e+06
3759.770,62.6628,214070,441.265,296.525,370.903,1.40789e+06
3759.820,62.6637,212880,441.043,296.085,370.903,1.39725e+06
3759.870,62.6645,211700,440.822,295.647,370.902,1.38666e+06
3759.920,62.6653,210530,440.602,295.212,370.902,1.37614e+06
3759.970,62.6662,209370,440.376,294.764,370.902,1.36567e+06
3760.020,62.6670,208178,440.148,294.312,370.901,1.35526e+06
3760.070,62.6678,206981,439.921,293.863,370.901,1.34491e+06
3760.120,62.6687,205793,439.695,293.416,370.9,1.33462e+06
3760.170,62.6695,204616,439.471,292.972,370.9,1.32439e+06
3760.220,62.6703,203449,439.248,292.531,370.899,1.31422e+06
3760.270,62.6712,202292,439.027,292.092,370.899,1.3041e+06
3760.320,62.6720,201144,438.806,291.656,370.899,1.29405e+06
3760.370,62.6728,200007,438.587,291.222,370.898,1.28405e+06
3760.420,62.6737,198879,438.37,290.79,370.898,1.2741e+06
3760.470,62.6745,197760,438.153,290.361,370.897,1.26421e+06
3760.520,62.6753,196651,437.929,289.917,370.897,1.25438e+06
3760.570,62.6762,195506,437.704,289.471,370.896,1.24461e+06
3760.620,62.6770,194360,437.48,289.028,370.896,1.23489e+06
3760.670,62.6778,193223,437.257,288.587,370.896,1.22523e+06
3760.720,62.6787,192097,437.036,288.149,370.895,1.21562e+06
3760.770,62.6795,190980,436.816,287.713,370.895,1.20607e+06
3760.820,62.6803,189873,436.597,287.28,370.894,1.19658e+06
3760.870,62.6812,188776,436.38,286.85,370.894,1.18714e+06
3760.920,62.6820,187688,436.164,286.422,370.893,1.17776e+06
3760.970,62.6828,186609,435.949,285.996,370.893,1.16843e+06
3761.020,62.6837,185539,435.735,285.573,370.893,1.15915e+06
3761.070,62.6845,184479,435.515,285.136,370.892,1.14993e+06
3761.120,62.6853,183386,435.292,284.695,370.892,1.14076e+06
3761.170,62.6862,182289,435.071,284.257,370.891,1.13164e+06
3761.220,62.6870,181201,434.851,283.822,370.891,1.12258e+06
3761.270,62.6878,180123,434.633,283.389,370.89,1.11358e+06
3761.320,62.6887,179054,434.416,282.959,370.89,1.10462e+06
3761.370,62.6895,177995,434.2,282.531,370.89,1.09572e+06
3761.420,62.6903,176945,433.985,282.106,370.889,1.08688e+06
3761.470,62.6912,175904,433.772,281.683,370.889,1.07808e+06
3761.520,62.6920,174873,433.56,281.263,370.888,1.06934e+06
3761.570,62.6928,173850,433.349,280.846,370.888,1.06064e+06
3761.620,62.6937,172836,433.133,280.418,370.887,1.052e+06
3761.670,62.6945,171802,432.913,279.983,370.887,1.04341e+06
3761.720,62.6953,170751,432.695,279.55,370.887,1.03487e+06
3761.770,62.6962,169709,432.477,279.12,370.886,1.02639e+06
3761.820,62.6970,168677,432.262,278.692,370.886,1.01796e+06
3761.870,62.6978,167654,432.047,278.267,370.885,1.00957e+06
3761.920,62.6987,166640,431.834,277.844,370.885,1.00124e+06
3761.970,62.6995,165635,431.622,277.424,370.884,992959
3762.020,62.7003,164640,431.411,277.007,370.884,984727
3762.070,62.7012,163653,431.201,276.592,370.884,976544
3762.120,62.7020,162675,430.993,276.18,370.883,968411
3762.170,62.7028,161706,430.784,275.766,370.883,960325
3762.220,62.7037,160736,430.567,275.335,370.882,952289
3762.270,62.7045,159728,430.351,274.906,370.882,944302
3762.320,62.7053,158731,430.136,274.481,370.881,936366
3762.370,62.7062,157742,429.922,274.058,370.881,928478
3762.420,62.7070,156762,429.71,273.637,370.881,920640
3762.470,62.7078,155792,429.499,273.22,370.88,912851
3762.520,62.7087,154830,429.289,272.804,370.88,905109
3762.570,62.7095,153877,429.081,272.392,370.879,897415
3762.620,62.7103,152933,428.874,271.982,370.879,889769
3762.670,62.7112,151998,428.668,271.574,370.878,882169
3762.720,62.7120,151070,428.464,271.169,370.878,874615
3762.770,62.7128,150152,428.253,270.751,370.878,867108
3762.820,62.7137,149206,428.039,270.327,370.877,859647
3762.870,62.7145,148250,427.826,269.906,370.877,852235
3762.920,62.7153,147303,427.615,269.487,370.876,844870
3762.970,62.7162,146364,427.405,269.071,370.876,837552
3763.020,62.7170,145435,427.196,268.657,370.875,830280
3763.070,62.7178,144514,426.988,268.246,370.875,823054
3763.120,62.7187,143602,426.782,267.838,370.875,815874
3763.170,62.7195,142698,426.578,267.433,370.874,808739
3763.220,62.7203,141803,426.374,267.03,370.874,801649
3763.270,62.7212,140916,426.172,266.629,370.873,794603
3763.320,62.7220,140037,425.971,266.231,370.873,787601
3763.370,62.7228,139167,425.759,265.812,370.873,780643
3763.420,62.7237,138252,425.549,265.394,370.872,773730
3763.470,62.7245,137344,425.339,264.979,370.872,766863
3763.520,62.7253,136445,425.131,264.567,370.871,760041
3763.570,62.7262,135554,424.924,264.157,370.871,753263
3763.620,62.7270,134672,424.719,263.75,370.87,746530
3763.670,62.7278,133799,424.515,263.346,370.87,739840
3763.720,62.7287,132934,424.312,262.945,370.87,733193
3763.770,62.7295,132077,424.111,262.546,370.869,726589
3763.820,62.7303,131228,423.911,262.149,370.869,720028
3763.870,62.7312,130387,423.712,261.755,370.868,713508
3763.920,62.7320,129554,423.513,261.362,370.868,707031
3763.970,62.7328,128724,423.304,260.947,370.867,700594
3764.020,62.7337,127853,423.096,260.536,370.867,694202
3764.070,62.7345,126991,422.89,260.127,370.867,687852
3764.120,62.7353,126137,422.685,259.721,370.866,681545
3764.170,62.7362,125291,422.481,259.317,370.866,675281
3764.220,62.7370,124454,422.279,258.916,370.865,669058
3764.270,62.7378,123626,422.078,258.518,370.865,662877
3764.320,62.7387,122805,421.878,258.123,370.864,656737
3764.370,62.7395,121992,421.68,257.73,370.864,650637
3764.420,62.7403,121187,421.483,257.34,370.864,644578
3764.470,62.7412,120390,421.287,256.952,370.863,638558
3764.520,62.7420,119601,421.092,256.566,370.863,632578
3764.570,62.7428,118817,420.886,256.157,370.862,626637
3764.620,62.7437,117989,420.681,255.751,370.862,620738
3764.670,62.7445,117170,420.477,255.348,370.862,614879
3764.720,62.7453,116359,420.275,254.947,370.861,609061
3764.770,62.7462,115556,420.074,254.55,370.861,603284
3764.820,62.7470,114762,419.875,254.155,370.86,597546
3764.870,62.7478,113975,419.677,253.762,370.86,591847
3764.920,62.7487,113196,419.48,253.373,370.859,586187
3764.970,62.7495,112425,419.285,252.986,370.859,580566
3765.020,62.7503,111662,419.091,252.602,370.859,574983
3765.070,62.7512,110907,418.898,252.22,370.858,569437
3765.120,62.7520,110159,418.707,251.841,370.858,563929
3765.170,62.7528,109418,418.506,251.442,370.857,558458
3765.220,62.7537,108641,418.303,251.041,370.857,553026
3765.270,62.7545,107863,418.102,250.643,370.856,547633
3765.320,62.7553,107092,417.903,250.247,370.856,542279
3765.370,62.7562,106330,417.705,249.855,370.856,536962
3765.420,62.7570,105576,417.508,249.465,370.855,531683
3765.470,62.7578,104829,417.313,249.078,370.855,526442
3765.520,62.7587,104090,417.119,248.694,370.854,521237
3765.570,62.7595,103359,416.926,248.312,370.854,516069
3765.620,62.7603,102635,416.735,247.933,370.854,510938
3765.670,62.7612,101919,416.545,247.557,370.853,505842
3765.720,62.7620,101210,416.356,247.184,370.853,500781
3765.770,62.7628,100508,416.163,246.802,370.852,495756
3765.820,62.7637,99792.9,415.963,246.405,370.852,490766
3765.870,62.7645,99052.8,415.765,246.011,370.851,485813
3765.920,62.7653,98320.6,415.567,245.621,370.851,480897
3765.970,62.7662,97596.4,415.372,245.233,370.851,476018
3766.020,62.7670,96879.9,415.177,244.848,370.85,471174
3766.070,62.7678,96171.2,414.984,244.466,370.85,466365
3766.120,62.7687,95469.9,414.793,244.086,370.849,461592
3766.170,62.7695,94776.1,414.603,243.71,370.849,456853
3766.220,62.7703,94089.7,414.414,243.336,370.849,452148
3766.270,62.7712,93410.5,414.227,242.965,370.848,447478
3766.320,62.7720,92738.4,414.041,242.596,370.848,442841
3766.370,62.7728,92073.4,413.856,242.23,370.847,438237
3766.420,62.7737,91415.3,413.661,241.845,370.847,433666
3766.470,62.7745,90724.1,413.465,241.455,370.846,429130
3766.520,62.7753,90027.8,413.269,241.068,370.846,424629
3766.570,62.7762,89339.4,413.076,240.684,370.846,420162
3766.620,62.7770,88658.6,412.884,240.304,370.845,415729
3766.670,62.7778,87985.3,412.693,239.926,370.845,411330
3766.720,62.7787,87319.5,412.503,239.551,370.844,406964
3766.770,62.7795,86661,412.316,239.178,370.844,402631
3766.820,62.7803,86009.7,412.129,238.809,370.844,398330
3766.870,62.7812,85365.5,411.944,238.442,370.843,394062
3766.920,62.7820,84728.3,411.76,238.078,370.843,389825
3766.970,62.7828,84098,411.578,237.717,370.842,385621
3767.020,62.7837,83474.5,411.397,237.359,370.842,381447
3767.070,62.7845,82857.7,411.203,236.975,370.841,377304
3767.120,62.7853,82199.5,411.01,236.591,370.841,373194
3767.170,62.7862,81544.6,410.818,236.211,370.841,369117
3767.220,62.7870,80897.2,410.627,235.833,370.84,365072
3767.270,62.7878,80257.2,410.438,235.459,370.84,361059
3767.320,62.7887,79624.6,410.251,235.088,370.839,357078
3767.370,62.7895,78999.2,410.065,234.719,370.839,353128
3767.420,62.7903,78380.9,409.88,234.354,370.839,349209
3767.470,62.7912,77769.7,409.697,233.991,370.838,345320
3767.520,62.7920,77165.3,409.516,233.631,370.838,341462
3767.570,62.7928,76567.7,409.335,233.274,370.837,337634
3767.620,62.7937,75976.8,409.156,232.92,370.837,333835
3767.670,62.7945,75392.6,408.979,232.568,370.836,330065
3767.720,62.7953,74814.8,408.789,232.192,370.836,326324
3767.770,62.7962,74199.1,408.599,231.814,370.836,322614
3767.820,62.7970,73582.8,408.409,231.439,370.835,318935
3767.870,62.7978,72973.9,408.222,231.068,370.835,315287
3767.920,62.7987,72372.3,408.036,230.699,370.834,311668
3767.970,62.7995,71777.9,407.852,230.334,370.834,308079
3768.020,62.8003,71190.5,407.669,229.972,370.834,304520
3768.070,62.8012,70610.1,407.487,229.612,370.833,300989
3768.120,62.8020,70036.5,407.307,229.256,370.833,297487
3768.170,62.8028,69469.6,407.129,228.902,370.832,294014
3768.220,62.8037,68909.3,406.952,228.551,370.832,290568
3768.270,62.8045,68355.6,406.776,228.203,370.832,287151
3768.320,62.8053,67808.2,406.602,227.858,370.831,283760
3768.370,62.8062,67267.2,406.42,227.497,370.831,280397
3768.420,62.8070,66704.1,406.232,227.125,370.83,277062
3768.470,62.8078,66124,406.045,226.755,370.83,273755
3768.520,62.8087,65551.2,405.86,226.389,370.829,270478
3768.570,62.8095,64985.5,405.677,226.025,370.829,267229
3768.620,62.8103,64426.9,405.495,225.665,370.829,264007
3768.670,62.8112,63875.1,405.315,225.308,370.828,260813
3768.720,62.8120,63330.2,405.136,224.954,370.828,257647
3768.770,62.8128,62791.9,404.959,224.603,370.827,254507
3768.820,62.8137,62260.2,404.783,224.255,370.827,251394
3768.870,62.8145,61735,404.609,223.91,370.827,248308
3768.920,62.8153,61216.2,404.437,223.568,370.826,245247
3768.970,62.8162,60703.6,404.265,223.229,370.826,242212
3769.020,62.8170,60197.2,404.096,222.893,370.825,239202
3769.070,62.8178,59696.9,403.91,222.524,370.825,236217
3769.120,62.8187,59151.4,403.725,222.159,370.825,233259
3769.170,62.8195,58612.1,403.543,221.797,370.824,230329
3769.220,62.8203,58079.9,403.362,221.438,370.824,227425
3769.270,62.8212,57554.7,403.182,221.082,370.823,224547
3769.320,62.8220,57036.2,403.004,220.73,370.823,221695
3769.370,62.8228,56524.4,402.828,220.381,370.822,218869
3769.420,62.8237,56019.3,402.653,220.035,370.822,216068
3769.470,62.8245,55520.6,402.48,219.692,370.822,213292
3769.520,62.8253,55028.2,402.309,219.352,370.821,210541
3769.570,62.8262,54542.1,402.139,219.015,370.821,207813
3769.620,62.8270,54062.2,401.97,218.681,370.82,205110
3769.670,62.8278,53588.3,401.803,218.35,370.82,202431
3769.720,62.8287,53120.3,401.635,218.016,370.82,199775
3769.770,62.8295,52650.2,401.452,217.654,370.819,197142
3769.820,62.8303,52142,401.271,217.295,370.819,194535
3769.870,62.8312,51640.8,401.091,216.94,370.818,191953
3769.920,62.8320,51146.5,400.914,216.588,370.818,189396
3769.970,62.8328,50659,400.738,216.239,370.818,186863
3770.020,62.8337,50178.1,400.564,215.894,370.817,184354
3770.070,62.8345,49703.7,400.391,215.552,370.817,181869
3770.120,62.8353,49235.7,400.22,215.214,370.816,179407
3770.170,62.8362,48774,400.051,214.878,370.816,176968
3770.220,62.8370,48318.5,399.883,214.546,370.816,174552
3770.270,62.8378,47869.1,399.717,214.216,370.815,172159
3770.320,62.8387,47425.6,399.552,213.89,370.815,169788
3770.370,62.8395,46988,399.389,213.567,370.814,167438
3770.420,62.8403,46556.2,399.226,213.245,370.814,165111
3770.470,62.8412,46128.1,399.046,212.888,370.813,162804
3770.520,62.8420,45655.4,398.868,212.535,370.813,160521
3770.570,62.8428,45189.5,398.692,212.186,370.813,158262
3770.620,62.8437,44730.5,398.517,211.84,370.812,156025
3770.670,62.8445,44278.1,398.345,211.498,370.812,153811
3770.720,62.8453,43832.2,398.174,211.159,370.811,151620
3770.770,62.8462,43392.6,398.004,210.823,370.811,149450
3770.820,62.8470,42959.4,397.837,210.491,370.811,147302
3770.870,62.8478,42532.3,397.671,210.162,370.81,145176
3770.920,62.8487,42111.2,397.506,209.837,370.81,143070
3770.970,62.8495,41696.1,397.344,209.514,370.809,140985
3771.020,62.8503,41286.7,397.182,209.195,370.809,138921
3771.070,62.8512,40883.1,397.023,208.879,370.809,136877
3771.120,62.8520,40485.1,396.865,208.566,370.808,134853
3771.170,62.8528,40092.6,396.696,208.231,370.808,132848
3771.220,62.8537,39673.6,396.52,207.882,370.807,130864
3771.270,62.8545,39240.4,396.346,207.538,370.807,128902
3771.320,62.8553,38814,396.174,207.197,370.807,126961
3771.370,62.8562,38394,396.004,206.86,370.806,125042
3771.420,62.8570,37980.5,395.835,206.526,370.806,123143
3771.470,62.8578,37573.4,395.669,206.196,370.805,121264
3771.520,62.8587,37172.4,395.504,205.87,370.805,119405
3771.570,62.8595,36777.4,395.341,205.547,370.805,117567
3771.620,62.8603,36388.4,395.18,205.227,370.804,115747
3771.670,62.8612,36005.3,395.02,204.911,370.804,113947
3771.720,62.8620,35627.8,394.862,204.598,370.803,112166
3771.770,62.8628,35255.9,394.706,204.289,370.803,110403
3771.820,62.8637,34889.5,394.551,203.982,370.803,108658
3771.870,62.8645,34528.5,394.398,203.679,370.802,106932
3771.920,62.8653,34172.8,394.228,203.341,370.802,105223
3771.970,62.8662,33778.2,394.056,203,370.801,103534
3772.020,62.8670,33381.5,393.886,202.663,370.801,101865
3772.070,62.8678,32991.4,393.717,202.329,370.8,100216
3772.120,62.8687,32607.7,393.551,202,370.8,98585.2
3772.170,62.8695,32230.3,393.387,201.674,370.8,96973.7
3772.220,62.8703,31859.1,393.224,201.352,370.799,95380.8
3772.270,62.8712,31493.9,393.064,201.034,370.799,93806.1
3772.320,62.8720,31134.5,392.905,200.72,370.798,92249.4
3772.370,62.8728,30781,392.748,200.409,370.798,90710.3
3772.420,62.8737,30433.1,392.593,200.102,370.798,89188.6
3772.470,62.8745,30090.8,392.439,199.798,370.797,87684.1
3772.520,62.8753,29753.8,392.288,199.497,370.797,86196.4
3772.570,62.8762,29422.2,392.138,199.2,370.796,84725.3
3772.620,62.8770,29095.8,391.989,198.906,370.796,83270.5
3772.670,62.8778,28774.5,391.826,198.582,370.796,81831.8
3772.720,62.8787,28421.5,391.656,198.246,370.795,80410.7
3772.770,62.8795,28058.2,391.489,197.915,370.795,79007.8
3772.820,62.8803,27701.5,391.324,197.588,370.794,77622.7
3772.870,62.8812,27351.1,391.161,197.265,370.794,76255.2
3772.920,62.8820,27007,391,196.946,370.794,74904.8
3772.970,62.8828,26668.9,390.842,196.631,370.793,73571.4
3773.020,62.8837,26336.8,390.685,196.321,370.793,72254.5
3773.070,62.8845,26010.5,390.53,196.014,370.792,70954
3773.120,62.8853,25689.8,390.377,195.71,370.792,69669.5
3773.170,62.8862,25374.7,390.226,195.411,370.792,68400.8
3773.220,62.8870,25065,390.076,195.115,370.791,67147.5
3773.270,62.8878,24760.6,389.929,194.823,370.791,65909.5
3773.320,62.8887,24461.3,389.783,194.534,370.79,64686.4
3773.370,62.8895,24167.2,389.639,194.249,370.79,63478.1
3773.420,62.8903,23878,389.493,193.961,370.79,62284.2
3773.470,62.8912,23587,389.326,193.629,370.789,61104.8
3773.520,62.8920,23254,389.161,193.302,370.789,59942.1
3773.570,62.8928,22927.5,388.998,192.979,370.788,58795.8
3773.620,62.8937,22607.5,388.838,192.662,370.788,57665.4
3773.670,62.8945,22293.7,388.68,192.348,370.788,56550.7
3773.720,62.8953,21985.9,388.524,192.039,370.787,55451.4
3773.770,62.8962,21684.1,388.37,191.734,370.787,54367.2
3773.820,62.8970,21388.1,388.218,191.433,370.786,53297.8
3773.870,62.8978,21097.7,388.068,191.136,370.786,52242.9
3773.920,62.8987,20812.8,387.92,190.844,370.786,51202.3
3773.970,62.8995,20533.3,387.775,190.555,370.785,50175.6
3774.020,62.9003,20259,387.631,190.27,370.785,49162.7
3774.070,62.9012,19989.8,387.489,189.989,370.784,48163.2
3774.120,62.9020,19725.6,387.349,189.712,370.784,47176.9
3774.170,62.9028,19466.3,387.211,189.438,370.784,46203.6
3774.220,62.9037,19211.7,387.072,189.164,370.783,45243
3774.270,62.9045,18957.9,386.908,188.838,370.783,44295.1
3774.320,62.9053,18658.1,386.746,188.518,370.782,43362.2
3774.370,62.9062,18365,386.587,188.202,370.782,42443.9
3774.420,62.9070,18078.2,386.43,187.891,370.782,41540
3774.470,62.9078,17797.7,386.276,187.586,370.781,40650.1
3774.520,62.9087,17523.2,386.124,187.285,370.781,39774
3774.570,62.9095,17254.6,385.974,186.988,370.78,38911.3
3774.620,62.9103,16991.7,385.827,186.696,370.78,38061.7
3774.670,62.9112,16734.3,385.682,186.409,370.78,37225
3774.720,62.9120,16482.4,385.539,186.126,370.779,36400.8
3774.770,62.9128,16235.7,385.398,185.847,370.779,35589.1
3774.820,62.9137,15994.2,385.26,185.572,370.778,34789.4
3774.870,62.9145,15757.6,385.123,185.302,370.778,34001.5
3774.920,62.9153,15525.9,384.988,185.035,370.778,33225.2
3774.970,62.9162,15298.8,384.856,184.772,370.777,32460.2
3775.020,62.9170,15076.4,384.725,184.513,370.777,31706.4
3775.070,62.9178,14858.5,384.581,184.228,370.776,30963.5
3775.120,62.9187,14619.6,384.421,183.91,370.776,30232.5
3775.170,62.9195,14355.8,384.264,183.599,370.776,29514.7
3775.220,62.9203,14098.6,384.109,183.293,370.775,28809.8
3775.270,62.9212,13847.8,383.957,182.992,370.775,28117.4
3775.320,62.9220,13603.1,383.808,182.697,370.774,27437.2
3775.370,62.9228,13364.4,383.662,182.407,370.774,26769
3775.420,62.9237,13131.5,383.518,182.122,370.774,26112.4
3775.470,62.9245,12904.2,383.377,181.842,370.773,25467.2
3775.520,62.9253,12682.3,383.238,181.567,370.773,24833.1
3775.570,62.9262,12465.6,383.101,181.296,370.772,24209.8
3775.620,62.9270,12254.1,382.967,181.031,370.772,23597.1
3775.670,62.9278,12047.5,382.835,180.769,370.772,22994.8
3775.720,62.9287,11845.7,382.706,180.512,370.771,22402.5
3775.770,62.9295,11648.6,382.578,180.26,370.771,21820
3775.820,62.9303,11456,382.452,180.011,370.77,21247.2
3775.870,62.9312,11267.8,382.329,179.767,370.77,20683.9
3775.920,62.9320,11083.8,382.202,179.516,370.77,20129.7
3775.970,62.9328,10895.9,382.044,179.203,370.769,19584.9
3776.020,62.9337,10663.4,381.89,178.896,370.769,19051.7
3776.070,62.9345,10437.7,381.738,178.596,370.768,18529.8
3776.120,62.9353,10218.6,381.59,178.303,370.768,18018.9
3776.170,62.9362,10005.8,381.445,178.015,370.768,17518.6
3776.220,62.9370,9799.02,381.303,177.734,370.767,17028.6
3776.270,62.9378,9598.14,381.164,177.458,370.767,16548.7
3776.320,62.9387,9402.91,381.027,177.188,370.767,16078.6
3776.370,62.9395,9213.11,380.894,176.923,370.766,15617.9
3776.420,62.9403,9028.57,380.763,176.664,370.766,15166.5
3776.470,62.9412,8849.09,380.635,176.41,370.765,14724.1
3776.520,62.9420,8674.49,380.509,176.161,370.765,14290.3
3776.570,62.9428,8504.62,380.386,175.916,370.765,13865.1
3776.620,62.9437,8339.29,380.265,175.677,370.764,13448.1
3776.670,62.9445,8178.36,380.146,175.442,370.764,13039.2
3776.720,62.9453,8021.69,380.03,175.212,370.763,12638.1
3776.770,62.9462,7869.12,379.916,174.986,370.763,12244.7
3776.820,62.9470,7720.51,379.804,174.765,370.763,11858.7
3776.870,62.9478,7575.75,379.651,174.463,370.762,11479.9
3776.920,62.9487,7380.26,379.499,174.161,370.762,11110.9
3776.970,62.9495,7186.99,379.351,173.868,370.761,10751.5
3777.020,62.9503,7000.62,379.207,173.582,370.761,10401.5
3777.070,62.9512,6820.84,379.067,173.304,370.761,10060.4
3777.120,62.9520,6647.34,378.93,173.033,370.76,9728.06
3777.170,62.9528,6479.85,378.796,172.768,370.76,9404.07
3777.220,62.9537,6318.11,378.666,172.51,370.759,9088.16
3777.270,62.9545,6161.86,378.539,172.259,370.759,8780.07
3777.320,62.9553,6010.87,378.415,172.014,370.759,8479.53
3777.370,62.9562,5864.91,378.294,171.775,370.758,8186.28
3777.420,62.9570,5723.77,378.177,171.541,370.758,7900.09
3777.470,62.9578,5587.25,378.061,171.313,370.757,7620.73
3777.520,62.9587,5455.16,377.949,171.091,370.757,7347.97
3777.570,62.9595,5327.31,377.839,170.874,370.757,7081.61
3777.620,62.9603,5203.53,377.732,170.662,370.756,6821.43
3777.670,62.9612,5083.66,377.627,170.454,370.756,6567.25
3777.720,62.9620,4967.54,377.525,170.252,370.756,6318.87
3777.770,62.9628,4855.03,377.425,170.054,370.755,6076.12
3777.820,62.9637,4745.97,377.305,169.816,370.755,5838.82
3777.870,62.9645,4615.95,377.153,169.515,370.754,5608.02
3777.920,62.9653,4453.33,377.006,169.224,370.754,5385.36
3777.970,62.9662,4298.45,376.865,168.943,370.754,5170.43
3778.020,62.9670,4150.85,376.728,168.673,370.753,4962.89
3778.070,62.9678,4010.09,376.596,168.411,370.753,4762.39
3778.120,62.9687,3875.78,376.468,168.158,370.752,4568.6
3778.170,62.9695,3747.55,376.345,167.914,370.752,4381.22
3778.220,62.9703,3625.04,376.225,167.677,370.752,4199.97
3778.270,62.9712,3507.94,376.11,167.449,370.751,4024.57
3778.320,62.9720,3395.94,375.998,167.227,370.751,3854.77
3778.370,62.9728,3288.77,375.89,167.013,370.75,3690.33
3778.420,62.9737,3186.16,375.785,166.805,370.75,3531.03
3778.470,62.9745,3087.87,375.683,166.604,370.75,3376.63
3778.520,62.9753,2993.67,375.585,166.409,370.749,3226.95
3778.570,62.9762,2903.35,375.489,166.22,370.749,3081.78
3778.620,62.9770,2816.7,375.396,166.036,370.748,2940.95
3778.670,62.9778,2733.54,375.306,165.858,370.748,2804.27
3778.720,62.9787,2653.68,375.219,165.686,370.748,2671.59
3778.770,62.9795,2576.98,375.134,165.518,370.747,2542.74
3778.820,62.9803,2503.26,375.051,165.355,370.747,2417.57
3778.870,62.9812,2432.38,374.971,165.197,370.747,2295.96
3778.920,62.9820,2364.21,374.851,164.958,370.746,2177.74
3778.970,62.9828,2262.55,374.699,164.658,370.746,2064.62
3779.020,62.9837,2137.31,374.556,164.374,370.745,1957.75
3779.070,62.9845,2021.34,374.421,164.106,370.745,1856.68
3779.120,62.9853,1913.78,374.293,163.853,370.745,1761
3779.170,62.9862,1813.86,374.172,163.612,370.744,1670.3
3779.220,62.9870,1720.91,374.057,163.385,370.744,1584.26
3779.270,62.9878,1634.33,373.947,163.168,370.743,1502.54
3779.320,62.9887,1553.57,373.843,162.963,370.743,1424.86
3779.370,62.9895,1478.13,373.745,162.767,370.743,1350.96
3779.420,62.9903,1407.6,373.65,162.581,370.742,1280.58
3779.470,62.9912,1341.55,373.561,162.403,370.742,1213.5
3779.520,62.9920,1279.65,373.475,162.234,370.741,1149.52
3779.570,62.9928,1221.57,373.393,162.073,370.741,1088.44
3779.620,62.9937,1167.01,373.315,161.919,370.741,1030.09
3779.670,62.9945,1115.7,373.241,161.771,370.74,974.302
3779.720,62.9953,1067.41,373.169,161.63,370.74,920.931
3779.770,62.9962,1021.91,373.101,161.495,370.74,869.835
3779.820,62.9970,979.009,373.035,161.366,370.739,820.885
3779.870,62.9978,938.513,372.973,161.242,370.739,773.959
3779.920,62.9987,900.256,372.912,161.124,370.738,728.946
3779.970,62.9995,864.085,372.855,161.01,370.738,685.742
3780.020,63.0003,829.858,372.799,160.901,370.738,644.249
3780.070,63.0012,797.444,372.746,160.796,370.737,604.377
3780.120,63.0020,766.724,372.695,160.695,370.737,566.041
3780.170,63.0028,737.587,372.645,160.598,370.736,529.162
3780.220,63.0037,709.932,372.598,160.504,370.736,493.665
3780.270,63.0045,683.666,372.552,160.415,370.736,459.482
3780.320,63.0053,658.7,372.508,160.328,370.735,426.547
3780.370,63.0062,634.955,372.335,159.985,370.735,394.799
3780.420,63.0070,544.026,372.179,159.676,370.735,367.598
3780.470,63.0078,466.439,372.046,159.412,370.734,344.276
3780.520,63.0087,403.246,371.93,159.183,370.734,324.113
3780.570,63.0095,351.207,371.83,158.984,370.733,306.553
3780.620,63.0103,307.929,371.742,158.81,370.733,291.157
3780.670,63.0112,271.619,371.664,158.656,370.733,277.576
3780.720,63.0120,240.91,371.595,158.52,370.732,265.53
3780.770,63.0128,214.749,371.534,158.399,370.732,254.793
3780.820,63.0137,192.314,371.479,158.291,370.731,245.177
3780.870,63.0145,172.956,371.429,158.194,370.731,236.529
3780.920,63.0153,156.16,371.384,158.106,370.731,228.721
3780.970,63.0162,141.511,371.344,158.026,370.73,221.646
3781.020,63.0170,128.673,371.307,157.954,370.73,215.212
3781.070,63.0178,117.372,371.274,157.889,370.73,209.343
3781.120,63.0187,107.382,371.243,157.829,370.729,203.974
3781.170,63.0195,98.5169,371.215,157.774,370.729,199.048
3781.220,63.0203,90.6209,371.189,157.723,370.728,194.517
3781.270,63.0212,83.5642,371.165,157.677,370.728,190.339
3781.320,63.0220,77.237,371.143,157.634,370.728,186.477
3781.370,63.0228,71.5469,371.122,157.594,370.727,182.9
3781.420,63.0237,66.4148,371.103,157.558,370.727,179.579
3781.470,63.0245,61.7735,371.086,157.524,370.726,176.491
3781.520,63.0253,57.5652,371.069,157.492,370.726,173.612
3781.570,63.0262,53.7403,371.054,157.463,370.726,170.925
3781.620,63.0270,50.2557,371.039,157.435,370.725,168.412
3781.670,63.0278,47.0741,371.026,157.41,370.725,166.059
3781.720,63.0287,44.1631,371.013,157.386,370.725,163.851
3781.770,63.0295,41.4943,371.001,157.363,370.724,161.776
3781.820,63.0303,39.0428,370.99,157.342,370.724,159.824
3781.870,63.0312,36.7869,370.98,157.322,370.723,157.984
3781.920,63.0320,34.7073,370.97,157.304,370.723,156.249
3781.970,63.0328,32.787,370.96,157.286,370.723,154.61
3782.020,63.0337,31.0109,370.951,157.27,370.722,153.059
3782.070,63.0345,29.3657,370.943,157.254,370.722,151.591
3782.120,63.0353,27.8395,370.935,157.24,370.721,150.199
3782.170,63.0362,26.4216,370.928,157.226,370.721,148.878
3782.220,63.0370,25.1026,370.92,157.213,370.721,147.623
3782.270,63.0378,23.8739,370.914,157.2,370.72,146.429
3782.320,63.0387,22.7278,370.907,157.188,370.72,145.293
3782.370,63.0395,21.6576,370.901,157.177,370.72,144.21
3782.420,63.0403,20.657,370.895,157.167,370.719,143.177
3782.470,63.0412,19.7204,370.889,157.157,370.719,142.191
3782.520,63.0420,18.8428,370.884,157.147,370.718,141.249
3782.570,63.0428,18.0195,370.879,157.138,370.718,140.348
3782.620,63.0437,17.2465,370.874,157.129,370.718,139.485
3782.670,63.0445,16.5198,370.869,157.121,370.717,138.659
3782.720,63.0453,15.8362,370.865,157.113,370.717,137.868
3782.770,63.0462,15.1923,370.86,157.106,370.717,137.108
3782.820,63.0470,14.5854,370.856,157.099,370.716,136.379
3782.870,63.0478,14.0128,370.852,157.092,370.716,135.678
3782.920,63.0487,13.4722,370.848,157.085,370.715,135
3782.973,63.0495,12.9577,370.844,157.079,370.715,134.325
3783.027,63.0504,12.4546,370.84,157.072,370.715,133.653
3783.082,63.0514,11.9629,370.837,157.066,370.714,132.985
3783.140,63.0523,11.4826,370.833,157.06,370.714,132.32
3783.200,63.0533,11.0137,370.829,157.054,370.713,131.658
3783.263,63.0544,10.5561,370.825,157.047,370.713,131
3783.327,63.0555,10.11,370.821,157.041,370.712,130.345
3783.395,63.0566,9.67522,370.818,157.036,370.712,129.693
3783.465,63.0577,9.25186,370.814,157.03,370.711,129.045
3783.538,63.0590,8.83989,370.81,157.024,370.711,128.4
3783.614,63.0602,8.43933,370.807,157.018,370.71,127.758
3783.693,63.0616,8.05019,370.803,157.013,370.71,127.119
3783.776,63.0629,7.67249,370.799,157.008,370.709,126.483
3783.863,63.0644,7.30625,370.796,157.002,370.709,125.851
3783.953,63.0659,6.95149,370.792,156.997,370.708,125.222
3784.048,63.0675,6.60824,370.789,156.992,370.707,124.595
3784.147,63.0691,6.27651,370.785,156.987,370.706,123.972
3784.251,63.0709,5.95633,370.781,156.982,370.706,123.353
3784.361,63.0727,5.64774,370.778,156.978,370.705,122.736
3784.475,63.0746,5.35075,370.774,156.973,370.704,122.122
3784.596,63.0766,5.0654,370.771,156.969,370.703,121.512
3784.723,63.0787,4.79171,370.767,156.965,370.702,120.904
3784.856,63.0809,4.52969,370.764,156.961,370.701,120.299
3784.997,63.0833,4.27936,370.761,156.957,370.7,119.698
3785.145,63.0857,4.04074,370.757,156.954,370.699,119.099
3785.301,63.0883,3.8138,370.754,156.95,370.698,118.504
3785.466,63.0911,3.59855,370.75,156.947,370.697,117.911
3785.639,63.0940,3.39495,370.747,156.944,370.696,117.322
3785.822,63.0970,3.20295,370.744,156.942,370.695,116.735
3786.015,63.1003,3.02246,370.74,156.939,370.693,116.152
3786.219,63.1036,2.8534,370.737,156.937,370.692,115.571
3786.433,63.1072,2.69563,370.734,156.935,370.69,114.993
3786.659,63.1110,2.54897,370.73,156.934,370.689,114.418
3786.896,63.1149,2.4132,370.727,156.932,370.687,113.846
3787.145,63.1191,2.28809,370.724,156.931,370.685,113.277
3787.405,63.1234,2.1733,370.721,156.93,370.683,112.71
3787.678,63.1280,2.0685,370.717,156.93,370.681,112.147
3787.962,63.1327,1.97327,370.714,156.93,370.679,111.586
3788.258,63.1376,1.88716,370.711,156.93,370.677,111.028
3788.564,63.1427,1.80967,370.708,156.93,370.675,110.473
3788.882,63.1480,1.74028,370.705,156.931,370.673,109.921
3789.209,63.1535,1.6784,370.701,156.932,370.671,109.371
3789.546,63.1591,1.62348,370.698,156.933,370.668,108.824
3789.892,63.1649,1.5749,370.695,156.934,370.666,108.28
3790.245,63.1707,1.53209,370.692,156.936,370.663,107.739
3790.605,63.1768,1.49446,370.689,156.938,370.661,107.2
3790.972,63.1829,1.46147,370.686,156.94,370.658,106.664
3791.344,63.1891,1.43258,370.683,156.942,370.655,106.131
3791.721,63.1954,1.40731,370.68,156.944,370.653,105.6
3792.103,63.2017,1.3852,370.677,156.947,370.65,105.072
3792.487,63.2081,1.36585,370.674,156.949,370.647,104.547
3792.875,63.2146,1.34889,370.671,156.952,370.644,104.024
3793.265,63.2211,1.33398,370.668,156.954,370.642,103.504
3793.657,63.2276,1.32084,370.665,156.957,370.639,102.986
3794.050,63.2342,1.30921,370.662,156.96,370.636,102.471
3794.444,63.2407,1.29888,370.659,156.963,370.633,101.959
3794.840,63.2473,1.28965,370.656,156.965,370.63,101.449
3795.235,63.2539,1.28136,370.653,156.968,370.628,100.942
3795.632,63.2605,1.27387,370.65,156.971,370.625,100.437
3796.028,63.2671,1.26705,370.647,156.974,370.622,99.935
3796.424,63.2737,1.2608,370.645,156.977,370.619,99.4353
3796.820,63.2803,1.25505,370.642,156.98,370.617,98.9381
3797.216,63.2869,1.2497,370.639,156.983,370.614,98.4435
3797.612,63.2935,1.2447,370.636,156.986,370.611,97.9512
3798.007,63.3001,1.24001,370.633,156.989,370.608,97.4615
3798.401,63.3067,1.23556,370.631,156.991,370.606,96.9742
3798.795,63.3132,1.23132,370.628,156.994,370.603,96.4893
3799.188,63.3198,1.22727,370.625,156.997,370.6,96.0069
3799.580,63.3263,1.22338,370.622,157,370.597,95.5268
3799.972,63.3329,1.21961,370.62,157.003,370.595,95.0492
3800.363,63.3394,1.21596,370.617,157.006,370.592,94.5739
3800.753,63.3459,1.2124,370.614,157.009,370.589,94.1011
3801.142,63.3524,1.20893,370.611,157.012,370.587,93.6306
3801.530,63.3588,1.20553,370.609,157.014,370.584,93.1624
3801.918,63.3653,1.20218,370.606,157.017,370.581,92.6966
3802.305,63.3717,1.1989,370.603,157.02,370.579,92.2331
3802.690,63.3782,1.19565,370.601,157.023,370.576,91.772
3803.075,63.3846,1.19245,370.598,157.026,370.574,91.3131
3803.459,63.3910,1.18929,370.596,157.028,370.571,90.8565
3803.842,63.3974,1.18615,370.593,157.031,370.568,90.4022
3804.224,63.4037,1.18304,370.59,157.034,370.566,89.9502
3804.605,63.4101,1.17996,370.588,157.037,370.563,89.5005
3804.985,63.4164,1.17689,370.585,157.039,370.561,89.053
3805.365,63.4227,1.17385,370.583,157.042,370.558,88.6077
3805.743,63.4291,1.17083,370.58,157.045,370.556,88.1647
3806.121,63.4353,1.16782,370.578,157.047,370.553,87.7239
3806.497,63.4416,1.16482,370.575,157.05,370.551,87.2852
3806.873,63.4479,1.16184,370.573,157.053,370.548,86.8488
3807.247,63.4541,1.15888,370.57,157.055,370.546,86.4146
3807.621,63.4604,1.15592,370.568,157.058,370.544,85.9825
3807.994,63.4666,1.15298,370.565,157.06,370.541,85.5526
3808.366,63.4728,1.15004,370.563,157.063,370.539,85.1248
3808.737,63.4790,1.14712,370.56,157.066,370.536,84.6992
3809.107,63.4851,1.14421,370.558,157.068,370.534,84.2757
3809.476,63.4913,1.1413,370.555,157.071,370.532,83.8543
3809.845,63.4974,1.13841,370.553,157.073,370.529,83.435
3810.212,63.5035,1.13552,370.551,157.076,370.527,83.0179
3810.579,63.5096,1.13264,370.548,157.078,370.524,82.6028
3810.944,63.5157,1.12977,370.546,157.081,370.522,82.1898
3811.309,63.5218,1.12691,370.544,157.083,370.52,81.7788
3811.673,63.5279,1.12405,370.541,157.086,370.517,81.3699
3812.035,63.5339,1.12121,370.539,157.088,370.515,80.9631
3812.397,63.5400,1.11837,370.537,157.091,370.513,80.5583
3812.759,63.5460,1.11554,370.534,157.093,370.511,80.1555
3813.119,63.5520,1.11271,370.532,157.096,370.508,79.7547
3813.478,63.5580,1.1099,370.53,157.098,370.506,79.3559
3813.836,63.5639,1.10709,370.527,157.1,370.504,78.9591
3814.194,63.5699,1.10428,370.525,157.103,370.502,78.5643
3814.551,63.5758,1.10149,370.523,157.105,370.499,78.1715
3814.906,63.5818,1.0987,370.521,157.107,370.497,77.7807
3815.261,63.5877,1.09592,370.518,157.11,370.495,77.3918
3815.615,63.5936,1.09315,370.516,157.112,370.493,77.0048
3815.968,63.5995,1.09038,370.514,157.114,370.491,76.6198
3816.320,63.6053,1.08762,370.512,157.117,370.489,76.2367
3816.672,63.6112,1.08487,370.51,157.119,370.486,75.8555
3817.022,63.6170,1.08212,370.507,157.121,370.484,75.4762
3817.372,63.6229,1.07938,370.505,157.124,370.482,75.0988
3817.721,63.6287,1.07665,370.503,157.126,370.48,74.7233
3818.069,63.6345,1.07392,370.501,157.128,370.478,74.3497
3818.416,63.6403,1.0712,370.499,157.13,370.476,73.978
3818.762,63.6460,1.06849,370.497,157.133,370.474,73.6081
3819.107,63.6518,1.06579,370.495,157.135,370.472,73.24
3819.452,63.6575,1.06309,370.493,157.137,370.47,72.8738
3819.795,63.6633,1.06039,370.491,157.139,370.468,72.5095
3820.138,63.6690,1.05771,370.488,157.141,370.465,72.1469
3820.480,63.6747,1.05503,370.486,157.144,370.463,71.7862
3820.821,63.6804,1.05236,370.484,157.146,370.461,71.4273
3821.161,63.6860,1.04969,370.482,157.148,370.459,71.0701
3821.501,63.6917,1.04703,370.48,157.15,370.457,70.7148
3821.839,63.6973,1.04438,370.478,157.152,370.455,70.3612
3822.177,63.7029,1.04174,370.476,157.154,370.453,70.0094
3822.514,63.7086,1.0391,370.474,157.156,370.451,69.6593
3822.850,63.7142,1.03646,370.472,157.158,370.45,69.3111
3823.185,63.7198,1.03384,370.47,157.16,370.448,68.9645
3823.519,63.7253,1.03122,370.468,157.163,370.446,68.6197
3823.853,63.7309,1.0286,370.466,157.165,370.444,68.2766
3824.186,63.7364,1.026,370.464,157.167,370.442,67.9352
3824.518,63.7420,1.0234,370.462,157.169,370.44,67.5955
3824.849,63.7475,1.0208,370.46,157.171,370.438,67.2575
3825.179,63.7530,1.01822,370.459,157.173,370.436,66.9213
3825.508,63.7585,1.01563,370.457,157.175,370.434,66.5866
3825.837,63.7640,1.01306,370.455,157.177,370.432,66.2537
3826.165,63.7694,1.01049,370.453,157.179,370.43,65.9224
3826.492,63.7749,1.00793,370.451,157.181,370.429,65.5928
3826.818,63.7803,1.00537,370.449,157.183,370.427,65.2649
3827.144,63.7857,1.00282,370.447,157.185,370.425,64.9385
3827.468,63.7911,1.00028,370.445,157.187,370.423,64.6138
3837.468,63.9578,0.997743,370.388,157.144,370.421,54.6364
3847.468,64.1245,0.791616,370.343,157.203,370.368,46.7203
3847.697,64.1283,1.02286,370.342,157.303,370.318,46.4867
3847.928,64.1321,1.00615,370.34,157.304,370.317,46.2542
3857.928,64.2988,0.990553,370.284,157.259,370.316,36.3487
3867.928,64.4655,0.337192,370.264,157.308,370.272,32.9768
3868.034,64.4672,1.55093,370.263,157.415,370.232,32.8119
3868.142,64.4690,1.5119,370.262,157.414,370.232,32.6478
3868.253,64.4709,1.47408,370.261,157.413,370.231,32.4846
3868.366,64.4728,1.43746,370.261,157.413,370.231,32.3222
3868.481,64.4747,1.40203,370.26,157.412,370.23,32.1606
3868.599,64.4766,1.36776,370.259,157.412,370.23,31.9998
3868.719,64.4786,1.33464,370.258,157.411,370.229,31.8398
3868.841,64.4807,1.30265,370.257,157.411,370.229,31.6806
3868.966,64.4828,1.27177,370.256,157.411,370.229,31.5222
3869.092,64.4849,1.24198,370.255,157.41,370.228,31.3645
3869.222,64.4870,1.21326,370.254,157.41,370.228,31.2077
3869.353,64.4892,1.18559,370.253,157.41,370.227,31.0517
3869.487,64.4915,1.15895,370.252,157.409,370.227,30.8964
3869.624,64.4937,1.13331,370.251,157.409,370.226,30.7419
3869.762,64.4960,1.10866,370.251,157.409,370.226,30.5882
3869.903,64.4984,1.08497,370.25,157.409,370.225,30.4353
3870.046,64.5008,1.06221,370.249,157.409,370.225,30.2831
3870.192,64.5032,1.04037,370.248,157.408,370.224,30.1317
3870.340,64.5057,1.01941,370.247,157.408,370.224,29.981
3880.340,64.6723,0.999322,370.19,157.362,370.223,19.9878
3890.340,64.8390,0.0106714,370.189,157.401,370.189,19.8811
3890.410,64.8402,1.41285,370.189,157.492,370.159,19.7817
3890.482,64.8414,1.38668,370.188,157.491,370.159,19.6828
3890.554,64.8426,1.36104,370.188,157.491,370.159,19.5844
3890.627,64.8438,1.33591,370.187,157.49,370.158,19.4865
3890.701,64.8450,1.31131,370.187,157.49,370.158,19.389
3890.777,64.8463,1.28722,370.186,157.489,370.158,19.2921
3890.853,64.8476,1.26363,370.185,157.489,370.158,19.1956
3890.930,64.8488,1.24055,370.185,157.488,370.158,19.0996
3891.009,64.8501,1.21796,370.184,157.488,370.157,19.0041
3891.088,64.8515,1.19586,370.184,157.487,370.157,18.9091
3891.169,64.8528,1.17425,370.183,157.487,370.157,18.8146
3891.250,64.8542,1.15311,370.183,157.487,370.157,18.7205
3891.333,64.8556,1.13244,370.182,157.486,370.157,18.6269
3891.417,64.8569,1.11225,370.182,157.486,370.156,18.5338
3891.502,64.8584,1.09251,370.181,157.486,370.156,18.4411
3891.588,64.8598,1.07323,370.181,157.485,370.156,18.3489
3891.675,64.8612,1.05439,370.18,157.485,370.156,18.2571
3891.763,64.8627,1.036,370.18,157.485,370.155,18.1659
3891.852,64.8642,1.01805,370.179,157.484,370.155,18.075
3891.942,64.8657,1.00052,370.178,157.484,370.155,17.9847
3901.942,65.0324,0.983425,370.122,157.437,370.155,8.1504
3911.942,65.1990,0,370.122,157.464,370.13,8.1504
3921.942,65.3657,0.352627,370.102,157.486,370.11,4.62413
3931.942,65.5324,0.166454,370.092,157.503,370.095,2.95959
3941.942,65.6990,0.216414,370.08,157.515,370.084,0.795454
3951.942,65.8657,0.0371175,370.078,157.523,370.077,0.42428
