t_s,t_min,depth_m,u_mean_ms,q_unit_m2s,front_x_m
0.003,0.0000,0,0,0,-2.49908
0.006,0.0001,0,0,0,-2.49654
0.008,0.0001,0,0,0,-2.49244
0.011,0.0002,0,0,0,-2.48696
0.014,0.0002,0,0,0,-2.48013
0.017,0.0003,0,0,0,-2.47228
0.020,0.0003,0,0,0,-2.46341
0.022,0.0004,0,0,0,-2.45369
0.025,0.0004,0,0,0,-2.44326
0.028,0.0005,0,0,0,-2.43248
0.031,0.0005,0,0,0,-2.42135
0.033,0.0006,0,0,0,-2.41023
0.036,0.0006,0,0,0,-2.39908
0.039,0.0006,0,0,0,-2.38823
0.042,0.0007,0,0,0,-2.37763
0.045,0.0007,0,0,0,-2.36751
0.047,0.0008,0,0,0,-2.35782
0.050,0.0008,0,0,0,-2.34868
0.053,0.0009,0,0,0,-2.34005
0.056,0.0009,0,0,0,-2.33193
0.058,0.0010,0,0,0,-2.32429
0.061,0.0010,0,0,0,-2.31702
0.064,0.0011,0,0,0,-2.31011
0.067,0.0011,0,0,0,-2.30336
0.070,0.0012,0,0,0,-2.29678
0.072,0.0012,0,0,0,-2.29014
0.075,0.0013,0,0,0,-2.28346
0.078,0.0013,0,0,0,-2.27651
0.081,0.0013,0,0,0,-2.26932
0.083,0.0014,0,0,0,-2.2617
0.086,0.0014,0,0,0,-2.2537
0.089,0.0015,0,0,0,-2.24517
0.092,0.0015,0,0,0,-2.23621
0.095,0.0016,0,0,0,-2.22668
0.097,0.0016,0,0,0,-2.21671
0.100,0.0017,0,0,0,-2.20622
0.103,0.0017,0,0,0,-2.1953
0.106,0.0018,0,0,0,-2.18405
0.108,0.0018,0,0,0,-2.17238
0.111,0.0019,0,0,0,-2.16064
0.114,0.0019,0,0,0,-2.14844
0.117,0.0019,0,0,0,-2.13615
0.120,0.0020,0,0,0,-2.12389
0.122,0.0020,0,0,0,-2.11166
0.125,0.0021,0,0,0,-2.09957
0.128,0.0021,0,0,0,-2.08758
0.131,0.0022,0,0,0,-2.07578
0.133,0.0022,0,0,0,-2.06414
0.136,0.0023,0,0,0,-2.05266
0.139,0.0023,0,0,0,-2.04133
0.142,0.0024,0,0,0,-2.0301
0.145,0.0024,0,0,0,-2.01897
0.147,0.0025,0,0,0,-2.00784
0.150,0.0025,0,0,0,-1.9967
0.153,0.0025,0,0,0,-1.98544
0.156,0.0026,0,0,0,-1.97406
0.158,0.0026,0,0,0,-1.96243
0.161,0.0027,0,0,0,-1.95057
0.164,0.0027,0,0,0,-1.93835
0.167,0.0028,0,0,0,-1.92581
0.169,0.0028,0,0,0,-1.91285
0.172,0.0029,0,0,0,-1.89962
0.175,0.0029,0,0,0,-1.8862
0.178,0.0030,0,0,0,-1.87212
0.181,0.0030,0,0,0,-1.85821
0.183,0.0031,0,0,0,-1.84334
0.186,0.0031,0,0,0,-1.82897
0.189,0.0031,0,0,0,-1.81347
0.192,0.0032,0,0,0,-1.79872
0.194,0.0032,0,0,0,-1.78279
0.197,0.0033,0,0,0,-1.76778
0.200,0.0033,0,0,0,-1.75166
0.203,0.0034,0,0,0,-1.73651
0.205,0.0034,0,0,0,-1.72044
0.208,0.0035,0,0,0,-1.70525
0.211,0.0035,0,0,0,-1.68942
0.214,0.0036,0,0,0,-1.67426
0.217,0.0036,0,0,0,-1.65878
0.219,0.0037,0,0,0,-1.6437
0.222,0.0037,0,0,0,-1.62858
0.225,0.0037,0,0,0,-1.61355
0.228,0.0038,0,0,0,-1.59866
0.230,0.0038,0,0,0,-1.58387
0.233,0.0039,0,0,0,-1.56915
0.236,0.0039,0,0,0,-1.55447
0.239,0.0040,0,0,0,-1.53976
0.241,0.0040,0,0,0,-1.52499
0.244,0.0041,0,0,0,-1.51008
0.247,0.0041,0,0,0,-1.49501
0.250,0.0042,0,0,0,-1.47969
0.252,0.0042,0,0,0,-1.46412
0.255,0.0043,0,0,0,-1.44825
0.258,0.0043,0,0,0,-1.43215
0.261,0.0043,0,0,0,-1.41559
0.264,0.0044,0,0,0,-1.39886
0.266,0.0044,0,0,0,-1.38157
0.269,0.0045,0,0,0,-1.36419
0.272,0.0045,0,0,0,-1.34621
0.275,0.0046,0,0,0,-1.32824
0.277,0.0046,0,0,0,-1.30968
0.280,0.0047,0,0,0,-1.29124
0.283,0.0047,0,0,0,-1.27227
0.286,0.0048,0,0,0,-1.25352
0.288,0.0048,0,0,0,-1.23435
0.291,0.0049,0,0,0,-1.21546
0.294,0.0049,0,0,0,-1.19628
0.297,0.0049,0,0,0,-1.17742
0.299,0.0050,0,0,0,-1.15839
0.302,0.0050,0,0,0,-1.13968
0.305,0.0051,0,0,0,-1.1209
0.308,0.0051,0,0,0,-1.10241
0.310,0.0052,0,0,0,-1.08391
0.313,0.0052,0,0,0,-1.06564
0.316,0.0053,0,0,0,-1.04738
0.319,0.0053,0,0,0,-1.02925
0.321,0.0054,0,0,0,-1.0111
0.324,0.0054,0,0,0,-0.992982
0.327,0.0054,0,0,0,-0.9748
0.330,0.0055,0,0,0,-0.956518
0.333,0.0055,0,0,0,-0.938114
0.335,0.0056,0,0,0,-0.919492
0.338,0.0056,0,0,0,-0.900669
0.341,0.0057,0,0,0,-0.881577
0.344,0.0057,0,0,0,-0.862216
0.346,0.0058,0,0,0,-0.842535
0.349,0.0058,0,0,0,-0.822547
0.352,0.0059,0,0,0,-0.802218
0.355,0.0059,0,0,0,-0.78158
0.357,0.0060,0,0,0,-0.76061
0.360,0.0060,0,0,0,-0.739364
0.363,0.0060,0,0,0,-0.71782
0.366,0.0061,0,0,0,-0.696063
0.368,0.0061,0,0,0,-0.674057
0.371,0.0062,0,0,0,-0.651918
0.374,0.0062,0,0,0,-0.629585
0.377,0.0063,0,0,0,-0.607199
0.379,0.0063,0,0,0,-0.584672
0.382,0.0064,0,0,0,-0.562157
0.385,0.0064,0,0,0,-0.53954
0.388,0.0065,0,0,0,-0.516972
0.390,0.0065,0,0,0,-0.494323
0.393,0.0066,0,0,0,-0.471721
0.396,0.0066,0,0,0,-0.449039
0.399,0.0066,0,0,0,-0.426361
0.401,0.0067,0,0,0,-0.403586
0.404,0.0067,0,0,0,-0.380735
0.407,0.0068,0,0,0,-0.357758
0.410,0.0068,0,0,0,-0.334598
0.412,0.0069,0,0,0,-0.311275
0.415,0.0069,0,0,0,-0.287652
0.418,0.0070,0,0,0,-0.263829
0.421,0.0070,0,0,0,-0.239627
0.423,0.0071,0,0,0,-0.215245
0.426,0.0071,0,0,0,-0.190319
0.429,0.0071,0,0,0,-0.165269
0.432,0.0072,0,0,0,-0.139557
0.434,0.0072,0,0,0,-0.113774
0.437,0.0073,0,0,0,-0.087277
0.440,0.0073,0,0,0,-0.060754
0.442,0.0074,0,0,0,-0.0335333
0.445,0.0074,0,0,0,-0.00631993
0.448,0.0075,0,0,0,0.021198
0.451,0.0075,0,0,0,0.0489715
0.453,0.0076,0,0,0,0.0769831
0.456,0.0076,0,0,0,0.105192
0.459,0.0076,0,0,0,0.133565
0.462,0.0077,0,0,0,0.162075
0.464,0.0077,0,0,0,0.19068
0.467,0.0078,0,0,0,0.21937
0.470,0.0078,0,0,0,0.248097
0.473,0.0079,0,0,0,0.276872
0.475,0.0079,0,0,0,0.30565
0.478,0.0080,0,0,0,0.334456
0.481,0.0080,0,0,0,0.363253
0.484,0.0081,0,0,0,0.392079
0.486,0.0081,0,0,0,0.42091
0.489,0.0081,0,0,0,0.449789
0.492,0.0082,0,0,0,0.478707
0.494,0.0082,0,0,0,0.507703
0.497,0.0083,0,0,0,0.536788
0.500,0.0083,0,0,0,0.565987
0.503,0.0084,0,0,0,0.595309
0.505,0.0084,0,0,0,0.624743
0.508,0.0085,0,0,0,0.654405
0.511,0.0085,0,0,0,0.684157
0.514,0.0086,0,0,0,0.714221
0.516,0.0086,0,0,0,0.744355
0.519,0.0087,0,0,0,0.774851
0.522,0.0087,0,0,0,0.805402
0.524,0.0087,0,0,0,0.836321
0.527,0.0088,0,0,0,0.867289
0.530,0.0088,0,0,0,0.898589
0.533,0.0089,0,0,0,0.92994
0.535,0.0089,0,0,0,0.961552
0.538,0.0090,0,0,0,0.99323
0.541,0.0090,0,0,0,1.02507
0.544,0.0091,0,0,0,1.057
0.546,0.0091,0,0,0,1.08899
0.549,0.0092,0,0,0,1.12111
0.552,0.0092,0,0,0,1.15319
0.554,0.0092,0,0,0,1.18543
0.557,0.0093,0,0,0,1.2177
0.560,0.0093,0,0,0,1.24998
0.563,0.0094,0,0,0,1.28229
0.565,0.0094,0,0,0,1.31462
0.568,0.0095,0,0,0,1.34699
0.571,0.0095,0,0,0,1.37941
0.574,0.0096,0,0,0,1.41192
0.576,0.0096,0,0,0,1.44451
0.579,0.0097,0,0,0,1.47724
0.582,0.0097,0,0,0,1.5101
0.584,0.0097,0,0,0,1.54313
0.587,0.0098,0,0,0,1.57634
0.590,0.0098,0,0,0,1.60979
0.593,0.0099,0,0,0,1.64344
0.595,0.0099,0,0,0,1.67739
0.598,0.0100,0,0,0,1.71155
0.601,0.0100,0,0,0,1.74605
0.604,0.0101,0,0,0,1.78075
0.606,0.0101,0,0,0,1.81581
0.609,0.0101,0,0,0,1.85105
0.612,0.0102,0,0,0,1.88663
0.614,0.0102,0,0,0,1.92238
0.617,0.0103,0,0,0,1.95842
0.620,0.0103,0,0,0,1.9946
0.623,0.0104,0,0,0,2.03102
0.625,0.0104,0,0,0,2.06754
0.628,0.0105,0,0,0,2.10425
0.631,0.0105,0,0,0,2.14103
0.633,0.0106,0,0,0,2.17793
0.636,0.0106,0,0,0,2.2149
0.639,0.0106,0,0,0,2.25193
0.642,0.0107,0,0,0,2.28905
0.644,0.0107,0,0,0,2.32616
0.647,0.0108,0,0,0,2.36342
0.650,0.0108,0,0,0,2.40061
0.652,0.0109,0,0,0,2.43803
0.655,0.0109,0,0,0,2.47534
0.658,0.0110,0,0,0,2.51298
0.661,0.0110,0,0,0,2.55046
0.663,0.0111,0,0,0,2.58839
0.666,0.0111,0,0,0,2.62649
0.669,0.0111,0,0,0,2.66481
0.671,0.0112,0,0,0,2.70324
0.674,0.0112,0,0,0,2.74204
0.677,0.0113,0,0,0,2.78086
0.680,0.0113,0,0,0,2.82019
0.682,0.0114,0,0,0,2.85946
0.685,0.0114,0,0,0,2.89936
0.688,0.0115,0,0,0,2.93908
0.690,0.0115,0,0,0,2.97953
0.693,0.0116,0,0,0,3.01969
0.696,0.0116,0,0,0,3.06064
0.699,0.0116,0,0,0,3.10118
0.701,0.0117,0,0,0,3.14255
0.704,0.0117,0,0,0,3.18339
0.707,0.0118,0,0,0,3.22507
0.709,0.0118,0,0,0,3.26614
0.712,0.0119,0,0,0,3.30803
0.715,0.0119,0,0,0,3.34924
0.717,0.0120,0,0,0,3.39123
0.720,0.0120,0,0,0,3.43254
0.723,0.0120,0,0,0,3.47456
0.726,0.0121,0,0,0,3.51595
0.728,0.0121,0,0,0,3.55795
0.731,0.0122,0,0,0,3.59943
0.734,0.0122,0,0,0,3.64141
0.736,0.0123,0,0,0,3.68303
0.739,0.0123,0,0,0,3.72503
0.742,0.0124,0,0,0,3.76684
0.745,0.0124,0,0,0,3.80894
0.747,0.0125,0,0,0,3.85105
0.750,0.0125,0,0,0,3.89342
0.753,0.0125,0,0,0,3.93589
0.755,0.0126,0,0,0,3.97864
0.758,0.0126,0,0,0,4.02152
0.761,0.0127,0,0,0,4.06474
0.763,0.0127,0,0,0,4.10807
0.766,0.0128,0,0,0,4.15183
0.769,0.0128,0,0,0,4.1956
0.772,0.0129,0,0,0,4.23994
0.774,0.0129,0,0,0,4.28448
0.777,0.0129,0,0,0,4.32922
0.780,0.0130,0,0,0,4.37414
0.782,0.0130,0,0,0,4.41924
0.785,0.0131,0,0,0,4.46448
0.788,0.0131,0,0,0,4.50987
0.790,0.0132,0,0,0,4.55536
0.793,0.0132,0,0,0,4.60096
0.796,0.0133,0,0,0,4.64661
0.799,0.0133,0,0,0,4.69232
0.801,0.0134,0,0,0,4.73804
0.804,0.0134,0,0,0,4.78376
0.807,0.0134,0,0,0,4.82947
0.809,0.0135,0,0,0,4.87514
0.812,0.0135,0,0,0,4.92078
0.815,0.0136,0,0,0,4.96636
0.817,0.0136,0,0,0,5.0119
0.820,0.0137,0,0,0,5.05738
0.823,0.0137,0,0,0,5.10283
0.825,0.0138,0,0,0,5.14823
0.828,0.0138,0,0,0,5.19364
0.831,0.0138,0,0,0,5.2391
0.834,0.0139,0,0,0,5.28451
0.836,0.0139,0,0,0,5.33011
0.839,0.0140,0,0,0,5.37559
0.842,0.0140,0,0,0,5.42145
0.844,0.0141,0,0,0,5.46707
0.847,0.0141,0,0,0,5.51329
0.850,0.0142,0,0,0,5.55911
0.852,0.0142,0,0,0,5.60579
0.855,0.0143,0,0,0,5.65186
0.858,0.0143,0,0,0,5.69906
0.860,0.0143,0,0,0,5.74539
0.863,0.0144,0,0,0,5.7931
0.866,0.0144,0,0,0,5.83969
0.869,0.0145,0,0,0,5.88787
0.871,0.0145,0,0,0,5.9347
0.874,0.0146,0,0,0,5.98325
0.877,0.0146,0,0,0,6.03028
0.879,0.0147,0,0,0,6.07908
0.882,0.0147,0,0,0,6.12796
0.885,0.0147,0,0,0,6.17686
0.887,0.0148,0,0,0,6.22578
0.890,0.0148,0,0,0,6.27466
0.893,0.0149,0,0,0,6.3235
0.895,0.0149,0,0,0,6.37227
0.898,0.0150,0,0,0,6.42097
0.901,0.0150,0,0,0,6.46959
0.903,0.0151,0,0,0,6.51814
0.906,0.0151,0,0,0,6.56663
0.909,0.0151,0,0,0,6.61511
0.911,0.0152,0,0,0,6.66367
0.914,0.0152,0,0,0,6.71212
0.917,0.0153,0,0,0,6.76085
0.919,0.0153,0,0,0,6.80937
0.922,0.0154,0,0,0,6.8584
0.925,0.0154,0,0,0,6.9071
0.928,0.0155,0,0,0,6.95655
0.930,0.0155,0,0,0,7.00554
0.933,0.0155,0,0,0,7.05551
0.936,0.0156,0,0,0,7.10484
0.938,0.0156,0,0,0,7.15538
0.941,0.0157,0,0,0,7.20509
0.944,0.0157,0,0,0,7.25618
0.946,0.0158,0,0,0,7.30626
0.949,0.0158,0,0,0,7.35783
0.952,0.0159,0,0,0,7.40823
0.954,0.0159,0,0,0,7.46017
0.957,0.0159,0,0,0,7.51082
0.960,0.0160,0,0,0,7.56298
0.962,0.0160,0,0,0,7.6138
0.965,0.0161,0,0,0,7.66604
0.968,0.0161,0,0,0,7.71696
0.970,0.0162,0,0,0,7.76912
0.973,0.0162,0,0,0,7.82011
0.976,0.0163,0,0,0,7.8721
0.978,0.0163,0,0,0,7.92315
0.981,0.0163,0,0,0,7.97492
0.984,0.0164,0,0,0,8.02604
0.986,0.0164,0,0,0,8.0776
0.989,0.0165,0,0,0,8.12928
0.992,0.0165,0,0,0,8.18114
0.994,0.0166,0,0,0,8.23303
0.997,0.0166,0,0,0,8.28528
1.000,0.0167,0,0,0,8.33747
1.002,0.0167,0,0,0,8.39019
1.005,0.0168,0,0,0,8.44275
1.008,0.0168,0,0,0,8.49603
1.010,0.0168,0,0,0,8.54902
1.013,0.0169,0,0,0,8.60288
1.016,0.0169,0,0,0,8.65633
1.018,0.0170,0,0,0,8.71077
1.021,0.0170,0,0,0,8.76466
1.024,0.0171,0,0,0,8.81964
1.026,0.0171,0,0,0,8.87393
1.029,0.0172,0,0,0,8.92934
1.032,0.0172,0,0,0,8.98395
1.034,0.0172,0,0,0,9.03968
1.037,0.0173,0,0,0,9.09451
1.040,0.0173,0,0,0,9.1504
1.042,0.0174,0,0,0,9.20536
1.045,0.0174,0,0,0,9.26128
1.048,0.0175,0,0,0,9.31628
1.050,0.0175,0,0,0,9.3721
1.053,0.0176,0,0,0,9.42708
1.056,0.0176,0,0,0,9.48272
1.058,0.0176,0,0,0,9.53765
1.061,0.0177,0,0,0,9.59308
1.064,0.0177,0,0,0,9.64795
1.066,0.0178,0,0,0,9.70319
1.069,0.0178,0,0,0,9.75811
1.072,0.0179,0,0,0,9.81347
1.074,0.0179,0,0,0,9.86842
1.077,0.0179,0,0,0,9.92398
1.080,0.0180,0,0,0,9.97901
1.082,0.0180,0,0,0,10.0349
1.085,0.0181,0,0,0,10.0901
1.088,0.0181,0,0,0,10.1463
1.090,0.0182,0,0,0,10.2017
1.093,0.0182,0,0,0,10.2584
1.096,0.0183,0,0,0,10.3153
1.098,0.0183,0,0,0,10.3723
1.101,0.0183,0,0,0,10.4294
1.104,0.0184,0,0,0,10.4867
1.106,0.0184,0,0,0,10.5441
1.109,0.0185,0,0,0,10.6016
1.112,0.0185,0,0,0,10.6593
1.114,0.0186,0,0,0,10.717
1.117,0.0186,0,0,0,10.7749
1.120,0.0187,0,0,0,10.8328
1.122,0.0187,0,0,0,10.8908
1.125,0.0187,0,0,0,10.9488
1.128,0.0188,0,0,0,11.0068
1.130,0.0188,0,0,0,11.0649
1.133,0.0189,0,0,0,11.123
1.136,0.0189,0,0,0,11.181
1.138,0.0190,0,0,0,11.2391
1.141,0.0190,0,0,0,11.2972
1.144,0.0191,0,0,0,11.3552
1.146,0.0191,0,0,0,11.4132
1.149,0.0191,0,0,0,11.4713
1.152,0.0192,0,0,0,11.5296
1.154,0.0192,0,0,0,11.5877
1.157,0.0193,0,0,0,11.6462
1.159,0.0193,0,0,0,11.7044
1.162,0.0194,0,0,0,11.7632
1.165,0.0194,0,0,0,11.8216
1.167,0.0195,0,0,0,11.8807
1.170,0.0195,0,0,0,11.9393
1.173,0.0195,0,0,0,11.999
1.175,0.0196,0,0,0,12.0578
1.178,0.0196,0,0,0,12.118
1.181,0.0197,0,0,0,12.1771
1.183,0.0197,0,0,0,12.2378
1.186,0.0198,0,0,0,12.2972
1.189,0.0198,0,0,0,12.3585
1.191,0.0199,0,0,0,12.4182
1.194,0.0199,0,0,0,12.4799
1.197,0.0199,0,0,0,12.5398
1.199,0.0200,0,0,0,12.6019
1.202,0.0200,0,0,0,12.6641
1.205,0.0201,0,0,0,12.7264
1.207,0.0201,0,0,0,12.7887
1.210,0.0202,0,0,0,12.8511
1.213,0.0202,0,0,0,12.9135
1.215,0.0203,0,0,0,12.9759
1.218,0.0203,0,0,0,13.0383
1.221,0.0203,0,0,0,13.1007
1.223,0.0204,0,0,0,13.1631
1.226,0.0204,0,0,0,13.2255
1.229,0.0205,0,0,0,13.2879
1.231,0.0205,0,0,0,13.3505
1.234,0.0206,0,0,0,13.4129
1.237,0.0206,0,0,0,13.4756
1.239,0.0207,0,0,0,13.5381
1.242,0.0207,0,0,0,13.6011
1.244,0.0207,0,0,0,13.6635
1.247,0.0208,0,0,0,13.7268
1.250,0.0208,0,0,0,13.7893
1.252,0.0209,0,0,0,13.8529
1.255,0.0209,0,0,0,13.9155
1.258,0.0210,0,0,0,13.9795
1.260,0.0210,0,0,0,14.0423
1.263,0.0211,0,0,0,14.1065
1.266,0.0211,0,0,0,14.1694
1.268,0.0211,0,0,0,14.234
1.271,0.0212,0,0,0,14.2971
1.274,0.0212,0,0,0,14.362
1.276,0.0213,0,0,0,14.4251
1.279,0.0213,0,0,0,14.4903
1.282,0.0214,0,0,0,14.5535
1.284,0.0214,0,0,0,14.6189
1.287,0.0214,0,0,0,14.6823
1.290,0.0215,0,0,0,14.7478
1.292,0.0215,0,0,0,14.8112
1.295,0.0216,0,0,0,14.8769
1.297,0.0216,0,0,0,14.9404
1.300,0.0217,0,0,0,15.0062
1.303,0.0217,0,0,0,15.0698
1.305,0.0218,0,0,0,15.1357
1.308,0.0218,0,0,0,15.2018
1.311,0.0218,0,0,0,15.268
1.313,0.0219,0,0,0,15.3342
1.316,0.0219,0,0,0,15.4006
1.319,0.0220,0,0,0,15.467
1.321,0.0220,0,0,0,15.5338
1.324,0.0221,0,0,0,15.6004
1.327,0.0221,0,0,0,15.6675
1.329,0.0222,0,0,0,15.7344
1.332,0.0222,0,0,0,15.8019
1.334,0.0222,0,0,0,15.8691
1.337,0.0223,0,0,0,15.937
1.340,0.0223,0,0,0,16.0045
1.342,0.0224,0,0,0,16.0729
1.345,0.0224,0,0,0,16.1406
1.348,0.0225,0,0,0,16.2095
1.350,0.0225,0,0,0,16.2776
1.353,0.0225,0,0,0,16.3469
1.356,0.0226,0,0,0,16.4152
1.358,0.0226,0,0,0,16.4849
1.361,0.0227,0,0,0,16.5535
1.364,0.0227,0,0,0,16.6236
1.366,0.0228,0,0,0,16.695
1.369,0.0228,0,0,0,16.7687
1.371,0.0229,0,0,0,16.8413
1.374,0.0229,0,0,0,16.9152
1.377,0.0229,0,0,0,16.9879
1.379,0.0230,0,0,0,17.062
1.382,0.0230,0,0,0,17.1349
1.385,0.0231,0,0,0,17.2092
1.387,0.0231,0,0,0,17.2823
1.390,0.0232,0,0,0,17.3568
1.393,0.0232,0,0,0,17.4301
1.395,0.0233,0,0,0,17.5048
1.398,0.0233,0,0,0,17.5784
1.400,0.0233,0,0,0,17.6533
1.403,0.0234,0,0,0,17.7271
1.406,0.0234,0,0,0,17.8022
1.408,0.0235,0,0,0,17.8764
1.411,0.0235,0,0,0,17.9516
1.414,0.0236,0,0,0,18.027
1.416,0.0236,0,0,0,18.1026
1.419,0.0236,0,0,0,18.1782
1.421,0.0237,0,0,0,18.254
1.424,0.0237,0,0,0,18.3299
1.427,0.0238,0,0,0,18.406
1.429,0.0238,0,0,0,18.4821
1.432,0.0239,0,0,0,18.5583
1.435,0.0239,0,0,0,18.6346
1.437,0.0240,0,0,0,18.7109
1.440,0.0240,0,0,0,18.7874
1.443,0.0240,0,0,0,18.8639
1.445,0.0241,0,0,0,18.9405
1.448,0.0241,0,0,0,19.0172
1.450,0.0242,0,0,0,19.0939
1.453,0.0242,0,0,0,19.1707
1.456,0.0243,0,0,0,19.2476
1.458,0.0243,0,0,0,19.3246
1.461,0.0243,0,0,0,19.4016
1.464,0.0244,0,0,0,19.4788
1.466,0.0244,0,0,0,19.5561
1.469,0.0245,0,0,0,19.6336
1.471,0.0245,0,0,0,19.7112
1.474,0.0246,0,0,0,19.7889
1.477,0.0246,0,0,0,19.8668
1.479,0.0247,0,0,0,19.9448
1.482,0.0247,0,0,0,20.0229
1.485,0.0247,0,0,0,20.1012
1.487,0.0248,0,0,0,20.1796
1.490,0.0248,0,0,0,20.258
1.492,0.0249,0,0,0,20.3366
1.495,0.0249,0,0,0,20.4153
1.498,0.0250,0,0,0,20.494
1.500,0.0250,0,0,0,20.5727
1.503,0.0250,0,0,0,20.6515
1.506,0.0251,0,0,0,20.7303
1.508,0.0251,0,0,0,20.8091
1.511,0.0252,0,0,0,20.8879
1.513,0.0252,0,0,0,20.9666
1.516,0.0253,0,0,0,21.0454
1.519,0.0253,0,0,0,21.1242
1.521,0.0254,0,0,0,21.2029
1.524,0.0254,0,0,0,21.2816
1.527,0.0254,0,0,0,21.3602
1.529,0.0255,0,0,0,21.4389
1.532,0.0255,0,0,0,21.5175
1.534,0.0256,0,0,0,21.5962
1.537,0.0256,0,0,0,21.6749
1.540,0.0257,0,0,0,21.7537
1.542,0.0257,0,0,0,21.8325
1.545,0.0257,0,0,0,21.9115
1.548,0.0258,0,0,0,21.9906
1.550,0.0258,0,0,0,22.0699
1.553,0.0259,0,0,0,22.1494
1.555,0.0259,0,0,0,22.2289
1.558,0.0260,0,0,0,22.3088
1.561,0.0260,0,0,0,22.3887
1.563,0.0261,0,0,0,22.4689
1.566,0.0261,0,0,0,22.5491
1.568,0.0261,0,0,0,22.6297
1.571,0.0262,0,0,0,22.7103
1.574,0.0262,0,0,0,22.7912
1.576,0.0263,0,0,0,22.8719
1.579,0.0263,0,0,0,22.953
1.582,0.0264,0,0,0,23.0338
1.584,0.0264,0,0,0,23.115
1.587,0.0264,0,0,0,23.1959
1.589,0.0265,0,0,0,23.2771
1.592,0.0265,0,0,0,23.358
1.595,0.0266,0,0,0,23.4392
1.597,0.0266,0,0,0,23.5199
1.600,0.0267,0,0,0,23.601
1.602,0.0267,0,0,0,23.6816
1.605,0.0268,0,0,0,23.7626
1.608,0.0268,0,0,0,23.8431
1.610,0.0268,0,0,0,23.924
1.613,0.0269,0,0,0,24.0045
1.616,0.0269,0,0,0,24.0854
1.618,0.0270,0,0,0,24.166
1.621,0.0270,0,0,0,24.2469
1.623,0.0271,0,0,0,24.3279
1.626,0.0271,0,0,0,24.409
1.629,0.0271,0,0,0,24.4903
1.631,0.0272,0,0,0,24.5717
1.634,0.0272,0,0,0,24.6532
1.636,0.0273,0,0,0,24.7349
1.639,0.0273,0,0,0,24.8167
1.642,0.0274,0,0,0,24.8988
1.644,0.0274,0,0,0,24.981
1.647,0.0274,0,0,0,25.0633
1.650,0.0275,0,0,0,25.1457
1.652,0.0275,0,0,0,25.2284
1.655,0.0276,0,0,0,25.311
1.657,0.0276,0,0,0,25.3938
1.660,0.0277,0,0,0,25.4765
1.663,0.0277,0,0,0,25.5595
1.665,0.0278,0,0,0,25.6422
1.668,0.0278,0,0,0,25.7252
1.670,0.0278,0,0,0,25.8078
1.673,0.0279,0,0,0,25.8907
1.676,0.0279,0,0,0,25.9733
1.678,0.0280,0,0,0,26.0561
1.681,0.0280,0,0,0,26.1385
1.684,0.0281,0,0,0,26.2213
1.686,0.0281,0,0,0,26.3035
1.689,0.0281,0,0,0,26.3862
1.691,0.0282,0,0,0,26.4684
1.694,0.0282,0,0,0,26.5511
1.697,0.0283,0,0,0,26.6333
1.699,0.0283,0,0,0,26.7159
1.702,0.0284,0,0,0,26.7982
1.704,0.0284,0,0,0,26.881
1.707,0.0285,0,0,0,26.9634
1.710,0.0285,0,0,0,27.0463
1.712,0.0285,0,0,0,27.1289
1.715,0.0286,0,0,0,27.2121
1.718,0.0286,0,0,0,27.2949
1.720,0.0287,0,0,0,27.3783
1.723,0.0287,0,0,0,27.4613
1.725,0.0288,0,0,0,27.545
1.728,0.0288,0,0,0,27.6287
1.731,0.0288,0,0,0,27.7125
1.733,0.0289,0,0,0,27.7964
1.736,0.0289,0,0,0,27.8803
1.738,0.0290,0,0,0,27.9643
1.741,0.0290,0,0,0,28.0483
1.744,0.0291,0,0,0,28.1324
1.746,0.0291,0,0,0,28.2164
1.749,0.0291,0,0,0,28.3004
1.751,0.0292,0,0,0,28.3844
1.754,0.0292,0,0,0,28.4683
1.757,0.0293,0,0,0,28.5522
1.759,0.0293,0,0,0,28.6361
1.762,0.0294,0,0,0,28.7199
1.764,0.0294,0,0,0,28.8036
1.767,0.0295,0,0,0,28.8873
1.770,0.0295,0,0,0,28.971
1.772,0.0295,0,0,0,29.0547
1.775,0.0296,0,0,0,29.1383
1.778,0.0296,0,0,0,29.2219
1.780,0.0297,0,0,0,29.3056
1.783,0.0297,0,0,0,29.3892
1.785,0.0298,0,0,0,29.4729
1.788,0.0298,0,0,0,29.5567
1.791,0.0298,0,0,0,29.6405
1.793,0.0299,0,0,0,29.7244
1.796,0.0299,0,0,0,29.8084
1.798,0.0300,0,0,0,29.8925
1.801,0.0300,0,0,0,29.9767
1.804,0.0301,0,0,0,30.0611
1.806,0.0301,0,0,0,30.1454
1.809,0.0301,0,0,0,30.2302
1.811,0.0302,0,0,0,30.3147
1.814,0.0302,0,0,0,30.3997
1.817,0.0303,0,0,0,30.4844
1.819,0.0303,0,0,0,30.5697
1.822,0.0304,0,0,0,30.6544
1.824,0.0304,0,0,0,30.7401
1.827,0.0305,0,0,0,30.8249
1.830,0.0305,0,0,0,30.9107
1.832,0.0305,0,0,0,30.9966
1.835,0.0306,0,0,0,31.0825
1.837,0.0306,0,0,0,31.1684
1.840,0.0307,0,0,0,31.2543
1.843,0.0307,0,0,0,31.3402
1.845,0.0308,0,0,0,31.4261
1.848,0.0308,0,0,0,31.512
1.850,0.0308,0,0,0,31.5979
1.853,0.0309,0,0,0,31.6839
1.856,0.0309,0,0,0,31.7699
1.858,0.0310,0,0,0,31.8559
1.861,0.0310,0,0,0,31.9419
1.864,0.0311,0,0,0,32.028
1.866,0.0311,0,0,0,32.1142
1.869,0.0311,0,0,0,32.2005
1.871,0.0312,0,0,0,32.2868
1.874,0.0312,0,0,0,32.3733
1.877,0.0313,0,0,0,32.4598
1.879,0.0313,0,0,0,32.5465
1.882,0.0314,0,0,0,32.6333
1.884,0.0314,0,0,0,32.7201
1.887,0.0314,0,0,0,32.8072
1.890,0.0315,0,0,0,32.8942
1.892,0.0315,0,0,0,32.9815
1.895,0.0316,0,0,0,33.0687
1.897,0.0316,0,0,0,33.1562
1.900,0.0317,0,0,0,33.2435
1.903,0.0317,0,0,0,33.3312
1.905,0.0318,0,0,0,33.4185
1.908,0.0318,0,0,0,33.5064
1.910,0.0318,0,0,0,33.5937
1.913,0.0319,0,0,0,33.6817
1.916,0.0319,0,0,0,33.7689
1.918,0.0320,0,0,0,33.8571
1.921,0.0320,0,0,0,33.9443
1.923,0.0321,0,0,0,34.0326
1.926,0.0321,0,0,0,34.1198
1.929,0.0321,0,0,0,34.2082
1.931,0.0322,0,0,0,34.2953
1.934,0.0322,0,0,0,34.3839
1.936,0.0323,0,0,0,34.4724
1.939,0.0323,0,0,0,34.5611
1.941,0.0324,0,0,0,34.6497
1.944,0.0324,0,0,0,34.7385
1.947,0.0324,0,0,0,34.8273
1.949,0.0325,0,0,0,34.9163
1.952,0.0325,0,0,0,35.0052
1.954,0.0326,0,0,0,35.0945
1.957,0.0326,0,0,0,35.1836
1.960,0.0327,0,0,0,35.273
1.962,0.0327,0,0,0,35.3623
1.965,0.0327,0,0,0,35.4521
1.967,0.0328,0,0,0,35.5416
1.970,0.0328,0,0,0,35.6316
1.973,0.0329,0,0,0,35.7212
1.975,0.0329,0,0,0,35.8115
1.978,0.0330,0,0,0,35.9012
1.980,0.0330,0,0,0,35.9918
1.983,0.0331,0,0,0,36.0816
1.986,0.0331,0,0,0,36.1724
1.988,0.0331,0,0,0,36.2624
1.991,0.0332,0,0,0,36.3533
1.993,0.0332,0,0,0,36.4433
1.996,0.0333,0,0,0,36.5345
1.999,0.0333,0,0,0,36.6246
2.001,0.0334,0,0,0,36.7159
2.004,0.0334,0,0,0,36.8061
2.006,0.0334,0,0,0,36.8976
2.009,0.0335,0,0,0,36.9878
2.012,0.0335,0,0,0,37.0796
2.014,0.0336,0,0,0,37.1699
2.017,0.0336,0,0,0,37.2618
2.019,0.0337,0,0,0,37.3523
2.022,0.0337,0,0,0,37.4444
2.025,0.0337,0,0,0,37.535
2.027,0.0338,0,0,0,37.6274
2.030,0.0338,0,0,0,37.7181
2.032,0.0339,0,0,0,37.8108
2.035,0.0339,0,0,0,37.9017
2.038,0.0340,0,0,0,37.9946
2.040,0.0340,0,0,0,38.0876
2.043,0.0340,0,0,0,38.1807
2.045,0.0341,0,0,0,38.274
2.048,0.0341,0,0,0,38.3673
2.051,0.0342,0,0,0,38.4607
2.053,0.0342,0,0,0,38.5542
2.056,0.0343,0,0,0,38.6478
2.058,0.0343,0,0,0,38.7414
2.061,0.0343,0,0,0,38.8351
2.064,0.0344,0,0,0,38.9289
2.066,0.0344,0,0,0,39.0227
2.069,0.0345,0,0,0,39.1166
2.071,0.0345,0,0,0,39.2104
2.074,0.0346,0,0,0,39.3043
2.077,0.0346,0,0,0,39.3982
2.079,0.0347,0,0,0,39.4922
2.082,0.0347,0,0,0,39.5861
2.084,0.0347,0,0,0,39.68
2.087,0.0348,0,0,0,39.7739
2.089,0.0348,0,0,0,39.8679
2.092,0.0349,0,0,0,39.9618
2.095,0.0349,0,0,0,40.0558
2.097,0.0350,0,0,0,40.1498
2.100,0.0350,0,0,0,40.2438
2.102,0.0350,0,0,0,40.3378
2.105,0.0351,0,0,0,40.432
2.108,0.0351,0,0,0,40.5261
2.110,0.0352,0,0,0,40.6205
2.113,0.0352,0,0,0,40.7147
2.115,0.0353,0,0,0,40.8093
2.118,0.0353,0,0,0,40.9037
2.121,0.0353,0,0,0,40.9986
2.123,0.0354,0,0,0,41.0932
2.126,0.0354,0,0,0,41.1884
2.128,0.0355,0,0,0,41.2832
2.131,0.0355,0,0,0,41.3788
2.134,0.0356,0,0,0,41.4739
2.136,0.0356,0,0,0,41.5698
2.139,0.0356,0,0,0,41.6651
2.141,0.0357,0,0,0,41.7614
2.144,0.0357,0,0,0,41.8579
2.147,0.0358,0,0,0,41.9544
2.149,0.0358,0,0,0,42.051
2.152,0.0359,0,0,0,42.1478
2.154,0.0359,0,0,0,42.2446
2.157,0.0359,0,0,0,42.3415
2.159,0.0360,0,0,0,42.4385
2.162,0.0360,0,0,0,42.5355
2.165,0.0361,0,0,0,42.6327
2.167,0.0361,0,0,0,42.7298
2.170,0.0362,0,0,0,42.8271
2.172,0.0362,0,0,0,42.9244
2.175,0.0362,0,0,0,43.0217
2.178,0.0363,0,0,0,43.1191
2.180,0.0363,0,0,0,43.2164
2.183,0.0364,0,0,0,43.3139
2.185,0.0364,0,0,0,43.4113
2.188,0.0365,0,0,0,43.5089
2.191,0.0365,0,0,0,43.6064
2.193,0.0366,0,0,0,43.7041
2.196,0.0366,0,0,0,43.8017
2.198,0.0366,0,0,0,43.8996
2.201,0.0367,0,0,0,43.9972
2.203,0.0367,0,0,0,44.0953
2.206,0.0368,0,0,0,44.193
2.209,0.0368,0,0,0,44.2914
2.211,0.0369,0,0,0,44.3893
2.214,0.0369,0,0,0,44.488
2.216,0.0369,0,0,0,44.586
2.219,0.0370,0,0,0,44.685
2.222,0.0370,0,0,0,44.7831
2.224,0.0371,0,0,0,44.8825
2.227,0.0371,0,0,0,44.9809
2.229,0.0372,0,0,0,45.0806
2.232,0.0372,0,0,0,45.1791
2.234,0.0372,0,0,0,45.2792
2.237,0.0373,0,0,0,45.378
2.240,0.0373,0,0,0,45.4784
2.242,0.0374,0,0,0,45.5774
2.245,0.0374,0,0,0,45.6782
2.247,0.0375,0,0,0,45.7791
2.250,0.0375,0,0,0,45.8802
2.252,0.0375,0,0,0,45.9813
2.255,0.0376,0,0,0,46.0826
2.258,0.0376,0,0,0,46.1839
2.260,0.0377,0,0,0,46.2854
2.263,0.0377,0,0,0,46.3868
2.265,0.0378,0,0,0,46.4886
2.268,0.0378,0,0,0,46.5901
2.271,0.0378,0,0,0,46.6921
2.273,0.0379,0,0,0,46.7937
2.276,0.0379,0,0,0,46.8958
2.278,0.0380,0,0,0,46.9975
2.281,0.0380,0,0,0,47.0997
2.283,0.0381,0,0,0,47.2015
2.286,0.0381,0,0,0,47.3039
2.289,0.0381,0,0,0,47.4057
2.291,0.0382,0,0,0,47.5083
2.294,0.0382,0,0,0,47.6102
2.296,0.0383,0,0,0,47.7129
2.299,0.0383,0,0,0,47.8149
2.301,0.0384,0,0,0,47.9177
2.304,0.0384,0,0,0,48.0198
2.307,0.0384,0,0,0,48.1228
2.309,0.0385,0,0,0,48.225
2.312,0.0385,0,0,0,48.3282
2.314,0.0386,0,0,0,48.4305
2.317,0.0386,0,0,0,48.5338
2.319,0.0387,0,0,0,48.6363
2.322,0.0387,0,0,0,48.7399
2.325,0.0387,0,0,0,48.8425
2.327,0.0388,0,0,0,48.9464
2.330,0.0388,0,0,0,49.0491
2.332,0.0389,0,0,0,49.1532
2.335,0.0389,0,0,0,49.2562
2.337,0.0390,0,0,0,49.3606
2.340,0.0390,0,0,0,49.4638
2.343,0.0390,0,0,0,49.5684
2.345,0.0391,0,0,0,49.6718
2.348,0.0391,0,0,0,49.7767
2.350,0.0392,0,0,0,49.8818
2.353,0.0392,0,0,0,49.9869
2.355,0.0393,0,0,0,50.0922
2.358,0.0393,0,0,0,50.1975
2.361,0.0393,0,0,0,50.303
2.363,0.0394,0,0,0,50.4086
2.366,0.0394,0,0,0,50.5142
2.368,0.0395,0,0,0,50.62
2.371,0.0395,0,0,0,50.7258
2.373,0.0396,0,0,0,50.8317
2.376,0.0396,0,0,0,50.9377
2.379,0.0396,0,0,0,51.0437
2.381,0.0397,0,0,0,51.1498
2.384,0.0397,0,0,0,51.2559
2.386,0.0398,0,0,0,51.3621
2.389,0.0398,0,0,0,51.4683
2.391,0.0399,0,0,0,51.5746
2.394,0.0399,0,0,0,51.6809
2.397,0.0399,0,0,0,51.7873
2.399,0.0400,0,0,0,51.8936
2.402,0.0400,0,0,0,52.0001
2.404,0.0401,0,0,0,52.1065
2.407,0.0401,0,0,0,52.213
2.409,0.0402,0,0,0,52.3196
2.412,0.0402,0,0,0,52.4262
2.415,0.0402,13.2148,41.3805,546.834,52.5329
2.417,0.0403,13.2048,41.4533,547.381,52.6396
2.420,0.0403,13.1945,41.4279,546.623,52.7464
2.422,0.0404,13.1847,41.9426,553.001,52.8532
2.425,0.0404,13.1746,42.0317,553.751,52.9602
2.427,0.0405,13.165,42.0152,553.128,53.0671
2.430,0.0405,13.1549,42.1193,554.077,53.1743
2.432,0.0405,13.1455,42.0972,553.388,53.2814
2.435,0.0406,13.1356,42.2159,554.531,53.3888
2.438,0.0406,13.1263,42.1875,553.765,53.4961
2.440,0.0407,13.1165,42.3202,555.092,53.6036
2.443,0.0407,13.1074,42.2845,554.239,53.7112
2.445,0.0408,13.0977,42.4299,555.733,53.8189
2.448,0.0408,13.0887,42.3865,554.785,53.9266
2.450,0.0408,13.0792,42.4428,555.116,54.0346
2.453,0.0409,13.0697,42.5005,555.468,54.1426
2.456,0.0409,13.0603,42.5568,555.804,54.2507
2.458,0.0410,13.051,42.6144,556.161,54.359
2.461,0.0410,16.208,42.4606,688.204,54.4673
2.463,0.0411,16.2006,42.5016,688.551,54.5757
2.466,0.0411,16.1932,42.5412,688.88,54.6843
2.468,0.0411,16.1859,42.5821,689.231,54.7929
2.471,0.0412,16.1787,42.6213,689.556,54.9016
2.474,0.0412,16.1714,42.6613,689.894,55.0103
2.476,0.0413,16.1642,42.6994,690.201,55.1192
2.479,0.0413,16.157,42.698,689.871,55.2281
2.481,0.0414,16.1498,42.7743,690.795,55.3371
2.484,0.0414,16.1425,42.7337,689.829,55.4461
2.486,0.0414,16.1353,42.845,691.317,55.5551
2.489,0.0415,16.128,42.77,689.792,55.6643
2.491,0.0415,16.1207,42.9107,691.751,55.7734
2.494,0.0416,16.1132,42.8085,689.783,55.8826
2.497,0.0416,16.1059,42.9712,692.09,55.9918
2.499,0.0417,16.0983,42.8507,689.825,56.1011
2.502,0.0417,16.0909,43.0265,692.337,56.2105
2.504,0.0417,16.0832,42.8979,689.937,56.3198
2.507,0.0418,16.0758,43.0773,692.501,56.4292
2.509,0.0418,16.068,42.9509,690.135,56.5387
2.512,0.0419,16.0605,43.1245,692.602,56.6482
2.514,0.0419,16.0527,43.0103,690.43,56.7578
2.517,0.0420,16.0452,43.1695,692.664,56.8675
2.520,0.0420,16.0374,43.0761,690.827,56.9771
2.522,0.0420,16.0299,43.2139,692.716,57.0869
2.525,0.0421,16.0222,43.1481,691.326,57.1967
2.527,0.0421,16.0148,43.2591,692.787,57.3067
2.530,0.0422,16.0071,43.2257,691.919,57.4166
2.532,0.0422,16,43.3067,692.906,57.5268
2.535,0.0422,15.9924,43.3077,692.595,57.6369
2.537,0.0423,15.9854,43.3578,693.092,57.7473
2.540,0.0423,15.9781,43.393,693.337,57.8575
2.543,0.0424,15.9713,43.4131,693.362,57.9682
2.545,0.0424,15.9641,43.4802,694.122,58.0786
2.548,0.0425,15.9575,43.4729,693.719,58.1895
2.550,0.0425,15.9506,43.5677,694.929,58.3001
2.553,0.0425,15.9442,43.5996,695.161,58.4112
2.555,0.0426,15.9379,43.591,694.749,58.5224
2.558,0.0426,15.9317,43.6618,695.607,58.6336
2.560,0.0427,15.9256,43.6153,694.601,58.745
2.563,0.0427,15.9196,43.7214,696.026,58.8563
2.566,0.0428,17.6443,43.2456,763.039,58.9679
2.568,0.0428,17.6369,43.2861,763.433,59.0794
2.571,0.0428,17.6295,43.2663,762.764,59.1911
2.573,0.0429,17.622,43.3031,763.087,59.3026
2.576,0.0429,17.6145,43.299,762.69,59.4145
2.578,0.0430,17.6069,43.3212,762.751,59.5261
2.581,0.0430,17.5993,43.343,762.804,59.6381
2.583,0.0431,17.5916,43.3398,762.416,59.7498
2.586,0.0431,17.5838,43.3963,763.073,59.8619
2.589,0.0431,17.5761,43.3582,762.069,59.9737
2.591,0.0432,17.5682,43.4559,763.443,60.0858
2.594,0.0432,17.5605,43.3758,761.703,60.1978
2.596,0.0433,17.5525,43.5182,763.853,60.3099
2.599,0.0433,17.5449,43.392,761.307,60.422
2.601,0.0434,17.5366,43.5799,764.244,60.5341
2.604,0.0434,17.5291,43.4063,760.873,60.6463
2.606,0.0434,17.5207,43.6378,764.566,60.7585
2.609,0.0435,17.5133,43.4181,760.393,60.8708
2.612,0.0435,17.5048,43.6896,764.777,60.9829
2.614,0.0436,17.4974,43.4267,759.855,61.0953
2.617,0.0436,17.4888,43.734,764.857,61.2075
2.619,0.0437,17.4816,43.4313,759.247,61.3201
2.622,0.0437,17.4729,43.7707,764.799,61.4322
2.624,0.0437,17.4657,43.4311,758.552,61.5449
2.627,0.0438,17.4569,43.8,764.611,61.657
2.629,0.0438,17.4497,43.4251,757.755,61.7698
2.632,0.0439,17.4408,43.8062,764.014,61.882
2.635,0.0439,17.4335,43.4126,756.833,61.9948
2.637,0.0440,17.4245,43.8103,763.374,62.107
2.640,0.0440,17.4171,43.3928,755.776,62.2199
2.642,0.0440,17.4081,43.8163,762.759,62.3321
2.645,0.0441,20.2033,43.6013,880.891,62.445
2.647,0.0441,20.1858,42.882,865.608,62.5573
2.650,0.0442,20.1727,42.3438,854.188,62.6703
2.652,0.0442,20.1548,42.903,864.704,62.7826
2.655,0.0442,20.1416,42.887,863.814,62.8956
2.657,0.0443,20.1282,42.8776,863.049,63.0087
2.660,0.0443,20.1146,42.8683,862.28,63.1219
2.663,0.0444,20.1009,42.8644,861.615,63.235
2.665,0.0444,20.0871,42.8608,860.951,63.3481
2.668,0.0445,20.0732,42.8607,860.35,63.4613
2.670,0.0445,20.0591,42.861,859.754,63.5745
2.673,0.0445,20.045,42.862,859.169,63.6877
2.675,0.0446,20.0308,42.8638,858.595,63.8009
2.678,0.0446,20.0165,42.8634,857.975,63.9141
2.680,0.0447,20.0021,42.8642,857.374,64.0273
2.683,0.0447,19.9876,42.8603,856.673,64.1404
2.686,0.0448,19.973,42.8579,856,64.2536
2.688,0.0448,19.9583,42.8488,855.189,64.3668
2.691,0.0448,19.9435,42.8416,854.412,64.48
2.693,0.0449,19.9286,42.8268,853.476,64.5931
2.696,0.0449,19.9135,42.8142,852.58,64.7062
2.698,0.0450,19.8983,42.7941,851.529,64.8193
2.701,0.0450,19.8829,42.7764,850.519,64.9323
2.703,0.0451,19.8673,42.7524,849.376,65.0453
2.706,0.0451,19.8516,42.7307,848.273,65.1583
2.708,0.0451,19.8357,42.6754,846.495,65.2712
2.711,0.0452,19.8195,42.6817,845.93,65.384
2.714,0.0452,19.8032,42.6067,843.751,65.4968
2.716,0.0453,19.7867,42.6335,843.576,65.6103
2.719,0.0453,19.77,42.5596,841.404,65.7266
2.721,0.0454,23.1788,42.5373,985.964,65.8428
2.724,0.0454,23.1641,42.5111,984.731,65.9591
2.726,0.0454,23.1486,42.522,984.325,66.0752
2.729,0.0455,23.1339,42.5402,984.122,66.1914
2.731,0.0455,23.1185,42.5144,982.872,66.3075
2.734,0.0456,23.104,42.597,984.161,66.4238
2.736,0.0456,23.0888,42.5136,981.587,66.5399
2.739,0.0457,23.0743,42.6767,984.737,66.6562
2.742,0.0457,23.0593,42.5175,980.426,66.7724
2.744,0.0457,23.0451,42.7711,985.664,66.8886
2.747,0.0458,23.0303,42.5232,979.325,67.005
2.749,0.0458,23.0162,42.8704,986.712,67.1213
2.752,0.0459,23.0017,41.6046,956.975,67.2379
2.754,0.0459,22.9876,42.3387,973.264,67.3542
2.757,0.0459,22.9733,42.329,972.436,67.471
2.759,0.0460,22.959,41.2638,947.376,67.5878
2.762,0.0460,22.9447,41.2371,946.171,67.7046
2.765,0.0461,22.9303,41.2014,944.759,67.8215
2.767,0.0461,22.9158,41.1639,943.302,67.9384
2.770,0.0462,22.9012,41.1211,941.721,68.0554
2.772,0.0462,22.8864,41.076,940.083,68.1724
2.775,0.0462,22.8716,41.0301,938.423,68.2894
2.777,0.0463,22.8566,40.982,936.707,68.4065
2.780,0.0463,22.8414,40.9378,935.077,68.5236
2.782,0.0464,22.8261,40.8919,933.402,68.6407
2.785,0.0464,22.8106,40.8886,932.694,68.7579
2.787,0.0465,22.795,40.8152,930.381,68.8751
2.790,0.0465,22.7793,40.8616,930.798,68.9923
2.793,0.0465,22.7634,40.7596,927.827,69.1095
2.795,0.0466,22.7476,40.8675,929.637,69.2268
2.798,0.0466,22.7316,40.7299,925.854,69.344
2.800,0.0467,26.0228,41.4631,1078.99,69.4613
2.803,0.0467,26.0066,41.4171,1077.12,69.5785
2.805,0.0468,25.991,41.2532,1072.21,69.6958
2.808,0.0468,25.9748,41.0503,1066.27,69.8131
2.810,0.0468,25.9593,40.9499,1063.03,69.9304
2.813,0.0469,25.9431,40.776,1057.86,70.0476
2.815,0.0469,25.9278,41.0261,1063.71,70.1649
2.818,0.0470,25.9115,40.8062,1057.35,70.2823
2.821,0.0470,25.8962,41.1082,1064.55,70.3995
2.823,0.0471,25.88,40.8377,1056.88,70.5169
2.826,0.0471,25.8647,41.1931,1065.45,70.634
2.828,0.0471,25.8483,40.869,1056.4,70.7515
2.831,0.0472,25.8331,41.2782,1066.34,70.8686
2.833,0.0472,25.8166,40.8994,1055.88,70.9862
2.836,0.0473,25.8013,41.3616,1067.18,71.1032
2.838,0.0473,25.7848,40.9289,1055.34,71.221
2.841,0.0473,25.7694,41.4423,1067.94,71.3378
2.843,0.0474,25.7527,40.9583,1054.79,71.4558
2.846,0.0474,25.7373,41.5204,1068.62,71.5726
2.849,0.0475,25.7206,40.9891,1054.26,71.6907
2.851,0.0475,25.705,41.5813,1068.85,71.8074
2.854,0.0476,25.6883,41.136,1056.71,71.9257
2.856,0.0476,25.6727,41.6723,1069.84,72.0423
2.859,0.0476,25.6561,41.7018,1069.9,72.1608
2.861,0.0477,25.6394,41.74,1070.19,72.2792
2.864,0.0477,25.6228,41.7587,1069.97,72.3977
2.866,0.0478,25.6062,41.8055,1070.48,72.5161
2.869,0.0478,25.5896,41.8125,1069.97,72.6344
2.871,0.0479,25.5732,41.8682,1070.7,72.7528
2.874,0.0479,25.5568,41.8623,1069.87,72.8711
2.876,0.0479,25.5404,41.9275,1070.85,72.9895
2.879,0.0480,25.5242,41.9074,1069.66,73.1077
2.882,0.0480,25.5081,41.983,1070.91,73.226
2.884,0.0481,25.4921,41.9473,1069.33,73.3442
2.887,0.0481,25.4762,42.0348,1070.89,73.4624
2.889,0.0482,25.4604,41.9819,1068.88,73.5805
2.892,0.0482,25.4447,42.0834,1070.8,73.6987
2.894,0.0482,25.4291,42.0115,1068.31,73.8169
2.897,0.0483,28.1677,42.1864,1188.29,73.935
2.899,0.0483,28.1469,42.1415,1186.15,74.0532
2.902,0.0484,28.1255,42.228,1187.68,74.1713
2.904,0.0484,28.1047,42.1674,1185.1,74.2896
2.907,0.0485,28.0832,42.2735,1187.17,74.4076
2.910,0.0485,28.0623,42.1947,1184.08,74.526
2.912,0.0485,28.0407,42.3256,1186.84,74.644
2.915,0.0486,28.0199,42.2364,1183.46,74.7627
2.917,0.0486,27.9984,42.2565,1183.11,74.8807
2.920,0.0487,27.9777,42.2946,1183.31,74.9994
2.922,0.0487,27.9563,42.3402,1183.67,75.1175
2.925,0.0487,27.9359,42.3612,1183.4,75.2364
2.927,0.0488,27.9147,42.4299,1184.42,75.3545
2.930,0.0488,27.8947,42.5348,1186.5,75.4736
2.932,0.0489,27.8737,42.5463,1185.92,75.5917
2.935,0.0489,27.8541,42.4093,1181.27,75.7111
2.938,0.0490,27.8335,42.44,1181.26,75.8291
2.940,0.0490,27.8143,42.5065,1182.29,75.9487
2.943,0.0490,27.7941,42.5536,1182.74,76.0667
2.945,0.0491,27.7753,42.6061,1183.4,76.1864
2.948,0.0491,27.7554,42.6654,1184.2,76.3045
2.950,0.0492,27.737,42.7055,1184.52,76.4243
2.953,0.0492,27.7175,42.772,1185.53,76.5424
2.955,0.0493,27.6994,42.8022,1185.59,76.6624
2.958,0.0493,27.6802,42.8714,1186.69,76.7806
2.960,0.0493,27.6623,42.9179,1187.21,76.9006
2.963,0.0494,27.6445,42.9605,1187.62,77.0207
2.965,0.0494,27.6268,43.0031,1188.04,77.1409
2.968,0.0495,27.6092,43.0425,1188.37,77.261
2.971,0.0495,27.5916,43.0817,1188.69,77.3812
2.973,0.0496,27.5741,43.1192,1188.97,77.5014
2.976,0.0496,27.5566,43.1563,1189.24,77.6216
2.978,0.0496,27.5391,43.1934,1189.51,77.7418
2.981,0.0497,27.5217,43.23,1189.76,77.862
2.983,0.0497,27.5042,43.2685,1190.07,77.9822
2.986,0.0498,27.4868,43.3062,1190.35,78.1024
2.988,0.0498,27.4693,43.3476,1190.73,78.2226
2.991,0.0498,27.4519,43.2723,1187.91,78.3428
2.993,0.0499,27.4345,43.3202,1188.47,78.463
2.996,0.0499,27.4172,43.3665,1188.99,78.5831
2.998,0.0500,30.4407,43.1789,1314.39,78.7033
3.001,0.0500,30.4182,43.2295,1314.96,78.8234
3.004,0.0501,30.3958,43.2871,1315.74,78.9435
3.006,0.0501,30.3735,43.2923,1314.94,79.0637
3.009,0.0501,30.3514,43.3515,1315.78,79.1838
3.011,0.0502,30.3295,43.4092,1316.58,79.3039
3.014,0.0502,30.3077,43.4573,1317.09,79.424
3.016,0.0503,30.2861,43.5301,1318.36,79.5441
3.019,0.0503,30.2646,43.5656,1318.5,79.6643
3.021,0.0504,30.2434,43.6305,1319.53,79.7844
3.024,0.0504,30.2223,43.6311,1318.63,79.9046
3.026,0.0504,30.2015,43.7481,1321.26,80.0248
3.029,0.0505,30.1808,43.7262,1319.69,80.145
3.031,0.0505,30.1603,43.8561,1322.71,80.2652
3.034,0.0506,30.1399,43.8124,1320.5,80.3855
3.037,0.0506,30.1197,43.9521,1323.82,80.5059
3.039,0.0507,30.0996,43.8884,1321.02,80.6263
3.042,0.0507,30.0796,44.0353,1324.57,80.7468
3.044,0.0507,30.0597,43.9541,1321.25,80.8673
3.047,0.0508,30.0399,44.1065,1324.96,80.988
3.049,0.0508,30.0202,44.0114,1321.23,81.1087
3.052,0.0509,30.0005,44.1676,1325.05,81.2296
3.054,0.0509,29.9809,44.0628,1321.04,81.3504
3.057,0.0509,29.9613,44.1523,1322.86,81.4716
3.059,0.0510,29.9418,44.0243,1318.16,81.5926
3.062,0.0510,29.9222,43.8436,1311.9,81.7141
3.064,0.0511,29.9027,43.8748,1311.98,81.8356
3.067,0.0511,29.8833,43.9074,1312.1,81.9572
3.070,0.0512,29.8639,43.9401,1312.22,82.0788
3.072,0.0512,29.8445,43.9754,1312.42,82.2006
3.075,0.0512,29.8252,43.5706,1299.5,82.3224
3.077,0.0513,29.806,43.6182,1300.08,82.4443
3.080,0.0513,29.7868,43.6651,1300.64,82.5663
3.082,0.0514,29.7678,43.7152,1301.3,82.6883
3.085,0.0514,32.7904,43.5583,1428.29,82.8103
3.087,0.0515,32.7677,43.6126,1429.09,82.9325
3.090,0.0515,32.7453,43.6643,1429.8,83.0546
3.092,0.0515,32.7229,43.7213,1430.69,83.1768
3.095,0.0516,32.7007,43.7712,1431.35,83.299
3.097,0.0516,32.6787,43.8307,1432.33,83.4213
3.100,0.0517,32.6568,43.8762,1432.86,83.5435
3.103,0.0517,32.6352,43.8885,1432.31,83.6657
3.105,0.0518,32.6136,43.9292,1432.69,83.788
3.108,0.0518,32.5924,43.9884,1433.69,83.9102
3.110,0.0518,32.5711,44.0185,1433.73,84.0324
3.113,0.0519,32.5503,44.0853,1434.99,84.1546
3.115,0.0519,32.5294,44.1013,1434.59,84.2768
3.118,0.0520,32.5088,44.179,1436.2,84.3989
3.120,0.0520,32.4882,44.178,1435.27,84.5211
3.123,0.0520,32.4679,43.506,1412.55,84.6433
3.125,0.0521,32.4475,43.5333,1412.55,84.7655
3.128,0.0521,32.4273,43.3348,1405.23,84.8877
3.130,0.0522,32.4072,43.2328,1401.05,85.0099
3.133,0.0522,32.3871,43.4303,1406.58,85.1321
3.135,0.0523,32.3671,43.3063,1401.7,85.2544
3.138,0.0523,32.347,43.5243,1407.88,85.3768
3.141,0.0523,32.3271,43.3818,1402.41,85.4991
3.143,0.0524,32.307,43.617,1409.13,85.6217
3.146,0.0524,32.2871,43.1228,1392.31,85.7441
3.148,0.0525,32.2669,43.3253,1397.97,85.8668
3.151,0.0525,32.2471,43.2002,1393.08,85.9894
3.153,0.0526,32.2268,43.4088,1398.93,86.1124
3.156,0.0526,32.2071,43.2809,1393.95,86.2352
3.158,0.0526,32.1868,43.4906,1399.82,86.3584
3.161,0.0527,32.167,43.1877,1389.22,86.4813
3.163,0.0527,32.1468,43.1153,1386.02,86.6048
3.166,0.0528,32.1267,43.1661,1386.78,86.7285
3.168,0.0528,32.1067,43.2098,1387.32,86.8522
3.171,0.0528,32.0867,43.2637,1388.19,86.976
3.174,0.0529,32.067,43.3073,1388.73,87.1
3.176,0.0529,32.0472,43.3602,1389.57,87.224
3.179,0.0530,32.0278,43.4819,1392.63,87.3481
3.181,0.0530,35.1502,43.292,1521.72,87.4724
3.184,0.0531,35.1273,43.348,1522.7,87.5967
3.186,0.0531,35.1042,43.3774,1522.73,87.7211
3.189,0.0531,35.0815,43.4442,1524.09,87.8456
3.191,0.0532,35.0587,43.457,1523.54,87.9702
3.194,0.0532,35.0362,43.3953,1520.41,88.0948
3.196,0.0533,35.0136,43.3841,1519.04,88.2195
3.199,0.0533,34.9913,43.4918,1521.83,88.3442
3.201,0.0534,34.9689,43.4544,1519.55,88.4688
3.204,0.0534,34.9467,43.5827,1523.07,88.5936
3.206,0.0534,34.9246,43.5187,1519.87,88.7181
3.209,0.0535,34.9023,43.6665,1524.06,88.843
3.211,0.0535,34.8804,43.5783,1520.03,88.9673
3.214,0.0536,34.8582,43.7421,1524.77,89.0922
3.217,0.0536,34.8364,43.6341,1520.05,89.2164
3.219,0.0537,34.814,43.5438,1515.94,89.3411
3.222,0.0537,34.7923,43.3789,1509.25,89.4652
3.224,0.0537,34.7699,43.6134,1516.43,89.5899
3.227,0.0538,34.7482,43.0965,1497.53,89.7137
3.229,0.0538,34.7257,43.3148,1504.13,89.8383
3.232,0.0539,34.7039,43.1537,1497.6,89.9619
3.234,0.0539,34.6813,43.3712,1504.17,90.0865
3.237,0.0539,34.6595,43.2112,1497.68,90.2099
3.239,0.0540,34.6369,43.4245,1504.09,90.3343
3.242,0.0540,34.6151,43.2767,1498.03,90.4576
3.244,0.0541,34.5926,43.4778,1504.01,90.5821
3.247,0.0541,34.5708,43.3427,1498.39,90.7052
3.249,0.0542,34.5484,43.534,1504.03,90.8297
3.252,0.0542,34.5266,43.4089,1498.76,90.9527
3.254,0.0542,34.5045,43.5959,1504.25,91.0772
3.257,0.0543,34.4827,43.475,1499.14,91.2003
3.259,0.0543,34.4608,43.7317,1507.03,91.3248
3.262,0.0544,34.4392,43.5772,1500.76,91.4479
3.265,0.0544,34.4175,43.617,1501.19,91.5725
3.267,0.0545,34.396,43.6574,1501.64,91.6972
3.270,0.0545,37.3651,43.4379,1623.06,91.822
3.272,0.0545,37.3401,43.4773,1623.45,91.9468
3.275,0.0546,37.3153,43.4983,1623.15,92.0717
3.277,0.0546,37.2905,43.339,1616.13,92.1966
3.280,0.0547,37.2657,43.2771,1612.75,92.3217
3.282,0.0547,37.2411,43.1454,1606.78,92.4468
3.285,0.0547,37.2165,43.1898,1607.37,92.572
3.287,0.0548,37.192,43.2341,1607.96,92.6973
3.290,0.0548,37.1676,43.2795,1608.59,92.8227
3.292,0.0549,37.1432,43.3245,1609.21,92.9482
3.295,0.0549,37.1189,43.3704,1609.86,93.0737
3.297,0.0550,37.0947,43.4159,1610.5,93.1993
3.300,0.0550,37.0705,43.4621,1611.16,93.3249
3.302,0.0550,37.0464,43.5077,1611.8,93.4506
3.305,0.0551,37.0223,43.5537,1612.46,93.5763
3.308,0.0551,36.9984,43.5991,1613.1,93.7021
3.310,0.0552,36.9745,43.6446,1613.73,93.8279
3.313,0.0552,36.9506,43.6893,1614.35,93.9536
3.315,0.0553,36.9268,43.7339,1614.95,94.0793
3.318,0.0553,36.9031,43.7688,1615.21,94.2051
3.320,0.0553,36.8796,43.8214,1616.12,94.3308
3.323,0.0554,36.856,43.8459,1615.99,94.4564
3.325,0.0554,36.8327,44.0021,1620.72,94.582
3.328,0.0555,36.8093,44.0159,1620.19,94.7075
3.330,0.0555,36.7861,44.0795,1621.52,94.833
3.333,0.0555,36.7628,43.7076,1606.81,94.9583
3.335,0.0556,36.7398,43.7226,1606.36,95.0836
3.338,0.0556,36.7164,43.5891,1600.44,95.2087
3.340,0.0557,36.6935,43.5996,1599.82,95.3339
3.343,0.0557,36.6702,43.5109,1595.55,95.4588
3.345,0.0558,36.6472,43.524,1595.03,95.5838
3.348,0.0558,36.624,43.5832,1596.19,95.7084
3.350,0.0558,36.6009,43.5886,1595.38,95.8333
3.353,0.0559,36.5776,43.5663,1593.55,95.9577
3.356,0.0559,36.5545,43.5947,1593.58,96.0824
3.358,0.0560,36.5311,43.6357,1594.06,96.2066
3.361,0.0560,36.5078,43.6571,1593.82,96.3313
3.363,0.0561,39.5675,43.4676,1719.91,96.4553
3.366,0.0561,39.5405,43.4442,1717.81,96.5799
3.368,0.0561,39.5135,43.4713,1717.7,96.7045
3.371,0.0562,39.4866,43.4982,1717.6,96.829
3.373,0.0562,39.4598,43.5236,1717.43,96.9534
3.376,0.0563,39.433,43.5486,1717.25,97.0779
3.378,0.0563,39.4063,43.5723,1717.02,97.2023
3.381,0.0563,39.3797,43.5956,1716.78,97.3267
3.383,0.0564,39.3531,43.6178,1716.5,97.4512
3.386,0.0564,39.3267,43.6397,1716.2,97.5756
3.388,0.0565,39.3003,43.6609,1715.89,97.7001
3.391,0.0565,39.274,43.6818,1715.56,97.8247
3.393,0.0566,39.2478,43.7094,1715.5,97.9493
3.396,0.0566,39.2217,43.7224,1714.86,98.074
3.398,0.0566,39.1956,43.7571,1715.09,98.1988
3.401,0.0567,39.1697,43.7624,1714.16,98.3236
3.403,0.0567,39.1437,43.7248,1711.55,98.4486
3.406,0.0568,39.1179,43.7411,1711.06,98.5736
3.409,0.0568,39.092,43.3385,1694.19,98.6987
3.411,0.0569,39.0663,43.3691,1694.27,98.8239
3.414,0.0569,39.0405,43.1791,1685.73,98.9492
3.416,0.0569,39.0147,42.957,1675.95,99.0745
3.419,0.0570,38.9889,42.9743,1675.52,99.2
3.421,0.0570,38.9631,43.0222,1676.28,99.3255
3.424,0.0571,38.9373,43.0432,1675.99,99.451
3.426,0.0571,38.9114,42.8507,1667.38,99.5767
3.429,0.0571,38.8856,42.9059,1668.42,99.7023
3.431,0.0572,38.8597,42.9151,1667.67,99.8281
3.434,0.0572,38.8338,42.9792,1669.05,99.9537
3.436,0.0573,38.8078,42.8654,1663.51,100.08
3.439,0.0573,38.782,42.741,1657.58,100.205
3.441,0.0574,38.7558,42.6789,1654.06,100.331
3.444,0.0574,38.73,42.8149,1658.22,100.456
3.446,0.0574,38.7039,42.7354,1654.03,100.582
3.449,0.0575,38.6781,42.8855,1658.73,100.708
3.451,0.0575,38.652,42.7919,1653.99,100.834
3.454,0.0576,38.6263,42.9537,1659.14,100.959
3.456,0.0576,38.6002,42.7231,1649.12,101.085
3.459,0.0576,41.6288,42.6484,1775.4,101.209
3.462,0.0577,41.5995,42.5712,1770.94,101.335
3.464,0.0577,41.5714,42.7219,1776.01,101.46
3.467,0.0578,41.5423,42.7023,1773.95,101.585
3.469,0.0578,41.5133,42.7317,1773.93,101.711
3.472,0.0579,41.4844,42.7625,1773.98,101.837
3.474,0.0579,41.4556,42.7914,1773.94,101.962
3.477,0.0579,41.4269,42.5902,1764.38,102.088
3.479,0.0580,41.3982,42.6198,1764.38,102.213
3.482,0.0580,41.3697,42.6515,1764.48,102.338
3.484,0.0581,41.3413,42.6816,1764.51,102.463
3.487,0.0581,41.3129,42.7102,1764.48,102.588
3.489,0.0582,41.2846,42.7419,1764.58,102.713
3.492,0.0582,41.2564,42.7659,1764.37,102.838
3.494,0.0582,41.2282,42.8003,1764.58,102.963
3.497,0.0583,41.2,42.669,1757.97,103.088
3.499,0.0583,41.1719,42.7205,1758.88,103.213
3.502,0.0584,41.1437,42.7165,1757.51,103.338
3.504,0.0584,41.1156,42.8663,1762.48,103.463
3.507,0.0584,41.0874,42.8262,1759.62,103.587
3.510,0.0585,41.0592,42.6335,1750.5,103.712
3.512,0.0585,41.0309,42.6036,1748.06,103.837
3.515,0.0586,41.0027,42.6894,1750.38,103.962
3.517,0.0586,40.9742,42.6537,1747.7,104.087
3.520,0.0587,40.9459,42.7457,1750.26,104.212
3.522,0.0587,40.9173,42.6671,1745.83,104.338
3.525,0.0587,40.8889,42.7568,1748.28,104.463
3.527,0.0588,40.8603,42.6054,1740.87,104.588
3.530,0.0588,40.8318,42.6597,1741.87,104.713
3.532,0.0589,40.803,42.5616,1736.64,104.839
3.535,0.0589,40.7744,42.621,1737.85,104.964
3.537,0.0590,40.7456,42.6204,1736.59,105.09
3.540,0.0590,40.717,42.681,1737.84,105.216
3.542,0.0590,40.6883,42.677,1736.45,105.342
3.545,0.0591,40.6597,42.7426,1737.9,105.467
3.547,0.0591,40.631,42.7306,1736.18,105.594
3.550,0.0592,40.6024,42.8022,1737.87,105.719
3.552,0.0592,40.5739,42.7807,1735.78,105.846
3.555,0.0592,40.5454,42.8598,1737.77,105.972
3.557,0.0593,40.5171,42.7022,1730.17,106.099
3.560,0.0593,40.4887,42.8301,1734.14,106.224
3.563,0.0594,43.5591,42.5446,1853.2,106.351
3.565,0.0594,43.5278,42.6763,1857.61,106.477
3.568,0.0595,43.4958,42.6956,1857.08,106.604
3.570,0.0595,43.4639,42.3531,1840.83,106.731
3.573,0.0595,43.4321,42.3738,1840.38,106.858
3.575,0.0596,43.4003,42.3948,1839.95,106.985
3.578,0.0596,43.3686,42.4173,1839.58,107.112
3.580,0.0597,43.3369,42.4401,1839.22,107.238
3.583,0.0597,43.3053,42.4648,1838.95,107.365
3.585,0.0598,43.2737,42.3287,1831.72,107.492
3.588,0.0598,43.2422,42.3579,1831.65,107.619
3.590,0.0598,43.2107,42.3875,1831.59,107.745
3.593,0.0599,43.1792,42.4192,1831.63,107.872
3.595,0.0599,43.1478,42.4512,1831.67,107.998
3.598,0.0600,43.1164,42.4851,1831.8,108.125
3.600,0.0600,43.085,42.5192,1831.94,108.251
3.603,0.0600,43.0536,42.555,1832.15,108.377
3.605,0.0601,43.0223,42.5332,1829.88,108.503
3.608,0.0601,42.9909,42.3157,1819.19,108.629
3.611,0.0602,42.9596,42.3473,1819.22,108.755
3.613,0.0602,42.9283,42.3415,1817.65,108.881
3.616,0.0603,42.8971,42.3742,1817.73,109.006
3.618,0.0603,42.8658,42.4076,1817.84,109.132
3.621,0.0603,42.8346,42.3692,1814.87,109.258
3.623,0.0604,42.8034,42.4089,1815.24,109.383
3.626,0.0604,42.7723,42.2017,1805.06,109.509
3.628,0.0605,42.7411,42.2518,1805.89,109.634
3.631,0.0605,42.7101,42.2631,1805.06,109.76
3.633,0.0606,42.6791,42.213,1801.61,109.885
3.636,0.0606,42.6482,42.2243,1800.79,110.011
3.638,0.0606,42.6173,42.275,1801.65,110.137
3.641,0.0607,42.5866,42.2842,1800.74,110.262
3.643,0.0607,42.5559,42.3352,1801.61,110.388
3.646,0.0608,42.5254,42.3443,1800.71,110.514
3.648,0.0608,42.4948,42.3941,1801.53,110.64
3.651,0.0608,42.4645,42.4049,1800.7,110.765
3.653,0.0609,42.434,42.4524,1801.43,110.892
3.656,0.0609,42.4039,42.2823,1792.93,111.018
3.659,0.0610,42.3737,42.2711,1791.18,111.144
3.661,0.0610,42.3437,42.3477,1793.16,111.27
3.664,0.0611,42.3136,42.0846,1780.75,111.397
3.666,0.0611,45.3504,41.7962,1895.47,111.523
3.669,0.0611,45.3161,41.8229,1895.25,111.65
3.671,0.0612,45.2819,41.8499,1895.04,111.778
3.674,0.0612,45.2478,41.8766,1894.82,111.905
3.676,0.0613,45.2137,41.9035,1894.61,112.032
3.679,0.0613,45.1796,41.93,1894.38,112.159
3.681,0.0614,45.1456,41.9567,1894.16,112.287
3.684,0.0614,45.1116,41.9829,1893.91,112.414
3.686,0.0614,45.0776,42.009,1893.67,112.542
3.689,0.0615,45.0436,42.0347,1893.39,112.67
3.691,0.0615,45.0096,42.0604,1893.12,112.797
3.694,0.0616,44.9757,42.0855,1892.82,112.925
3.696,0.0616,44.9418,41.9731,1886.35,113.053
3.699,0.0616,44.9079,41.999,1886.09,113.18
3.701,0.0617,44.874,42.0188,1885.55,113.308
3.704,0.0617,44.8401,42.0458,1885.34,113.436
3.706,0.0618,44.8063,42.0741,1885.19,113.563
3.709,0.0618,44.7726,41.9796,1879.53,113.691
3.712,0.0619,44.7388,41.999,1878.99,113.818
3.714,0.0619,44.7052,42.0221,1878.6,113.946
3.717,0.0619,44.6716,42.0451,1878.22,114.073
3.719,0.0620,44.638,42.0652,1877.7,114.201
3.722,0.0620,44.6046,42.0211,1874.34,114.328
3.724,0.0621,44.5711,41.9265,1868.71,114.455
3.727,0.0621,44.5379,41.9725,1869.37,114.582
3.729,0.0622,44.5046,41.9745,1868.06,114.71
3.732,0.0622,44.4716,42.0324,1869.25,114.836
3.734,0.0622,44.4385,42.025,1867.53,114.964
3.737,0.0623,44.4057,42.0961,1869.31,115.09
3.739,0.0623,44.3728,42.0779,1867.11,115.218
3.742,0.0624,44.3402,42.1628,1869.5,115.344
3.744,0.0624,44.3075,42.1328,1866.8,115.471
3.747,0.0624,44.2751,42.2311,1869.79,115.598
3.749,0.0625,44.2425,42.1892,1866.56,115.725
3.752,0.0625,44.2104,42.0736,1860.09,115.851
3.754,0.0626,44.178,42.0264,1856.64,115.979
3.757,0.0626,44.146,42.0908,1858.14,116.105
3.759,0.0627,44.1137,42.053,1855.11,116.233
3.762,0.0627,44.0819,42.1551,1858.28,116.359
3.764,0.0627,44.0497,41.8696,1844.34,116.487
3.767,0.0628,44.018,42.032,1850.16,116.614
3.769,0.0628,43.9859,42.0564,1849.89,116.741
3.772,0.0629,43.9539,42.0756,1849.38,116.869
3.775,0.0629,47.0671,41.9264,1973.35,116.997
3.777,0.0630,47.0311,41.943,1972.62,117.125
3.780,0.0630,46.9951,41.965,1972.15,117.254
3.782,0.0630,46.9592,41.9783,1971.27,117.382
3.785,0.0631,46.9234,41.8778,1965.05,117.51
3.787,0.0631,46.8876,41.887,1963.98,117.639
3.790,0.0632,46.8518,41.9059,1963.37,117.768
3.792,0.0632,46.8161,41.8441,1958.98,117.896
3.795,0.0632,46.7803,41.8205,1956.38,118.025
3.797,0.0633,46.7447,41.8686,1957.14,118.154
3.800,0.0633,46.709,41.8362,1954.13,118.283
3.802,0.0634,46.6734,41.8946,1955.36,118.412
3.805,0.0634,46.6378,41.8535,1951.95,118.541
3.807,0.0635,46.6022,41.6283,1939.97,118.67
3.810,0.0635,46.5666,41.6071,1937.5,118.799
3.812,0.0635,46.5311,41.4962,1930.86,118.928
3.815,0.0636,46.4954,41.4406,1926.8,119.057
3.817,0.0636,46.46,41.5314,1929.55,119.186
3.820,0.0637,46.4244,41.3831,1921.18,119.315
3.822,0.0637,46.3889,41.4873,1924.55,119.444
3.825,0.0637,46.3533,41.4106,1919.52,119.573
3.827,0.0638,46.318,41.528,1923.49,119.701
3.830,0.0638,46.2824,41.4419,1918.03,119.83
3.832,0.0639,46.2471,41.3367,1911.7,119.959
3.835,0.0639,46.2116,41.2669,1907.01,120.087
3.838,0.0640,46.1764,41.3769,1910.63,120.216
3.840,0.0640,46.1409,41.3021,1905.72,120.344
3.843,0.0640,46.1057,41.4158,1909.5,120.472
3.845,0.0641,46.0703,41.3375,1904.43,120.601
3.848,0.0641,46.0352,41.4546,1908.37,120.729
3.850,0.0642,45.9999,41.3719,1903.1,120.857
3.853,0.0642,45.9649,41.2514,1896.12,120.985
3.855,0.0643,45.9296,41.1836,1891.55,121.114
3.858,0.0643,45.8947,41.2852,1894.77,121.241
3.860,0.0643,45.8595,41.2134,1890.02,121.37
3.863,0.0644,45.8247,41.3158,1893.28,121.498
3.865,0.0644,45.7895,41.2397,1888.35,121.626
3.868,0.0645,45.7548,41.2929,1889.35,121.754
3.870,0.0645,45.7198,41.1387,1880.85,121.883
3.873,0.0645,45.6848,41.1501,1879.93,122.011
3.875,0.0646,45.6498,41.1616,1879.02,122.14
3.878,0.0646,45.6149,41.1724,1878.07,122.269
3.880,0.0647,45.58,41.1578,1875.97,122.398
3.883,0.0647,45.5452,41.1678,1874.99,122.527
3.885,0.0648,45.5104,41.1283,1871.76,122.656
3.888,0.0648,45.4757,41.1371,1870.74,122.786
3.890,0.0648,48.6884,40.9706,1994.79,122.915
3.893,0.0649,48.6499,40.9803,1993.69,123.044
3.895,0.0649,48.6115,40.9906,1992.62,123.173
3.898,0.0650,48.5732,41.0013,1991.56,123.303
3.900,0.0650,48.5348,41.0127,1990.54,123.432
3.903,0.0650,48.4965,40.9777,1987.27,123.562
3.905,0.0651,48.4582,40.9912,1986.36,123.692
3.908,0.0651,48.4199,41.0058,1985.5,123.821
3.910,0.0652,48.3817,40.8983,1978.73,123.951
3.913,0.0652,48.3436,40.9129,1977.88,124.081
3.915,0.0653,48.3055,40.928,1977.05,124.21
3.918,0.0653,48.2675,40.9441,1976.27,124.34
3.920,0.0653,48.2296,40.9607,1975.52,124.47
3.923,0.0654,48.1917,40.9855,1975.16,124.6
3.926,0.0654,48.1539,40.899,1969.45,124.729
3.928,0.0655,48.1162,40.9267,1969.24,124.859
3.931,0.0655,48.0787,40.9294,1967.83,124.989
3.933,0.0656,48.0411,40.9649,1968,125.119
3.936,0.0656,48.0037,40.9616,1966.31,125.249
3.938,0.0656,47.9664,41.005,1966.86,125.378
3.941,0.0657,47.9291,40.9949,1964.85,125.508
3.943,0.0657,47.8919,41.0458,1965.76,125.637
3.946,0.0658,47.8548,41.0085,1962.46,125.767
3.948,0.0658,47.8177,41.0044,1960.73,125.896
3.951,0.0658,47.7807,40.9495,1956.59,126.026
3.953,0.0659,47.7436,41.037,1959.26,126.155
3.956,0.0659,47.7067,40.9713,1954.61,126.285
3.958,0.0660,47.6698,40.8724,1948.38,126.414
3.961,0.0660,47.6329,40.8084,1943.82,126.543
3.963,0.0661,47.5959,40.9007,1946.7,126.672
3.966,0.0661,47.559,40.8298,1941.82,126.802
3.968,0.0661,47.5221,40.8465,1941.11,126.93
3.971,0.0662,47.4852,40.8572,1940.11,127.06
3.973,0.0662,47.4482,40.8507,1938.3,127.189
3.976,0.0663,47.4113,40.8624,1937.34,127.319
3.978,0.0663,47.3743,40.8739,1936.37,127.448
3.981,0.0663,47.3374,40.8114,1931.9,127.578
3.983,0.0664,47.3003,40.8027,1929.98,127.707
3.986,0.0664,47.2633,40.8171,1929.15,127.837
3.988,0.0665,47.2262,40.8316,1928.32,127.966
3.991,0.0665,47.1892,40.8473,1927.55,128.096
3.993,0.0666,47.1521,40.8631,1926.78,128.225
3.996,0.0666,47.115,40.8799,1926.06,128.355
3.998,0.0666,47.0779,40.9649,1928.54,128.484
4.001,0.0667,47.0409,40.9896,1928.18,128.614
4.003,0.0667,47.0038,41.0002,1927.17,128.743
4.006,0.0668,46.9668,41.0302,1927.06,128.873
4.008,0.0668,46.9298,40.7197,1910.97,129.003
4.011,0.0668,46.893,40.657,1906.53,129.133
4.013,0.0669,50.118,40.3986,2024.7,129.262
4.016,0.0669,50.0781,40.445,2025.41,129.392
4.018,0.0670,50.0381,40.351,2019.09,129.522
4.021,0.0670,49.9983,40.4035,2020.1,129.653
4.023,0.0671,49.9584,40.3797,2017.3,129.783
4.026,0.0671,49.9187,40.4397,2018.7,129.913
4.028,0.0671,49.8789,40.4065,2015.43,130.043
4.031,0.0672,49.8393,40.3821,2012.61,130.174
4.033,0.0672,49.7997,40.3357,2008.7,130.304
4.036,0.0673,49.7602,40.4153,2011.07,130.435
4.038,0.0673,49.7207,40.2568,2001.6,130.565
4.041,0.0673,49.6813,40.3642,2005.34,130.696
4.043,0.0674,49.6419,40.2798,1999.57,130.827
4.046,0.0674,49.6026,40.3988,2003.88,130.958
4.048,0.0675,49.5633,40.3034,1997.57,131.088
4.051,0.0675,49.5241,40.2517,1993.43,131.219
4.053,0.0676,49.485,40.1235,1985.51,131.35
4.056,0.0676,49.4458,40.2914,1992.24,131.481
4.058,0.0676,49.4068,40.1717,1984.76,131.612
4.061,0.0677,49.3677,40.3304,1991.02,131.743
4.063,0.0677,49.3289,40.2066,1983.35,131.873
4.066,0.0678,49.2899,40.372,1989.93,132.005
4.068,0.0678,49.2511,40.245,1982.11,132.135
4.071,0.0678,49.2122,40.2671,1981.63,132.266
4.073,0.0679,49.1733,40.2821,1980.81,132.398
4.076,0.0679,49.1345,40.1324,1971.89,132.529
4.078,0.0680,49.0958,39.7941,1953.72,132.66
4.081,0.0680,49.0571,39.8063,1952.78,132.792
4.083,0.0681,49.0185,39.8126,1951.55,132.923
4.086,0.0681,48.98,39.8506,1951.88,133.054
4.088,0.0681,48.9415,39.8513,1950.38,133.185
4.091,0.0682,48.9032,39.8952,1951,133.316
4.093,0.0682,48.8648,39.8897,1949.2,133.446
4.096,0.0683,48.8266,39.7752,1942.09,133.577
4.098,0.0683,48.7884,39.7895,1941.27,133.708
4.101,0.0684,48.7504,39.8134,1940.92,133.839
4.104,0.0684,48.7123,39.8245,1939.94,133.969
4.106,0.0684,48.6743,39.852,1939.77,134.1
4.109,0.0685,48.6364,39.6701,1929.41,134.231
4.111,0.0685,48.5986,39.7089,1929.79,134.361
4.114,0.0686,48.5608,39.5466,1920.41,134.492
4.116,0.0686,48.523,39.6015,1921.58,134.623
4.119,0.0686,48.4853,39.5589,1918.03,134.753
4.121,0.0687,48.4476,39.6242,1919.7,134.884
4.124,0.0687,48.41,39.5971,1916.9,135.015
4.126,0.0688,48.3724,39.6681,1918.84,135.146
4.129,0.0688,48.3349,39.6376,1915.88,135.277
4.131,0.0689,48.2973,39.6446,1914.73,135.408
4.134,0.0689,48.2599,39.4661,1904.63,135.539
4.136,0.0689,48.2223,39.4972,1904.65,135.671
4.139,0.0690,48.1851,39.5048,1903.54,135.802
4.141,0.0690,48.1475,39.5355,1903.54,135.934
4.144,0.0691,48.1103,39.5437,1902.46,136.065
4.146,0.0691,48.0727,39.574,1902.43,136.197
4.149,0.0691,51.367,39.3555,2021.58,136.329
4.151,0.0692,51.327,39.3873,2021.63,136.461
4.154,0.0692,51.2873,39.395,2020.46,136.593
4.156,0.0693,51.2473,39.4269,2020.52,136.725
4.159,0.0693,51.2076,39.4343,2019.33,136.857
4.161,0.0694,51.1677,39.4666,2019.41,136.99
4.164,0.0694,51.1281,39.3061,2009.64,137.122
4.166,0.0694,51.0882,39.0603,1995.52,137.255
4.169,0.0695,51.0486,39.0414,1993.01,137.387
4.171,0.0695,51.0089,39.0601,1992.41,137.52
4.174,0.0696,50.9691,39.079,1991.82,137.653
4.176,0.0696,50.9294,39.0982,1991.25,137.786
4.179,0.0696,50.8897,39.1177,1990.69,137.919
4.181,0.0697,50.8501,39.138,1990.17,138.052
4.184,0.0697,50.8105,39.1587,1989.67,138.186
4.186,0.0698,50.771,39.1805,1989.23,138.319
4.189,0.0698,50.7315,39.203,1988.83,138.452
4.191,0.0699,50.6921,39.2268,1988.48,138.585
4.194,0.0699,50.6527,39.2515,1988.2,138.718
4.196,0.0699,50.6134,39.2776,1987.97,138.851
4.199,0.0700,50.5742,39.0368,1974.26,138.984
4.201,0.0700,50.5351,39.0292,1972.34,139.117
4.204,0.0701,50.496,39.0555,1972.15,139.25
4.206,0.0701,50.4571,39.0828,1972.01,139.382
4.209,0.0701,50.4182,39.1116,1971.94,139.515
4.211,0.0702,50.3795,39.1412,1971.91,139.648
4.214,0.0702,50.3408,39.1722,1971.96,139.78
4.216,0.0703,50.3023,39.2037,1972.04,139.913
4.219,0.0703,50.2638,39.2364,1972.17,140.045
4.221,0.0704,50.2255,39.2694,1972.33,140.177
4.224,0.0704,50.1873,39.3065,1972.69,140.309
4.226,0.0704,50.1492,39.3371,1972.72,140.442
4.229,0.0705,50.1112,39.378,1973.28,140.574
4.231,0.0705,50.0733,39.2519,1965.48,140.706
4.234,0.0706,50.0356,39.2114,1961.96,140.838
4.236,0.0706,49.998,39.2367,1961.75,140.97
4.239,0.0706,49.9604,39.2816,1962.53,141.102
4.241,0.0707,49.923,39.3037,1962.16,141.234
4.244,0.0707,49.8857,39.2145,1956.24,141.366
4.246,0.0708,49.8485,39.2384,1955.98,141.498
4.249,0.0708,49.8114,39.2003,1952.62,141.63
4.251,0.0709,49.7744,39.2155,1951.92,141.762
4.254,0.0709,49.7375,39.3303,1956.19,141.894
4.256,0.0709,49.7006,39.3268,1954.56,142.026
4.259,0.0710,49.6639,39.2859,1951.09,142.159
4.261,0.0710,49.6271,39.1263,1941.72,142.291
4.264,0.0711,49.5906,39.0523,1936.63,142.424
4.266,0.0711,49.5539,38.8783,1926.57,142.557
4.269,0.0711,49.5176,39.0019,1931.28,142.69
4.271,0.0712,49.481,39.0257,1931.03,142.823
4.274,0.0712,49.4445,39.0487,1930.75,142.957
4.276,0.0713,49.4081,39.0723,1930.49,143.09
4.279,0.0713,49.3717,39.0451,1927.73,143.224
4.281,0.0714,49.3354,39.0691,1927.49,143.358
4.284,0.0714,49.2992,39.0923,1927.22,143.491
4.286,0.0714,49.263,39.1167,1927.01,143.625
4.289,0.0715,49.2269,39.1404,1926.76,143.759
4.291,0.0715,49.1908,39.1653,1926.57,143.893
4.294,0.0716,49.1548,39.1897,1926.36,144.027
4.296,0.0716,49.1189,39.2152,1926.21,144.162
4.299,0.0716,49.0829,39.3273,1930.3,144.296
4.301,0.0717,49.0471,39.3391,1929.47,144.43
4.304,0.0717,52.3293,39.2414,2053.48,144.564
4.306,0.0718,52.2905,39.1863,2049.07,144.698
4.309,0.0718,52.2518,39.2493,2050.85,144.832
4.311,0.0719,52.2131,39.2376,2048.72,144.966
4.314,0.0719,52.1744,39.3629,2053.74,145.1
4.316,0.0719,52.1358,39.3901,2053.63,145.234
4.319,0.0720,52.0973,39.4201,2053.68,145.368
4.321,0.0720,52.0589,39.4483,2053.63,145.502
4.324,0.0721,52.0205,39.4755,2053.54,145.636
4.326,0.0721,51.9822,39.5055,2053.58,145.77
4.329,0.0721,51.944,39.529,2053.3,145.904
4.331,0.0722,51.9058,39.5613,2053.46,146.037
4.334,0.0722,51.8678,39.5804,2052.95,146.171
4.336,0.0723,51.8297,39.6152,2053.25,146.304
4.339,0.0723,51.7919,39.6297,2052.5,146.438
4.341,0.0724,51.754,39.6673,2052.94,146.572
4.344,0.0724,51.7163,39.6203,2049.02,146.705
4.346,0.0724,51.6785,39.57,2044.92,146.839
4.349,0.0725,51.6411,39.3694,2033.08,146.972
4.351,0.0725,51.6035,39.4658,2036.57,147.106
4.354,0.0726,51.5663,39.2619,2024.59,147.239
4.356,0.0726,51.5288,39.3736,2028.87,147.372
4.359,0.0726,51.4918,39.3024,2023.75,147.505
4.361,0.0727,51.4545,39.1546,2014.68,147.639
4.364,0.0727,51.4177,39.134,2012.18,147.772
4.366,0.0728,51.3805,39.2027,2014.25,147.907
4.369,0.0728,51.3439,39.141,2009.65,148.039
4.371,0.0729,51.3069,39.1646,2009.42,148.174
4.374,0.0729,51.27,39.1857,2009.05,148.308
4.376,0.0729,51.2331,39.2123,2008.97,148.443
4.379,0.0730,51.1963,39.2307,2008.47,148.577
4.381,0.0730,51.1596,39.2305,2007.01,148.711
4.384,0.0731,51.123,39.0185,1994.74,148.846
4.386,0.0731,51.0864,39.0455,1994.69,148.98
4.389,0.0731,51.05,39.0635,1994.19,149.114
4.391,0.0732,51.0135,39.0932,1994.28,149.248
4.394,0.0732,50.9772,38.9251,1984.29,149.382
4.396,0.0733,50.9408,38.9674,1985.03,149.516
4.399,0.0733,50.9048,38.8887,1979.62,149.65
4.401,0.0734,50.8685,38.9288,1980.25,149.784
4.404,0.0734,50.8326,38.8618,1975.45,149.918
4.406,0.0734,50.7964,38.783,1970.03,150.052
4.409,0.0735,50.7606,38.8146,1970.25,150.186
4.411,0.0735,50.7246,38.8272,1969.49,150.32
4.414,0.0736,50.6889,38.8623,1969.89,150.455
4.416,0.0736,50.653,38.6475,1957.61,150.589
4.419,0.0736,50.6175,38.7433,1961.09,150.723
4.421,0.0737,50.5817,38.6821,1956.61,150.857
4.424,0.0737,50.5462,38.7893,1960.65,150.991
4.426,0.0738,50.5106,38.7152,1955.53,151.126
4.429,0.0738,50.4752,38.8336,1960.13,151.26
4.431,0.0739,50.4396,38.7463,1954.35,151.395
4.434,0.0739,50.4044,38.8132,1956.36,151.529
4.436,0.0739,50.3689,38.7145,1950.01,151.664
4.439,0.0740,50.3338,38.8516,1955.55,151.798
4.441,0.0740,50.2984,38.7399,1948.56,151.934
4.444,0.0741,50.2633,38.8872,1954.6,152.068
4.446,0.0741,50.2281,38.7631,1947,152.204
4.449,0.0741,50.1931,38.7703,1946,152.338
4.451,0.0742,50.1579,38.6615,1939.18,152.474
4.454,0.0742,50.123,38.8004,1944.79,152.608
4.456,0.0743,50.0879,38.6828,1937.54,152.743
4.459,0.0743,50.0531,38.8303,1943.58,152.877
4.461,0.0744,50.0181,38.7028,1935.84,153.013
4.464,0.0744,49.9835,38.8612,1942.42,153.147
4.466,0.0744,49.9485,38.7218,1934.1,153.283
4.469,0.0745,53.3609,38.7288,2066.6,153.417
4.471,0.0745,53.3235,38.7385,2065.67,153.553
4.474,0.0746,53.2862,38.7491,2064.79,153.689
4.476,0.0746,53.2489,38.7598,2063.92,153.824
4.479,0.0746,53.2117,38.7711,2063.08,153.96
4.481,0.0747,53.1745,38.7826,2062.25,154.096
4.484,0.0747,53.1374,38.6782,2055.26,154.231
4.486,0.0748,53.1004,38.6278,2051.15,154.367
4.489,0.0748,53.0635,38.5224,2044.13,154.502
4.491,0.0749,53.0266,38.2467,2028.09,154.638
4.494,0.0749,52.9898,38.1522,2021.68,154.773
4.496,0.0749,52.9531,38.1672,2021.07,154.908
4.499,0.0750,52.9164,38.1811,2020.41,155.044
4.501,0.0750,52.8799,38.1953,2019.76,155.179
4.504,0.0751,52.8434,38.2082,2019.05,155.314
4.506,0.0751,52.807,38.2214,2018.36,155.449
4.509,0.0751,52.7706,38.2334,2017.6,155.584
4.511,0.0752,52.7344,38.2455,2016.85,155.718
4.514,0.0752,52.6982,38.2565,2016.05,155.853
4.516,0.0753,52.662,38.2283,2013.18,155.988
4.519,0.0753,52.626,37.9497,1997.14,156.123
4.521,0.0754,52.5899,37.9606,1996.35,156.257
4.524,0.0754,52.5539,37.9731,1995.64,156.392
4.526,0.0754,52.5179,37.9814,1994.7,156.526
4.529,0.0755,52.482,37.996,1994.11,156.661
4.531,0.0755,52.4459,38.0017,1993.03,156.795
4.534,0.0756,52.4101,38.0191,1992.58,156.93
4.536,0.0756,52.374,38.0222,1991.38,157.064
4.539,0.0756,52.3383,37.7689,1976.76,157.199
4.541,0.0757,52.3022,37.6801,1970.75,157.334
4.544,0.0757,52.2666,37.7066,1970.8,157.468
4.546,0.0758,52.2306,37.703,1969.25,157.603
4.549,0.0758,52.1951,37.7325,1969.45,157.738
4.551,0.0759,52.1591,37.7275,1967.84,157.872
4.554,0.0759,52.1237,37.7593,1968.16,158.007
4.556,0.0759,52.0879,37.754,1966.53,158.142
4.559,0.0760,52.0526,37.7868,1966.9,158.277
4.561,0.0760,52.0169,37.5853,1955.07,158.412
4.564,0.0761,51.9818,37.651,1957.17,158.547
4.566,0.0761,51.9463,37.6103,1953.72,158.683
4.569,0.0761,51.9112,37.6789,1955.96,158.818
4.571,0.0762,51.8758,37.525,1946.64,158.954
4.574,0.0762,51.8405,37.5377,1945.97,159.089
4.576,0.0763,51.8053,37.5499,1945.29,159.225
4.579,0.0763,51.7701,37.5619,1944.58,159.36
4.581,0.0764,51.7349,37.5612,1943.22,159.496
4.584,0.0764,51.6998,37.4766,1937.53,159.631
4.586,0.0764,51.6646,37.2643,1925.24,159.767
4.589,0.0765,51.6296,37.2792,1924.71,159.902
4.591,0.0765,51.5945,37.2934,1924.14,160.038
4.594,0.0766,51.5595,37.3078,1923.57,160.173
4.596,0.0766,51.5245,37.3214,1922.97,160.309
4.599,0.0766,51.4895,37.3317,1922.19,160.444
4.601,0.0767,51.4544,37.3484,1921.74,160.579
4.604,0.0767,51.4194,37.3546,1920.75,160.715
4.606,0.0768,51.3843,37.3747,1920.47,160.85
4.609,0.0768,51.3494,37.3769,1919.28,160.985
4.611,0.0769,51.3142,37.4006,1919.18,161.12
4.614,0.0769,51.2794,37.3989,1917.79,161.256
4.616,0.0769,51.2442,37.3196,1912.41,161.391
4.619,0.0770,51.2096,37.101,1899.93,161.526
4.621,0.0770,51.1744,37.1287,1900.04,161.661
4.624,0.0771,51.1399,37.1217,1898.4,161.796
4.626,0.0771,51.1049,37.2776,1905.07,161.931
4.629,0.0771,51.0705,37.25,1902.38,162.066
4.631,0.0772,51.0357,37.3207,1904.69,162.201
4.634,0.0772,51.0014,37.215,1898.02,162.336
4.636,0.0773,50.9667,37.2659,1899.32,162.472
4.639,0.0773,50.9326,37.1638,1892.85,162.607
4.641,0.0774,50.8981,37.1867,1892.74,162.742
4.644,0.0774,50.8641,37.1875,1891.51,162.877
4.646,0.0774,50.8299,37.2111,1891.44,163.013
4.649,0.0775,50.796,37.2124,1890.24,163.148
4.651,0.0775,50.7619,37.2364,1890.19,163.284
4.654,0.0776,50.728,37.2382,1889.02,163.42
4.656,0.0776,50.6941,37.2623,1888.98,163.556
4.659,0.0776,50.6604,37.2649,1887.85,163.691
4.661,0.0777,50.6265,37.2884,1887.78,163.827
4.664,0.0777,54.0184,36.9592,1996.48,163.963
4.666,0.0778,53.9817,36.9929,1996.94,164.099
4.669,0.0778,53.9451,36.9787,1994.82,164.235
4.671,0.0779,53.9083,36.9913,1994.14,164.372
4.674,0.0779,53.8716,37.0005,1993.27,164.508
4.676,0.0779,53.8347,37.0708,1995.7,164.645
4.679,0.0780,53.7979,37.0763,1994.63,164.782
4.681,0.0780,53.761,37.0018,1989.26,164.918
4.684,0.0781,53.7241,37.0118,1988.42,165.055
4.686,0.0781,53.6871,37.0243,1987.73,165.192
4.688,0.0781,53.6501,36.904,1979.91,165.329
4.691,0.0782,53.6131,36.9172,1979.25,165.465
4.693,0.0782,53.5761,36.9246,1978.28,165.602
4.696,0.0783,53.5391,36.9386,1977.66,165.739
4.698,0.0783,53.5021,36.9457,1976.68,165.876
4.701,0.0783,53.4652,36.961,1976.13,166.012
4.703,0.0784,53.4282,36.9686,1975.17,166.149
4.706,0.0784,53.3914,36.9856,1974.71,166.286
4.708,0.0785,53.3545,36.9488,1971.39,166.422
4.711,0.0785,53.3178,36.9868,1972.05,166.559
4.713,0.0786,53.2811,36.9432,1968.38,166.696
4.716,0.0786,53.2445,36.9777,1968.86,166.832
4.718,0.0786,53.208,36.9763,1967.44,166.969
4.721,0.0787,53.1716,36.932,1963.74,167.106
4.723,0.0787,53.1352,36.9245,1961.99,167.243
4.726,0.0788,53.0991,36.9726,1963.21,167.379
4.728,0.0788,53.0629,36.9679,1961.62,167.516
4.731,0.0788,53.0269,37.0175,1962.92,167.653
4.733,0.0789,52.9909,37.0165,1961.54,167.79
4.736,0.0789,52.9551,37.0657,1962.82,167.927
4.738,0.0790,52.9193,37.0689,1961.66,168.064
4.741,0.0790,52.8835,37.1158,1962.81,168.201
4.743,0.0791,52.8479,37.1232,1961.88,168.338
4.746,0.0791,52.8122,36.9543,1951.64,168.475
4.748,0.0791,52.7767,36.9855,1951.97,168.613
4.751,0.0792,52.741,37.0025,1951.55,168.75
4.753,0.0792,52.7055,36.9813,1949.12,168.887
4.756,0.0793,52.6698,36.9339,1945.3,169.025
4.758,0.0793,52.6344,36.9115,1942.82,169.163
4.761,0.0793,52.5985,36.9761,1944.89,169.3
4.763,0.0794,52.5631,36.823,1935.53,169.438
4.766,0.0794,52.5272,36.8787,1937.14,169.576
4.768,0.0795,52.4918,36.8641,1935.06,169.714
4.771,0.0795,52.4558,36.8822,1934.69,169.852
4.773,0.0796,52.4198,36.8987,1934.22,169.99
4.776,0.0796,52.3839,36.9154,1933.77,170.129
4.778,0.0796,52.3479,36.8381,1928.39,170.267
4.781,0.0797,52.3119,36.853,1927.85,170.405
4.783,0.0797,52.2759,36.8669,1927.25,170.544
4.786,0.0798,52.24,36.8811,1926.67,170.682
4.788,0.0798,52.2041,36.8949,1926.06,170.821
4.791,0.0798,52.1683,36.9091,1925.48,170.959
4.793,0.0799,52.1325,36.9237,1924.93,171.098
4.796,0.0799,52.0969,36.9387,1924.39,171.236
4.798,0.0800,52.0613,36.9549,1923.92,171.375
4.801,0.0800,52.0258,36.8895,1919.21,171.513
4.803,0.0801,51.9904,36.9087,1918.9,171.652
4.806,0.0801,51.9551,36.9281,1918.6,171.79
4.808,0.0801,51.9199,36.9496,1918.42,171.929
4.811,0.0802,51.8848,36.9712,1918.24,172.068
4.813,0.0802,51.8498,36.9587,1916.3,172.206
4.816,0.0803,51.815,36.9835,1916.3,172.345
4.818,0.0803,51.7802,37.0394,1917.91,172.484
4.821,0.0803,51.7455,36.6598,1896.98,172.622
4.823,0.0804,51.7109,36.5702,1891.08,172.761
4.826,0.0804,51.6763,36.6116,1891.95,172.9
4.828,0.0805,51.6418,36.624,1891.33,173.039
4.831,0.0805,51.6072,36.6764,1892.77,173.178
4.833,0.0806,51.5729,36.6786,1891.62,173.317
4.836,0.0806,51.5384,36.3891,1875.43,173.456
4.838,0.0806,51.5041,36.3662,1873.01,173.595
4.841,0.0807,51.4696,36.2917,1867.92,173.734
4.843,0.0807,51.4354,36.3177,1868.02,173.873
4.846,0.0808,51.4009,36.3186,1866.81,174.012
4.848,0.0808,51.3668,36.3372,1866.52,174.151
4.851,0.0808,51.3323,36.3702,1866.97,174.291
4.853,0.0809,51.2981,36.3832,1866.39,174.43
4.856,0.0809,51.2638,36.4186,1866.96,174.57
4.858,0.0810,51.2296,36.4256,1866.07,174.709
4.860,0.0810,51.1953,36.4635,1866.76,174.849
4.863,0.0810,51.1611,36.4647,1865.58,174.989
4.865,0.0811,51.1268,36.505,1866.39,175.128
4.868,0.0811,51.0926,36.2726,1853.26,175.268
4.870,0.0812,51.0585,36.2926,1853.04,175.408
4.873,0.0812,51.0243,36.3122,1852.8,175.548
4.875,0.0813,50.9902,36.3133,1851.62,175.688
4.878,0.0813,50.956,36.3327,1851.37,175.828
4.880,0.0813,50.9219,36.3528,1851.15,175.969
4.883,0.0814,54.2222,36.2562,1965.89,176.109
4.885,0.0814,54.1855,36.2596,1964.74,176.249
4.888,0.0815,54.1488,36.2806,1964.55,176.389
4.890,0.0815,54.112,36.151,1956.2,176.53
4.893,0.0815,54.0753,36.1715,1955.99,176.67
4.895,0.0816,54.0386,36.1929,1955.81,176.811
4.898,0.0816,54.002,36.096,1949.26,176.951
4.900,0.0817,53.9653,36.1138,1948.89,177.092
4.903,0.0817,53.9287,36.1444,1949.22,177.233
4.905,0.0818,53.8921,35.9146,1935.51,177.373
4.908,0.0818,53.8556,35.9518,1936.21,177.514
4.910,0.0818,53.819,35.9581,1935.23,177.655
4.913,0.0819,53.7827,35.9984,1936.09,177.795
4.915,0.0819,53.7462,36.0008,1934.91,177.936
4.918,0.0820,53.71,36.0424,1935.84,178.077
4.920,0.0820,53.6737,35.9085,1927.34,178.217
4.923,0.0820,53.6376,35.959,1928.76,178.358
4.925,0.0821,53.6015,35.8816,1923.31,178.499
4.928,0.0821,53.5655,35.9161,1923.87,178.64
4.930,0.0822,53.5295,35.9179,1922.67,178.78
4.933,0.0822,53.4937,35.9503,1923.12,178.921
4.935,0.0823,53.4579,35.9513,1921.88,179.062
4.938,0.0823,53.4222,35.9819,1922.23,179.202
4.940,0.0823,53.3865,35.8962,1916.37,179.343
4.943,0.0824,53.351,35.9376,1917.31,179.484
4.945,0.0824,53.3154,35.8242,1909.98,179.625
4.948,0.0825,53.2799,35.8792,1911.64,179.766
4.950,0.0825,53.2444,35.8444,1908.51,179.906
4.953,0.0825,53.2091,35.9069,1910.57,180.047
4.955,0.0826,53.1737,35.8628,1906.96,180.188
4.958,0.0826,53.1385,35.8387,1904.41,180.329
4.960,0.0827,53.1032,35.7979,1900.98,180.47
4.963,0.0827,53.068,35.8696,1903.53,180.612
4.965,0.0828,53.0328,35.817,1899.47,180.753
4.968,0.0828,52.9978,35.9021,1902.73,180.894
4.970,0.0828,52.9625,35.8086,1896.52,181.035
4.973,0.0829,52.9274,35.825,1896.12,181.177
4.975,0.0829,52.8922,35.8279,1895.02,181.318
4.978,0.0830,52.8571,36.0044,1903.09,181.459
4.980,0.0830,52.822,35.8662,1894.52,181.601
4.983,0.0830,52.7871,35.8974,1894.92,181.743
4.985,0.0831,52.752,35.889,1893.22,181.884
4.988,0.0831,52.7173,35.9262,1893.93,182.026
4.990,0.0832,52.6824,35.9118,1891.92,182.168
4.993,0.0832,52.6478,35.9541,1892.91,182.31
4.995,0.0833,52.613,35.9338,1890.58,182.452
4.998,0.0833,52.5787,35.9805,1891.81,182.593
5.000,0.0833,52.544,35.9542,1889.18,182.735
5.003,0.0834,52.5099,36.0049,1890.61,182.877
5.005,0.0834,52.4754,35.9502,1886.5,183.02
5.008,0.0835,52.4415,36.0052,1888.16,183.162
5.010,0.0835,52.4072,35.9681,1884.99,183.304
5.013,0.0835,52.3735,36.0263,1886.82,183.446
5.015,0.0836,52.3394,35.8507,1876.4,183.588
5.018,0.0836,52.3059,35.9189,1878.77,183.73
5.020,0.0837,52.272,35.7115,1866.71,183.872
5.023,0.0837,52.2387,35.8204,1871.21,184.014
5.025,0.0838,52.2049,35.7226,1864.9,184.156
5.028,0.0838,52.1718,35.8391,1869.79,184.298
5.030,0.0838,52.1381,35.7342,1863.11,184.44
5.033,0.0839,52.1052,35.8581,1868.39,184.582
5.035,0.0839,52.0716,35.7469,1861.4,184.724
5.037,0.0840,52.0387,35.8784,1867.07,184.866
5.040,0.0840,52.0052,35.7617,1859.79,185.008
5.042,0.0840,51.9724,35.7773,1859.43,185.15
5.045,0.0841,51.9389,35.7005,1854.25,185.292
5.047,0.0841,51.9062,35.7989,1858.19,185.434
5.050,0.0842,51.8728,35.7202,1852.9,185.576
5.052,0.0842,51.8401,35.7966,1855.7,185.718
5.055,0.0842,51.8066,35.3515,1831.44,185.86
5.057,0.0843,51.7739,35.4372,1834.72,186.002
5.060,0.0843,51.7405,35.3179,1827.37,186.144
5.062,0.0844,51.7077,35.3573,1828.24,186.286
5.065,0.0844,51.6743,35.1272,1815.18,186.429
5.067,0.0845,51.6415,35.2632,1821.04,186.571
5.070,0.0845,51.6081,35.1662,1814.86,186.713
5.072,0.0845,51.5746,35.1839,1814.59,186.856
5.075,0.0846,51.5411,35.1123,1809.73,186.998
5.077,0.0846,51.5076,35.1299,1809.46,187.141
5.080,0.0847,51.4741,35.1469,1809.15,187.284
5.082,0.0847,51.4406,35.1641,1808.86,187.427
5.085,0.0847,51.4071,35.1806,1808.53,187.57
5.087,0.0848,51.3736,35.1382,1805.18,187.713
5.090,0.0848,51.3401,35.1542,1804.82,187.856
5.092,0.0849,51.3067,35.1701,1804.46,187.999
5.095,0.0849,51.2733,35.1849,1804.04,188.142
5.097,0.0850,51.2399,35.1995,1803.62,188.285
5.100,0.0850,51.2066,35.2129,1803.13,188.429
5.102,0.0850,51.1733,35.1663,1799.58,188.572
5.105,0.0851,51.1401,35.1785,1799.03,188.715
5.107,0.0851,51.107,35.1902,1798.46,188.859
5.110,0.0852,51.074,35.201,1797.85,189.002
5.112,0.0852,51.041,35.1637,1794.79,189.145
5.115,0.0852,51.0082,35.1735,1794.13,189.289
5.117,0.0853,50.9754,35.0612,1787.26,189.432
5.120,0.0853,50.9427,35.0704,1786.58,189.575
5.122,0.0854,50.9101,35.0855,1786.21,189.718
5.125,0.0854,50.8776,35.0865,1785.12,189.862
5.127,0.0855,50.8452,35.107,1785.02,190.005
5.130,0.0855,54.073,34.9796,1891.45,190.148
5.132,0.0855,54.0392,35.0052,1891.65,190.291
5.135,0.0856,54.0054,34.9911,1889.71,190.434
5.137,0.0856,53.9716,35.0214,1890.16,190.577
5.140,0.0857,53.9377,35.0019,1887.92,190.72
5.142,0.0857,53.9041,34.9927,1886.25,190.863
5.145,0.0857,53.8702,34.9794,1884.35,191.006
5.147,0.0858,53.8366,35.0054,1884.57,191.149
5.150,0.0858,53.8027,34.8394,1874.46,191.292
5.152,0.0859,53.7692,34.8633,1874.57,191.436
5.155,0.0859,53.7355,34.7721,1868.49,191.579
5.157,0.0860,53.7021,34.8085,1869.29,191.722
5.160,0.0860,53.6684,34.6178,1857.88,191.865
5.162,0.0860,53.6352,34.6767,1859.89,192.008
5.165,0.0861,53.6016,34.6327,1856.37,192.152
5.167,0.0861,53.5686,34.5864,1852.74,192.295
5.170,0.0862,53.5352,34.5966,1852.13,192.438
5.172,0.0862,53.5019,34.6082,1851.6,192.582
5.175,0.0862,53.4686,34.6198,1851.07,192.725
5.177,0.0863,53.4355,34.6327,1850.62,192.869
5.180,0.0863,53.4025,34.6456,1850.16,193.013
5.182,0.0864,53.3696,34.5478,1843.8,193.157
5.184,0.0864,53.3368,34.5612,1843.38,193.301
5.187,0.0864,53.3041,34.5753,1843.01,193.445
5.189,0.0865,53.2714,34.5893,1842.62,193.589
5.192,0.0865,53.2389,34.6037,1842.26,193.733
5.194,0.0866,53.2064,34.6179,1841.89,193.877
5.197,0.0866,53.1739,34.6364,1841.75,194.021
5.199,0.0867,53.1414,34.6461,1841.14,194.165
5.202,0.0867,53.1091,34.6683,1841.2,194.309
5.204,0.0867,53.0766,34.6733,1840.34,194.453
5.207,0.0868,53.0443,34.6989,1840.58,194.597
5.209,0.0868,53.0118,34.6989,1839.45,194.741
5.212,0.0869,52.9796,34.556,1830.77,194.886
5.214,0.0869,52.9471,34.2816,1815.11,195.03
5.217,0.0869,52.915,34.3083,1815.42,195.174
5.219,0.0870,52.8824,34.305,1814.13,195.318
5.222,0.0870,52.8504,34.3339,1814.56,195.462
5.224,0.0871,52.8178,34.3266,1813.05,195.606
5.227,0.0871,52.7858,34.3578,1813.6,195.75
5.229,0.0872,52.7533,34.3452,1811.82,195.894
5.232,0.0872,52.7213,34.3533,1811.15,196.037
5.234,0.0872,52.6888,34.3335,1808.99,196.181
5.237,0.0873,52.657,34.321,1807.24,196.325
5.239,0.0873,52.6245,34.2983,1804.93,196.469
5.242,0.0874,52.5927,34.3423,1806.16,196.613
5.244,0.0874,52.5603,34.1754,1796.27,196.757
5.247,0.0874,52.5286,34.2275,1797.92,196.901
5.249,0.0875,52.4963,34.1909,1794.89,197.045
5.252,0.0875,52.4647,34.2471,1796.76,197.189
5.254,0.0876,52.4325,34.2054,1793.47,197.333
5.257,0.0876,52.4009,34.2659,1795.56,197.477
5.259,0.0877,52.3687,34.0939,1785.45,197.621
5.262,0.0877,52.3372,34.1668,1788.2,197.765
5.264,0.0877,52.3052,34.0654,1781.79,197.91
5.267,0.0878,52.2738,34.0565,1780.26,198.054
5.269,0.0878,52.2417,34.0634,1779.53,198.198
5.272,0.0879,52.2096,34.0751,1779.05,198.343
5.274,0.0879,52.1776,34.0778,1778.1,198.488
5.277,0.0879,52.1456,33.951,1770.39,198.633
5.279,0.0880,52.1136,33.9498,1769.25,198.777
5.282,0.0880,52.0817,33.9704,1769.24,198.922
5.284,0.0881,52.0496,33.9728,1768.27,199.067
5.287,0.0881,52.0178,33.8554,1761.08,199.212
5.289,0.0882,51.9858,33.8469,1759.56,199.357
5.292,0.0882,51.9539,33.9068,1761.59,199.502
5.294,0.0882,51.9219,33.8957,1759.93,199.647
5.296,0.0883,51.8902,33.8589,1756.94,199.792
5.299,0.0883,51.8583,33.8508,1755.45,199.937
5.301,0.0884,51.8266,33.8756,1755.66,200.082
5.304,0.0884,51.7947,33.8673,1754.15,200.228
5.306,0.0884,51.7632,33.8909,1754.3,200.373
5.309,0.0885,51.7314,33.8826,1752.8,200.518
5.311,0.0885,51.7,34.0066,1758.14,200.663
5.314,0.0886,51.6684,33.9813,1755.76,200.808
5.316,0.0886,51.6371,34.0191,1756.65,200.953
5.319,0.0886,51.6057,33.9939,1754.28,201.098
5.321,0.0887,51.5746,33.9377,1750.32,201.243
5.324,0.0887,51.5434,33.7884,1741.57,201.388
5.326,0.0888,51.5125,33.8064,1741.45,201.533
5.329,0.0888,51.4815,33.798,1739.97,201.678
5.331,0.0889,51.4508,33.8164,1739.88,201.822
5.334,0.0889,51.4199,33.7019,1732.95,201.967
5.336,0.0889,51.3895,33.7439,1734.08,202.112
5.339,0.0890,51.3587,33.6592,1728.69,202.257
5.341,0.0890,51.3284,33.6903,1729.27,202.402
5.344,0.0891,51.2977,33.6737,1727.38,202.547
5.346,0.0891,51.2676,33.714,1728.44,202.692
5.349,0.0891,51.237,33.604,1721.77,202.837
5.351,0.0892,51.207,33.6439,1722.8,202.982
5.354,0.0892,51.1763,33.6231,1720.7,203.127
5.356,0.0893,51.1464,33.673,1722.25,203.272
5.359,0.0893,51.1157,33.6445,1719.76,203.417
5.361,0.0894,51.0858,33.704,1721.8,203.562
5.364,0.0894,51.055,33.6346,1717.21,203.707
5.366,0.0894,51.0251,33.6918,1719.13,203.852
5.369,0.0895,50.9941,33.3682,1701.58,203.998
5.371,0.0895,50.9632,33.38,1701.15,204.143
5.374,0.0896,50.9321,33.3918,1700.72,204.289
5.376,0.0896,50.9011,33.4125,1700.73,204.434
5.379,0.0896,50.87,33.4242,1700.29,204.58
5.381,0.0897,50.8388,33.4365,1699.87,204.726
5.384,0.0897,50.8077,33.4487,1699.45,204.872
5.386,0.0898,50.7765,33.4614,1699.05,205.017
5.388,0.0898,50.7452,33.474,1698.65,205.163
5.391,0.0898,50.714,33.4872,1698.27,205.309
5.393,0.0899,50.6828,33.5003,1697.89,205.455
5.396,0.0899,50.6516,33.514,1697.54,205.601
5.398,0.0900,50.6204,33.5276,1697.18,205.747
5.401,0.0900,50.5892,33.5417,1696.85,205.892
5.403,0.0901,52.9956,33.4906,1774.85,206.038
5.406,0.0901,52.9625,33.1825,1757.43,206.184
5.408,0.0901,52.9294,33.1972,1757.11,206.33
5.411,0.0902,52.8964,33.212,1756.8,206.476
5.413,0.0902,52.8634,33.2266,1756.47,206.621
5.416,0.0903,52.8304,33.2412,1756.15,206.767
5.418,0.0903,52.7974,33.2555,1755.8,206.913
5.421,0.0903,52.7644,33.0947,1746.22,207.059
5.423,0.0904,52.7314,33.1068,1745.77,207.204
5.426,0.0904,52.6985,33.1229,1745.52,207.35
5.428,0.0905,52.6656,33.1329,1744.96,207.496
5.431,0.0905,52.6327,33.1496,1744.75,207.641
5.433,0.0906,52.5998,33.0866,1740.35,207.787
5.436,0.0906,52.5671,33.1024,1740.1,207.933
5.438,0.0906,52.5343,33.1103,1739.42,208.079
5.441,0.0907,52.5016,33.1231,1739.02,208.224
5.443,0.0907,52.469,33.1263,1738.1,208.37
5.446,0.0908,52.4365,33.144,1737.95,208.516
5.448,0.0908,52.404,33.1456,1736.96,208.662
5.451,0.0908,52.3716,33.1633,1736.82,208.807
5.453,0.0909,52.3393,33.0855,1731.67,208.953
5.456,0.0909,52.3071,33.1113,1731.95,209.099
5.458,0.0910,52.2749,33.1013,1730.37,209.245
5.461,0.0910,52.2429,33.1288,1730.75,209.391
5.463,0.0911,52.211,33.053,1725.73,209.537
5.466,0.0911,52.1791,33.0924,1726.73,209.683
5.468,0.0911,52.1473,33.0995,1726.05,209.829
5.471,0.0912,52.1156,33.1071,1725.4,209.975
5.473,0.0912,52.084,32.9876,1718.12,210.122
5.475,0.0913,52.0524,32.8739,1711.17,210.268
5.478,0.0913,52.0209,32.8843,1710.67,210.414
5.480,0.0913,51.9894,32.7918,1704.83,210.561
5.483,0.0914,51.958,32.8042,1704.44,210.707
5.485,0.0914,51.9266,32.8175,1704.1,210.854
5.488,0.0915,51.8953,32.8322,1703.84,211
5.490,0.0915,51.8639,32.7386,1697.95,211.146
5.493,0.0915,51.8326,32.7979,1700,211.293
5.495,0.0916,51.8013,32.8186,1700.04,211.439
5.498,0.0916,51.7699,32.8368,1699.96,211.586
5.500,0.0917,51.7386,32.8617,1700.22,211.732
5.503,0.0917,51.7073,32.8808,1700.18,211.879
5.505,0.0918,51.676,32.9091,1700.61,212.025
5.508,0.0918,51.6447,32.9294,1700.63,212.172
5.510,0.0918,51.6135,32.9598,1701.17,212.318
5.513,0.0919,51.5822,32.9101,1697.58,212.465
5.515,0.0919,51.551,32.951,1698.66,212.611
5.518,0.0920,51.5198,32.9072,1695.37,212.758
5.520,0.0920,51.4887,32.9534,1696.73,212.904
5.523,0.0920,51.4576,32.8492,1690.34,213.051
5.525,0.0921,51.4265,32.8964,1691.75,213.197
5.528,0.0921,51.3955,32.9031,1691.07,213.344
5.530,0.0922,51.3645,32.8949,1689.63,213.49
5.533,0.0922,51.3337,32.9109,1689.44,213.637
5.535,0.0923,51.3029,32.9453,1690.19,213.784
5.538,0.0923,51.2722,32.962,1690.03,213.93
5.540,0.0923,51.2415,32.9936,1690.64,214.077
5.543,0.0924,51.2111,33.0097,1690.46,214.224
5.545,0.0924,51.1805,32.9344,1685.6,214.371
5.548,0.0925,51.1502,32.9837,1687.12,214.518
5.550,0.0925,51.1198,32.9791,1685.88,214.664
5.552,0.0925,51.0897,33.0861,1690.36,214.811
5.555,0.0926,51.0594,33.0845,1689.28,214.958
5.557,0.0926,51.0295,33.1233,1690.26,215.105
5.560,0.0927,50.9993,33.1586,1691.07,215.252
5.562,0.0927,50.9696,33.1975,1692.06,215.399
5.565,0.0927,50.9396,33.1935,1690.86,215.546
5.567,0.0928,50.9099,33.171,1688.73,215.693
5.570,0.0928,50.8804,33.1619,1687.29,215.84
5.572,0.0929,50.8507,33.1682,1686.63,215.988
5.575,0.0929,50.8213,33.186,1686.56,216.135
5.577,0.0930,50.7916,33.1868,1685.61,216.283
5.580,0.0930,50.7623,33.1437,1682.45,216.43
5.582,0.0930,50.7326,33.1333,1680.94,216.578
5.585,0.0931,50.7034,33.1617,1681.41,216.725
5.587,0.0931,50.6738,33.1476,1679.71,216.873
5.590,0.0932,50.6446,33.1768,1680.22,217.02
5.592,0.0932,50.615,33.0031,1670.45,217.168
5.595,0.0932,50.5859,33.0421,1671.47,217.315
5.597,0.0933,50.5565,32.938,1665.23,217.463
5.600,0.0933,50.5275,32.975,1666.14,217.61
5.602,0.0934,50.4981,32.9492,1663.87,217.758
5.605,0.0934,50.4692,32.9855,1664.75,217.905
5.607,0.0935,50.4401,32.9628,1662.65,218.053
5.610,0.0935,50.4113,32.9982,1663.48,218.2
5.612,0.0935,50.3824,32.9797,1661.6,218.348
5.615,0.0936,50.3536,33.0146,1662.4,218.496
5.617,0.0936,50.325,33.0007,1660.76,218.643
5.619,0.0937,50.2963,33.0357,1661.58,218.791
5.622,0.0937,50.2679,32.745,1646.02,218.939
5.624,0.0937,50.2394,32.743,1644.99,219.086
5.627,0.0938,50.2112,32.7071,1642.26,219.234
5.629,0.0938,50.1828,32.7595,1643.96,219.382
5.632,0.0939,50.1547,32.7392,1642.03,219.53
5.634,0.0939,50.1264,32.7341,1640.84,219.677
5.637,0.0939,50.0986,32.702,1638.32,219.825
5.639,0.0940,50.0704,32.6682,1635.71,219.973
5.642,0.0940,50.0427,32.647,1633.74,220.121
5.644,0.0941,50.0145,32.7046,1635.7,220.268
5.647,0.0941,49.987,32.6763,1633.39,220.417
5.649,0.0942,49.9589,32.7425,1635.78,220.564
5.652,0.0942,49.9314,32.7047,1632.99,220.712
5.654,0.0942,49.9034,32.7812,1635.89,220.86
5.657,0.0943,49.876,32.7314,1632.51,221.008
5.659,0.0943,49.8481,32.8196,1635.99,221.156
5.662,0.0944,49.8207,32.7558,1631.92,221.304
5.664,0.0944,49.7928,32.7468,1630.55,221.452
5.667,0.0944,49.7654,32.6451,1624.6,221.601
5.669,0.0945,49.7381,32.6572,1624.31,221.749
5.672,0.0945,49.7108,32.669,1624,221.898
5.674,0.0946,49.6835,32.6801,1623.66,222.046
5.677,0.0946,49.6562,32.6908,1623.3,222.195
5.679,0.0946,49.6289,32.7009,1622.91,222.343
5.681,0.0947,49.6016,32.7105,1622.49,222.492
5.684,0.0947,49.5744,32.6916,1620.66,222.641
5.686,0.0948,49.5471,32.6314,1616.79,222.789
5.689,0.0948,49.5198,32.6411,1616.38,222.938
5.691,0.0949,49.4925,32.65,1615.93,223.087
5.694,0.0949,49.4652,32.6589,1615.48,223.236
5.696,0.0949,49.4379,32.6669,1614.99,223.384
5.699,0.0950,49.4107,32.6752,1614.5,223.533
5.701,0.0950,49.3834,32.6825,1613.97,223.682
5.704,0.0951,49.3562,32.6901,1613.46,223.831
5.706,0.0951,49.3289,32.6231,1609.26,223.98
5.709,0.0951,49.3017,32.6305,1608.74,224.129
5.711,0.0952,49.2745,32.6369,1608.17,224.278
5.714,0.0952,49.2474,32.5595,1603.47,224.427
5.716,0.0953,49.2203,32.5654,1602.88,224.576
5.719,0.0953,49.1932,32.5779,1602.61,224.725
5.721,0.0954,49.1661,32.5768,1601.67,224.873
5.724,0.0954,49.1391,32.6582,1604.79,225.022
5.726,0.0954,49.1121,32.6574,1603.87,225.171
5.729,0.0955,49.0852,32.3788,1589.32,225.32
5.731,0.0955,49.0583,32.1865,1579.01,225.469
5.733,0.0956,49.0314,32.2075,1579.18,225.618
5.736,0.0956,54.4914,32.1637,1752.65,225.767
5.738,0.0956,54.4618,32.1863,1752.92,225.916
5.741,0.0957,54.4322,32.1669,1750.91,226.065
5.743,0.0957,54.4027,32.1942,1751.45,226.214
5.746,0.0958,54.3733,32.032,1741.69,226.363
5.748,0.0958,54.3441,32.0367,1741,226.512
5.751,0.0958,54.3148,32.0341,1739.92,226.661
5.753,0.0959,54.2858,32.0433,1739.5,226.81
5.756,0.0959,54.2567,32.0369,1738.22,226.959
5.758,0.0960,54.2278,31.9928,1734.9,227.108
5.761,0.0960,54.1989,32.0005,1734.39,227.258
5.763,0.0961,54.1702,32.0021,1733.56,227.407
5.766,0.0961,54.1414,32.0058,1732.84,227.556
5.768,0.0961,54.1126,32.0101,1732.15,227.706
5.771,0.0962,54.0839,31.9158,1726.13,227.855
5.773,0.0962,54.0553,31.9219,1725.55,228.005
5.776,0.0963,54.0266,31.9283,1724.98,228.155
5.778,0.0963,53.998,31.9354,1724.45,228.304
5.781,0.0963,53.9694,31.9624,1724.99,228.454
5.783,0.0964,53.9408,31.9706,1724.52,228.604
5.785,0.0964,53.9121,31.8879,1719.15,228.753
5.788,0.0965,53.8835,31.8964,1718.69,228.903
5.790,0.0965,53.8549,31.9057,1718.28,229.053
5.793,0.0965,53.8262,31.9086,1717.52,229.202
5.795,0.0966,53.7975,31.884,1715.28,229.352
5.798,0.0966,53.7688,31.8537,1712.74,229.502
5.800,0.0967,53.74,31.8863,1713.57,229.651
5.803,0.0967,53.7113,31.8717,1711.87,229.801
5.805,0.0968,53.6824,31.9148,1713.26,229.951
5.808,0.0968,53.6537,31.8935,1711.21,230.1
5.810,0.0968,53.6248,31.9462,1713.11,230.25
5.813,0.0969,53.5961,31.9193,1710.75,230.4
5.815,0.0969,53.5673,31.9802,1713.09,230.55
5.818,0.0970,53.5386,31.9487,1710.49,230.7
5.820,0.0970,53.5098,31.9622,1710.29,230.849
5.823,0.0970,53.4813,31.8465,1703.19,230.999
5.825,0.0971,53.4525,31.9351,1707.01,231.149
5.828,0.0971,53.424,31.881,1703.21,231.299
5.830,0.0972,53.3954,31.9749,1707.31,231.449
5.833,0.0972,53.367,31.916,1703.26,231.599
5.835,0.0972,53.3386,32.0134,1707.55,231.749
5.837,0.0973,53.3103,31.9498,1703.26,231.899
5.840,0.0973,53.282,32.0495,1707.66,232.05
5.842,0.0974,53.2539,31.9812,1703.12,232.2
5.845,0.0974,53.2257,32.0821,1707.59,232.351
5.847,0.0975,53.1977,32.0087,1702.79,232.501
5.850,0.0975,53.1697,31.9539,1698.98,232.651
5.852,0.0975,53.1419,31.8992,1695.18,232.802
5.855,0.0976,53.114,31.9745,1698.3,232.953
5.857,0.0976,53.0863,31.9161,1694.31,233.103
5.860,0.0977,53.0586,31.9896,1697.32,233.254
5.862,0.0977,53.0309,31.9277,1693.16,233.404
5.865,0.0977,53.0033,31.9325,1692.53,233.555
5.867,0.0978,52.9757,31.9215,1691.07,233.706
5.870,0.0978,52.9481,31.9253,1690.38,233.857
5.872,0.0979,52.9206,31.9137,1688.89,234.008
5.875,0.0979,52.8929,31.9132,1687.98,234.159
5.877,0.0980,52.8654,31.8132,1681.82,234.31
5.880,0.0980,52.8377,31.8089,1680.71,234.461
5.882,0.0980,52.8103,31.8157,1680.2,234.612
5.884,0.0981,52.7825,31.711,1673.78,234.763
5.887,0.0981,52.7552,31.7159,1673.18,234.914
5.889,0.0982,52.7273,31.7134,1672.16,235.065
5.892,0.0982,52.7001,31.7191,1671.6,235.216
5.894,0.0982,52.6722,31.6465,1666.89,235.367
5.897,0.0983,52.645,31.6656,1667.03,235.518
5.899,0.0983,52.6172,31.6514,1665.41,235.669
5.902,0.0984,52.59,31.6728,1665.67,235.82
5.904,0.0984,52.5623,31.659,1664.07,235.971
5.907,0.0984,52.5351,31.6823,1664.43,236.122
5.909,0.0985,52.5075,31.6693,1662.88,236.273
5.912,0.0985,52.4805,31.6938,1663.31,236.424
5.914,0.0986,52.453,31.6407,1659.65,236.575
5.917,0.0986,52.426,31.5694,1655.05,236.726
5.919,0.0987,52.3987,31.5849,1655.01,236.877
5.922,0.0987,52.3718,31.5837,1654.09,237.028
5.924,0.0987,52.3446,31.602,1654.19,237.18
5.927,0.0988,52.3178,31.5994,1653.21,237.331
5.929,0.0988,52.2908,31.4324,1643.62,237.482
5.931,0.0989,52.264,31.4381,1643.08,237.634
5.934,0.0989,52.2373,31.4662,1643.71,237.785
5.936,0.0989,52.2106,31.4709,1643.11,237.937
5.939,0.0990,52.184,31.486,1643.06,238.088
5.941,0.0990,52.1573,31.4913,1642.5,238.24
5.944,0.0991,52.1308,31.267,1629.97,238.392
5.946,0.0991,52.1043,31.4182,1637.02,238.543
5.949,0.0991,52.0779,31.3907,1634.76,238.695
5.951,0.0992,52.0513,31.4421,1636.6,238.846
5.954,0.0992,52.025,31.4122,1634.22,238.998
5.956,0.0993,51.9985,31.4676,1636.27,239.15
5.959,0.0993,51.9722,31.4356,1633.78,239.301
5.961,0.0994,51.9457,31.4473,1633.55,239.453
5.964,0.0994,51.9194,31.4594,1633.35,239.605
5.966,0.0994,51.8931,31.4722,1633.19,239.757
5.969,0.0995,51.8668,31.4851,1633.03,239.908
5.971,0.0995,51.8405,31.363,1625.87,240.06
5.973,0.0996,51.8141,31.3769,1625.76,240.212
5.976,0.0996,51.7877,31.3914,1625.69,240.364
5.978,0.0996,51.7613,31.4059,1625.61,240.516
5.981,0.0997,51.7348,31.1615,1612.14,240.668
5.983,0.0997,51.7083,31.1743,1611.97,240.82
5.986,0.0998,51.6818,31.1779,1611.33,240.972
5.988,0.0998,51.6552,31.1003,1606.49,241.124
5.991,0.0998,51.6286,31.0657,1603.88,241.276
5.993,0.0999,51.6019,31.0803,1603.8,241.428
5.996,0.0999,51.5751,31.0948,1603.72,241.58
5.998,0.1000,51.5484,31.1091,1603.62,241.732
6.001,0.1000,51.5216,31.1232,1603.52,241.884
6.003,0.1001,51.4947,31.0528,1599.05,242.037
6.006,0.1001,51.4679,31.0671,1598.96,242.189
6.008,0.1001,51.441,31.0959,1599.61,242.341
6.011,0.1002,51.4142,31.1094,1599.46,242.493
6.013,0.1002,51.3873,31.1222,1599.29,242.646
6.016,0.1003,51.3604,31.135,1599.11,242.798
6.018,0.1003,51.3336,31.0901,1595.97,242.951
6.020,0.1003,51.3067,31.0539,1593.27,243.103
6.023,0.1004,51.2799,31.0625,1592.88,243.255
6.025,0.1004,51.2532,31.0759,1592.74,243.408
6.028,0.1005,51.2263,30.9916,1587.59,243.56
6.030,0.1005,51.1998,30.9377,1584.01,243.712
6.033,0.1005,51.1731,30.9416,1583.38,243.865
6.035,0.1006,51.1467,30.9575,1583.38,244.017
6.038,0.1006,51.1202,30.9588,1582.62,244.169
6.040,0.1007,51.094,30.9764,1582.71,244.321
6.043,0.1007,51.0677,30.9751,1581.83,244.474
6.045,0.1008,51.0418,30.995,1582.04,244.626
6.048,0.1008,51.0157,30.9913,1581.04,244.778
6.050,0.1008,50.9899,31.0139,1581.39,244.93
6.053,0.1009,50.9641,31.0059,1580.19,245.083
6.055,0.1009,50.9386,31.0386,1581.06,245.235
6.058,0.1010,50.913,31.023,1579.47,245.387
6.060,0.1010,50.8876,31.0592,1580.53,245.539
6.063,0.1010,50.8623,31.0688,1580.23,245.692
6.065,0.1011,50.837,31.0793,1579.98,245.844
6.067,0.1011,50.8118,31.0901,1579.75,245.996
6.070,0.1012,50.7867,31.1018,1579.56,246.149
6.072,0.1012,50.7616,31.1141,1579.4,246.301
6.075,0.1012,50.7365,31.1272,1579.28,246.454
6.077,0.1013,50.7115,31.1411,1579.21,246.606
6.080,0.1013,50.6865,31.1557,1579.17,246.759
6.082,0.1014,50.6615,31.1714,1579.19,246.911
6.085,0.1014,50.6366,31.1875,1579.23,247.064
6.087,0.1015,50.6116,31.1149,1574.78,247.217
6.090,0.1015,50.5867,31.1329,1574.91,247.369
6.092,0.1015,50.5617,31.1514,1575.07,247.522
6.095,0.1016,50.5367,31.1429,1573.86,247.675
6.097,0.1016,50.5117,31.1598,1573.94,247.827
6.100,0.1017,50.4867,31.1842,1574.39,247.98
6.102,0.1017,50.4616,31.1367,1571.21,248.133
6.105,0.1017,50.4367,31.1508,1571.14,248.286
6.107,0.1018,50.4116,31.1843,1572.05,248.439
6.109,0.1018,50.3866,31.1982,1571.97,248.592
6.112,0.1019,50.3615,31.2335,1572.97,248.744
6.114,0.1019,50.3365,31.1763,1569.31,248.897
6.117,0.1019,50.3115,31.2031,1569.88,249.05
6.119,0.1020,50.2865,31.1392,1565.88,249.203
6.122,0.1020,50.2615,31.1652,1566.41,249.356
6.124,0.1021,50.2367,31.0663,1560.67,249.509
6.127,0.1021,50.2118,31.0795,1560.56,249.662
6.129,0.1022,50.187,31.1044,1561.04,249.815
6.132,0.1022,50.1622,31.1255,1561.32,249.968
6.134,0.1022,50.1375,31.1506,1561.81,250.121
6.137,0.1023,50.1128,31.169,1561.97,250.274
6.139,0.1023,50.0883,31.1934,1562.43,250.427
6.142,0.1024,50.0637,31.2094,1562.46,250.58
6.144,0.1024,50.0393,31.2323,1562.84,250.733
6.147,0.1024,50.015,31.1749,1559.21,250.886
6.149,0.1025,54.1404,31.1532,1686.65,251.039
6.151,0.1025,54.1147,31.1999,1688.37,251.193
6.154,0.1026,54.0889,31.041,1678.97,251.345
6.156,0.1026,54.0634,31.0709,1679.8,251.499
6.159,0.1026,54.0376,31.0685,1678.87,251.652
6.161,0.1027,54.0123,31.0837,1678.9,251.806
6.164,0.1027,53.9871,31.0907,1678.5,251.959
6.166,0.1028,53.9618,31.1113,1678.82,252.113
6.169,0.1028,53.9367,31.1104,1677.99,252.267
6.171,0.1029,53.9116,31.1361,1678.6,252.42
6.174,0.1029,53.8866,31.124,1677.17,252.574
6.176,0.1029,53.8616,31.1511,1677.85,252.728
6.179,0.1030,53.8368,31.1409,1676.53,252.882
6.181,0.1030,53.8118,31.1987,1678.86,253.035
6.184,0.1031,53.7871,31.1906,1677.65,253.189
6.186,0.1031,53.7622,31.2149,1678.18,253.343
6.188,0.1031,53.7377,31.2065,1676.96,253.496
6.191,0.1032,53.7129,31.2308,1677.5,253.65
6.193,0.1032,53.6885,31.2235,1676.34,253.804
6.196,0.1033,53.6638,31.2471,1676.84,253.958
6.198,0.1033,53.6395,31.1072,1668.57,254.111
6.201,0.1033,53.615,31.1182,1668.4,254.265
6.203,0.1034,53.5907,31.1278,1668.16,254.418
6.206,0.1034,53.5663,31.1365,1667.87,254.572
6.208,0.1035,53.5421,31.1498,1667.83,254.725
6.211,0.1035,53.5178,31.1566,1667.43,254.879
6.213,0.1036,53.4937,31.1819,1668.03,255.032
6.216,0.1036,53.4696,31.0728,1661.45,255.186
6.218,0.1036,53.4454,31.0947,1661.87,255.339
6.221,0.1037,53.4215,31.0977,1661.29,255.493
6.223,0.1037,53.3974,31.1202,1661.74,255.646
6.226,0.1038,53.3735,31.1247,1661.24,255.8
6.228,0.1038,53.3494,31.0401,1655.97,255.953
6.230,0.1038,53.3257,31.0507,1655.8,256.107
6.233,0.1039,53.3016,31.0677,1655.96,256.26
6.235,0.1039,53.278,31.0332,1653.38,256.414
6.238,0.1040,53.2539,30.9399,1647.67,256.568
6.240,0.1040,53.2303,30.6024,1628.98,256.721
6.243,0.1040,53.2062,30.6227,1629.32,256.875
6.245,0.1041,53.1827,30.636,1629.31,257.029
6.248,0.1041,53.1586,30.6551,1629.59,257.183
6.250,0.1042,53.1352,30.67,1629.66,257.337
6.253,0.1042,53.1111,30.6888,1629.92,257.491
6.255,0.1043,53.0876,30.7481,1632.35,257.645
6.258,0.1043,53.0635,30.7378,1631.06,257.799
6.260,0.1043,53.0401,30.7555,1631.28,257.953
6.263,0.1044,53.0166,30.7736,1631.51,258.108
6.265,0.1044,52.9932,30.8654,1635.66,258.262
6.267,0.1045,52.9698,30.6791,1625.06,258.417
6.270,0.1045,52.9463,30.6944,1625.16,258.571
6.272,0.1045,52.9228,30.7099,1625.25,258.726
6.275,0.1046,52.8994,30.7247,1625.32,258.88
6.277,0.1046,52.8759,30.7394,1625.37,259.035
6.280,0.1047,52.8524,30.7533,1625.38,259.189
6.282,0.1047,52.8288,30.7668,1625.37,259.344
6.285,0.1047,52.8053,30.7795,1625.32,259.498
6.287,0.1048,52.7817,30.7914,1625.23,259.653
6.290,0.1048,52.7582,30.8025,1625.08,259.807
6.292,0.1049,52.7346,30.8127,1624.89,259.962
6.295,0.1049,52.7111,30.8219,1624.66,260.116
6.297,0.1050,52.6875,30.8302,1624.37,260.27
6.300,0.1050,52.6639,30.8376,1624.03,260.425
6.302,0.1050,52.6404,30.844,1623.64,260.579
6.305,0.1051,52.6168,30.8495,1623.2,260.734
6.307,0.1051,52.5933,30.8542,1622.72,260.888
6.309,0.1052,52.5698,30.8581,1622.2,261.042
6.312,0.1052,52.5463,30.8631,1621.74,261.196
6.314,0.1052,52.5228,30.8655,1621.14,261.351
6.317,0.1053,52.4994,30.8992,1622.19,261.505
6.319,0.1053,52.4759,30.9025,1621.64,261.659
6.322,0.1054,52.4525,30.8521,1618.27,261.814
6.324,0.1054,52.429,30.854,1617.64,261.968
6.327,0.1054,52.4057,30.858,1617.13,262.122
6.329,0.1055,52.3823,30.8582,1616.43,262.277
6.332,0.1055,52.3591,30.8638,1616,262.431
6.334,0.1056,52.3358,30.8621,1615.19,262.586
6.337,0.1056,52.3126,30.8687,1614.82,262.74
6.339,0.1057,52.2894,30.8674,1614.04,262.895
6.342,0.1057,52.2663,30.8164,1610.66,263.049
6.344,0.1057,52.2432,30.8222,1610.25,263.204
6.347,0.1058,52.2202,30.824,1609.64,263.358
6.349,0.1058,52.1972,30.5987,1597.17,263.513
6.351,0.1059,52.1743,30.6145,1597.29,263.668
6.354,0.1059,52.1515,30.6056,1596.13,263.822
6.356,0.1059,52.1286,30.5815,1594.17,263.977
6.359,0.1060,52.1059,30.5173,1590.13,264.132
6.361,0.1060,52.0832,30.5191,1589.53,264.287
6.364,0.1061,52.0605,30.521,1588.94,264.441
6.366,0.1061,52.0378,30.5224,1588.32,264.596
6.369,0.1061,52.0152,30.5238,1587.7,264.751
6.371,0.1062,51.9926,30.5249,1587.07,264.906
6.374,0.1062,51.97,30.5261,1586.44,265.06
6.376,0.1063,51.9474,30.5271,1585.8,265.215
6.379,0.1063,51.9248,30.5282,1585.17,265.37
6.381,0.1064,51.9023,30.5293,1584.54,265.524
6.384,0.1064,51.8797,30.5308,1583.93,265.679
6.386,0.1064,51.8571,30.441,1578.58,265.833
6.388,0.1065,51.8346,30.455,1578.62,265.988
6.391,0.1065,51.812,30.2997,1569.89,266.142
6.393,0.1066,51.7894,30.3004,1569.24,266.297
6.396,0.1066,51.7668,30.3094,1569.02,266.451
6.398,0.1066,51.7442,30.3093,1568.33,266.606
6.401,0.1067,51.7216,30.3235,1568.38,266.761
6.403,0.1067,51.699,30.3219,1567.61,266.915
6.406,0.1068,51.6764,30.3426,1568,267.07
6.408,0.1068,51.6537,30.3384,1567.09,267.225
6.411,0.1068,51.6311,30.3666,1567.86,267.379
6.413,0.1069,51.6084,30.3588,1566.77,267.534
6.416,0.1069,51.5858,30.3949,1567.95,267.689
6.418,0.1070,51.5631,30.3829,1566.64,267.844
6.421,0.1070,51.5405,30.4267,1568.2,267.998
6.423,0.1070,51.5178,30.41,1566.66,268.154
6.425,0.1071,51.4951,30.4605,1568.56,268.308
6.428,0.1071,51.4725,30.4392,1566.78,268.464
6.430,0.1072,51.4497,30.4947,1568.94,268.619
6.433,0.1072,51.4271,30.3797,1562.34,268.774
6.435,0.1073,51.4044,30.4457,1565.04,268.929
6.438,0.1073,51.3818,30.4091,1562.48,269.084
6.440,0.1073,51.4316,30.4627,1566.74,269.239
6.443,0.1074,51.4088,30.4157,1563.63,269.395
6.445,0.1074,51.386,30.4895,1566.73,269.55
6.448,0.1075,51.3632,30.4404,1563.52,269.705
6.450,0.1075,51.3405,30.3909,1560.28,269.86
6.453,0.1075,51.3177,30.2715,1553.47,270.016
6.455,0.1076,51.2951,30.291,1553.78,270.171
6.458,0.1076,51.2723,30.299,1553.5,270.326
6.460,0.1077,51.2496,30.3072,1553.23,270.482
6.462,0.1077,51.2268,30.3096,1552.66,270.637
6.465,0.1077,51.2041,30.3186,1552.44,270.792
6.467,0.1078,51.1814,30.3152,1551.58,270.948
6.470,0.1078,51.1588,30.2585,1547.99,271.103
6.472,0.1079,51.1361,30.2527,1547,271.259
6.475,0.1079,51.1135,30.2646,1546.93,271.414
6.477,0.1080,51.0909,30.2531,1545.66,271.57
6.480,0.1080,51.0683,30.2701,1545.84,271.725
6.482,0.1080,51.0457,30.2521,1544.24,271.88
6.485,0.1081,51.0232,30.276,1544.78,272.036
6.487,0.1081,51.0006,30.251,1542.82,272.191
6.490,0.1082,50.9782,30.1991,1539.5,272.347
6.492,0.1082,50.9556,30.177,1537.69,272.502
6.495,0.1082,50.9333,30.2081,1538.59,272.657
6.497,0.1083,50.9107,30.1856,1536.77,272.813
6.499,0.1083,50.8884,30.1428,1533.92,272.968
6.502,0.1084,50.8658,30.034,1527.71,273.124
6.504,0.1084,50.8436,30.0753,1529.13,273.279
6.507,0.1084,50.821,30.0432,1526.82,273.435
6.509,0.1085,50.7988,30.1135,1529.73,273.59
6.512,0.1085,50.7763,30.1027,1528.5,273.746
6.514,0.1086,50.7541,30.1325,1529.35,273.902
6.517,0.1086,50.7316,30.1228,1528.17,274.057
6.519,0.1087,50.7094,30.1533,1529.05,274.213
6.522,0.1087,50.6869,30.1459,1528,274.368
6.524,0.1087,50.6648,30.1754,1528.83,274.524
6.527,0.1088,50.6422,30.1714,1527.95,274.68
6.529,0.1088,50.6201,30.1205,1524.7,274.835
6.532,0.1089,50.5976,30.144,1525.21,274.991
6.534,0.1089,50.5756,29.7952,1506.91,275.146
6.536,0.1089,50.5531,29.8358,1508.29,275.302
6.539,0.1090,50.5311,29.819,1506.79,275.457
6.541,0.1090,54.7787,29.8265,1633.86,275.613
6.544,0.1091,54.7551,29.8168,1632.62,275.769
6.546,0.1091,54.7314,30.0291,1643.53,275.924
6.549,0.1091,54.7079,29.9879,1640.58,276.08
6.551,0.1092,54.6842,30.0623,1643.93,276.236
6.554,0.1092,54.6609,30.0192,1640.88,276.391
6.556,0.1093,54.6373,30.0362,1641.1,276.547
6.559,0.1093,54.6138,29.9813,1637.39,276.703
6.561,0.1094,54.5903,29.9998,1637.7,276.859
6.564,0.1094,54.567,30.0195,1638.07,277.015
6.566,0.1094,54.5437,30.039,1638.44,277.171
6.569,0.1095,54.5204,30.0595,1638.86,277.327
6.571,0.1095,54.4972,30.0908,1639.86,277.482
6.573,0.1096,54.4741,30.1118,1640.32,277.638
6.576,0.1096,54.451,30.1327,1640.75,277.794
6.578,0.1096,54.4279,30.1169,1639.2,277.95
6.581,0.1097,54.4049,30.1379,1639.65,278.106
6.583,0.1097,54.3819,30.1587,1640.09,278.262
6.586,0.1098,54.3589,30.179,1640.5,278.418
6.588,0.1098,54.3359,30.1989,1640.88,278.574
6.591,0.1098,54.3129,30.2181,1641.23,278.73
6.593,0.1099,54.2899,30.2366,1641.54,278.886
6.596,0.1099,54.267,30.2544,1641.81,279.042
6.598,0.1100,54.244,30.1772,1636.93,279.198
6.601,0.1100,54.221,30.1935,1637.12,279.354
6.603,0.1101,54.198,30.2091,1637.27,279.51
6.605,0.1101,54.175,30.142,1632.94,279.666
6.608,0.1101,54.1519,30.148,1632.57,279.822
6.610,0.1102,54.1289,30.168,1632.96,279.978
6.613,0.1102,54.1059,30.1656,1632.14,280.134
6.615,0.1103,54.0828,30.1913,1632.83,280.29
6.618,0.1103,54.0598,30.182,1631.63,280.446
6.620,0.1103,54.0366,30.2126,1632.59,280.602
6.623,0.1104,54.0137,30.1983,1631.12,280.757
6.625,0.1104,53.9906,29.9175,1615.26,280.913
6.628,0.1105,53.9676,29.9008,1613.67,281.069
6.630,0.1105,53.9446,29.9353,1614.84,281.225
6.633,0.1105,53.9217,29.9177,1613.21,281.381
6.635,0.1106,53.8987,29.9529,1614.42,281.537
6.638,0.1106,53.8759,29.8798,1609.8,281.692
6.640,0.1107,53.853,29.9207,1611.32,281.848
6.642,0.1107,53.8303,29.7782,1602.97,282.004
6.645,0.1107,53.8075,29.8166,1604.35,282.16
6.647,0.1108,53.785,29.7985,1602.71,282.316
6.650,0.1108,53.7622,29.8355,1604.02,282.472
6.652,0.1109,53.7398,29.8685,1605.13,282.628
6.655,0.1109,53.7172,29.8764,1604.87,282.784
6.657,0.1110,53.6946,29.8844,1604.63,282.94
6.660,0.1110,53.6721,29.8925,1604.39,283.097
6.662,0.1110,53.6496,29.9008,1604.17,283.253
6.665,0.1111,53.6272,29.9092,1603.95,283.409
6.667,0.1111,53.6048,29.9178,1603.74,283.566
6.670,0.1112,53.5825,29.9266,1603.54,283.722
6.672,0.1112,53.5602,29.9357,1603.36,283.878
6.674,0.1112,53.5379,29.8452,1597.85,284.035
6.677,0.1113,53.5156,29.8549,1597.7,284.191
6.679,0.1113,53.4934,29.8093,1594.6,284.347
6.682,0.1114,53.4711,29.8203,1594.52,284.504
6.684,0.1114,53.4489,29.6936,1587.09,284.66
6.687,0.1114,53.4267,29.7068,1587.14,284.816
6.689,0.1115,53.4044,29.7172,1587.03,284.973
6.692,0.1115,53.3822,29.7335,1587.24,285.129
6.694,0.1116,53.3599,29.712,1585.43,285.285
6.697,0.1116,53.3378,29.7366,1586.09,285.442
6.699,0.1117,53.3155,29.7414,1585.68,285.598
6.702,0.1117,53.2934,29.7718,1586.64,285.754
6.704,0.1117,53.2711,29.7742,1586.1,285.911
6.706,0.1118,53.2491,29.8109,1587.4,286.067
6.709,0.1118,53.2268,29.8099,1586.69,286.224
6.711,0.1119,53.2048,29.8536,1588.35,286.38
6.714,0.1119,53.1826,29.8483,1587.41,286.536
6.716,0.1119,53.1607,29.8991,1589.46,286.693
6.719,0.1120,53.1386,29.8883,1588.22,286.849
6.721,0.1120,53.1168,29.9465,1590.66,287.005
6.724,0.1121,53.0947,29.9293,1589.09,287.162
6.726,0.1121,53.0731,29.8677,1585.17,287.318
6.729,0.1121,53.0511,29.8334,1582.69,287.475
6.731,0.1122,53.0296,29.9304,1587.2,287.631
6.734,0.1122,53.0077,29.8859,1584.19,287.788
6.736,0.1123,52.9863,29.9769,1588.37,287.944
6.739,0.1123,52.9646,29.9235,1584.89,288.101
6.741,0.1123,52.9432,30.0209,1589.41,288.257
6.743,0.1124,52.9217,29.9225,1583.55,288.414
6.746,0.1124,52.9004,30.0365,1588.95,288.57
6.748,0.1125,52.879,29.9063,1581.42,288.727
6.751,0.1125,52.8578,30.0341,1587.54,288.883
6.753,0.1126,52.8365,30.0467,1587.56,289.04
6.756,0.1126,52.8152,30.0578,1587.51,289.197
6.758,0.1126,52.7938,30.0598,1586.97,289.354
6.761,0.1127,52.7726,29.9948,1582.91,289.511
6.763,0.1127,52.7513,29.9901,1582.01,289.668
6.766,0.1128,52.7301,30.0195,1582.93,289.825
6.768,0.1128,52.7088,30.006,1581.58,289.982
6.771,0.1128,52.6877,30.0415,1582.82,290.139
6.773,0.1129,52.6663,30.0197,1581.03,290.296
6.775,0.1129,52.6453,30.0614,1582.59,290.453
6.778,0.1130,52.624,30.0318,1580.4,290.61
6.780,0.1130,52.603,30.1102,1583.89,290.766
6.783,0.1130,52.5818,30.0796,1581.64,290.923
6.785,0.1131,52.5609,30.0299,1578.4,291.08
6.788,0.1131,52.5396,29.8583,1568.74,291.237
6.790,0.1132,52.5188,29.9049,1570.57,291.393
6.793,0.1132,52.4977,29.8712,1568.17,291.55
6.795,0.1133,52.4769,29.9212,1570.17,291.707
6.798,0.1133,52.4559,29.8836,1567.57,291.864
6.800,0.1133,52.4352,29.9374,1569.77,292.021
6.803,0.1134,52.4143,29.9555,1570.1,292.178
6.805,0.1134,52.3937,29.9794,1570.73,292.334
6.807,0.1135,52.3729,29.9305,1567.55,292.491
6.810,0.1135,52.3524,29.9508,1568,292.648
6.812,0.1135,52.3317,29.9416,1566.9,292.805
6.815,0.1136,52.3113,29.965,1567.51,292.962
6.817,0.1136,52.2907,29.8384,1560.27,293.119
6.820,0.1137,52.2704,29.8617,1560.88,293.276
6.822,0.1137,52.2499,29.8502,1559.67,293.433
6.825,0.1137,52.2297,29.8789,1560.57,293.59
6.827,0.1138,52.2092,29.8422,1558.04,293.747
6.830,0.1138,52.1891,29.8629,1558.52,293.904
6.832,0.1139,52.1687,29.7774,1553.45,294.062
6.835,0.1139,52.1486,29.7758,1552.76,294.218
6.837,0.1139,52.1282,29.7978,1553.31,294.376
6.839,0.1140,52.1082,29.8016,1552.91,294.533
6.842,0.1140,52.0878,29.8215,1553.34,294.69
6.844,0.1141,52.0679,29.8301,1553.19,294.847
6.847,0.1141,52.0475,29.83,1552.58,295.005
6.849,0.1142,52.0276,29.8107,1550.98,295.162
6.852,0.1142,52.0072,29.8242,1551.07,295.319
6.854,0.1142,51.9868,29.8382,1551.19,295.477
6.857,0.1143,51.9664,29.852,1551.3,295.634
6.859,0.1143,51.946,29.8664,1551.44,295.792
6.862,0.1144,51.9257,29.7505,1544.81,295.95
6.864,0.1144,51.9053,29.7648,1544.95,296.107
6.867,0.1144,51.885,29.7785,1545.06,296.265
6.869,0.1145,51.8648,29.7927,1545.19,296.422
6.871,0.1145,52.0633,29.7816,1550.53,296.58
6.874,0.1146,52.0417,29.7945,1550.56,296.737
6.876,0.1146,52.0201,29.8066,1550.55,296.895
6.879,0.1146,51.9986,29.7341,1546.13,297.052
6.881,0.1147,51.977,29.7461,1546.11,297.21
6.884,0.1147,51.9555,29.7583,1546.11,297.368
6.886,0.1148,51.9339,29.7699,1546.07,297.525
6.889,0.1148,51.9124,29.8042,1547.21,297.683
6.891,0.1149,51.8909,29.815,1547.13,297.84
6.894,0.1149,51.8694,29.8258,1547.05,297.998
6.896,0.1149,51.848,29.8361,1546.94,298.155
6.899,0.1150,51.8265,29.8463,1546.83,298.313
6.901,0.1150,51.8051,29.8562,1546.7,298.47
6.903,0.1151,51.7838,29.8696,1546.76,298.628
6.906,0.1151,55.7019,29.8722,1663.94,298.785
6.908,0.1151,55.6799,29.887,1664.11,298.943
6.911,0.1152,55.6579,29.8915,1663.7,299.1
6.913,0.1152,55.6359,29.9077,1663.94,299.257
6.916,0.1153,55.614,29.9099,1663.41,299.415
6.918,0.1153,55.592,29.9265,1663.68,299.572
6.921,0.1153,55.5701,29.9271,1663.05,299.729
6.923,0.1154,55.5482,29.9432,1663.29,299.887
6.926,0.1154,55.5262,29.8251,1656.07,300.044
6.928,0.1155,55.5043,29.8222,1655.26,300.201
6.930,0.1155,55.4823,29.8431,1655.76,300.359
6.933,0.1155,55.4604,29.8347,1654.64,300.516
6.935,0.1156,55.4384,29.7325,1648.32,300.673
6.938,0.1156,55.4165,29.7274,1647.39,300.83
6.940,0.1157,55.3944,29.6525,1642.58,300.988
6.943,0.1157,55.3725,29.6549,1642.07,301.145
6.945,0.1158,55.3505,29.6605,1641.72,301.302
6.948,0.1158,55.3286,29.6102,1638.29,301.46
6.950,0.1158,55.3066,29.6011,1637.13,301.617
6.953,0.1159,55.2845,29.6037,1636.63,301.775
6.955,0.1159,55.2625,29.5984,1635.68,301.932
6.958,0.1160,55.2405,29.5993,1635.08,302.09
6.960,0.1160,55.2186,29.6009,1634.52,302.248
6.962,0.1160,55.1967,29.6017,1633.92,302.405
6.965,0.1161,55.1748,29.6034,1633.36,302.563
6.967,0.1161,55.153,29.6046,1632.78,302.721
6.970,0.1162,55.1313,29.6066,1632.25,302.878
6.972,0.1162,55.1096,29.5969,1631.07,303.036
6.975,0.1162,55.0879,29.5996,1630.58,303.194
6.977,0.1163,55.0663,29.5647,1628.02,303.351
6.980,0.1163,55.0447,29.5598,1627.11,303.509
6.982,0.1164,55.0232,29.5774,1627.44,303.667
6.985,0.1164,55.0018,29.4389,1619.19,303.824
6.987,0.1165,54.9804,29.4667,1620.09,303.982
6.990,0.1165,54.959,29.3536,1613.24,304.14
6.992,0.1165,54.9377,29.3902,1614.63,304.297
6.994,0.1166,54.9163,29.3617,1612.44,304.455
6.997,0.1166,54.8951,29.4056,1614.22,304.613
6.999,0.1167,54.8738,29.3704,1611.66,304.77
7.002,0.1167,54.8526,29.4206,1613.79,304.928
7.004,0.1167,54.8313,29.379,1610.89,305.086
7.007,0.1168,54.8102,29.4346,1613.32,305.243
7.009,0.1168,54.7889,29.3869,1610.08,305.401
7.012,0.1169,54.7678,29.4474,1612.77,305.559
7.014,0.1169,54.7465,29.3937,1609.2,305.716
7.017,0.1169,54.7254,29.4587,1612.14,305.874
7.019,0.1170,54.7041,29.3991,1608.25,306.032
7.022,0.1170,54.683,29.4688,1611.44,306.189
7.024,0.1171,54.6617,29.3505,1604.35,306.347
7.026,0.1171,54.6406,29.433,1608.24,306.505
7.029,0.1171,54.6193,29.3662,1603.96,306.663
7.031,0.1172,54.5983,29.3941,1604.87,306.82
7.034,0.1172,54.5769,29.3734,1603.11,306.978
7.036,0.1173,54.5559,29.4003,1603.96,307.136
7.039,0.1173,54.5346,29.3805,1602.25,307.294
7.041,0.1174,54.5136,29.364,1600.74,307.451
7.044,0.1174,54.4923,29.347,1599.18,307.609
7.046,0.1174,54.4713,29.3729,1599.98,307.767
7.049,0.1175,54.45,29.1662,1588.1,307.925
7.051,0.1175,54.4287,29.1738,1587.89,308.084
7.053,0.1176,54.4074,29.1104,1583.82,308.242
7.056,0.1176,54.3861,29.1174,1583.58,308.4
7.058,0.1176,54.3647,29.1256,1583.41,308.559
7.061,0.1177,54.3435,29.1335,1583.21,308.717
7.063,0.1177,54.3221,29.0823,1579.81,308.875
7.066,0.1178,54.3008,29.0905,1579.64,309.033
7.068,0.1178,54.2794,29.1027,1579.68,309.192
7.071,0.1178,54.2581,29.111,1579.51,309.35
7.073,0.1179,54.2367,29.1246,1579.62,309.508
7.076,0.1179,54.2154,29.1323,1579.42,309.666
7.078,0.1180,54.1939,29.1467,1579.57,309.824
7.081,0.1180,54.1727,29.1533,1579.31,309.982
7.083,0.1180,54.1511,29.1444,1578.2,310.14
7.085,0.1181,54.1299,29.1539,1578.1,310.298
7.088,0.1181,54.1083,29.1638,1578.01,310.456
7.090,0.1182,54.087,29.172,1577.83,310.614
7.093,0.1182,54.0655,29.1806,1577.66,310.772
7.095,0.1183,54.0442,29.1874,1577.41,310.93
7.098,0.1183,54.0226,29.1941,1577.14,311.088
7.100,0.1183,54.0014,29.1999,1576.83,311.246
7.103,0.1184,53.9798,29.2042,1576.44,311.404
7.105,0.1184,53.9586,29.2095,1576.1,311.562
7.108,0.1185,53.9371,29.2713,1578.81,311.72
7.110,0.1185,53.916,29.2681,1578.02,311.878
7.112,0.1185,53.8946,29.2775,1577.9,312.037
7.115,0.1186,53.8735,29.275,1577.14,312.195
7.117,0.1186,53.8522,29.2829,1576.95,312.354
7.120,0.1187,53.8311,29.2818,1576.27,312.511
7.122,0.1187,53.8099,29.2885,1576.01,312.67
7.125,0.1187,53.7891,29.2439,1573,312.828
7.127,0.1188,53.768,29.2821,1574.44,312.987
7.130,0.1188,53.7472,29.1383,1566.1,313.145
7.132,0.1189,53.7263,29.1795,1567.7,313.305
7.135,0.1189,53.7056,29.1417,1565.07,313.463
7.137,0.1190,53.6848,29.195,1567.33,313.622
7.140,0.1190,53.6643,29.0986,1561.56,313.78
7.142,0.1190,53.6436,29.1832,1565.49,313.939
7.144,0.1191,53.6233,29.0385,1557.14,314.097
7.147,0.1191,53.6026,28.9514,1551.87,314.256
7.149,0.1192,53.582,28.9444,1550.9,314.415
7.152,0.1192,53.5614,28.9574,1551,314.574
7.154,0.1192,53.5409,28.9716,1551.17,314.734
7.157,0.1193,53.5205,28.9858,1551.33,314.893
7.159,0.1193,53.5001,29.0011,1551.56,315.052
7.162,0.1194,53.4798,29.0163,1551.78,315.211
7.164,0.1194,53.4594,29.0324,1552.06,315.37
7.167,0.1194,53.4391,29.0485,1552.33,315.529
7.169,0.1195,53.4189,29.0652,1552.63,315.688
7.171,0.1195,53.3987,29.0834,1553.01,315.847
7.174,0.1196,53.3785,29.1003,1553.33,316.006
7.176,0.1196,53.3583,29.1175,1553.66,316.165
7.179,0.1196,53.3381,29.1348,1554,316.324
7.181,0.1197,53.318,29.1525,1554.35,316.483
7.184,0.1197,53.2979,29.0935,1550.62,316.641
7.186,0.1198,53.2778,29.1112,1550.98,316.8
7.189,0.1198,53.2578,29.0957,1549.57,316.959
7.191,0.1199,53.2378,29.1142,1549.98,317.117
7.194,0.1199,53.2178,29.1324,1550.36,317.276
7.196,0.1199,53.1978,29.0999,1548.05,317.435
7.198,0.1200,53.1779,29.1138,1548.21,317.593
7.201,0.1200,53.158,29.2297,1553.79,317.752
7.203,0.1201,53.1381,29.237,1553.6,317.91
7.206,0.1201,53.1182,29.2514,1553.78,318.069
7.208,0.1201,53.0983,29.2556,1553.42,318.227
7.211,0.1202,53.0785,29.2879,1554.56,318.386
7.213,0.1202,53.0586,29.2868,1553.92,318.544
7.216,0.1203,53.0387,29.3231,1555.26,318.702
7.218,0.1203,53.0188,29.3165,1554.32,318.861
7.221,0.1203,52.9989,29.2758,1551.58,319.019
7.223,0.1204,52.979,29.2614,1550.24,319.178
7.225,0.1204,52.959,29.3072,1552.08,319.336
7.228,0.1205,52.939,29.2925,1550.71,319.495
7.230,0.1205,52.9189,29.3433,1552.82,319.653
7.233,0.1205,52.8988,29.3136,1550.65,319.812
7.235,0.1206,52.8786,29.3688,1552.98,319.971
7.238,0.1206,52.8584,29.3313,1550.41,320.129
7.240,0.1207,52.838,29.3911,1552.97,320.288
7.243,0.1207,52.8177,29.2764,1546.31,320.447
7.245,0.1208,52.7973,29.0867,1535.7,320.606
7.248,0.1208,52.7768,29.0947,1535.53,320.765
7.250,0.1208,52.7562,29.1028,1535.35,320.924
7.252,0.1209,52.7356,29.0273,1530.78,321.083
7.255,0.1209,52.715,29.0329,1530.47,321.242
7.257,0.1210,52.6944,28.8944,1522.58,321.401
7.260,0.1210,52.6738,28.8986,1522.2,321.56
7.262,0.1210,56.26,28.8947,1625.62,321.719
7.265,0.1211,56.2377,28.8982,1625.17,321.878
7.267,0.1211,56.2154,28.9009,1624.67,322.037
7.270,0.1212,56.1931,28.9038,1624.2,322.196
7.272,0.1212,56.1707,28.9074,1623.75,322.355
7.275,0.1212,56.1483,28.8746,1621.26,322.514
7.277,0.1213,56.1259,28.88,1620.91,322.673
7.280,0.1213,56.1033,28.8806,1620.29,322.832
7.282,0.1214,56.0808,28.8883,1620.08,322.991
7.284,0.1214,56.0582,28.8069,1614.86,323.15
7.287,0.1214,56.0356,28.8134,1614.58,323.31
7.289,0.1215,56.0129,28.8178,1614.17,323.469
7.292,0.1215,55.9902,28.827,1614.03,323.628
7.294,0.1216,55.9674,28.8313,1613.61,323.787
7.297,0.1216,55.9448,28.8435,1613.64,323.946
7.299,0.1217,55.922,28.8165,1611.48,324.105
7.302,0.1217,55.8993,28.8217,1611.11,324.264
7.304,0.1217,55.8764,28.837,1611.31,324.423
7.307,0.1218,55.8538,28.8434,1611.01,324.582
7.309,0.1218,55.831,28.767,1606.09,324.741
7.311,0.1219,55.8083,28.7643,1605.29,324.901
7.314,0.1219,55.7856,28.7936,1606.27,325.06
7.316,0.1219,55.763,28.789,1605.36,325.219
7.319,0.1220,55.7404,28.8221,1606.55,325.378
7.321,0.1220,55.7178,28.8146,1605.49,325.537
7.324,0.1221,55.6953,28.8524,1606.94,325.696
7.326,0.1221,55.6728,28.8409,1605.65,325.855
7.329,0.1221,55.6504,28.884,1607.41,326.015
7.331,0.1222,55.628,28.8676,1605.84,326.174
7.333,0.1222,55.6056,28.7973,1601.29,326.333
7.336,0.1223,55.5834,28.8031,1600.97,326.492
7.338,0.1223,55.5611,28.8303,1601.84,326.652
7.341,0.1223,55.539,28.8321,1601.31,326.811
7.343,0.1224,55.5168,28.8488,1601.6,326.971
7.346,0.1224,55.4947,28.8664,1601.94,327.13
7.348,0.1225,55.4726,28.8192,1598.68,327.29
7.351,0.1225,55.4506,28.8381,1599.09,327.45
7.353,0.1226,55.4285,28.853,1599.28,327.609
7.356,0.1226,55.4066,28.8727,1599.74,327.769
7.358,0.1226,55.3844,28.949,1603.32,327.929
7.360,0.1227,55.3626,28.9283,1601.55,328.089
7.363,0.1227,55.3405,28.9343,1601.24,328.248
7.365,0.1228,55.3188,28.9614,1602.11,328.408
7.368,0.1228,55.2967,28.9647,1601.65,328.568
7.370,0.1228,55.2751,28.9246,1598.81,328.727
7.373,0.1229,55.2531,28.8563,1594.4,328.887
7.375,0.1229,55.2315,28.889,1595.58,329.046
7.378,0.1230,55.2096,28.8355,1592,329.206
7.380,0.1230,55.1881,28.8535,1592.37,329.366
7.383,0.1230,55.1662,28.86,1592.1,329.525
7.385,0.1231,55.1448,28.8759,1592.36,329.685
7.387,0.1231,55.123,28.8819,1592.06,329.845
7.390,0.1232,55.1017,28.895,1592.16,330.005
7.392,0.1232,55.08,28.9012,1591.88,330.164
7.395,0.1232,55.0587,28.911,1591.8,330.324
7.397,0.1233,55.0371,28.8895,1589.99,330.484
7.400,0.1233,55.0158,28.8989,1589.9,330.644
7.402,0.1234,54.9944,28.8579,1587.02,330.804
7.405,0.1234,54.9731,28.8508,1586.02,330.964
7.407,0.1235,54.9517,28.8717,1586.55,331.124
7.410,0.1235,54.9304,28.8605,1585.32,331.284
7.412,0.1235,54.9092,28.8843,1586.01,331.444
7.414,0.1236,54.8879,28.87,1584.61,331.604
7.417,0.1236,54.8667,28.8962,1585.44,331.764
7.419,0.1237,54.8454,28.8443,1581.98,331.924
7.422,0.1237,54.8242,28.9523,1587.29,332.085
7.424,0.1237,54.803,28.9088,1584.29,332.245
7.427,0.1238,54.7818,28.9666,1586.84,332.405
7.429,0.1238,54.7607,28.9228,1583.83,332.566
7.432,0.1239,54.7395,28.9826,1586.49,332.726
7.434,0.1239,54.7184,28.8539,1578.84,332.887
7.437,0.1239,54.6973,28.8631,1578.73,333.047
7.439,0.1240,54.6763,28.8745,1578.75,333.207
7.441,0.1240,54.6552,28.8831,1578.61,333.368
7.444,0.1241,54.6342,28.7837,1572.58,333.529
7.446,0.1241,54.6132,28.7934,1572.5,333.69
7.449,0.1241,54.5924,28.8045,1572.5,333.85
7.451,0.1242,54.5716,28.8156,1572.51,334.011
7.454,0.1242,54.5508,28.8277,1572.58,334.172
7.456,0.1243,54.5302,28.8399,1572.65,334.333
7.459,0.1243,54.5096,28.8528,1572.75,334.493
7.461,0.1244,54.4891,28.9011,1574.8,334.654
7.464,0.1244,54.4686,28.818,1569.68,334.815
7.466,0.1244,54.4483,28.826,1569.52,334.975
7.468,0.1245,54.428,28.7949,1567.25,335.136
7.471,0.1245,54.4077,28.8084,1567.4,335.297
7.473,0.1246,54.3876,28.8213,1567.52,335.457
7.476,0.1246,54.3674,28.8346,1567.66,335.618
7.478,0.1246,54.3473,28.847,1567.76,335.778
7.481,0.1247,54.3273,28.8206,1565.74,335.939
7.483,0.1247,54.3073,28.8316,1565.76,336.1
7.486,0.1248,54.2873,28.8431,1565.81,336.26
7.488,0.1248,54.2673,28.8535,1565.8,336.421
7.491,0.1248,54.2473,28.8644,1565.81,336.581
7.493,0.1249,54.2273,28.8775,1565.95,336.742
7.495,0.1249,54.2073,28.8842,1565.74,336.903
7.498,0.1250,54.1873,28.9666,1569.62,337.063
7.500,0.1250,54.1673,28.9684,1569.14,337.224
7.503,0.1250,54.1473,28.9889,1569.67,337.385
7.505,0.1251,54.1272,28.9861,1568.94,337.545
7.508,0.1251,54.1072,29.0104,1569.67,337.706
7.510,0.1252,54.0871,29.0029,1568.68,337.867
7.513,0.1252,54.067,29.0313,1569.64,338.028
7.515,0.1253,54.0469,28.9135,1562.68,338.189
7.518,0.1253,54.0268,28.9459,1563.85,338.35
7.520,0.1253,54.0066,28.9303,1562.43,338.511
7.522,0.1254,54.1967,28.9569,1569.37,338.672
7.525,0.1254,54.1761,28.9222,1566.89,338.833
7.527,0.1255,54.1555,28.9546,1568.05,338.994
7.530,0.1255,54.1348,28.9396,1566.64,339.155
7.532,0.1255,54.1143,28.9069,1564.27,339.316
7.535,0.1256,54.0936,28.8713,1561.75,339.477
7.537,0.1256,54.0731,28.927,1564.17,339.639
7.540,0.1257,54.0525,28.9339,1563.95,339.8
7.542,0.1257,54.0319,28.9402,1563.69,339.961
7.544,0.1257,54.0113,28.9464,1563.43,340.123
7.547,0.1258,53.9908,28.9519,1563.13,340.284
7.549,0.1258,53.9703,28.9572,1562.83,340.445
7.552,0.1259,53.9498,28.9619,1562.49,340.607
7.554,0.1259,53.9294,28.9665,1562.14,340.768
7.557,0.1259,53.9089,28.9705,1561.77,340.929
7.559,0.1260,53.8886,28.9743,1561.39,341.091
7.562,0.1260,53.8682,28.9777,1560.98,341.252
7.564,0.1261,53.8479,28.981,1560.57,341.413
7.567,0.1261,53.8276,28.9857,1560.23,341.575
7.569,0.1262,53.8073,28.987,1559.71,341.736
7.571,0.1262,53.7871,28.9857,1559.06,341.898
7.574,0.1262,53.7669,28.9779,1558.05,342.059
7.576,0.1263,53.7467,28.9198,1554.35,342.221
7.579,0.1263,53.7266,28.916,1553.56,342.382
7.581,0.1264,53.7065,28.9328,1553.88,342.544
7.584,0.1264,53.6864,28.9361,1553.47,342.705
7.586,0.1264,53.6663,28.9505,1553.67,342.867
7.589,0.1265,53.6462,28.9478,1552.94,343.028
7.591,0.1265,53.6262,28.9658,1553.33,343.19
7.594,0.1266,53.6062,28.9599,1552.43,343.351
7.596,0.1266,53.5862,28.982,1553.04,343.513
7.598,0.1266,53.5662,28.9725,1551.95,343.675
7.601,0.1267,53.5463,28.9708,1551.28,343.836
7.603,0.1267,53.5263,28.9673,1550.51,343.998
7.606,0.1268,53.5065,28.9881,1551.05,344.16
7.608,0.1268,53.4865,28.9811,1550.1,344.322
7.611,0.1268,53.4667,29.0051,1550.81,344.483
7.613,0.1269,53.4467,28.9949,1549.68,344.645
7.616,0.1269,53.427,29.0214,1550.52,344.807
7.618,0.1270,53.407,29.0086,1549.26,344.969
7.621,0.1270,53.3873,29.0362,1550.17,345.131
7.623,0.1270,53.3674,29.0705,1551.42,345.292
7.625,0.1271,53.3478,29.0822,1551.47,345.454
7.628,0.1271,53.3278,29.0839,1550.98,345.616
7.630,0.1272,53.3083,29.0932,1550.91,345.778
7.633,0.1272,57.004,28.9928,1652.71,345.94
7.635,0.1273,56.9833,28.9992,1652.47,346.102
7.638,0.1273,56.9626,29.0046,1652.18,346.264
7.640,0.1273,56.942,29.0068,1651.71,346.426
7.643,0.1274,56.9213,29.0132,1651.47,346.588
7.645,0.1274,56.9007,29.0127,1650.84,346.75
7.647,0.1275,56.88,29.0196,1650.63,346.912
7.650,0.1275,56.8594,29.0172,1649.9,347.074
7.652,0.1275,56.8386,29.0239,1649.68,347.236
7.655,0.1276,56.8181,28.9867,1646.97,347.399
7.657,0.1276,56.7972,28.9951,1646.84,347.561
7.660,0.1277,56.7766,28.9518,1643.78,347.723
7.662,0.1277,56.7556,28.9301,1641.94,347.885
7.665,0.1277,56.7349,28.9252,1641.07,348.047
7.667,0.1278,56.7139,28.9322,1640.86,348.21
7.670,0.1278,56.6931,28.8519,1635.71,348.372
7.672,0.1279,56.672,28.8508,1635.03,348.534
7.674,0.1279,56.6512,28.866,1635.29,348.696
7.677,0.1279,56.63,28.8515,1633.86,348.859
7.679,0.1280,56.6091,28.7273,1626.23,349.021
7.682,0.1280,56.5878,28.6827,1623.09,349.183
7.684,0.1281,56.5668,28.6897,1622.89,349.346
7.687,0.1281,56.5456,28.6872,1622.14,349.508
7.689,0.1282,56.5246,28.5805,1615.5,349.67
7.692,0.1282,56.5033,28.6067,1616.37,349.833
7.694,0.1282,56.4823,28.5876,1614.69,349.995
7.697,0.1283,56.4611,28.6148,1615.62,350.158
7.699,0.1283,56.44,28.5952,1613.92,350.32
7.701,0.1284,56.4188,28.6236,1614.91,350.482
7.704,0.1284,56.3978,28.5456,1609.91,350.645
7.706,0.1284,56.3767,28.3468,1598.1,350.807
7.709,0.1285,56.3557,28.308,1595.32,350.97
7.711,0.1285,56.3346,28.359,1597.59,351.132
7.714,0.1286,56.3137,28.3146,1594.5,351.295
7.716,0.1286,56.2926,28.3146,1593.9,351.457
7.719,0.1286,56.2718,28.2628,1590.4,351.62
7.721,0.1287,56.2507,28.1931,1585.88,351.782
7.724,0.1287,56.23,28.1533,1583.06,351.945
7.726,0.1288,56.2089,28.2067,1585.47,352.108
7.728,0.1288,56.1883,28.1629,1582.43,352.27
7.731,0.1288,56.1673,28.2215,1585.12,352.433
7.733,0.1289,56.1467,28.1735,1581.85,352.596
7.736,0.1289,56.1257,28.1814,1581.7,352.758
7.738,0.1290,56.1048,28.1897,1581.58,352.921
7.741,0.1290,56.0839,28.1979,1581.45,353.084
7.743,0.1291,56.063,28.2065,1581.34,353.247
7.746,0.1291,56.0422,28.2147,1581.21,353.409
7.748,0.1291,56.0214,28.2234,1581.11,353.572
7.750,0.1292,56.0006,28.2317,1580.99,353.735
7.753,0.1292,55.9799,28.2404,1580.9,353.898
7.755,0.1293,55.9592,28.2486,1580.77,354.061
7.758,0.1293,55.9386,28.2573,1580.67,354.224
7.760,0.1293,55.9179,28.2655,1580.55,354.387
7.763,0.1294,55.8973,28.274,1580.44,354.55
7.765,0.1294,55.8767,28.2822,1580.31,354.713
7.768,0.1295,55.8562,28.2089,1575.64,354.875
7.770,0.1295,55.8356,28.1578,1572.21,355.038
7.773,0.1295,55.8151,28.1673,1572.16,355.201
7.775,0.1296,55.7945,28.1768,1572.11,355.364
7.777,0.1296,55.774,28.1864,1572.07,355.527
7.780,0.1297,55.7535,28.1961,1572.03,355.69
7.782,0.1297,55.733,28.2058,1571.99,355.853
7.785,0.1297,55.7125,28.2157,1571.97,356.016
7.787,0.1298,55.6919,28.2531,1573.47,356.179
7.790,0.1298,55.6713,28.2686,1573.75,356.342
7.792,0.1299,55.6508,28.2003,1569.37,356.505
7.795,0.1299,55.6301,28.2238,1570.09,356.668
7.797,0.1300,55.6096,28.214,1568.97,356.831
7.799,0.1300,55.5889,28.2444,1570.07,356.994
7.802,0.1300,55.5683,28.2276,1568.56,357.157
7.804,0.1301,55.5476,28.2649,1570.05,357.32
7.807,0.1301,55.5271,28.2409,1568.14,357.483
7.809,0.1302,55.5063,28.2224,1566.52,357.646
7.812,0.1302,55.4858,28.1256,1560.57,357.809
7.814,0.1302,55.465,28.1738,1562.66,357.972
7.817,0.1303,55.4445,28.1407,1560.25,358.136
7.819,0.1303,55.4238,28.1962,1562.74,358.299
7.822,0.1304,55.4033,28.1561,1559.94,358.462
7.824,0.1304,55.3826,28.2187,1562.83,358.625
7.826,0.1304,55.3622,28.1722,1559.68,358.789
7.829,0.1305,55.3416,28.2415,1562.93,358.952
7.831,0.1305,55.3211,28.1895,1559.48,359.115
7.834,0.1306,55.3006,28.2011,1559.54,359.278
7.836,0.1306,55.28,28.3195,1565.5,359.442
7.839,0.1306,55.2594,28.3428,1566.21,359.605
7.841,0.1307,55.2389,28.3554,1566.32,359.769
7.844,0.1307,55.2183,28.3682,1566.44,359.932
7.846,0.1308,55.1978,28.3818,1566.61,360.095
7.848,0.1308,55.1773,28.3957,1566.8,360.259
7.851,0.1308,55.1568,28.4103,1567.02,360.422
7.853,0.1309,55.1362,28.4253,1567.27,360.586
7.856,0.1309,55.1157,28.3895,1564.71,360.749
7.858,0.1310,55.0952,28.4063,1565.05,360.913
7.861,0.1310,55.0747,28.4186,1565.15,361.076
7.863,0.1311,55.0542,28.4414,1565.82,361.24
7.866,0.1311,55.0337,28.4488,1565.65,361.403
7.868,0.1311,55.0132,28.4921,1567.44,361.567
7.871,0.1312,54.9927,28.5004,1567.32,361.73
7.873,0.1312,54.9722,28.5281,1568.25,361.894
7.875,0.1313,54.9518,28.5319,1567.88,362.058
7.878,0.1313,54.9312,28.5019,1565.64,362.221
7.880,0.1313,54.9109,28.5305,1566.63,362.385
7.883,0.1314,54.8904,28.5761,1568.55,362.548
7.885,0.1314,54.87,28.4385,1560.42,362.712
7.888,0.1315,54.8496,28.4882,1562.56,362.876
7.890,0.1315,54.8294,28.4646,1560.7,363.039
7.893,0.1315,54.809,28.5242,1563.38,363.203
7.895,0.1316,54.7888,28.4961,1561.27,363.367
7.897,0.1316,54.7685,28.573,1564.9,363.53
7.900,0.1317,54.7485,28.5273,1561.83,363.694
7.902,0.1317,54.7283,28.5754,1563.88,363.858
7.905,0.1317,54.7083,28.5479,1561.8,364.021
7.907,0.1318,54.6882,28.5982,1563.98,364.185
7.910,0.1318,54.6683,28.4642,1556.09,364.349
7.912,0.1319,54.6483,28.5239,1558.78,364.513
7.915,0.1319,54.6285,28.4849,1556.08,364.676
7.917,0.1320,54.6086,28.543,1558.69,364.84
7.919,0.1320,54.5888,28.4464,1552.86,365.004
7.922,0.1320,55.0402,28.469,1566.94,365.168
7.924,0.1321,55.0211,28.4471,1565.19,365.331
7.927,0.1321,55.0018,28.4854,1566.75,365.495
7.929,0.1322,54.9827,28.4701,1565.36,365.659
7.932,0.1322,54.9634,28.4786,1565.28,365.823
7.934,0.1322,54.9442,28.4875,1565.23,365.987
7.937,0.1323,54.925,28.4982,1565.26,366.15
7.939,0.1323,54.9058,28.5074,1565.22,366.314
7.942,0.1324,54.8867,28.3144,1554.08,366.478
7.944,0.1324,54.8676,28.3303,1554.42,366.642
7.946,0.1324,54.8485,28.3351,1554.14,366.806
7.949,0.1325,54.8295,28.2701,1550.04,366.97
7.951,0.1325,54.8105,28.1463,1542.71,367.134
7.954,0.1326,54.7916,28.1674,1543.34,367.298
7.956,0.1326,54.7726,28.1713,1543.01,367.462
7.959,0.1326,54.7537,28.1929,1543.67,367.626
7.961,0.1327,54.7348,28.1968,1543.35,367.79
7.964,0.1327,54.716,28.2183,1543.99,367.954
7.966,0.1328,54.697,28.222,1543.66,368.118
7.968,0.1328,54.6783,28.2428,1544.26,368.282
7.971,0.1328,54.6594,28.246,1543.91,368.446
7.973,0.1329,54.6406,28.2659,1544.47,368.61
7.976,0.1329,54.6218,28.268,1544.05,368.774
7.978,0.1330,54.6031,28.2875,1544.58,368.938
7.981,0.1330,54.5842,28.1699,1537.63,369.102
7.983,0.1331,54.5655,28.2253,1540.13,369.266
7.986,0.1331,54.5467,28.1829,1537.28,369.431
7.988,0.1331,54.528,28.2435,1540.06,369.595
7.990,0.1332,54.5092,28.1939,1536.83,369.759
7.993,0.1332,54.4906,28.2606,1539.94,369.923
7.995,0.1333,54.4718,28.2034,1536.29,370.087
7.998,0.1333,54.4532,28.2771,1539.78,370.252
8.000,0.1333,54.4344,28.212,1535.71,370.416
8.003,0.1334,54.4158,28.2934,1539.61,370.58
8.005,0.1334,54.3971,28.2203,1535.1,370.744
8.008,0.1335,54.3786,28.3158,1539.77,370.908
8.010,0.1335,54.3599,28.2289,1534.52,371.073
8.013,0.1335,54.3414,28.3094,1538.37,371.237
8.015,0.1336,54.3228,28.1863,1531.16,371.401
8.017,0.1336,54.3043,28.332,1538.55,371.565
8.020,0.1337,54.2857,28.1958,1530.63,371.73
8.022,0.1337,54.2674,28.3538,1538.69,371.894
8.025,0.1337,54.2488,28.0779,1523.19,372.058
8.027,0.1338,57.7448,28.405,1640.24,372.222
8.030,0.1338,57.7257,28.3158,1634.55,372.387
8.032,0.1339,57.7066,28.3188,1634.18,372.551
8.035,0.1339,57.6875,28.3219,1633.82,372.715
8.037,0.1339,57.6685,28.3241,1633.41,372.88
8.039,0.1340,57.6494,28.3262,1632.99,373.044
8.042,0.1340,57.6304,28.3276,1632.53,373.209
8.044,0.1341,57.6113,28.3289,1632.07,373.373
8.047,0.1341,57.5923,28.3296,1631.57,373.537
8.049,0.1342,57.5733,28.3304,1631.07,373.702
8.052,0.1342,57.5543,28.3307,1630.55,373.866
8.054,0.1342,57.5353,28.331,1630.03,374.031
8.057,0.1343,57.5163,28.3311,1629.5,374.195
8.059,0.1343,57.4973,28.3313,1628.97,374.36
8.061,0.1344,57.4783,28.3314,1628.44,374.524
8.064,0.1344,57.4593,28.3318,1627.92,374.688
8.066,0.1344,57.4403,28.3342,1627.53,374.853
8.069,0.1345,57.4213,28.3353,1627.05,375.017
8.071,0.1345,57.4023,28.3365,1626.58,375.182
8.074,0.1346,57.3833,28.338,1626.13,375.346
8.076,0.1346,57.3643,28.3397,1625.69,375.51
8.079,0.1346,57.3454,28.3419,1625.27,375.675
8.081,0.1347,57.3264,28.3904,1627.52,375.839
8.083,0.1347,57.3074,28.3849,1626.67,376.003
8.086,0.1348,57.2885,28.4061,1627.34,376.168
8.088,0.1348,57.2695,28.3921,1626,376.332
8.091,0.1348,57.2506,28.4227,1627.22,376.497
8.093,0.1349,57.2316,28.4002,1625.39,376.661
8.096,0.1349,57.2127,28.4185,1625.9,376.825
8.098,0.1350,57.1938,28.3986,1624.22,376.99
8.101,0.1350,57.175,28.4469,1626.45,377.154
8.103,0.1351,57.1561,28.408,1623.69,377.318
8.106,0.1351,57.1372,28.4464,1625.35,377.483
8.108,0.1351,57.1184,28.3994,1622.13,377.647
8.110,0.1352,57.0996,28.4602,1625.07,377.811
8.113,0.1352,57.0808,28.3755,1619.7,377.976
8.115,0.1353,57.0619,28.4188,1621.63,378.14
8.118,0.1353,57.0431,28.365,1618.03,378.305
8.120,0.1353,57.0243,28.3264,1615.29,378.469
8.123,0.1354,57.0055,28.1242,1603.23,378.633
8.125,0.1354,56.9866,28.1666,1605.12,378.798
8.128,0.1355,56.9679,28.1719,1604.89,378.962
8.130,0.1355,56.9491,28.1771,1604.66,379.127
8.132,0.1355,56.9303,28.1823,1604.43,379.291
8.135,0.1356,56.9114,28.1899,1604.33,379.455
8.137,0.1356,56.8925,28.1951,1604.09,379.62
8.140,0.1357,56.8736,28.2002,1603.84,379.784
8.142,0.1357,56.8546,28.2054,1603.61,379.948
8.145,0.1357,56.8356,28.2106,1603.36,380.113
8.147,0.1358,56.8165,28.1583,1599.85,380.277
8.150,0.1358,56.7974,28.1636,1599.62,380.441
8.152,0.1359,56.7783,28.1691,1599.39,380.606
8.154,0.1359,56.7592,28.1779,1599.35,380.77
8.157,0.1359,56.74,28.1803,1598.95,380.934
8.159,0.1360,56.7208,28.1926,1599.1,381.099
8.162,0.1360,56.7015,28.118,1594.34,381.263
8.164,0.1361,56.6823,28.1332,1594.65,381.427
8.167,0.1361,56.6631,28.046,1589.17,381.592
8.169,0.1362,56.6439,28.0823,1590.69,381.756
8.172,0.1362,56.6247,28.076,1589.79,381.92
8.174,0.1362,56.6056,28.0955,1590.36,382.084
8.177,0.1363,56.5864,28.0866,1589.32,382.249
8.179,0.1363,56.5673,28.1082,1590.01,382.413
8.181,0.1364,56.5483,28.0969,1588.83,382.577
8.184,0.1364,56.5293,28.1205,1589.63,382.742
8.186,0.1364,56.5104,28.1071,1588.34,382.906
8.189,0.1365,56.4915,28.1004,1587.43,383.07
8.191,0.1365,56.4727,28.0842,1585.99,383.234
8.194,0.1366,56.4539,28.0133,1581.46,383.399
8.196,0.1366,56.4353,27.9786,1578.98,383.563
8.199,0.1366,56.4166,28.0261,1581.14,383.727
8.201,0.1367,56.3981,27.9873,1578.43,383.891
8.203,0.1367,56.3794,28.0398,1580.87,384.055
8.206,0.1368,56.3611,27.9964,1577.91,384.22
8.208,0.1368,56.3424,28.0548,1580.68,384.384
8.211,0.1368,56.3242,28.006,1577.41,384.548
8.213,0.1369,56.3056,28.0713,1580.57,384.712
8.216,0.1369,56.2874,28.0161,1576.95,384.876
8.218,0.1370,56.2688,28.0294,1577.18,385.04
8.221,0.1370,56.2506,27.9746,1573.59,385.204
8.223,0.1371,56.232,28.0494,1577.27,385.368
8.225,0.1371,56.2138,28.0553,1577.09,385.532
8.228,0.1371,56.1956,28.0601,1576.86,385.696
8.230,0.1372,56.1774,28.0677,1576.77,385.86
8.233,0.1372,56.1592,28.0975,1577.93,386.024
8.235,0.1373,56.1409,28.1013,1577.63,386.187
8.238,0.1373,56.1226,28.1088,1577.54,386.351
8.240,0.1373,56.1042,28.1115,1577.17,386.515
8.243,0.1374,56.0858,28.1202,1577.14,386.679
8.245,0.1374,56.0673,28.1209,1576.66,386.842
8.247,0.1375,56.0489,28.131,1576.71,387.006
8.250,0.1375,56.0303,28.129,1576.08,387.169
8.252,0.1375,56.0118,28.141,1576.23,387.333
8.255,0.1376,55.9932,28.1718,1577.43,387.497
8.257,0.1376,55.9745,28.1772,1577.2,387.66
8.260,0.1377,55.9559,28.1768,1576.66,387.823
8.262,0.1377,55.9372,28.1847,1576.57,387.987
8.265,0.1377,55.9185,28.2966,1582.31,388.15
8.267,0.1378,55.8997,28.297,1581.79,388.314
8.270,0.1378,55.881,28.2981,1581.33,388.477
8.272,0.1379,55.8621,28.3022,1581.02,388.64
8.274,0.1379,55.8434,28.2976,1580.23,388.803
8.277,0.1379,55.8244,28.3065,1580.19,388.967
8.279,0.1380,55.8057,28.2957,1579.06,389.13
8.282,0.1380,55.7866,28.2629,1576.69,389.293
8.284,0.1381,55.7679,28.2596,1575.98,389.456
8.287,0.1381,55.7488,28.2679,1575.9,389.619
8.289,0.1382,55.7301,28.2595,1574.9,389.783
8.292,0.1382,55.7108,28.2741,1575.17,389.946
8.294,0.1382,55.6921,28.2609,1573.91,390.109
8.296,0.1383,55.6728,28.2146,1570.79,390.272
8.299,0.1383,55.6541,28.2045,1569.7,390.435
8.301,0.1384,55.6348,28.2261,1570.35,390.598
8.304,0.1384,55.6161,27.7987,1546.05,390.761
8.306,0.1384,55.5967,27.829,1547.2,390.924
8.309,0.1385,55.578,27.5916,1533.49,391.087
8.311,0.1385,55.5587,27.6183,1534.44,391.25
8.314,0.1386,55.54,27.6069,1533.29,391.413
8.316,0.1386,55.5206,27.7392,1540.1,391.575
8.319,0.1386,55.502,27.74,1539.63,391.739
8.321,0.1387,55.4826,27.7757,1541.07,391.901
8.323,0.1387,55.464,27.7913,1541.42,392.064
8.326,0.1388,55.4454,27.7992,1541.34,392.227
8.328,0.1388,55.4269,27.8067,1541.24,392.39
8.331,0.1388,55.4083,27.8138,1541.11,392.553
8.333,0.1389,55.3898,27.8207,1540.98,392.716
8.336,0.1389,55.3713,27.8272,1540.83,392.879
8.338,0.1390,55.3529,27.8327,1540.62,393.042
8.341,0.1390,55.3344,27.838,1540.4,393.205
8.343,0.1391,55.3161,27.7376,1534.34,393.368
8.345,0.1391,55.2977,27.7408,1534.01,393.53
8.348,0.1391,55.2794,27.7429,1533.61,393.693
8.350,0.1392,55.2611,27.745,1533.22,393.856
8.353,0.1392,55.2428,27.7641,1533.77,394.018
8.355,0.1393,55.2246,27.7642,1533.27,394.181
8.358,0.1393,55.2063,27.7637,1532.73,394.343
8.360,0.1393,55.1881,27.723,1529.98,394.505
8.363,0.1394,55.1699,27.7212,1529.37,394.667
8.365,0.1394,55.1516,27.7197,1528.79,394.83
8.368,0.1395,55.1334,27.7183,1528.2,394.992
8.370,0.1395,55.1151,27.7172,1527.64,395.154
8.372,0.1395,55.0969,27.7304,1527.86,395.315
8.375,0.1396,55.0786,27.7276,1527.2,395.477
8.377,0.1396,55.0602,27.7304,1526.84,395.639
8.380,0.1397,55.0419,27.7258,1526.08,395.8
8.382,0.1397,55.0235,27.6426,1520.99,395.962
8.385,0.1397,55.0051,27.5833,1517.22,396.123
8.387,0.1398,54.9865,27.5976,1517.5,396.284
8.390,0.1398,54.9681,27.5865,1516.37,396.446
8.392,0.1399,54.9495,27.6066,1516.97,396.607
8.394,0.1399,54.9309,27.5914,1515.62,396.768
8.397,0.1399,54.9122,27.6178,1516.56,396.928
8.399,0.1400,54.8936,27.4988,1509.51,397.09
8.402,0.1400,54.8749,27.531,1510.76,397.25
8.404,0.1401,58.3316,27.386,1597.47,397.412
8.407,0.1401,58.3129,27.4213,1599.01,397.572
8.409,0.1402,58.2942,27.4009,1597.32,397.733
8.412,0.1402,58.2754,27.3528,1594,397.894
8.414,0.1402,58.2567,27.3283,1592.06,398.055
8.417,0.1403,58.2378,27.3679,1593.84,398.216
8.419,0.1403,58.219,27.3398,1591.7,398.377
8.421,0.1404,58.2,27.3472,1591.61,398.538
8.424,0.1404,58.181,27.3551,1591.54,398.699
8.426,0.1404,58.1619,27.3627,1591.47,398.859
8.429,0.1405,58.1428,27.3708,1591.41,399.02
8.431,0.1405,58.1236,27.3785,1591.34,399.181
8.434,0.1406,58.1044,27.3867,1591.29,399.342
8.436,0.1406,58.0852,27.2981,1585.61,399.503
8.439,0.1406,58.066,27.3062,1585.56,399.664
8.441,0.1407,58.0467,27.3137,1585.47,399.825
8.444,0.1407,58.0275,27.3218,1585.41,399.986
8.446,0.1408,58.0082,27.3291,1585.31,400.147
8.448,0.1408,57.9889,27.3333,1585.03,400.308
8.451,0.1408,57.9696,27.344,1585.12,400.468
8.453,0.1409,57.9504,27.3441,1584.6,400.629
8.456,0.1409,57.9311,27.3587,1584.92,400.79
8.458,0.1410,57.9119,27.3539,1584.12,400.951
8.461,0.1410,57.8926,27.3732,1584.7,401.112
8.463,0.1411,57.8735,27.3628,1583.58,401.273
8.466,0.1411,57.8543,27.4638,1588.9,401.433
8.468,0.1411,57.8353,27.4418,1587.1,401.595
8.470,0.1412,57.8162,27.4783,1588.69,401.755
8.473,0.1412,57.7972,27.4168,1584.62,401.916
8.475,0.1413,57.7782,27.52,1590.06,402.077
8.478,0.1413,57.7594,27.4686,1586.57,402.238
8.480,0.1413,57.7405,27.5366,1589.98,402.399
8.483,0.1414,57.7218,27.4736,1585.83,402.56
8.485,0.1414,57.7031,27.5539,1589.95,402.72
8.488,0.1415,57.6845,27.4798,1585.16,402.882
8.490,0.1415,57.6659,27.5721,1589.97,403.042
8.493,0.1415,57.6474,27.4882,1584.63,403.203
8.495,0.1416,57.629,27.5914,1590.06,403.364
8.497,0.1416,57.6106,27.4999,1584.29,403.525
8.500,0.1417,57.5923,27.612,1590.24,403.686
8.502,0.1417,57.574,27.5155,1584.18,403.847
8.505,0.1417,57.5558,27.634,1590.5,404.008
8.507,0.1418,57.5376,27.5353,1584.32,404.169
8.510,0.1418,57.5194,27.6753,1591.87,404.33
8.512,0.1419,57.5013,27.5729,1585.48,404.491
8.515,0.1419,57.4832,27.6999,1592.28,404.652
8.517,0.1420,57.4651,27.6003,1586.05,404.812
8.519,0.1420,57.4471,27.6131,1586.29,404.973
8.522,0.1420,57.429,27.6249,1586.47,405.134
8.524,0.1421,57.4109,27.6679,1588.44,405.295
8.527,0.1421,57.3928,27.6771,1588.46,405.456
8.529,0.1422,57.3746,27.6992,1589.23,405.617
8.532,0.1422,57.3565,27.6095,1583.59,405.777
8.534,0.1422,57.3382,27.6383,1584.73,405.938
8.537,0.1423,57.32,27.6359,1584.09,406.099
8.539,0.1423,57.3016,27.6716,1585.63,406.259
8.542,0.1424,57.2833,27.6601,1584.46,406.42
8.544,0.1424,57.2648,27.6889,1585.6,406.58
8.546,0.1424,57.2464,27.6708,1584.05,406.74
8.549,0.1425,57.2278,27.7199,1586.35,406.901
8.551,0.1425,57.2094,27.6894,1584.09,407.061
8.554,0.1426,57.1906,27.6998,1584.17,407.221
8.556,0.1426,57.1721,27.656,1581.15,407.382
8.559,0.1426,57.1533,27.7259,1584.63,407.542
8.561,0.1427,57.1347,27.6677,1580.79,407.703
8.564,0.1427,57.1159,27.7487,1584.89,407.863
8.566,0.1428,57.0973,27.6771,1580.28,408.024
8.568,0.1428,57.0785,27.7441,1583.59,408.184
8.571,0.1428,57.0599,27.6823,1579.55,408.345
8.573,0.1429,57.0411,27.7553,1583.2,408.505
8.576,0.1429,57.0225,27.6867,1578.76,408.666
8.578,0.1430,57.0039,27.7724,1583.13,408.827
8.581,0.1430,56.9853,27.6953,1578.22,408.988
8.583,0.1431,56.9667,27.4732,1565.06,409.149
8.586,0.1431,56.9483,27.274,1553.21,409.31
8.588,0.1431,56.9298,27.3977,1559.75,409.471
8.591,0.1432,56.9114,27.3147,1554.52,409.632
8.593,0.1432,56.8932,27.4191,1559.96,409.793
8.595,0.1433,56.8749,27.3265,1554.19,409.954
8.598,0.1433,56.8567,27.4276,1559.44,410.115
8.600,0.1433,56.8385,27.3424,1554.1,410.276
8.603,0.1434,56.8204,27.4384,1559.06,410.438
8.605,0.1434,56.8024,27.3622,1554.24,410.599
8.608,0.1435,56.7843,27.4519,1558.84,410.76
8.610,0.1435,56.7664,27.5838,1565.84,410.922
8.613,0.1435,56.7484,27.5736,1564.76,411.083
8.615,0.1436,56.7306,27.5488,1562.86,411.244
8.617,0.1436,56.7126,27.5582,1562.9,411.406
8.620,0.1437,56.6946,27.5683,1562.97,411.567
8.622,0.1437,56.6766,27.5781,1563.03,411.728
8.625,0.1437,56.6587,27.5885,1563.13,411.89
8.627,0.1438,56.6408,27.5295,1559.29,412.051
8.630,0.1438,56.6228,27.5405,1559.42,412.213
8.632,0.1439,56.6049,27.4833,1555.69,412.374
8.635,0.1439,56.587,27.4937,1555.78,412.535
8.637,0.1440,56.569,27.5033,1555.84,412.697
8.640,0.1440,56.551,27.5136,1555.92,412.858
8.642,0.1440,56.5331,27.4973,1554.51,413.019
8.644,0.1441,56.5151,27.5077,1554.6,413.181
8.647,0.1441,56.497,27.5369,1555.75,413.342
8.649,0.1442,56.479,27.547,1555.83,413.503
8.652,0.1442,56.461,27.5569,1555.89,413.664
8.654,0.1442,56.4429,27.5673,1555.98,413.825
8.657,0.1443,56.4248,27.5779,1556.08,413.986
8.659,0.1443,56.4067,27.5888,1556.19,414.147
8.662,0.1444,56.3886,27.6003,1556.34,414.308
8.664,0.1444,56.3705,27.6119,1556.5,414.468
8.666,0.1444,56.3525,27.6244,1556.7,414.629
8.669,0.1445,56.3344,27.5457,1551.77,414.789
8.671,0.1445,56.3163,27.5598,1552.07,414.95
8.674,0.1446,56.2983,27.5776,1552.57,415.11
8.676,0.1446,56.2803,27.5827,1552.36,415.271
8.679,0.1446,56.2623,27.6024,1552.98,415.431
8.681,0.1447,56.2444,27.6059,1552.68,415.591
8.684,0.1447,56.2264,27.6254,1553.28,415.752
8.686,0.1448,56.2085,27.6285,1552.96,415.912
8.689,0.1448,56.1907,27.626,1552.32,416.072
8.691,0.1448,56.1729,27.6233,1551.68,416.233
8.693,0.1449,56.1551,27.6429,1552.29,416.393
8.696,0.1449,56.1373,27.6213,1550.59,416.553
8.698,0.1450,56.1196,27.5271,1544.81,416.714
8.701,0.1450,56.1019,27.5364,1544.85,416.875
8.703,0.1451,56.0842,27.5377,1544.43,417.035
8.706,0.1451,56.0666,27.5505,1544.66,417.196
8.708,0.1451,56.049,27.5442,1543.82,417.357
8.711,0.1452,56.0314,27.5602,1544.24,417.518
8.713,0.1452,56.0138,27.5475,1543.04,417.679
8.715,0.1453,55.9962,27.5503,1542.71,417.84
8.718,0.1453,55.9787,27.5522,1542.34,418.001
8.720,0.1453,55.9611,27.5544,1541.98,418.163
8.723,0.1454,55.9436,27.5594,1541.77,418.324
8.725,0.1454,55.926,27.6016,1543.65,418.486
8.728,0.1455,55.9085,27.6031,1543.25,418.647
8.730,0.1455,55.8909,27.6054,1542.89,418.809
8.733,0.1455,55.8734,27.6073,1542.51,418.97
8.735,0.1456,55.8558,27.6101,1542.18,419.132
8.738,0.1456,55.8382,27.6128,1541.85,419.293
8.740,0.1457,55.8206,27.6163,1541.56,419.455
8.742,0.1457,55.803,27.6258,1541.6,419.617
8.745,0.1457,55.7854,27.6244,1541.04,419.778
8.747,0.1458,55.7678,27.6402,1541.43,419.94
8.750,0.1458,55.7501,27.2476,1519.06,420.102
8.752,0.1459,55.7324,27.2695,1519.79,420.263
8.755,0.1459,55.7147,27.3276,1522.55,420.425
8.757,0.1460,55.6971,27.3387,1522.69,420.586
8.760,0.1460,55.6793,27.3441,1522.5,420.748
8.762,0.1460,55.6617,27.3538,1522.56,420.909
8.764,0.1461,55.6439,27.385,1523.81,421.07
8.767,0.1461,55.6263,27.3891,1523.56,421.232
8.769,0.1462,55.6086,27.4022,1523.8,421.393
8.772,0.1462,55.5911,27.4021,1523.31,421.554
8.774,0.1462,55.5734,27.419,1523.77,421.716
8.777,0.1463,55.5559,27.432,1524.01,421.877
8.779,0.1463,55.5383,27.4731,1525.81,422.038
8.782,0.1464,55.5209,27.4567,1524.42,422.199
8.784,0.1464,55.5034,27.4905,1525.81,422.36
8.786,0.1464,55.486,27.4688,1524.13,422.521
8.789,0.1465,55.4686,27.5076,1525.81,422.682
8.791,0.1465,55.4513,27.4818,1523.9,422.843
8.794,0.1466,55.434,27.5245,1525.79,423.004
8.796,0.1466,55.4167,27.4962,1523.75,423.165
8.799,0.1466,58.8268,27.4943,1617.4,423.326
8.801,0.1467,58.8113,27.4893,1616.68,423.487
8.804,0.1467,58.795,27.5102,1617.46,423.648
8.806,0.1468,58.7795,27.5082,1616.92,423.809
8.809,0.1468,58.7633,27.5261,1617.52,423.97
8.811,0.1468,58.7479,27.5287,1617.25,424.13
8.813,0.1469,58.7316,27.5365,1617.27,424.292
8.816,0.1469,58.7154,27.5482,1617.5,424.453
8.818,0.1470,58.6991,27.5531,1617.34,424.614
8.821,0.1470,58.6829,27.5677,1617.75,424.775
8.823,0.1471,58.6665,27.4279,1609.1,424.936
8.826,0.1471,58.6503,27.4407,1609.4,425.097
8.828,0.1471,58.6338,27.3999,1606.56,425.258
8.831,0.1472,58.6176,27.4122,1606.84,425.42
8.833,0.1472,58.601,27.4151,1606.55,425.581
8.835,0.1473,58.5848,27.3363,1601.5,425.742
8.838,0.1473,58.5681,27.3429,1601.43,425.903
8.840,0.1473,58.5519,27.346,1601.16,426.064
8.843,0.1474,58.5352,27.3542,1601.18,426.225
8.845,0.1474,58.5189,27.3521,1600.62,426.387
8.848,0.1475,58.5021,27.3699,1601.2,426.548
8.850,0.1475,58.4859,27.2676,1594.77,426.709
8.853,0.1475,58.469,27.2757,1594.79,426.871
8.855,0.1476,58.4528,27.269,1593.95,427.032
8.858,0.1476,58.436,27.2453,1592.1,427.193
8.860,0.1477,58.4197,27.2413,1591.43,427.355
8.862,0.1477,58.4029,27.2447,1591.17,427.516
8.865,0.1477,58.3867,27.2406,1590.49,427.677
8.867,0.1478,58.3699,27.243,1590.17,427.839
8.870,0.1478,58.3537,27.1469,1584.12,428
8.872,0.1479,58.3369,27.1419,1583.38,428.162
8.875,0.1479,58.3208,27.1491,1583.36,428.323
8.877,0.1480,58.3041,27.1403,1582.39,428.485
8.880,0.1480,58.2881,26.8405,1564.48,428.647
8.882,0.1480,58.2714,26.8295,1563.39,428.808
8.884,0.1481,58.2554,26.8484,1564.07,428.97
8.887,0.1481,58.2388,26.8331,1562.73,429.131
8.889,0.1482,58.2229,26.8586,1563.79,429.293
8.892,0.1482,58.2063,26.7435,1556.64,429.455
8.894,0.1482,58.1906,26.778,1558.23,429.616
8.897,0.1483,58.174,26.7515,1556.24,429.777
8.899,0.1483,58.1584,26.7938,1558.28,429.939
8.902,0.1484,58.1417,26.8425,1560.67,430.1
8.904,0.1484,58.1262,26.8848,1562.71,430.261
8.906,0.1484,58.1096,26.8522,1560.37,430.423
8.909,0.1485,58.0942,26.903,1562.91,430.584
8.911,0.1485,58.0776,26.9082,1562.76,430.746
8.914,0.1486,58.0609,26.9136,1562.63,430.907
8.916,0.1486,58.0444,26.919,1562.49,431.069
8.919,0.1486,58.0279,26.9246,1562.37,431.23
8.921,0.1487,58.0114,26.9299,1562.24,431.392
8.924,0.1487,57.995,26.9357,1562.13,431.553
8.926,0.1488,57.9787,26.9411,1562.01,431.715
8.929,0.1488,57.9624,26.947,1561.92,431.876
8.931,0.1488,57.9462,26.9527,1561.8,432.038
8.933,0.1489,57.93,26.8849,1557.44,432.199
8.936,0.1489,57.9138,26.9002,1557.89,432.36
8.938,0.1490,57.8976,26.9057,1557.78,432.522
8.941,0.1490,57.8815,26.891,1556.49,432.683
8.943,0.1491,57.8655,26.8972,1556.42,432.844
8.946,0.1491,57.8494,26.9035,1556.35,433.006
8.948,0.1491,57.8334,26.9105,1556.32,433.167
8.951,0.1492,57.8174,26.9176,1556.31,433.328
8.953,0.1492,57.8015,26.9088,1555.37,433.489
8.955,0.1493,57.7855,26.9156,1555.33,433.65
8.958,0.1493,57.7696,26.9232,1555.34,433.811
8.960,0.1493,57.7537,26.9312,1555.38,433.973
8.963,0.1494,57.7378,26.9361,1555.23,434.134
8.965,0.1494,57.7219,26.9473,1555.45,434.295
8.968,0.1495,57.7061,26.9494,1555.14,434.456
8.970,0.1495,57.6901,26.9633,1555.51,434.617
8.973,0.1495,57.6744,27.0824,1561.96,434.778
8.975,0.1496,57.6584,27.0892,1561.92,434.939
8.978,0.1496,57.6427,27.0975,1561.97,435.1
8.980,0.1497,57.6267,27.1026,1561.83,435.261
8.982,0.1497,57.611,27.1115,1561.92,435.422
8.985,0.1497,57.595,27.1081,1561.29,435.583
8.987,0.1498,57.5795,27.1216,1561.65,435.744
8.990,0.1498,57.5634,27.0322,1556.07,435.905
8.992,0.1499,57.5479,27.0493,1556.63,436.066
8.995,0.1499,57.5319,27.0393,1555.62,436.228
8.997,0.1500,57.5164,27.0588,1556.32,436.389
9.000,0.1500,57.5004,27.0444,1555.06,436.55
9.002,0.1500,57.485,27.0665,1555.92,436.711
9.004,0.1501,57.4689,27.0284,1553.29,436.872
9.007,0.1501,57.4535,27.0534,1554.31,437.034
9.009,0.1502,57.4374,27.0549,1553.97,437.195
9.012,0.1502,57.4214,27.056,1553.59,437.356
9.014,0.1502,57.4053,27.0575,1553.24,437.518
9.017,0.1503,57.3892,27.0586,1552.87,437.679
9.019,0.1503,57.3731,27.0963,1554.6,437.84
9.022,0.1504,57.357,27.0978,1554.25,438.002
9.024,0.1504,57.3408,27.1003,1553.96,438.163
9.027,0.1504,57.3246,27.1029,1553.66,438.324
9.029,0.1505,57.3085,27.0088,1547.83,438.486
9.031,0.1505,57.2923,27.0124,1547.6,438.647
9.034,0.1506,57.2761,27.058,1549.78,438.808
9.036,0.1506,57.2598,27.0666,1549.83,438.969
9.039,0.1506,57.2435,27.0686,1549.5,439.131
9.041,0.1507,57.2273,26.9959,1544.9,439.292
9.044,0.1507,57.2109,26.9949,1544.4,439.453
9.046,0.1508,57.1946,27.058,1547.57,439.614
9.049,0.1508,57.1782,27.0578,1547.12,439.775
9.051,0.1509,57.162,27.0784,1547.85,439.936
9.053,0.1509,57.1455,27.2691,1558.31,440.097
9.056,0.1509,57.1294,27.3006,1559.67,440.258
9.058,0.1510,57.1129,27.2875,1558.47,440.418
9.061,0.1510,57.0969,27.3229,1560.06,440.579
9.063,0.1511,57.0805,27.3065,1558.67,440.74
9.066,0.1511,57.0646,27.345,1560.43,440.901
9.068,0.1511,57.0483,27.3253,1558.86,441.061
9.071,0.1512,57.0326,27.2662,1555.06,441.222
9.073,0.1512,57.0164,27.2463,1553.48,441.383
9.076,0.1513,57.0008,27.2843,1555.22,441.543
9.078,0.1513,56.9847,27.2621,1553.52,441.704
9.080,0.1513,56.9692,27.3003,1555.28,441.864
9.083,0.1514,56.9533,27.2762,1553.47,442.025
9.085,0.1514,56.938,27.2883,1553.74,442.186
9.088,0.1515,56.9221,27.2736,1552.47,442.346
9.090,0.1515,56.9069,27.3008,1553.6,442.507
9.093,0.1515,56.8912,27.2849,1552.27,442.667
9.095,0.1516,56.8761,27.312,1553.4,442.828
9.098,0.1516,56.8605,27.295,1552.01,442.989
9.100,0.1517,56.8455,27.3228,1553.17,443.149
9.102,0.1517,56.8298,27.204,1546,443.31
9.105,0.1517,56.8149,27.237,1547.47,443.47
9.107,0.1518,56.7993,26.984,1532.67,443.631
9.110,0.1518,56.7837,26.9938,1532.81,443.792
9.112,0.1519,56.7681,26.9148,1527.9,443.953
9.115,0.1519,56.7524,26.9275,1528.2,444.114
9.117,0.1520,56.7368,26.9291,1527.87,444.274
9.120,0.1520,56.7211,26.9447,1528.33,444.435
9.122,0.1520,56.7053,26.9294,1527.04,444.596
9.125,0.1521,56.6896,26.9423,1527.35,444.756
9.127,0.1521,56.6738,26.9454,1527.1,444.917
9.129,0.1522,56.6579,27.0238,1531.11,445.078
9.132,0.1522,56.642,27.0231,1530.64,445.238
9.134,0.1522,56.6261,27.0396,1531.14,445.399
9.137,0.1523,56.61,27.0382,1530.63,445.56
9.139,0.1523,56.594,27.0548,1531.14,445.72
9.142,0.1524,56.5778,27.0529,1530.59,445.881
9.144,0.1524,56.5617,27.0693,1531.09,446.041
9.147,0.1524,56.5455,27.0666,1530.5,446.202
9.149,0.1525,56.5293,27.0829,1530.97,446.362
9.152,0.1525,56.5129,27.0792,1530.32,446.523
9.154,0.1526,56.4967,27.0954,1530.8,446.683
9.156,0.1526,56.4803,27.0902,1530.06,446.844
9.159,0.1526,56.464,27.1123,1530.87,447.004
9.161,0.1527,56.4476,27.1075,1530.15,447.165
9.164,0.1527,56.4312,27.0839,1528.38,447.325
9.166,0.1528,56.4148,27.0709,1527.2,447.486
9.169,0.1528,56.3984,27.0947,1528.1,447.646
9.171,0.1529,56.3821,27.0786,1526.74,447.807
9.174,0.1529,56.3657,27.1055,1527.82,447.967
9.176,0.1529,56.3493,27.0857,1526.26,448.128
9.178,0.1530,58.8692,27.1245,1596.8,448.288
9.181,0.1530,58.8509,27.0868,1594.08,448.449
9.183,0.1531,58.8331,27.1412,1596.8,448.609
9.186,0.1531,58.8148,27.0936,1593.5,448.77
9.188,0.1531,58.797,27.1044,1593.66,448.93
9.191,0.1532,58.7788,27.0568,1590.37,449.091
9.193,0.1532,58.7611,27.1069,1592.83,449.251
9.196,0.1533,58.743,27.0181,1587.13,449.412
9.198,0.1533,58.7254,27.1243,1592.89,449.572
9.201,0.1533,58.7073,26.9683,1583.23,449.732
9.203,0.1534,58.6898,27.0735,1588.94,449.893
9.205,0.1534,58.6718,27.0779,1588.71,450.053
9.208,0.1535,58.6537,27.0824,1588.48,450.214
9.210,0.1535,58.6358,27.087,1588.27,450.374
9.213,0.1535,58.6178,27.0916,1588.05,450.535
9.215,0.1536,58.6,27.0552,1585.43,450.695
9.218,0.1536,58.5821,27.0605,1585.26,450.856
9.220,0.1537,58.5643,27.0078,1581.7,451.017
9.223,0.1537,58.5466,27.0137,1581.56,451.177
9.225,0.1538,58.5289,27.0201,1581.46,451.337
9.228,0.1538,58.5112,27.0264,1581.35,451.498
9.230,0.1538,58.4935,27.0332,1581.27,451.658
9.232,0.1539,58.4759,27.0398,1581.18,451.819
9.235,0.1539,58.4584,27.0468,1581.11,451.979
9.237,0.1540,58.4408,27.0536,1581.04,452.139
9.240,0.1540,58.4233,26.8369,1567.9,452.3
9.242,0.1540,58.4059,26.7569,1562.76,452.46
9.245,0.1541,58.3884,26.7639,1562.7,452.621
9.247,0.1541,58.371,26.7708,1562.64,452.781
9.250,0.1542,58.3537,26.8509,1566.85,452.941
9.252,0.1542,58.3363,26.7879,1562.7,453.102
9.255,0.1542,58.319,26.7929,1562.54,453.262
9.257,0.1543,58.3017,26.8018,1562.59,453.422
9.259,0.1543,58.2844,26.8022,1562.15,453.582
9.262,0.1544,58.2671,26.8272,1563.15,453.743
9.264,0.1544,58.2498,26.8305,1562.87,453.903
9.267,0.1544,58.2326,26.8374,1562.81,454.063
9.269,0.1545,58.2153,26.8384,1562.4,454.223
9.272,0.1545,58.1981,26.8462,1562.4,454.383
9.274,0.1546,58.1808,26.8445,1561.84,454.543
9.277,0.1546,58.1637,26.8542,1561.94,454.703
9.279,0.1547,58.1463,26.8496,1561.2,454.863
9.281,0.1547,58.1293,26.8621,1561.47,455.023
9.284,0.1547,58.1119,26.8544,1560.56,455.183
9.286,0.1548,58.0949,26.8708,1561.06,455.344
9.289,0.1548,58.0775,26.8599,1559.96,455.503
9.291,0.1549,58.0606,26.8005,1556.05,455.664
9.294,0.1549,58.0432,26.7784,1554.31,455.823
9.296,0.1549,58.0263,26.8128,1555.85,455.984
9.299,0.1550,58.0089,26.6939,1548.48,456.144
9.301,0.1550,57.9921,26.6467,1545.3,456.304
9.304,0.1551,57.9747,26.6888,1547.28,456.464
9.306,0.1551,57.9574,26.7187,1548.55,456.624
9.308,0.1551,57.9401,26.7277,1548.6,456.784
9.311,0.1552,57.9228,26.7377,1548.72,456.944
9.313,0.1552,57.9056,26.748,1548.86,457.104
9.316,0.1553,57.8884,26.7591,1549.04,457.264
9.318,0.1553,57.8713,26.7704,1549.24,457.425
9.321,0.1553,57.8542,26.7823,1549.47,457.585
9.323,0.1554,57.8371,26.7945,1549.72,457.745
9.326,0.1554,57.8202,26.9792,1559.94,457.905
9.328,0.1555,57.8032,26.9928,1560.27,458.066
9.331,0.1555,57.7863,27.0032,1560.42,458.226
9.333,0.1556,57.7694,27.0201,1560.93,458.386
9.335,0.1556,57.7527,27.0274,1560.91,458.547
9.338,0.1556,57.7358,27.0466,1561.56,458.707
9.340,0.1557,57.7193,26.9985,1558.33,458.867
9.343,0.1557,57.7025,27.0169,1558.94,459.028
9.345,0.1558,57.6861,27.0213,1558.75,459.188
9.348,0.1558,57.6694,27.0387,1559.31,459.348
9.350,0.1558,57.6532,26.8029,1545.28,459.509
9.353,0.1559,57.6367,26.8178,1545.69,459.669
9.355,0.1559,57.6207,26.8219,1545.49,459.83
9.358,0.1560,57.6042,26.8312,1545.59,459.99
9.360,0.1560,57.5885,26.8287,1545.02,460.15
9.362,0.1560,57.5722,26.8466,1545.62,460.311
9.365,0.1561,57.5567,26.7585,1540.13,460.471
9.367,0.1561,57.5405,26.7663,1540.15,460.631
9.370,0.1562,57.5252,26.7729,1540.11,460.792
9.372,0.1562,57.5091,26.7767,1539.91,460.952
9.375,0.1562,57.494,26.7024,1535.23,461.113
9.377,0.1563,57.478,26.7085,1535.15,461.273
9.380,0.1563,57.463,26.764,1537.94,461.434
9.382,0.1564,57.4471,26.7623,1537.42,461.595
9.385,0.1564,57.4324,26.7748,1537.74,461.755
9.387,0.1564,57.4165,26.7121,1533.72,461.916
9.389,0.1565,57.4018,26.7175,1533.63,462.077
9.392,0.1565,57.386,26.7239,1533.58,462.237
9.394,0.1566,57.3714,26.7295,1533.51,462.398
9.397,0.1566,57.3555,26.7367,1533.5,462.559
9.399,0.1567,57.341,26.7419,1533.41,462.72
9.402,0.1567,57.3251,26.7488,1533.38,462.88
9.404,0.1567,57.3092,26.7533,1533.21,463.041
9.407,0.1568,57.2933,26.7631,1533.35,463.202
9.409,0.1568,57.2774,26.7653,1533.05,463.363
9.411,0.1569,57.2615,26.7779,1533.34,463.524
9.414,0.1569,57.2456,26.7778,1532.91,463.685
9.416,0.1569,57.2297,26.7929,1533.35,463.845
9.419,0.1570,57.2138,26.7908,1532.8,464.006
9.421,0.1570,57.1979,26.7905,1532.36,464.167
9.424,0.1571,57.182,26.7602,1530.2,464.328
9.426,0.1571,57.166,26.7789,1530.84,464.488
9.429,0.1571,57.1501,26.7746,1530.17,464.649
9.431,0.1572,57.134,26.8158,1532.09,464.81
9.434,0.1572,57.1181,26.8065,1531.14,464.971
9.436,0.1573,57.102,26.8317,1532.14,465.131
9.438,0.1573,57.0862,26.7901,1529.35,465.292
9.441,0.1573,57.07,26.7916,1529,465.453
9.443,0.1574,57.0542,26.8034,1529.25,465.614
9.446,0.1574,57.038,26.8024,1528.76,465.774
9.448,0.1575,57.0223,26.8156,1529.09,465.935
9.451,0.1575,57.0061,26.8132,1528.52,466.096
9.453,0.1576,56.9906,26.8282,1528.95,466.257
9.456,0.1576,56.9743,26.8242,1528.29,466.417
9.458,0.1576,56.9589,26.8412,1528.84,466.579
9.461,0.1577,56.9427,26.8351,1528.07,466.739
9.463,0.1577,56.9275,26.8545,1528.76,466.9
9.465,0.1578,56.9113,26.8461,1527.85,467.061
9.468,0.1578,56.8962,26.8681,1528.69,467.223
9.470,0.1578,56.8801,26.7775,1523.11,467.383
9.473,0.1579,56.8653,26.7961,1523.77,467.545
9.475,0.1579,56.8493,26.7871,1522.83,467.706
9.478,0.1580,56.8346,26.8129,1523.9,467.867
9.480,0.1580,56.8187,26.7962,1522.53,468.028
9.483,0.1580,56.8042,26.8292,1524.01,468.19
9.485,0.1581,56.7884,26.7203,1517.4,468.351
9.488,0.1581,56.7741,26.7632,1519.45,468.513
9.490,0.1582,56.7583,26.7289,1517.09,468.674
9.492,0.1582,56.7442,26.7782,1519.51,468.836
9.495,0.1582,56.7285,26.6396,1511.23,468.997
9.497,0.1583,56.7145,26.6925,1513.85,469.159
9.500,0.1583,56.6989,26.6969,1513.68,469.32
9.502,0.1584,56.6833,26.7023,1513.57,469.481
9.505,0.1584,56.6678,26.7072,1513.44,469.643
9.507,0.1585,56.6523,26.712,1513.3,469.804
9.510,0.1585,56.6369,26.7172,1513.18,469.966
9.512,0.1585,56.6215,26.8774,1521.84,470.127
9.514,0.1586,56.6061,26.8831,1521.74,470.288
9.517,0.1586,56.5907,26.889,1521.67,470.45
9.519,0.1587,56.5753,26.8365,1518.28,470.611
9.522,0.1587,56.5599,26.8429,1518.23,470.773
9.524,0.1587,56.5445,26.8499,1518.22,470.935
9.527,0.1588,56.5292,26.8575,1518.23,471.096
9.529,0.1588,56.5138,26.8657,1518.28,471.258
9.532,0.1589,56.4984,26.8924,1519.37,471.419
9.534,0.1589,56.483,26.9019,1519.5,471.581
9.537,0.1589,56.4675,26.9119,1519.65,471.742
9.539,0.1590,56.4521,26.9221,1519.81,471.904
9.541,0.1590,56.4367,26.9326,1519.99,472.066
9.544,0.1591,56.4212,26.9431,1520.16,472.227
9.546,0.1591,56.4057,26.9538,1520.35,472.389
9.549,0.1591,56.3902,26.9581,1520.17,472.551
9.551,0.1592,56.3748,26.9711,1520.49,472.712
9.554,0.1592,56.3594,26.979,1520.52,472.874
9.556,0.1593,56.3439,26.9931,1520.9,473.036
9.559,0.1593,56.3286,26.7932,1509.22,473.197
9.561,0.1594,59.2771,26.759,1586.2,473.359
9.564,0.1594,59.2607,26.7627,1585.98,473.52
9.566,0.1594,59.2444,26.7742,1586.22,473.682
9.568,0.1595,59.2282,26.7766,1585.93,473.844
9.571,0.1595,59.212,26.739,1583.27,474.005
9.573,0.1596,59.1958,26.7442,1583.14,474.167
9.576,0.1596,59.1797,26.7463,1582.84,474.328
9.578,0.1596,59.1636,26.7521,1582.75,474.49
9.581,0.1597,59.1476,26.7501,1582.21,474.651
9.583,0.1597,59.1315,26.7574,1582.21,474.812
9.586,0.1598,59.1156,26.7513,1581.42,474.974
9.588,0.1598,59.0995,26.7608,1581.55,475.135
9.590,0.1598,59.0837,26.7509,1580.54,475.297
9.593,0.1599,59.0677,26.763,1580.83,475.458
9.595,0.1599,59.0519,26.7502,1579.65,475.619
9.598,0.1600,59.0358,26.7513,1579.28,475.781
9.600,0.1600,59.0197,26.7528,1578.95,475.942
9.603,0.1600,59.0036,26.7549,1578.63,476.103
9.605,0.1601,58.9876,26.7573,1578.35,476.264
9.608,0.1601,58.9715,26.7606,1578.11,476.425
9.610,0.1602,58.9554,26.7642,1577.9,476.587
9.613,0.1602,58.9394,26.769,1577.75,476.748
9.615,0.1603,58.9233,26.7739,1577.61,476.909
9.617,0.1603,58.9072,26.7802,1577.54,477.07
9.620,0.1603,58.8911,26.7912,1577.76,477.232
9.622,0.1604,58.8749,26.7456,1574.65,477.393
9.625,0.1604,58.8587,26.7542,1574.72,477.555
9.627,0.1605,58.8425,26.7618,1574.73,477.716
9.630,0.1605,58.8263,26.7722,1574.91,477.878
9.632,0.1605,58.8101,26.7794,1574.9,478.039
9.635,0.1606,58.7938,26.9864,1586.63,478.201
9.637,0.1606,58.7775,26.9986,1586.91,478.362
9.640,0.1607,58.7611,27.0039,1586.78,478.524
9.642,0.1607,58.7448,27.0173,1587.13,478.686
9.644,0.1607,58.7284,27.0205,1586.87,478.847
9.647,0.1608,58.712,26.8568,1576.81,479.009
9.649,0.1608,58.6955,26.8556,1576.3,479.171
9.652,0.1609,58.6791,26.8741,1576.95,479.332
9.654,0.1609,58.6626,26.8131,1572.92,479.494
9.657,0.1609,58.6461,26.8466,1574.45,479.656
9.659,0.1610,58.6296,26.8244,1572.71,479.818
9.662,0.1610,58.6131,26.8623,1574.48,479.979
9.664,0.1611,58.5966,26.8346,1572.42,480.141
9.666,0.1611,58.58,26.8766,1574.43,480.303
9.669,0.1611,58.5636,26.8439,1572.07,480.465
9.671,0.1612,58.547,26.8267,1570.62,480.627
9.674,0.1612,58.5306,26.7991,1568.57,480.788
9.676,0.1613,58.5141,26.8392,1570.47,480.95
9.679,0.1613,58.4977,26.8086,1568.24,481.112
9.681,0.1614,58.4812,26.8512,1570.29,481.274
9.684,0.1614,58.465,26.7365,1563.15,481.436
9.686,0.1614,58.4486,26.781,1565.31,481.597
9.689,0.1615,58.4325,26.7482,1562.96,481.759
9.691,0.1615,58.4161,26.7926,1565.12,481.921
9.693,0.1616,58.4001,26.7618,1562.9,482.083
9.696,0.1616,58.3839,26.7678,1562.81,482.245
9.698,0.1616,58.3677,26.7991,1564.2,482.407
9.701,0.1617,58.3516,26.8349,1565.86,482.568
9.703,0.1617,58.3355,26.845,1566.02,482.73
9.706,0.1618,58.3196,26.8503,1565.9,482.892
9.708,0.1618,58.3037,26.8615,1566.12,483.054
9.711,0.1618,58.2879,26.867,1566.02,483.215
9.713,0.1619,58.2721,26.8013,1561.77,483.377
9.715,0.1619,58.2565,26.6513,1552.61,483.539
9.718,0.1620,58.2409,26.6565,1552.5,483.701
9.720,0.1620,58.2253,26.6003,1548.81,483.862
9.723,0.1620,58.2098,26.6019,1548.49,484.024
9.725,0.1621,58.1943,26.616,1548.9,484.186
9.728,0.1621,58.1788,26.6141,1548.38,484.347
9.730,0.1622,58.1633,26.631,1548.95,484.509
9.733,0.1622,58.1479,26.625,1548.19,484.67
9.735,0.1623,58.1324,26.6448,1548.92,484.832
9.738,0.1623,58.117,26.6345,1547.91,484.993
9.740,0.1623,58.1013,26.592,1545.03,485.155
9.742,0.1624,58.0859,26.5825,1544.07,485.316
9.745,0.1624,58.0701,26.602,1544.78,485.478
9.747,0.1625,58.0546,26.5895,1543.64,485.639
9.750,0.1625,58.0387,26.6103,1544.43,485.8
9.752,0.1625,58.0231,26.5959,1543.17,485.961
9.755,0.1626,58.007,26.6174,1544,486.123
9.757,0.1626,57.9913,26.6022,1542.69,486.284
9.760,0.1627,57.9751,26.5421,1538.78,486.445
9.762,0.1627,57.9592,26.5441,1538.48,486.606
9.764,0.1627,57.9429,26.5483,1538.28,486.767
9.767,0.1628,57.9269,26.5531,1538.14,486.928
9.769,0.1628,57.9105,26.5549,1537.81,487.089
9.772,0.1629,57.8944,26.5644,1537.93,487.251
9.774,0.1629,57.8779,26.4721,1532.15,487.412
9.777,0.1629,57.8618,26.5211,1534.56,487.573
9.779,0.1630,57.8453,26.499,1532.84,487.734
9.782,0.1630,57.8291,26.5366,1534.59,487.895
9.784,0.1631,57.8126,26.5552,1535.23,488.057
9.787,0.1631,57.7964,26.6061,1537.74,488.218
9.789,0.1632,57.78,26.5507,1534.1,488.38
9.791,0.1632,57.7638,26.5823,1535.5,488.541
9.794,0.1632,57.7475,26.5879,1535.39,488.702
9.796,0.1633,57.7312,26.5938,1535.29,488.864
9.799,0.1633,57.715,26.5996,1535.19,489.026
9.801,0.1634,57.6987,26.6056,1535.11,489.187
9.804,0.1634,57.6825,26.6115,1535.02,489.349
9.806,0.1634,57.6663,26.6175,1534.94,489.511
9.809,0.1635,57.6501,26.5335,1529.66,489.672
9.811,0.1635,57.634,26.5388,1529.54,489.834
9.814,0.1636,57.6178,26.5441,1529.41,489.995
9.816,0.1636,57.6016,26.5789,1530.99,490.157
9.818,0.1636,57.5855,26.6917,1537.05,490.319
9.821,0.1637,57.5693,26.696,1536.87,490.48
9.823,0.1637,57.5531,26.7007,1536.71,490.642
9.826,0.1638,57.537,26.6225,1531.78,490.804
9.828,0.1638,57.5208,26.6274,1531.63,490.965
9.831,0.1638,57.5046,26.6322,1531.47,491.127
9.833,0.1639,57.4884,26.6373,1531.34,491.288
9.836,0.1639,57.4722,26.4685,1521.2,491.45
9.838,0.1640,57.456,26.4744,1521.11,491.612
9.840,0.1640,57.4397,26.4802,1521.02,491.773
9.843,0.1640,57.4235,26.4863,1520.94,491.935
9.845,0.1641,57.4072,26.4257,1517.03,492.096
9.848,0.1641,57.391,26.4296,1516.82,492.258
9.850,0.1642,57.3748,26.4376,1516.85,492.419
9.853,0.1642,57.3586,26.4693,1518.25,492.581
9.855,0.1643,57.3424,26.4781,1518.32,492.742
9.858,0.1643,57.3263,26.4542,1516.52,492.904
9.860,0.1643,57.31,26.4608,1516.47,493.065
9.862,0.1644,57.294,26.4651,1516.29,493.227
9.865,0.1644,57.2777,26.4705,1516.17,493.389
9.867,0.1645,57.2617,26.4759,1516.06,493.551
9.870,0.1645,57.2454,26.4792,1515.81,493.712
9.872,0.1645,57.2294,26.4863,1515.8,493.873
9.875,0.1646,57.2131,26.4868,1515.4,494.034
9.877,0.1646,57.1971,26.4958,1515.49,494.196
9.880,0.1647,57.1809,26.4932,1514.9,494.357
9.882,0.1647,57.1649,26.5042,1515.11,494.519
9.885,0.1647,57.1487,26.5229,1515.75,494.679
9.887,0.1648,57.1326,26.5375,1516.15,494.841
9.889,0.1648,57.1164,26.5262,1515.08,495.002
9.892,0.1649,57.1003,26.5288,1514.8,495.163
9.894,0.1649,57.0843,26.5307,1514.49,495.325
9.897,0.1649,57.0682,26.5325,1514.17,495.486
9.899,0.1650,57.0522,26.5338,1513.81,495.647
9.902,0.1650,57.0361,26.4242,1507.14,495.809
9.904,0.1651,57.0201,26.4252,1506.77,495.97
9.907,0.1651,57.004,26.4262,1506.4,496.131
9.909,0.1652,56.988,26.4268,1506.01,496.293
9.911,0.1652,56.9719,26.4273,1505.62,496.454
9.914,0.1652,56.9558,26.4277,1505.21,496.615
9.916,0.1653,56.9397,26.4282,1504.82,496.776
9.919,0.1653,56.9237,26.4314,1504.57,496.937
9.921,0.1654,56.9076,26.4295,1504.04,497.098
9.924,0.1654,56.8915,26.4353,1503.94,497.259
9.926,0.1654,56.8754,26.3892,1500.9,497.42
9.929,0.1655,56.8592,26.3935,1500.71,497.581
9.931,0.1655,56.8431,26.3951,1500.38,497.743
9.933,0.1656,56.8268,26.3989,1500.17,497.903
9.936,0.1656,56.8107,26.4035,1500,498.065
9.938,0.1656,56.7944,26.5423,1507.45,498.226
9.941,0.1657,59.1903,26.5818,1573.38,498.387
9.943,0.1657,59.1737,26.5786,1572.76,498.548
9.946,0.1658,59.1572,26.5961,1573.35,498.709
9.948,0.1658,59.1407,26.5078,1567.69,498.87
9.951,0.1658,59.1242,26.535,1568.86,499.031
9.953,0.1659,59.1077,26.5198,1567.53,499.192
9.956,0.1659,59.0913,26.557,1569.29,499.353
9.958,0.1660,59.0749,26.5349,1567.55,499.514
9.960,0.1660,59.0585,26.5825,1569.93,499.675
9.963,0.1660,59.0423,26.5531,1567.75,499.835
9.965,0.1661,59.026,26.6109,1570.73,499.997
9.968,0.1661,59.0099,26.5741,1568.13,500.157
9.970,0.1662,58.9936,26.4797,1562.13,500.318
9.973,0.1662,58.9777,26.4487,1559.89,500.479
9.975,0.1663,58.9615,26.5084,1562.98,500.64
9.978,0.1663,58.9458,26.4186,1557.27,500.8
9.980,0.1663,58.9297,26.4577,1559.14,500.961
9.982,0.1664,58.9142,26.503,1561.41,501.122
9.985,0.1664,58.8982,26.5502,1563.76,501.283
9.987,0.1665,58.8829,26.5267,1561.96,501.443
9.990,0.1665,58.867,26.5381,1562.22,501.604
9.992,0.1665,58.8512,26.5487,1562.43,501.765
9.995,0.1666,58.8355,26.559,1562.61,501.926
9.997,0.1666,58.8199,26.5682,1562.74,502.087
10.000,0.1667,58.8044,26.5769,1562.84,502.249
10.002,0.1667,58.7889,26.5842,1562.86,502.41
10.004,0.1667,58.7734,26.5035,1557.7,502.571
10.007,0.1668,58.7581,26.5063,1557.46,502.733
10.009,0.1668,58.7427,26.4938,1556.32,502.894
10.012,0.1669,58.7275,26.4903,1555.71,503.055
10.014,0.1669,58.7121,26.5342,1557.88,503.217
10.017,0.1669,58.6969,26.5255,1556.96,503.378
10.019,0.1670,58.6815,26.5394,1557.37,503.54
10.022,0.1670,58.6664,26.526,1556.19,503.701
10.024,0.1671,58.651,26.5411,1556.66,503.863
10.026,0.1671,58.6359,26.5235,1555.23,504.024
10.029,0.1671,58.6204,26.5399,1555.78,504.185
10.031,0.1672,58.6053,26.5187,1554.14,504.346
10.034,0.1672,58.5896,26.5365,1554.77,504.508
10.036,0.1673,58.5745,26.5129,1552.98,504.669
10.039,0.1673,58.5587,26.5317,1553.66,504.83
10.041,0.1674,58.5435,26.5069,1551.81,504.991
10.044,0.1674,58.5276,26.4036,1545.34,505.153
10.046,0.1674,58.5123,26.3439,1541.45,505.313
10.049,0.1675,58.4963,26.3919,1543.83,505.474
10.051,0.1675,58.481,26.3491,1540.92,505.635
10.053,0.1676,58.4648,26.3436,1540.18,505.796
10.056,0.1676,58.4495,26.2966,1537.02,505.956
10.058,0.1676,58.4332,26.3429,1539.3,506.117
10.061,0.1677,58.4179,26.3005,1536.42,506.278
10.063,0.1677,58.4016,26.3448,1538.58,506.438
10.066,0.1678,58.3862,26.3049,1535.84,506.599
10.068,0.1678,58.3699,26.3495,1538.01,506.759
10.071,0.1678,58.3546,26.3132,1535.5,506.919
10.073,0.1679,58.3382,26.3568,1537.61,507.08
10.075,0.1679,58.323,26.325,1535.35,507.24
10.078,0.1680,58.3067,26.3344,1535.47,507.4
10.080,0.1680,58.2915,26.3134,1533.85,507.56
10.083,0.1680,58.2754,26.3451,1535.27,507.721
10.085,0.1681,58.2603,26.3283,1533.9,507.881
10.088,0.1681,58.2442,26.2392,1528.28,508.041
10.090,0.1682,58.2282,26.2455,1528.23,508.201
10.093,0.1682,58.2123,26.2465,1527.87,508.362
10.095,0.1683,58.1965,26.2552,1527.96,508.522
10.097,0.1683,58.1807,26.1623,1522.14,508.682
10.100,0.1683,58.165,26.1706,1522.21,508.842
10.102,0.1684,58.1494,26.1782,1522.24,509.003
10.105,0.1684,58.1338,26.2426,1525.58,509.163
10.107,0.1685,58.1183,26.2503,1525.62,509.323
10.110,0.1685,58.1029,26.2587,1525.71,509.483
10.112,0.1685,58.0875,26.2662,1525.74,509.644
10.115,0.1686,58.0723,26.2746,1525.83,509.804
10.117,0.1686,58.057,26.2821,1525.86,509.964
10.120,0.1687,58.0418,26.2905,1525.95,510.124
10.122,0.1687,58.0267,26.2981,1525.99,510.285
10.124,0.1687,58.0116,26.3043,1525.96,510.445
10.127,0.1688,57.9966,26.3125,1526.03,510.605
10.129,0.1688,57.9816,26.3212,1526.15,510.766
10.132,0.1689,57.9666,26.3299,1526.25,510.926
10.134,0.1689,57.9517,26.3598,1527.6,511.087
10.137,0.1689,57.9368,26.3685,1527.71,511.247
10.139,0.1690,57.9219,26.3659,1527.16,511.407
10.142,0.1690,57.907,26.4216,1529.99,511.568
10.144,0.1691,57.8922,26.4099,1528.93,511.728
10.146,0.1691,57.8773,26.4399,1530.27,511.889
10.149,0.1691,57.8625,26.4178,1528.6,512.049
10.151,0.1692,57.8476,26.4592,1530.6,512.209
10.154,0.1692,57.8328,26.3534,1524.09,512.37
10.156,0.1693,57.8179,26.4058,1526.73,512.53
10.159,0.1693,57.8031,26.0801,1507.51,512.691
10.161,0.1694,57.7882,26.1505,1511.19,512.851
10.164,0.1694,57.7735,26.0861,1507.08,513.011
10.166,0.1694,57.7585,26.1701,1511.55,513.171
10.168,0.1695,57.7438,26.0916,1506.63,513.332
10.171,0.1695,57.7288,26.1892,1511.87,513.492
10.173,0.1696,57.714,26.0967,1506.15,513.652
10.176,0.1696,57.699,26.2072,1512.13,513.812
10.178,0.1696,57.6843,26.1013,1505.64,513.972
10.181,0.1697,57.6692,26.2472,1513.66,514.132
10.183,0.1697,57.6545,26.0929,1504.37,514.291
10.186,0.1698,57.6393,26.1022,1504.51,514.451
10.188,0.1698,57.6242,26.1131,1504.75,514.611
10.190,0.1698,57.609,26.1216,1504.84,514.771
10.193,0.1699,57.5939,26.1301,1504.94,514.93
10.195,0.1699,57.5787,26.1384,1505.02,515.09
10.198,0.1700,57.5637,26.1469,1505.11,515.249
10.200,0.1700,57.5486,26.155,1505.18,515.408
10.203,0.1700,57.5335,26.1633,1505.27,515.568
10.205,0.1701,57.5185,26.1769,1505.66,515.727
10.208,0.1701,57.5035,26.1845,1505.7,515.886
10.210,0.1702,57.4885,26.1918,1505.72,516.045
10.213,0.1702,57.4735,26.1864,1505.02,516.204
10.215,0.1702,57.4584,26.2613,1508.93,516.363
10.217,0.1703,57.4435,26.2422,1507.44,516.522
10.220,0.1703,57.4284,26.3143,1511.19,516.681
10.222,0.1704,57.4135,26.2826,1508.98,516.84
10.225,0.1704,57.3984,26.3433,1512.06,516.999
10.227,0.1705,57.3836,26.2805,1508.07,517.158
10.230,0.1705,57.3685,26.2723,1507.2,517.317
10.232,0.1705,57.3538,26.121,1498.14,517.477
10.235,0.1706,57.3387,26.2192,1503.37,517.635
10.237,0.1706,57.3242,26.1249,1497.59,517.795
10.239,0.1707,57.3092,26.2446,1504.06,517.954
10.242,0.1707,57.2948,26.1302,1497.12,518.113
10.244,0.1707,57.2799,26.272,1504.86,518.272
10.247,0.1708,57.2656,26.1371,1496.75,518.431
10.249,0.1708,57.2509,26.3012,1505.77,518.59
10.252,0.1709,57.2368,26.146,1496.51,518.749
10.254,0.1709,57.2221,26.3319,1506.76,518.908
10.257,0.1709,57.2082,26.1571,1496.4,519.068
10.259,0.1710,57.1937,26.3634,1507.82,519.227
10.261,0.1710,57.18,26.1705,1496.43,519.386
10.264,0.1711,57.1656,26.3952,1508.9,519.545
10.266,0.1711,57.1521,26.1226,1492.96,519.704
10.269,0.1711,57.1378,26.3584,1506.06,519.863
10.271,0.1712,57.1244,26.1398,1493.22,520.022
10.274,0.1712,57.1102,26.3878,1507.01,520.182
10.276,0.1713,57.097,26.1584,1493.57,520.341
10.279,0.1713,57.0829,26.4149,1507.84,520.5
10.281,0.1713,57.0698,26.1776,1493.95,520.659
10.283,0.1714,57.0557,26.1896,1494.27,520.818
10.286,0.1714,57.0416,26.1862,1493.7,520.977
10.288,0.1715,57.0275,26.1485,1491.19,521.136
10.291,0.1715,57.0135,26.1307,1489.81,521.295
10.293,0.1716,56.9994,26.1705,1491.7,521.454
10.296,0.1716,56.9854,26.1369,1489.42,521.613
10.298,0.1716,56.9713,26.2074,1493.07,521.772
10.301,0.1717,56.9573,26.1578,1489.88,521.931
10.303,0.1717,56.9431,26.2254,1493.36,522.09
10.305,0.1718,56.9291,26.173,1490,522.249
10.308,0.1718,56.9147,26.2985,1496.77,522.407
10.310,0.1718,56.9007,26.2332,1492.69,522.566
10.313,0.1719,56.8862,26.3073,1496.52,522.724
10.315,0.1719,56.8721,26.1643,1488.02,522.883
10.318,0.1720,56.8576,26.2606,1493.11,523.042
10.320,0.1720,56.8434,26.156,1486.8,523.2
10.323,0.1720,56.8288,26.2665,1492.69,523.359
10.325,0.1721,56.8146,26.1466,1485.51,523.517
10.327,0.1721,56.8,26.2583,1491.47,523.676
10.330,0.1722,56.7858,26.1075,1482.53,523.834
10.332,0.1722,56.771,26.2645,1491.06,523.993
10.335,0.1722,59.7688,26.1286,1561.68,524.151
10.337,0.1723,59.7526,26.2949,1571.19,524.31
10.340,0.1723,59.7364,26.1232,1560.51,524.468
10.342,0.1724,59.7202,26.3027,1570.8,524.627
10.345,0.1724,59.7039,26.1213,1559.55,524.786
10.347,0.1725,59.6877,26.1291,1559.59,524.944
10.349,0.1725,59.6713,25.9945,1551.13,525.103
10.352,0.1725,59.6551,26.1163,1557.97,525.262
10.354,0.1726,59.6387,25.9915,1550.1,525.421
10.357,0.1726,59.6225,26.0303,1551.99,525.58
10.359,0.1727,59.606,25.9345,1545.86,525.738
10.362,0.1727,59.5899,26.0432,1551.91,525.897
10.364,0.1727,59.5734,25.9435,1545.54,526.056
10.367,0.1728,59.5573,26.0586,1551.98,526.216
10.369,0.1728,59.5408,25.9554,1545.41,526.374
10.371,0.1729,59.5248,26.0763,1552.18,526.534
10.374,0.1729,59.5083,25.9696,1545.41,526.693
10.376,0.1729,59.4923,26.096,1552.51,526.852
10.379,0.1730,59.4759,25.9854,1545.5,527.011
10.381,0.1730,59.4599,26.0593,1549.48,527.171
10.384,0.1731,59.4439,26.0702,1549.71,527.33
10.386,0.1731,59.4279,26.0807,1549.92,527.49
10.389,0.1731,59.4119,26.0917,1550.16,527.649
10.391,0.1732,59.396,26.1021,1550.36,527.809
10.393,0.1732,59.38,26.0478,1546.72,527.968
10.396,0.1733,59.3641,26.0575,1546.88,528.128
10.398,0.1733,59.3482,26.0678,1547.08,528.287
10.401,0.1733,59.3323,26.0771,1547.22,528.447
10.403,0.1734,59.3164,26.0871,1547.39,528.606
10.406,0.1734,59.3004,26.0961,1547.51,528.766
10.408,0.1735,59.2845,26.1058,1547.67,528.925
10.411,0.1735,59.2686,26.1144,1547.77,529.084
10.413,0.1736,59.2527,26.1239,1547.91,529.244
10.415,0.1736,59.2367,26.1324,1548,529.403
10.418,0.1736,59.2208,26.1418,1548.13,529.562
10.420,0.1737,59.2048,26.0708,1543.51,529.721
10.423,0.1737,59.1888,26.0804,1543.67,529.88
10.425,0.1738,59.1728,26.0893,1543.78,530.039
10.428,0.1738,59.1568,26.132,1545.88,530.198
10.430,0.1738,59.1408,26.1982,1549.38,530.357
10.433,0.1739,59.1248,26.207,1549.48,530.516
10.435,0.1739,59.1087,26.214,1549.47,530.675
10.437,0.1740,59.0926,26.2229,1549.58,530.834
10.440,0.1740,59.0765,26.2295,1549.55,530.992
10.442,0.1740,59.0604,26.2236,1548.78,531.151
10.445,0.1741,59.0442,26.2331,1548.91,531.31
10.447,0.1741,59.0282,26.2144,1547.39,531.468
10.450,0.1742,59.012,26.1983,1546.01,531.627
10.452,0.1742,58.996,26.1973,1545.54,531.786
10.455,0.1742,58.9799,26.0671,1537.43,531.944
10.457,0.1743,58.9639,26.0918,1538.48,532.103
10.459,0.1743,58.9478,26.0801,1537.37,532.262
10.462,0.1744,58.9319,26.1039,1538.35,532.421
10.464,0.1744,58.9159,26.0929,1537.29,532.58
10.467,0.1744,58.9001,26.1144,1538.14,532.739
10.469,0.1745,58.8842,26.1055,1537.2,532.898
10.472,0.1745,58.8684,26.1236,1537.86,533.057
10.474,0.1746,58.8527,26.1179,1537.11,533.216
10.477,0.1746,58.837,26.1322,1537.54,533.375
10.479,0.1747,58.8214,26.0697,1533.46,533.535
10.481,0.1747,58.8058,26.076,1533.42,533.694
10.484,0.1747,58.7902,26.1335,1536.4,533.853
10.486,0.1748,58.7747,26.1541,1537.2,534.012
10.489,0.1748,58.7592,26.1599,1537.13,534.172
10.491,0.1749,58.7438,26.1657,1537.07,534.331
10.494,0.1749,58.7284,26.2252,1540.17,534.49
10.496,0.1749,58.713,26.2316,1540.13,534.65
10.499,0.1750,58.6977,26.2381,1540.11,534.809
10.501,0.1750,58.6824,26.2447,1540.11,534.969
10.503,0.1751,58.6672,26.2577,1540.47,535.129
10.506,0.1751,58.6519,26.1661,1534.69,535.288
10.508,0.1751,58.6367,26.1707,1534.56,535.448
10.511,0.1752,58.6215,26.1832,1534.9,535.608
10.513,0.1752,58.6062,26.1853,1534.62,535.767
10.516,0.1753,58.5911,26.2006,1535.12,535.927
10.518,0.1753,58.5757,26.2,1534.68,536.087
10.521,0.1753,58.5607,26.2181,1535.35,536.247
10.523,0.1754,58.5453,26.1596,1531.52,536.406
10.525,0.1754,58.5304,26.1805,1532.35,536.566
10.528,0.1755,58.515,26.1744,1531.59,536.726
10.530,0.1755,58.5001,26.1979,1532.58,536.886
10.533,0.1755,58.4848,26.1886,1531.64,537.046
10.535,0.1756,58.4699,26.2145,1532.76,537.206
10.538,0.1756,58.4546,26.2022,1531.64,537.365
10.540,0.1757,58.4398,26.2299,1532.87,537.525
10.543,0.1757,58.4246,26.2148,1531.59,537.685
10.545,0.1758,58.4098,26.28,1535.01,537.845
10.547,0.1758,58.3946,26.2683,1533.92,538.005
10.550,0.1758,58.3798,26.2923,1534.94,538.165
10.552,0.1759,58.3646,26.2805,1533.85,538.325
10.555,0.1759,58.3498,26.241,1531.15,538.485
10.557,0.1760,58.3346,26.1841,1527.44,538.645
10.560,0.1760,58.3198,26.2021,1528.1,538.805
10.562,0.1760,58.3046,26.198,1527.47,538.965
10.565,0.1761,58.2898,26.1992,1527.15,539.125
10.567,0.1761,58.2746,26.1914,1526.29,539.285
10.569,0.1762,58.2597,26.2111,1527.05,539.445
10.572,0.1762,58.2445,26.2051,1526.3,539.605
10.574,0.1762,58.2296,26.2233,1526.97,539.765
10.577,0.1763,58.2144,26.2305,1527,539.925
10.579,0.1763,58.1992,26.242,1527.26,540.085
10.582,0.1764,58.1839,26.2458,1527.08,540.244
10.584,0.1764,58.1687,26.2611,1527.57,540.404
10.587,0.1764,58.1534,26.2618,1527.21,540.564
10.589,0.1765,58.1381,26.2817,1527.97,540.724
10.592,0.1765,58.1228,26.2748,1527.16,540.883
10.594,0.1766,58.1075,26.3048,1528.51,541.043
10.596,0.1766,58.0921,26.2994,1527.79,541.203
10.599,0.1766,58.0769,26.3229,1528.75,541.363
10.601,0.1767,58.0615,26.3162,1527.96,541.522
10.604,0.1767,58.0462,26.3394,1528.91,541.682
10.606,0.1768,58.0309,26.3326,1528.1,541.842
10.609,0.1768,58.0157,26.354,1528.95,542.002
10.611,0.1769,58.0004,26.3481,1528.2,542.162
10.614,0.1769,57.9853,26.3664,1528.86,542.322
10.616,0.1769,57.9701,26.4142,1531.24,542.481
10.618,0.1770,57.955,26.4292,1531.7,542.642
10.621,0.1770,57.9399,26.4272,1531.19,542.801
10.623,0.1771,57.9249,26.4371,1531.36,542.962
10.626,0.1771,57.9099,26.4383,1531.04,543.122
10.628,0.1771,57.895,26.3418,1525.05,543.282
10.631,0.1772,57.8801,26.3467,1524.95,543.442
10.633,0.1772,57.8653,26.3549,1525.03,543.603
10.636,0.1773,57.8506,26.0428,1506.59,543.763
10.638,0.1773,57.8358,26.0563,1506.99,543.923
10.640,0.1773,57.8212,26.0287,1505.01,544.084
10.643,0.1774,57.8065,26.018,1504.01,544.244
10.645,0.1774,57.792,26.0338,1504.54,544.405
10.648,0.1775,57.7774,26.0436,1504.73,544.566
10.650,0.1775,57.763,26.0533,1504.92,544.727
10.653,0.1775,57.7485,26.0428,1503.93,544.887
10.655,0.1776,57.734,26.0565,1504.35,545.048
10.658,0.1776,57.7195,26.0362,1502.8,545.209
10.660,0.1777,57.7051,26.0588,1503.73,545.37
10.662,0.1777,57.6907,26.0198,1501.1,545.531
10.665,0.1777,57.6761,26.0273,1501.16,545.692
10.667,0.1778,57.6617,26.0153,1500.09,545.853
10.670,0.1778,57.6471,26.0283,1500.46,546.014
10.672,0.1779,57.6328,25.9322,1494.54,546.176
10.675,0.1779,57.6181,25.9331,1494.21,546.337
10.677,0.1780,57.6034,25.9351,1493.95,546.498
10.680,0.1780,57.5887,25.8675,1489.68,546.659
10.682,0.1780,57.574,25.8708,1489.49,546.82
10.684,0.1781,57.5593,25.9358,1492.85,546.981
10.687,0.1781,57.5446,25.9391,1492.66,547.143
10.689,0.1782,57.53,25.9427,1492.49,547.304
10.692,0.1782,57.5153,25.9464,1492.32,547.465
10.694,0.1782,57.5007,25.9504,1492.17,547.627
10.697,0.1783,57.486,25.9541,1492,547.788
10.699,0.1783,57.4714,25.958,1491.84,547.949
10.702,0.1784,57.4568,25.9611,1491.64,548.111
10.704,0.1784,57.4422,25.9644,1491.46,548.272
10.707,0.1784,57.4276,25.9667,1491.2,548.433
10.709,0.1785,57.4131,25.969,1490.96,548.595
10.711,0.1785,57.3986,25.97,1490.64,548.756
10.714,0.1786,57.3841,25.9711,1490.33,548.917
10.716,0.1786,57.3696,25.9708,1489.94,549.079
10.719,0.1786,57.3552,25.9706,1489.55,549.24
10.721,0.1787,57.3408,25.9691,1489.09,549.401
10.724,0.1787,59.6739,26.0154,1552.44,549.563
10.726,0.1788,59.6585,26.0123,1551.86,549.724
10.729,0.1788,59.643,26.1234,1558.08,549.885
10.731,0.1789,59.6276,26.1202,1557.49,550.046
10.733,0.1789,59.6121,26.1189,1557,550.207
10.736,0.1789,59.5967,26.1294,1557.23,550.369
10.738,0.1790,59.5813,26.1279,1556.73,550.53
10.741,0.1790,59.5659,26.1275,1556.31,550.691
10.743,0.1791,59.5506,26.1249,1555.75,550.852
10.746,0.1791,59.5353,25.9508,1544.99,551.013
10.748,0.1791,59.52,25.9481,1544.43,551.174
10.751,0.1792,59.5049,25.9723,1545.48,551.336
10.753,0.1792,59.4897,25.9463,1543.54,551.497
10.755,0.1793,59.4747,25.979,1545.09,551.659
10.758,0.1793,59.4597,25.9551,1543.28,551.82
10.760,0.1793,59.4448,25.9775,1544.23,551.981
10.763,0.1794,59.4299,25.9624,1542.94,552.143
10.765,0.1794,59.4152,25.9913,1544.28,552.305
10.768,0.1795,59.4004,25.9713,1542.71,552.466
10.770,0.1795,59.3858,25.9162,1539.06,552.628
10.773,0.1795,59.3712,25.9375,1539.94,552.79
10.775,0.1796,59.3567,25.9418,1539.82,552.951
10.778,0.1796,59.3422,25.9455,1539.66,553.113
10.780,0.1797,59.3277,25.9451,1539.27,553.275
10.782,0.1797,59.3133,25.9461,1538.95,553.436
10.785,0.1797,59.2988,25.9466,1538.61,553.598
10.787,0.1798,59.2844,25.946,1538.2,553.76
10.790,0.1798,59.27,25.9452,1537.77,553.922
10.792,0.1799,59.2555,25.9432,1537.28,554.084
10.795,0.1799,59.241,25.9412,1536.78,554.246
10.797,0.1800,59.2265,25.938,1536.22,554.408
10.800,0.1800,59.2119,25.9364,1535.74,554.57
10.802,0.1800,59.1972,25.9063,1533.58,554.733
10.804,0.1801,59.1824,25.9,1532.83,554.895
10.807,0.1801,59.1674,25.9154,1533.35,555.057
10.809,0.1802,59.1525,25.9449,1534.7,555.219
10.812,0.1802,59.1373,25.941,1534.08,555.381
10.814,0.1802,59.1223,25.9434,1533.83,555.544
10.817,0.1803,59.1068,25.9381,1533.12,555.706
10.819,0.1803,59.0916,25.9461,1533.2,555.868
10.822,0.1804,59.076,25.9387,1532.35,556.03
10.824,0.1804,59.0606,25.954,1532.86,556.193
10.826,0.1804,59.0448,25.9437,1531.84,556.355
10.829,0.1805,59.0293,25.9674,1532.84,556.517
10.831,0.1805,59.0135,25.9536,1531.61,556.679
10.834,0.1806,58.9979,26.1032,1540.03,556.842
10.836,0.1806,58.982,26.0479,1536.36,557.004
10.839,0.1806,58.9663,26.1259,1540.55,557.167
10.841,0.1807,58.9506,26.0636,1536.46,557.329
10.844,0.1807,58.9349,26.0815,1537.11,557.492
10.846,0.1808,58.9192,25.9148,1526.88,557.654
10.848,0.1808,58.9035,26.0272,1533.09,557.817
10.851,0.1808,58.8879,25.9348,1527.25,557.979
10.853,0.1809,58.8723,26.0557,1533.96,558.142
10.856,0.1809,58.8569,25.9835,1529.31,558.304
10.858,0.1810,58.8414,26.081,1534.64,558.467
10.861,0.1810,58.8262,26.0042,1529.73,558.629
10.863,0.1811,58.8108,26.0833,1533.98,558.792
10.866,0.1811,58.7957,25.9931,1528.29,558.955
10.868,0.1811,58.7805,26.1012,1534.24,559.117
10.870,0.1812,58.7655,26.1082,1534.26,559.28
10.873,0.1812,58.7507,26.1136,1534.19,559.442
10.875,0.1813,58.7358,26.049,1530.01,559.605
10.878,0.1813,58.721,26.0545,1529.95,559.767
10.880,0.1813,58.7063,26.0526,1529.45,559.93
10.883,0.1814,58.6916,26.0594,1529.47,560.092
10.885,0.1814,58.6768,26.0523,1528.66,560.254
10.888,0.1815,58.6621,26.0622,1528.86,560.417
10.890,0.1815,58.6474,26.0488,1527.7,560.579
10.893,0.1815,58.6327,26.1172,1531.32,560.741
10.895,0.1816,58.6179,26.1031,1530.11,560.904
10.897,0.1816,58.6031,26.1175,1530.57,561.066
10.900,0.1817,58.5883,26.0964,1528.95,561.228
10.902,0.1817,58.5735,26.119,1529.88,561.391
10.905,0.1817,58.5587,26.0936,1528.01,561.553
10.907,0.1818,58.5438,26.1753,1532.4,561.716
10.910,0.1818,58.529,26.0542,1524.92,561.878
10.912,0.1819,58.514,26.0221,1522.66,562.041
10.915,0.1819,58.4992,26.0319,1522.85,562.203
10.917,0.1819,58.4842,26.0877,1525.72,562.366
10.919,0.1820,58.4694,26.0339,1522.18,562.528
10.922,0.1820,58.4544,26.0986,1525.58,562.691
10.924,0.1821,58.4395,26.0394,1521.73,562.853
10.927,0.1821,58.4245,26.1119,1525.57,563.016
10.929,0.1822,58.4097,26.048,1521.46,563.178
10.932,0.1822,58.3948,26.1269,1525.68,563.341
10.934,0.1822,58.3801,26.059,1521.33,563.504
10.937,0.1823,58.3651,26.1432,1525.85,563.667
10.939,0.1823,58.3505,26.0714,1521.28,563.829
10.941,0.1824,58.3356,26.1602,1526.07,563.992
10.944,0.1824,58.321,26.0877,1521.46,564.155
10.946,0.1824,58.3062,26.1601,1525.29,564.318
10.949,0.1825,58.2916,26.102,1521.53,564.481
10.951,0.1825,58.2768,26.1774,1525.54,564.644
10.954,0.1826,58.2622,26.1147,1521.5,564.807
10.956,0.1826,58.2476,26.1953,1525.81,564.97
10.959,0.1826,58.2329,26.1251,1521.34,565.133
10.961,0.1827,58.2183,26.2139,1526.13,565.296
10.963,0.1827,58.2036,26.1014,1519.2,565.459
10.966,0.1828,58.189,26.1649,1522.51,565.622
10.968,0.1828,58.1743,26.1671,1522.25,565.785
10.971,0.1828,58.1596,26.1694,1522,565.948
10.973,0.1829,58.1449,26.1718,1521.76,566.111
10.976,0.1829,58.1301,26.1744,1521.52,566.274
10.978,0.1830,58.1154,26.1772,1521.3,566.437
10.981,0.1830,58.1006,26.18,1521.08,566.6
10.983,0.1831,58.0859,26.1559,1519.29,566.763
10.986,0.1831,58.0711,26.1592,1519.09,566.926
10.988,0.1831,58.0563,26.1628,1518.92,567.089
10.990,0.1832,58.0415,26.1663,1518.73,567.252
10.993,0.1832,58.0268,26.1701,1518.57,567.415
10.995,0.1833,58.012,26.1737,1518.39,567.578
10.998,0.1833,57.9972,26.1281,1515.36,567.741
11.000,0.1833,57.9823,26.131,1515.14,567.905
11.003,0.1834,57.9675,26.134,1514.92,568.068
11.005,0.1834,57.9528,26.1368,1514.7,568.231
11.008,0.1835,57.938,26.1394,1514.46,568.394
11.010,0.1835,57.9232,26.1542,1514.93,568.557
11.012,0.1835,57.9084,26.1561,1514.66,568.72
11.015,0.1836,57.8937,25.9944,1504.91,568.883
11.017,0.1836,57.879,25.857,1496.57,569.046
11.020,0.1837,57.8642,25.8586,1496.29,569.209
11.022,0.1837,57.8496,25.8583,1495.89,569.372
11.025,0.1837,57.8349,25.7685,1490.32,569.535
11.027,0.1838,57.8203,25.7677,1489.89,569.698
11.030,0.1838,57.8057,25.7705,1489.68,569.862
11.032,0.1839,57.7911,25.7677,1489.15,570.024
11.034,0.1839,57.7765,25.7734,1489.1,570.188
11.037,0.1839,57.762,25.7674,1488.38,570.35
11.039,0.1840,57.7475,25.8348,1491.89,570.514
11.042,0.1840,57.733,25.8231,1490.84,570.677
11.044,0.1841,57.7185,25.8386,1491.36,570.84
11.047,0.1841,57.704,25.8591,1492.17,571.003
11.049,0.1842,57.6895,25.8747,1492.7,571.166
11.052,0.1842,57.675,25.857,1491.3,571.329
11.054,0.1842,57.6604,25.879,1492.19,571.492
11.056,0.1843,57.646,25.855,1490.44,571.655
11.059,0.1843,57.6314,25.8833,1491.69,571.818
11.061,0.1844,57.6169,25.853,1489.57,571.982
11.064,0.1844,57.6022,25.887,1491.15,572.145
11.066,0.1844,57.5877,25.9282,1493.15,572.308
11.069,0.1845,57.5732,25.9274,1492.72,572.472
11.071,0.1845,57.5586,25.9265,1492.29,572.635
11.074,0.1846,57.5439,25.925,1491.83,572.798
11.076,0.1846,57.5292,25.9234,1491.35,572.962
11.078,0.1846,57.5145,25.9212,1490.85,573.125
11.081,0.1847,57.4997,25.9188,1490.33,573.289
11.083,0.1847,57.4849,25.9161,1489.79,573.452
11.086,0.1848,57.47,25.8938,1488.12,573.616
11.088,0.1848,57.455,25.8913,1487.58,573.779
11.091,0.1848,57.44,25.8883,1487.03,573.942
11.093,0.1849,57.4249,25.8866,1486.53,574.106
11.096,0.1849,57.4098,25.8353,1483.2,574.269
11.098,0.1850,57.3947,25.8345,1482.76,574.433
11.101,0.1850,57.3795,25.8299,1482.11,574.596
11.103,0.1850,57.3642,25.8309,1481.77,574.76
11.105,0.1851,57.349,25.8253,1481.05,574.923
11.108,0.1851,57.3336,25.8287,1480.86,575.087
11.110,0.1852,57.3184,25.8006,1478.85,575.25
11.113,0.1852,57.3029,25.8047,1478.69,575.413
11.115,0.1853,57.2876,25.801,1478.08,575.577
11.118,0.1853,57.2721,25.8082,1478.09,575.74
11.120,0.1853,57.2567,25.8218,1478.47,575.903
11.123,0.1854,57.2411,25.8384,1479.02,576.067
11.125,0.1854,57.2258,25.8253,1477.87,576.23
11.127,0.1855,57.2101,25.8465,1478.68,576.394
11.130,0.1855,57.1948,25.8308,1477.39,576.557
11.132,0.1855,59.9541,25.9036,1553.03,576.72
11.135,0.1856,59.9385,25.8873,1551.64,576.883
11.137,0.1856,59.9231,25.8794,1550.77,577.047
11.140,0.1857,59.9077,25.755,1542.92,577.21
11.142,0.1857,59.8923,25.7884,1544.53,577.374
11.145,0.1857,59.8771,25.7154,1539.76,577.537
11.147,0.1858,59.8618,25.9339,1552.45,577.7
11.149,0.1858,59.8467,25.9548,1553.31,577.864
11.152,0.1859,59.8315,25.9494,1552.59,578.027
11.154,0.1859,59.8165,25.9703,1553.45,578.191
11.157,0.1859,59.8014,25.9647,1552.72,578.354
11.159,0.1860,59.7865,25.9856,1553.58,578.517
11.162,0.1860,59.7714,25.9794,1552.83,578.681
11.164,0.1861,59.7565,25.9867,1552.88,578.844
11.167,0.1861,59.7417,25.993,1552.86,579.008
11.169,0.1862,59.7269,26.0002,1552.91,579.171
11.171,0.1862,59.712,26.0054,1552.84,579.334
11.174,0.1862,59.6972,25.9193,1547.31,579.498
11.176,0.1863,59.6823,25.9264,1547.35,579.661
11.179,0.1863,59.6675,25.9293,1547.14,579.825
11.181,0.1864,59.6525,25.8376,1541.28,579.988
11.184,0.1864,59.6376,25.8415,1541.13,580.151
11.186,0.1864,59.6226,25.8474,1541.09,580.315
11.189,0.1865,59.6076,25.851,1540.91,580.478
11.191,0.1865,59.5924,25.8552,1540.77,580.642
11.194,0.1866,59.5773,25.8589,1540.6,580.805
11.196,0.1866,59.562,25.7726,1535.07,580.968
11.198,0.1866,59.5468,25.7706,1534.56,581.132
11.201,0.1867,59.5314,25.7861,1535.08,581.295
11.203,0.1867,59.516,25.781,1534.38,581.459
11.206,0.1868,59.5004,25.7859,1534.27,581.622
11.208,0.1868,59.4849,25.8629,1538.46,581.786
11.211,0.1868,59.4692,25.8433,1536.88,581.949
11.213,0.1869,59.4536,25.8498,1536.87,582.113
11.216,0.1869,59.4378,25.8325,1535.43,582.276
11.218,0.1870,59.4221,25.8719,1537.37,582.439
11.220,0.1870,59.4062,25.8574,1536.09,582.603
11.223,0.1870,59.3904,25.8872,1537.45,582.766
11.225,0.1871,59.3745,25.8766,1536.41,582.93
11.228,0.1871,59.3586,25.8873,1536.63,583.093
11.230,0.1872,59.3426,25.8378,1533.28,583.256
11.233,0.1872,59.3267,25.8543,1533.85,583.42
11.235,0.1873,59.3107,25.8372,1532.43,583.583
11.238,0.1873,59.2949,25.8554,1533.09,583.746
11.240,0.1873,59.2789,25.8387,1531.69,583.91
11.242,0.1874,59.263,25.7105,1523.68,584.073
11.245,0.1874,59.2471,25.6864,1521.84,584.236
11.247,0.1875,59.2313,25.7114,1522.92,584.4
11.250,0.1875,59.2155,25.7207,1523.06,584.563
11.252,0.1875,59.1998,25.7437,1524.02,584.726
11.255,0.1876,59.184,25.7224,1522.36,584.889
11.257,0.1876,59.1684,25.6591,1518.21,585.053
11.260,0.1877,59.1527,25.6294,1516.05,585.216
11.262,0.1877,59.1371,25.6309,1515.74,585.379
11.265,0.1877,59.1217,25.6323,1515.42,585.542
11.267,0.1878,59.1062,25.6337,1515.11,585.706
11.269,0.1878,59.0908,25.635,1514.79,585.869
11.272,0.1879,59.0755,25.6364,1514.48,586.032
11.274,0.1879,59.0601,25.6378,1514.17,586.195
11.277,0.1879,59.0448,25.5666,1509.58,586.359
11.279,0.1880,59.0296,25.5691,1509.33,586.522
11.282,0.1880,59.0143,25.5714,1509.08,586.685
11.284,0.1881,58.9991,25.5741,1508.85,586.849
11.287,0.1881,58.9839,25.5768,1508.62,587.012
11.289,0.1882,58.9687,25.58,1508.42,587.175
11.291,0.1882,58.9535,25.5488,1506.19,587.338
11.294,0.1882,58.9383,25.5521,1506,587.502
11.296,0.1883,58.9231,25.5555,1505.81,587.665
11.299,0.1883,58.9079,25.5595,1505.65,587.828
11.301,0.1884,58.8926,25.5637,1505.52,587.991
11.304,0.1884,58.8774,25.5094,1501.93,588.155
11.306,0.1884,58.8621,25.5142,1501.82,588.318
11.309,0.1885,58.8468,25.5196,1501.75,588.481
11.311,0.1885,58.8314,25.5692,1504.27,588.644
11.313,0.1886,58.8161,25.5753,1504.24,588.807
11.316,0.1886,58.8007,25.5818,1504.23,588.971
11.318,0.1886,58.7853,25.5881,1504.21,589.134
11.321,0.1887,58.7699,25.5962,1504.28,589.297
11.323,0.1887,58.7544,25.6012,1504.18,589.46
11.326,0.1888,58.739,25.6117,1504.4,589.623
11.328,0.1888,58.7233,25.6134,1504.1,589.787
11.331,0.1888,58.7079,25.6278,1504.55,589.95
11.333,0.1889,58.692,25.6239,1503.92,590.113
11.336,0.1889,58.6765,25.6437,1504.69,590.276
11.338,0.1890,58.6606,25.6322,1503.6,590.439
11.340,0.1890,58.645,25.6588,1504.76,590.602
11.343,0.1890,58.6289,25.6854,1505.91,590.765
11.345,0.1891,58.6131,25.6672,1504.44,590.929
11.348,0.1891,58.5969,25.6664,1503.97,591.092
11.350,0.1892,58.5811,25.6304,1501.45,591.255
11.353,0.1892,58.5647,25.5909,1498.72,591.418
11.355,0.1893,58.5487,25.6384,1501.1,591.581
11.358,0.1893,58.5322,25.5884,1497.75,591.744
11.360,0.1893,58.5162,25.5913,1497.51,591.907
11.362,0.1894,58.5001,25.5937,1497.24,592.07
11.365,0.1894,58.484,25.5962,1496.97,592.234
11.367,0.1895,58.4678,25.5982,1496.67,592.397
11.370,0.1895,58.4516,25.6004,1496.38,592.56
11.372,0.1895,58.4353,25.6022,1496.07,592.723
11.375,0.1896,58.4191,25.6042,1495.77,592.886
11.377,0.1896,58.4028,25.6575,1498.47,593.049
11.380,0.1897,58.3865,25.6577,1498.06,593.213
11.382,0.1897,58.3702,25.6096,1494.84,593.376
11.384,0.1897,58.3539,25.6099,1494.44,593.539
11.387,0.1898,58.3377,25.6175,1494.47,593.702
11.389,0.1898,58.3214,25.6108,1493.66,593.865
11.392,0.1899,58.3052,25.6255,1494.1,594.028
11.394,0.1899,58.289,25.629,1493.89,594.191
11.397,0.1899,58.2728,25.6452,1494.42,594.354
11.399,0.1900,58.2567,25.6336,1493.33,594.517
11.402,0.1900,58.2406,25.6526,1494.03,594.68
11.404,0.1901,58.2246,25.6397,1492.86,594.843
11.406,0.1901,58.2086,25.5479,1487.11,595.006
11.409,0.1901,58.1927,25.5362,1486.02,595.169
11.411,0.1902,58.1768,25.5702,1487.59,595.332
11.414,0.1902,58.161,25.5674,1487.02,595.495
11.416,0.1903,58.1451,25.5867,1487.74,595.658
11.419,0.1903,58.1294,25.5979,1487.99,595.821
11.421,0.1904,58.1136,25.5922,1487.25,595.984
11.424,0.1904,58.098,25.6099,1487.88,596.147
11.426,0.1904,58.0823,25.5972,1486.75,596.31
11.429,0.1905,58.0667,25.615,1487.38,596.473
11.431,0.1905,58.051,25.5931,1485.71,596.636
11.433,0.1906,58.0355,25.6277,1487.32,596.799
11.436,0.1906,58.0197,25.5982,1485.2,596.962
11.438,0.1906,58.0042,25.6394,1487.2,597.125
11.441,0.1907,57.9884,25.6029,1484.67,597.288
11.443,0.1907,57.973,25.6498,1486.99,597.451
11.446,0.1908,57.9571,25.5209,1479.12,597.614
11.448,0.1908,57.9416,25.558,1480.87,597.777
11.451,0.1908,57.9257,25.5012,1477.18,597.94
11.453,0.1909,57.9101,25.564,1480.41,598.103
11.455,0.1909,57.8941,25.5051,1476.59,598.266
11.458,0.1910,57.8785,25.4271,1471.68,598.429
11.460,0.1910,57.8629,25.4295,1471.42,598.592
11.463,0.1910,57.8473,25.4322,1471.18,598.755
11.465,0.1911,57.8316,25.5072,1475.12,598.919
11.468,0.1911,57.816,25.5095,1474.86,599.082
11.470,0.1912,57.8002,25.5115,1474.57,599.245
11.473,0.1912,57.7846,25.483,1472.52,599.408
11.475,0.1913,57.7687,25.4797,1471.93,599.572
11.477,0.1913,57.753,25.4906,1472.16,599.735
11.480,0.1913,57.7372,25.5148,1473.15,599.898
11.482,0.1914,57.7214,25.5327,1473.78,600.061
11.485,0.1914,57.7055,25.5202,1472.66,600.225
11.487,0.1915,57.6898,25.5445,1473.66,600.388
11.490,0.1915,57.6739,25.5273,1472.26,600.551
11.492,0.1915,57.6581,25.559,1473.68,600.715
11.495,0.1916,57.6422,25.592,1475.18,600.878
11.497,0.1916,57.6265,25.6172,1476.23,601.041
11.499,0.1917,57.6106,25.6025,1474.98,601.204
11.502,0.1917,57.5948,25.634,1476.38,601.368
11.504,0.1917,57.5791,25.6143,1474.85,601.531
11.507,0.1918,57.5633,25.6526,1476.65,601.694
11.509,0.1918,57.5476,25.6271,1474.78,601.857
11.512,0.1919,57.5318,25.6728,1477,602.021
11.514,0.1919,57.5161,25.6408,1474.76,602.184
11.517,0.1919,57.5003,25.6943,1477.43,602.347
11.519,0.1920,57.4848,25.6551,1474.78,602.51
11.522,0.1920,57.469,25.7167,1477.91,602.674
11.524,0.1921,57.4535,25.67,1474.83,602.837
11.526,0.1921,60.0368,25.7598,1546.53,603
11.529,0.1921,60.0205,25.7089,1543.06,603.163
11.531,0.1922,60.0044,25.7845,1547.18,603.327
11.534,0.1922,59.9882,25.7217,1543,603.49
11.536,0.1923,59.9721,25.8073,1547.72,603.653
11.539,0.1923,59.956,25.7351,1542.97,603.816
11.541,0.1924,59.94,25.8304,1548.27,603.979
11.544,0.1924,59.924,25.6524,1537.19,604.142
11.546,0.1924,59.9081,25.76,1543.23,604.305
11.548,0.1925,59.8922,25.6678,1537.3,604.468
11.551,0.1925,59.8765,25.7492,1541.77,604.632
11.553,0.1926,59.8607,25.6385,1534.74,604.795
11.556,0.1926,59.8451,25.6513,1535.1,604.958
11.558,0.1926,59.8295,25.6647,1535.51,605.121
11.561,0.1927,59.8141,25.6781,1535.91,605.285
11.563,0.1927,59.7987,25.6921,1536.35,605.448
11.566,0.1928,59.7834,25.706,1536.79,605.611
11.568,0.1928,59.7682,25.527,1525.7,605.775
11.570,0.1928,59.7531,25.5415,1526.19,605.938
11.573,0.1929,59.7381,25.513,1524.1,606.101
11.575,0.1929,59.7231,25.5273,1524.57,606.265
11.578,0.1930,59.7082,25.5417,1525.05,606.428
11.580,0.1930,59.6934,25.5558,1525.51,606.592
11.583,0.1930,59.6786,25.5699,1525.97,606.755
11.585,0.1931,59.6639,25.5835,1526.41,606.919
11.588,0.1931,59.6493,25.597,1526.84,607.082
11.590,0.1932,59.6347,25.6099,1527.24,607.246
11.592,0.1932,59.6202,25.6225,1527.62,607.409
11.595,0.1932,59.6057,25.6364,1528.08,607.573
11.597,0.1933,59.5913,25.6477,1528.38,607.736
11.600,0.1933,59.5769,25.6581,1528.63,607.9
11.602,0.1934,59.5626,25.6682,1528.86,608.064
11.605,0.1934,59.5482,25.565,1522.35,608.227
11.607,0.1935,59.5339,25.5665,1522.08,608.391
11.610,0.1935,59.5197,25.5806,1522.55,608.555
11.612,0.1935,59.5055,25.7331,1531.26,608.718
11.615,0.1936,59.4913,25.7612,1532.57,608.882
11.617,0.1936,59.4771,25.736,1530.7,609.046
11.619,0.1937,59.463,25.7731,1532.55,609.209
11.622,0.1937,59.4487,25.7367,1530.01,609.373
11.624,0.1937,59.4346,25.7826,1532.38,609.537
11.627,0.1938,59.4203,25.7813,1531.94,609.7
11.629,0.1938,59.4062,25.8318,1534.57,609.864
11.632,0.1939,59.3919,25.7785,1531.03,610.027
11.634,0.1939,59.3778,25.8151,1532.84,610.191
11.637,0.1939,59.3634,25.7568,1529.01,610.354
11.639,0.1940,59.3492,25.8179,1532.27,610.518
11.641,0.1940,59.3347,25.7543,1528.13,610.681
11.644,0.1941,59.3204,25.8209,1531.71,610.845
11.646,0.1941,59.3059,25.7534,1527.33,611.008
11.649,0.1941,59.2914,25.8246,1531.18,611.172
11.651,0.1942,59.2768,25.6658,1521.39,611.335
11.654,0.1942,59.2623,25.6666,1521.06,611.499
11.656,0.1943,59.2477,25.6843,1521.73,611.662
11.659,0.1943,59.233,25.6857,1521.44,611.826
11.661,0.1944,59.2183,25.688,1521.2,611.989
11.663,0.1944,59.2036,25.6906,1520.98,612.153
11.666,0.1944,59.1888,25.6089,1515.76,612.316
11.668,0.1945,59.174,25.6134,1515.64,612.48
11.671,0.1945,59.1591,25.6183,1515.56,612.643
11.673,0.1946,59.1442,25.6239,1515.51,612.806
11.676,0.1946,59.1292,25.6298,1515.47,612.97
11.678,0.1946,59.1142,25.5644,1511.22,613.133
11.681,0.1947,59.0991,25.564,1510.81,613.297
11.683,0.1947,59.0841,25.5789,1511.31,613.46
11.685,0.1948,59.069,25.5721,1510.52,613.623
11.688,0.1948,59.0539,25.5948,1511.47,613.787
11.690,0.1948,59.0387,25.5818,1510.32,613.95
11.693,0.1949,59.0236,25.6117,1511.69,614.114
11.695,0.1949,59.0083,25.5929,1510.19,614.277
11.698,0.1950,58.9932,25.6293,1511.95,614.44
11.700,0.1950,58.9779,25.6052,1510.14,614.604
11.703,0.1950,58.9627,25.6474,1512.24,614.767
11.705,0.1951,58.9473,25.6188,1510.16,614.931
11.707,0.1951,58.9322,25.6924,1514.11,615.094
11.710,0.1952,58.9168,25.6602,1511.81,615.257
11.712,0.1952,58.9016,25.7121,1514.49,615.421
11.715,0.1952,58.8862,25.6768,1512.01,615.584
11.717,0.1953,58.871,25.7675,1516.96,615.747
11.720,0.1953,58.8556,25.7387,1514.87,615.911
11.722,0.1954,58.8404,25.786,1517.26,616.074
11.725,0.1954,58.8249,25.747,1514.56,616.238
11.727,0.1955,58.8097,25.7896,1516.68,616.401
11.730,0.1955,58.7943,25.7642,1514.78,616.564
11.732,0.1955,58.779,25.8061,1516.86,616.728
11.734,0.1956,58.7636,25.7813,1515,616.891
11.737,0.1956,58.7483,25.8219,1516.99,617.055
11.739,0.1957,58.7329,25.798,1515.19,617.218
11.742,0.1957,58.7176,25.8367,1517.07,617.382
11.744,0.1957,58.7021,25.8138,1515.33,617.545
11.747,0.1958,58.6868,25.9223,1521.3,617.708
11.749,0.1958,58.6713,25.8641,1517.48,617.872
11.752,0.1959,58.6561,25.8969,1519.01,618.035
11.754,0.1959,58.6408,25.655,1504.43,618.199
11.756,0.1959,58.6257,25.6561,1504.11,618.362
11.759,0.1960,58.6104,25.5985,1500.34,618.526
11.761,0.1960,58.5953,25.5067,1494.58,618.689
11.764,0.1961,58.5801,25.5068,1494.19,618.852
11.766,0.1961,58.565,25.5046,1493.68,619.016
11.769,0.1961,58.5498,25.5042,1493.27,619.179
11.771,0.1962,58.5348,25.5007,1492.68,619.343
11.774,0.1962,58.5197,25.5002,1492.26,619.506
11.776,0.1963,58.5048,25.5196,1493.02,619.669
11.778,0.1963,58.4897,25.5189,1492.59,619.833
11.781,0.1963,58.4748,25.5129,1491.86,619.996
11.783,0.1964,58.4598,25.5129,1491.48,620.159
11.786,0.1964,58.445,25.505,1490.64,620.322
11.788,0.1965,58.4301,25.4584,1487.53,620.486
11.791,0.1965,58.4154,25.4342,1485.75,620.649
11.793,0.1966,58.4005,25.4223,1484.68,620.812
11.796,0.1966,58.3859,25.4281,1484.64,620.975
11.798,0.1966,58.3711,25.417,1483.62,621.138
11.800,0.1967,58.3565,25.4221,1483.54,621.301
11.803,0.1967,58.3418,25.413,1482.64,621.465
11.805,0.1968,58.3273,25.4165,1482.48,621.628
11.808,0.1968,58.3128,25.4108,1481.77,621.791
11.810,0.1968,58.2983,25.4882,1485.92,621.954
11.813,0.1969,58.2838,25.4847,1485.34,622.117
11.815,0.1969,58.2694,25.4851,1485,622.28
11.818,0.1970,58.255,25.4869,1484.74,622.443
11.820,0.1970,58.2406,25.4834,1484.17,622.607
11.823,0.1970,58.2263,25.4912,1484.26,622.77
11.825,0.1971,58.212,25.4832,1483.43,622.933
11.827,0.1971,58.1977,25.498,1483.92,623.096
11.830,0.1972,58.1835,25.4845,1482.78,623.259
11.832,0.1972,58.1692,25.5197,1484.46,623.422
11.835,0.1972,58.155,25.5141,1483.78,623.585
11.837,0.1973,58.1408,25.529,1484.28,623.748
11.840,0.1973,58.1266,25.5189,1483.33,623.911
11.842,0.1974,58.1124,25.5386,1484.11,624.074
11.845,0.1974,58.0982,25.5249,1482.95,624.237
11.847,0.1974,58.084,25.5481,1483.93,624.4
11.849,0.1975,58.0698,25.5515,1483.77,624.563
11.852,0.1975,58.0556,25.4698,1478.67,624.726
11.854,0.1976,58.0414,25.4728,1478.48,624.889
11.857,0.1976,58.0271,25.4755,1478.27,625.052
11.859,0.1977,58.0128,25.4779,1478.04,625.215
11.862,0.1977,57.9985,25.4362,1475.26,625.378
11.864,0.1977,57.9841,25.4654,1476.59,625.541
11.867,0.1978,57.9696,25.5397,1480.53,625.704
11.869,0.1978,57.9551,25.5409,1480.23,625.866
11.871,0.1979,57.9406,25.5593,1480.92,626.029
11.874,0.1979,57.9259,25.56,1480.59,626.192
11.876,0.1979,57.9113,25.5609,1480.27,626.355
11.879,0.1980,57.8965,25.5611,1479.9,626.518
11.881,0.1980,57.8817,25.3835,1469.24,626.68
11.884,0.1981,57.8669,25.3845,1468.92,626.843
11.886,0.1981,57.852,25.386,1468.63,627.006
11.889,0.1981,57.8371,25.3868,1468.3,627.169
11.891,0.1982,57.8221,25.388,1467.99,627.331
11.894,0.1982,57.8071,25.4831,1473.11,627.494
11.896,0.1983,57.792,25.434,1469.88,627.657
11.898,0.1983,57.7769,25.4342,1469.51,627.819
11.901,0.1983,57.7619,25.4317,1468.98,627.982
11.903,0.1984,57.7468,25.435,1468.79,628.144
11.906,0.1984,57.7317,25.3668,1464.47,628.307
11.908,0.1985,57.7167,25.3746,1464.53,628.469
11.911,0.1985,57.7015,25.364,1463.54,628.632
11.913,0.1986,57.6865,25.3752,1463.81,628.794
11.916,0.1986,60.4981,25.4359,1538.83,628.957
11.918,0.1986,60.4831,25.4501,1539.3,629.119
11.920,0.1987,60.4681,25.4346,1537.98,629.282
11.923,0.1987,60.453,25.4964,1541.33,629.444
11.925,0.1988,60.4381,25.4784,1539.87,629.607
11.928,0.1988,60.4231,25.4975,1540.64,629.769
11.930,0.1988,60.4082,25.4794,1539.16,629.931
11.933,0.1989,60.3933,25.4993,1539.99,630.094
11.935,0.1989,60.3784,25.4825,1538.59,630.256
11.938,0.1990,60.3635,25.5021,1539.4,630.418
11.940,0.1990,60.3486,25.4562,1536.24,630.581
11.943,0.1990,60.3337,25.4745,1536.97,630.743
11.945,0.1991,60.3189,25.3781,1530.78,630.905
11.947,0.1991,60.3039,25.4101,1532.33,631.067
11.950,0.1992,60.289,25.415,1532.24,631.229
11.952,0.1992,60.274,25.4201,1532.17,631.392
11.955,0.1992,60.2591,25.427,1532.2,631.554
11.957,0.1993,60.2441,25.4341,1532.25,631.716
11.960,0.1993,60.2292,25.4427,1532.39,631.878
11.962,0.1994,60.2143,25.4517,1532.55,632.04
11.965,0.1994,60.1994,25.4619,1532.79,632.203
11.967,0.1995,60.1845,25.4726,1533.05,632.365
11.969,0.1995,60.1696,25.4842,1533.37,632.527
11.972,0.1995,60.1548,25.4427,1530.5,632.689
11.974,0.1996,60.14,25.4488,1530.49,632.851
11.977,0.1996,60.1253,25.4669,1531.21,633.013
11.979,0.1997,60.1106,25.4677,1530.88,633.175
11.982,0.1997,60.096,25.4546,1529.72,633.337
11.984,0.1997,60.0814,25.6248,1539.58,633.499
11.987,0.1998,60.067,25.6439,1540.35,633.661
11.989,0.1998,60.0525,25.6445,1540.02,633.823
11.992,0.1999,60.0383,25.6653,1540.9,633.985
11.994,0.1999,60.0239,25.6636,1540.43,634.147
11.996,0.1999,60.0098,25.6853,1541.37,634.308
11.999,0.2000,59.9956,25.682,1540.8,634.47
12.001,0.2000,59.9816,25.7036,1541.74,634.632
12.004,0.2001,59.9676,25.6044,1535.43,634.794
12.006,0.2001,59.9537,25.6245,1536.28,634.955
12.009,0.2001,59.9398,25.5892,1533.81,635.117
12.011,0.2002,59.926,25.6136,1534.92,635.278
12.014,0.2002,59.9122,25.6061,1534.12,635.44
12.016,0.2003,59.8985,25.6268,1535.01,635.601
12.018,0.2003,59.8848,25.5636,1530.87,635.763
12.021,0.2003,59.8711,25.5756,1531.24,635.925
12.023,0.2004,59.8575,25.5807,1531.2,636.086
12.026,0.2004,59.8438,25.5848,1531.09,636.248
12.028,0.2005,59.8303,25.5992,1531.6,636.409
12.031,0.2005,59.8166,25.5933,1530.9,636.571
12.033,0.2006,59.803,25.6191,1532.1,636.732
12.036,0.2006,59.7893,25.6012,1530.68,636.894
12.038,0.2006,59.7758,25.6401,1532.66,637.055
12.040,0.2007,59.762,25.6191,1531.05,637.217
12.043,0.2007,59.7484,25.6998,1535.52,637.378
12.045,0.2008,59.7346,25.7716,1539.45,637.54
12.048,0.2008,59.7207,25.746,1537.57,637.702
12.050,0.2008,59.7068,25.7511,1537.52,637.863
12.053,0.2009,59.6929,25.7482,1536.99,638.025
12.055,0.2009,59.679,25.7549,1537.03,638.186
12.058,0.2010,59.6651,25.7672,1537.4,638.348
12.060,0.2010,59.6511,25.5158,1522.05,638.509
12.063,0.2010,59.6372,25.5062,1521.12,638.671
12.065,0.2011,59.6232,25.5779,1525.04,638.832
12.067,0.2011,59.6092,25.565,1523.91,638.994
12.070,0.2012,59.5953,25.5709,1523.91,639.155
12.072,0.2012,59.5813,25.5582,1522.79,639.317
12.075,0.2012,59.5674,25.5607,1522.58,639.478
12.077,0.2013,59.5534,25.55,1521.59,639.639
12.080,0.2013,59.5395,25.5474,1521.08,639.801
12.082,0.2014,59.5256,25.5408,1520.33,639.962
12.085,0.2014,59.5117,25.4437,1514.2,640.123
12.087,0.2014,59.4978,25.4628,1514.98,640.285
12.089,0.2015,59.484,25.4249,1512.37,640.446
12.092,0.2015,59.4702,25.4545,1513.78,640.607
12.094,0.2016,59.4563,25.4059,1510.54,640.769
12.097,0.2016,59.4426,25.4027,1510,640.93
12.099,0.2017,59.4287,25.335,1505.62,641.091
12.102,0.2017,59.4151,25.3977,1509,641.253
12.104,0.2017,59.4012,25.3185,1503.95,641.414
12.107,0.2018,59.3877,25.3954,1508.18,641.576
12.109,0.2018,59.3738,25.3054,1502.48,641.737
12.111,0.2019,59.3603,25.3967,1507.55,641.899
12.114,0.2019,59.3465,25.2967,1501.27,642.06
12.116,0.2019,59.333,25.4017,1507.16,642.222
12.119,0.2020,59.3191,25.2929,1500.36,642.383
12.121,0.2020,59.3057,25.4079,1506.83,642.545
12.124,0.2021,59.2918,25.2946,1499.76,642.706
12.126,0.2021,59.2784,25.4177,1506.72,642.868
12.129,0.2021,59.2646,25.3015,1499.48,643.029
12.131,0.2022,59.2511,25.4707,1509.17,643.191
12.134,0.2022,59.2373,25.3478,1501.53,643.353
12.136,0.2023,59.2239,25.467,1508.25,643.514
12.138,0.2023,59.21,25.3652,1501.87,643.676
12.141,0.2023,59.1966,25.5414,1511.96,643.837
12.143,0.2024,59.1828,25.552,1512.24,643.999
12.146,0.2024,59.1689,25.5627,1512.52,644.161
12.148,0.2025,59.1551,25.5727,1512.76,644.322
12.151,0.2025,59.1412,25.5829,1513.01,644.484
12.153,0.2026,59.1274,25.5918,1513.18,644.645
12.156,0.2026,59.1136,25.6008,1513.36,644.807
12.158,0.2026,59.0997,25.6402,1515.33,644.968
12.160,0.2027,59.0859,25.6481,1515.44,645.13
12.163,0.2027,59.0721,25.5464,1509.08,645.291
12.165,0.2028,59.0583,25.4995,1505.96,645.453
12.168,0.2028,59.0446,25.5023,1505.77,645.614
12.170,0.2028,59.0308,25.5054,1505.6,645.776
12.173,0.2029,59.0171,25.4776,1503.61,645.938
12.175,0.2029,59.0034,25.4769,1503.23,646.099
12.178,0.2030,58.9898,25.4743,1502.72,646.261
12.180,0.2030,58.9761,25.4981,1503.78,646.422
12.182,0.2030,58.9626,25.494,1503.19,646.584
12.185,0.2031,58.9491,25.4902,1502.62,646.746
12.187,0.2031,58.9356,25.4852,1501.98,646.907
12.190,0.2032,58.9222,25.4804,1501.36,647.069
12.192,0.2032,58.9088,25.6034,1508.27,647.231
12.195,0.2032,58.8955,25.6009,1507.78,647.392
12.197,0.2033,58.8823,25.5908,1506.84,647.554
12.200,0.2033,58.8691,25.5915,1506.55,647.716
12.202,0.2034,58.856,25.5782,1505.43,647.877
12.205,0.2034,58.8429,25.5824,1505.34,648.039
12.207,0.2034,58.83,25.5669,1504.1,648.201
12.209,0.2035,58.817,25.5592,1503.32,648.363
12.212,0.2035,58.8042,25.5385,1501.77,648.524
12.214,0.2036,58.7913,25.5525,1502.27,648.686
12.217,0.2036,58.7785,25.5308,1500.66,648.848
12.219,0.2037,58.7657,25.548,1501.35,649.01
12.222,0.2037,58.753,25.526,1499.73,649.171
12.224,0.2037,58.7403,25.5011,1497.94,649.333
12.227,0.2038,58.7277,25.4816,1496.47,649.494
12.229,0.2038,58.715,25.501,1497.29,649.656
12.231,0.2039,58.7023,25.5289,1498.6,649.818
12.234,0.2039,58.6897,25.5788,1501.21,649.98
12.236,0.2039,58.677,25.5334,1498.22,650.141
12.239,0.2040,58.6643,25.5843,1500.89,650.303
12.241,0.2040,59.0063,25.648,1513.39,650.465
12.244,0.2041,58.9935,25.6514,1513.27,650.626
12.246,0.2041,58.9806,25.6543,1513.11,650.788
12.249,0.2041,58.9678,25.6575,1512.96,650.949
12.251,0.2042,58.9548,25.6595,1512.75,651.111
12.253,0.2042,58.9419,25.6552,1512.17,651.272
12.256,0.2043,58.9289,25.5535,1505.84,651.434
12.258,0.2043,58.9159,25.5547,1505.58,651.596
12.261,0.2043,58.9028,25.5543,1505.22,651.757
12.263,0.2044,58.8897,25.5541,1504.87,651.919
12.266,0.2044,58.8765,25.4935,1500.97,652.081
12.268,0.2045,58.8634,25.4985,1500.93,652.243
12.271,0.2045,58.8501,25.5319,1502.55,652.404
12.273,0.2046,58.8369,25.5398,1502.68,652.566
12.276,0.2046,58.8236,25.5567,1503.34,652.728
12.278,0.2046,58.8103,25.567,1503.6,652.89
12.280,0.2047,58.7969,25.5527,1502.42,653.052
12.283,0.2047,58.7835,25.5669,1502.91,653.214
12.285,0.2048,58.7701,25.5492,1501.53,653.376
12.288,0.2048,58.7567,25.6636,1507.91,653.538
12.290,0.2048,58.7433,25.6471,1506.59,653.7
12.293,0.2049,58.7298,25.6667,1507.4,653.862
12.295,0.2049,58.7163,25.6534,1506.28,654.024
12.298,0.2050,58.7029,25.6837,1507.71,654.186
12.300,0.2050,58.6894,25.4599,1494.22,654.348
12.302,0.2050,58.6759,25.5103,1496.84,654.51
12.305,0.2051,58.6625,25.5137,1496.7,654.672
12.307,0.2051,58.649,25.5729,1499.82,654.834
12.310,0.2052,58.6356,25.5243,1496.63,654.996
12.312,0.2052,58.6221,25.5538,1498.02,655.159
12.315,0.2052,58.6087,25.5018,1494.63,655.32
12.317,0.2053,58.5953,25.5715,1498.37,655.483
12.320,0.2053,58.582,25.5151,1494.73,655.645
12.322,0.2054,58.5686,25.5891,1498.72,655.807
12.324,0.2054,58.5553,25.5284,1494.82,655.969
12.327,0.2054,58.542,25.6056,1499,656.132
12.329,0.2055,58.5287,25.5405,1494.86,656.293
12.332,0.2055,58.5154,25.6197,1499.15,656.456
12.334,0.2056,58.5022,25.5503,1494.75,656.618
12.337,0.2056,58.489,25.6707,1501.45,656.781
12.339,0.2057,58.4758,25.6256,1498.48,656.943
12.342,0.2057,58.4627,25.6275,1498.25,657.105
12.344,0.2057,58.4496,25.626,1497.83,657.267
12.347,0.2058,58.4365,25.5436,1492.68,657.429
12.349,0.2058,61.2083,25.5697,1565.08,657.591
12.351,0.2059,61.1966,25.5695,1564.77,657.753
12.354,0.2059,61.1849,25.5594,1563.85,657.915
12.356,0.2059,61.1733,25.5594,1563.56,658.077
12.359,0.2060,61.1616,25.5438,1562.3,658.239
12.361,0.2060,61.15,25.5454,1562.1,658.401
12.364,0.2061,61.1383,25.5237,1560.48,658.563
12.366,0.2061,61.1266,25.5285,1560.47,658.725
12.369,0.2061,61.1149,25.5002,1558.44,658.887
12.371,0.2062,61.1031,25.5257,1559.7,659.049
12.373,0.2062,61.0912,25.4937,1557.44,659.211
12.376,0.2063,61.0794,25.5064,1557.91,659.373
12.378,0.2063,61.0674,25.4682,1555.27,659.535
12.381,0.2063,61.0554,25.4874,1556.14,659.697
12.383,0.2064,61.0432,25.4432,1553.13,659.859
12.386,0.2064,61.0312,25.4697,1554.45,660.021
12.388,0.2065,61.0189,25.42,1551.1,660.183
12.391,0.2065,61.0067,25.4541,1552.87,660.345
12.393,0.2066,60.9942,25.3997,1549.23,660.506
12.395,0.2066,60.9819,25.4413,1551.46,660.668
12.398,0.2066,60.9694,25.3319,1544.47,660.83
12.400,0.2067,60.957,25.3895,1547.67,660.992
12.403,0.2067,60.9444,25.3185,1543.02,661.153
12.405,0.2068,60.932,25.3831,1546.65,661.315
12.408,0.2068,60.9194,25.242,1537.73,661.477
12.410,0.2068,60.907,25.4321,1548.99,661.639
12.413,0.2069,60.8944,25.3759,1545.25,661.8
12.415,0.2069,60.882,25.4359,1548.59,661.962
12.417,0.2070,60.8695,25.38,1544.87,662.123
12.420,0.2070,60.8572,25.4431,1548.4,662.285
12.422,0.2070,60.8447,25.3887,1544.77,662.447
12.425,0.2071,60.8325,25.4535,1548.4,662.609
12.427,0.2071,60.8201,25.3905,1544.25,662.771
12.430,0.2072,60.808,25.4366,1546.75,662.933
12.432,0.2072,60.7958,25.4082,1544.71,663.094
12.435,0.2072,60.7838,25.4525,1547.1,663.256
12.437,0.2073,60.7717,25.4631,1547.44,663.418
12.440,0.2073,60.7596,25.4748,1547.84,663.58
12.442,0.2074,60.7476,25.4749,1547.54,663.741
12.444,0.2074,60.7357,25.4884,1548.06,663.903
12.447,0.2074,60.7238,25.5143,1549.32,664.065
12.449,0.2075,60.7119,25.4421,1544.64,664.227
12.452,0.2075,60.7001,25.3924,1541.32,664.389
12.454,0.2076,60.6883,25.407,1541.91,664.55
12.457,0.2076,60.6765,25.4204,1542.42,664.712
12.459,0.2077,60.6648,25.4343,1542.97,664.874
12.462,0.2077,60.6531,25.4467,1543.42,665.036
12.464,0.2077,60.6413,25.4594,1543.89,665.198
12.466,0.2078,60.6296,25.4704,1544.26,665.36
12.469,0.2078,60.6179,25.4815,1544.63,665.521
12.471,0.2079,60.6062,25.2304,1529.12,665.683
12.474,0.2079,60.5944,25.239,1529.34,665.845
12.476,0.2079,60.5826,25.2455,1529.44,666.007
12.479,0.2080,60.5709,25.2517,1529.52,666.169
12.481,0.2080,60.5591,25.3476,1535.03,666.331
12.484,0.2081,60.5472,25.3517,1534.98,666.493
12.486,0.2081,60.5354,25.3537,1534.8,666.655
12.488,0.2081,60.5236,25.3569,1534.69,666.817
12.491,0.2082,60.5118,25.3551,1534.28,666.979
12.493,0.2082,60.4999,25.3574,1534.12,667.141
12.496,0.2083,60.4881,25.3521,1533.5,667.303
12.498,0.2083,60.4763,25.3535,1533.29,667.465
12.501,0.2083,60.4645,25.339,1532.11,667.627
12.503,0.2084,60.4526,25.3255,1530.99,667.789
12.506,0.2084,60.4409,25.333,1531.15,667.951
12.508,0.2085,60.429,25.3151,1529.77,668.113
12.510,0.2085,60.4172,25.3252,1530.08,668.275
12.513,0.2085,60.4053,25.2517,1525.34,668.436
12.515,0.2086,60.3935,25.3072,1528.39,668.598
12.518,0.2086,60.3816,25.285,1526.75,668.76
12.520,0.2087,60.3698,25.3319,1529.29,668.922
12.523,0.2087,60.3579,25.2947,1526.73,669.084
12.525,0.2088,60.346,25.3318,1528.67,669.245
12.528,0.2088,60.3341,25.2974,1526.3,669.407
12.530,0.2088,60.3222,25.3248,1527.65,669.569
12.532,0.2089,60.3102,25.2884,1525.15,669.73
12.535,0.2089,60.2982,25.2861,1524.7,669.892
12.537,0.2090,60.2861,25.2851,1524.34,670.053
12.540,0.2090,60.2741,25.2924,1524.48,670.215
12.542,0.2090,60.262,25.2936,1524.24,670.376
12.545,0.2091,60.2499,25.2334,1520.31,670.537
12.547,0.2091,60.2377,25.2361,1520.17,670.699
12.550,0.2092,60.2256,25.2394,1520.06,670.86
12.552,0.2092,60.2134,25.2436,1520,671.021
12.554,0.2092,60.2012,25.2486,1520,671.182
12.557,0.2093,60.189,25.2543,1520.03,671.344
12.559,0.2093,60.1767,25.2609,1520.12,671.505
12.562,0.2094,60.1645,25.2659,1520.11,671.666
12.564,0.2094,60.1522,25.3078,1522.32,671.827
12.567,0.2094,60.14,25.4554,1530.89,671.988
12.569,0.2095,60.1277,25.4727,1531.61,672.15
12.572,0.2095,60.1154,25.4725,1531.29,672.311
12.574,0.2096,60.1032,25.5621,1536.37,672.472
12.576,0.2096,60.0909,25.4611,1529.98,672.633
12.579,0.2096,60.0787,25.4876,1531.26,672.795
12.581,0.2097,60.0665,25.4835,1530.71,672.956
12.584,0.2097,60.0543,25.4952,1531.1,673.117
12.586,0.2098,60.0421,25.4997,1531.06,673.279
12.589,0.2098,60.0299,25.5173,1531.8,673.44
12.591,0.2099,60.0177,25.5185,1531.56,673.601
12.594,0.2099,60.0056,25.5409,1532.6,673.763
12.596,0.2099,59.9935,25.5357,1531.97,673.924
12.598,0.2100,59.9814,25.5686,1533.64,674.086
12.601,0.2100,59.9694,25.5624,1532.96,674.247
12.603,0.2101,59.9573,25.7178,1541.97,674.409
12.606,0.2101,59.9453,25.7174,1541.64,674.571
12.608,0.2101,59.9333,25.7405,1542.71,674.732
12.611,0.2102,59.9214,25.7402,1542.39,674.894
12.613,0.2102,59.9094,25.7591,1543.21,675.055
12.616,0.2103,59.8975,25.7584,1542.87,675.217
12.618,0.2103,59.8856,25.7726,1543.41,675.379
12.620,0.2103,59.8737,25.7245,1540.22,675.54
12.623,0.2104,59.8618,25.7323,1540.38,675.702
12.625,0.2104,59.85,25.6796,1536.92,675.864
12.628,0.2105,59.8381,25.7028,1538.01,676.026
12.630,0.2105,59.8263,25.6785,1536.25,676.187
12.633,0.2105,59.8144,25.6755,1535.76,676.349
12.635,0.2106,59.8025,25.6696,1535.11,676.511
12.638,0.2106,59.7906,25.6633,1534.43,676.673
12.640,0.2107,59.7787,25.6551,1533.63,676.835
12.642,0.2107,59.7668,25.6515,1533.11,676.997
12.645,0.2107,59.7549,25.6413,1532.2,677.158
12.647,0.2108,59.7429,25.6312,1531.28,677.321
12.650,0.2108,59.731,25.62,1530.31,677.482
12.652,0.2109,59.7189,25.6074,1529.25,677.645
12.655,0.2109,59.707,25.5963,1528.28,677.806
12.657,0.2110,59.6949,25.5814,1527.08,677.969
12.660,0.2110,59.6829,25.331,1511.83,678.13
12.662,0.2110,59.6708,25.3206,1510.9,678.292
12.664,0.2111,59.6588,25.306,1509.72,678.454
12.667,0.2111,59.6466,25.2947,1508.74,678.616
12.669,0.2112,59.6345,25.2818,1507.67,678.778
12.672,0.2112,59.6222,25.1476,1499.36,678.94
12.674,0.2112,59.6101,25.1401,1498.61,679.102
12.677,0.2113,59.5978,25.1233,1497.29,679.264
12.679,0.2113,59.5855,25.1191,1496.74,679.425
12.682,0.2114,59.5812,25.1811,1500.32,679.587
12.684,0.2114,59.5677,25.1355,1497.26,679.748
12.686,0.2114,59.5542,25.1254,1496.32,679.91
12.689,0.2115,59.5407,25.1215,1495.75,680.071
12.691,0.2115,59.5272,25.1111,1494.8,680.233
12.694,0.2116,59.5137,25.1108,1494.43,680.394
12.696,0.2116,59.5002,25.1083,1493.95,680.556
12.699,0.2116,59.4866,25.1082,1493.6,680.717
12.701,0.2117,59.4733,25.1033,1492.98,680.878
12.703,0.2117,59.4606,25.1053,1492.78,681.039
12.706,0.2118,59.448,25.1014,1492.23,681.201
12.708,0.2118,59.4353,25.1017,1491.93,681.362
12.711,0.2118,59.4227,25.1021,1491.63,681.523
12.713,0.2119,59.4099,25.1007,1491.23,681.684
12.716,0.2119,59.3973,25.0427,1487.47,681.845
12.718,0.2120,59.3845,25.0364,1486.78,682.006
12.721,0.2120,59.3719,25.0462,1487.04,682.168
12.723,0.2121,59.359,25.039,1486.29,682.329
12.725,0.2121,59.3465,25.0513,1486.71,682.49
12.728,0.2121,59.3336,25.0436,1485.93,682.651
12.730,0.2122,59.3211,25.1025,1489.11,682.813
12.733,0.2122,59.3085,25.1082,1489.13,682.974
12.735,0.2123,59.296,25.114,1489.16,683.135
12.738,0.2123,59.2835,25.0614,1485.73,683.297
12.740,0.2123,59.2709,25.1216,1488.98,683.458
12.743,0.2124,59.2583,25.1283,1489.06,683.62
12.745,0.2124,59.2457,25.1351,1489.15,683.781
12.747,0.2125,59.233,25.143,1489.29,683.943
12.750,0.2125,59.2203,25.151,1489.45,684.104
12.752,0.2125,59.2076,25.1599,1489.66,684.266
12.755,0.2126,59.1949,25.1689,1489.87,684.427
12.757,0.2126,59.1821,25.229,1493.1,684.589
12.760,0.2127,59.1692,25.2388,1493.36,684.751
12.762,0.2127,59.1564,25.2495,1493.67,684.913
12.765,0.2127,59.1435,25.2597,1493.94,685.074
12.767,0.2128,59.1305,25.2942,1495.66,685.236
12.769,0.2128,59.1175,25.3042,1495.92,685.398
12.772,0.2129,59.1045,25.3146,1496.21,685.56
12.774,0.2129,59.0915,25.3242,1496.44,685.722
12.777,0.2129,59.0784,25.2293,1490.51,685.884
12.779,0.2130,59.0653,25.2384,1490.71,686.046
12.782,0.2130,59.0522,25.244,1490.71,686.208
12.784,0.2131,59.0391,25.255,1491.03,686.37
12.787,0.2131,59.026,25.2488,1490.33,686.532
12.789,0.2132,59.0129,25.2616,1490.76,686.694
12.791,0.2132,58.9998,25.2571,1490.16,686.856
12.794,0.2132,58.9868,25.2708,1490.64,687.018
12.796,0.2133,58.9738,25.262,1489.8,687.18
12.799,0.2133,58.9608,25.2759,1490.29,687.342
12.801,0.2134,58.9479,25.3423,1493.88,687.504
12.804,0.2134,58.9351,25.3575,1494.44,687.667
12.806,0.2134,58.9223,25.3404,1493.11,687.829
12.809,0.2135,58.9096,25.3554,1493.68,687.991
12.811,0.2135,58.897,25.3359,1492.21,688.153
12.813,0.2136,58.8844,25.3507,1492.76,688.315
12.816,0.2136,58.872,25.3658,1493.33,688.477
12.818,0.2136,58.8595,25.371,1493.33,688.639
12.821,0.2137,61.7718,25.33,1564.68,688.8
12.823,0.2137,61.7592,25.3271,1564.18,688.962
12.826,0.2138,61.7465,25.3236,1563.65,689.124
12.828,0.2138,61.7339,25.3202,1563.11,689.286
12.831,0.2138,61.7213,25.2917,1561.04,689.448
12.833,0.2139,61.7087,25.2913,1560.69,689.609
12.835,0.2139,61.6961,25.1292,1550.37,689.771
12.838,0.2140,61.6836,25.09,1547.64,689.933
12.840,0.2140,61.6711,25.1275,1549.64,690.094
12.843,0.2140,61.6587,25.1324,1549.63,690.256
12.845,0.2141,61.6463,25.138,1549.66,690.418
12.848,0.2141,61.6339,25.1457,1549.83,690.579
12.850,0.2142,61.6216,25.154,1550.03,690.741
12.853,0.2142,61.6093,25.097,1546.21,690.902
12.855,0.2142,61.597,25.1087,1546.62,691.064
12.857,0.2143,61.5847,25.0603,1543.33,691.225
12.860,0.2143,61.5724,25.0749,1543.92,691.387
12.862,0.2144,61.5601,25.0906,1544.58,691.548
12.865,0.2144,61.5479,25.1068,1545.27,691.71
12.867,0.2145,61.5356,25.0189,1539.55,691.872
12.870,0.2145,61.5235,25.0377,1540.41,692.033
12.872,0.2145,61.5111,25.0548,1541.15,692.195
12.875,0.2146,61.499,25.0727,1541.94,692.357
12.877,0.2146,61.4866,25.092,1542.82,692.518
12.879,0.2147,61.4746,25.1071,1543.45,692.68
12.882,0.2147,61.4622,25.129,1544.48,692.842
12.884,0.2147,61.4501,25.1398,1544.84,693.004
12.887,0.2148,61.4377,25.1646,1546.06,693.166
12.889,0.2148,61.4257,25.17,1546.08,693.328
12.892,0.2149,61.4133,25.198,1547.49,693.489
12.894,0.2149,61.4012,25.1971,1547.13,693.651
12.897,0.2149,61.3888,25.2283,1548.73,693.813
12.899,0.2150,61.3767,25.1208,1541.83,693.975
12.901,0.2150,61.3643,25.4965,1564.57,694.137
12.904,0.2151,61.3521,25.4876,1563.72,694.299
12.906,0.2151,61.3398,25.5597,1567.83,694.461
12.909,0.2151,61.3275,25.5014,1563.94,694.623
12.911,0.2152,61.3152,25.5781,1568.32,694.785
12.914,0.2152,61.3028,25.5134,1564.05,694.947
12.916,0.2153,61.2905,25.5859,1568.17,695.109
12.919,0.2153,61.2781,25.5456,1565.39,695.271
12.921,0.2153,61.2657,25.6508,1571.52,695.433
12.923,0.2154,61.2533,25.5396,1564.38,695.595
12.926,0.2154,61.2409,25.5443,1564.36,695.758
12.928,0.2155,61.2286,25.5499,1564.38,695.92
12.931,0.2155,61.2162,25.4801,1559.8,696.082
12.933,0.2156,61.2038,25.4879,1559.96,696.244
12.936,0.2156,61.1915,25.488,1559.65,696.406
12.938,0.2156,61.179,25.496,1559.82,696.568
12.941,0.2157,61.1666,25.5271,1561.4,696.73
12.943,0.2157,61.1541,25.5343,1561.52,696.892
12.945,0.2158,61.1417,25.534,1561.19,697.054
12.948,0.2158,61.1291,25.5376,1561.09,697.216
12.950,0.2158,61.1168,25.5396,1560.9,697.378
12.953,0.2159,61.1041,25.5376,1560.45,697.54
12.955,0.2159,61.0918,25.5431,1560.48,697.702
12.958,0.2160,61.0791,25.5338,1559.58,697.864
12.960,0.2160,61.0668,25.5441,1559.89,698.026
12.963,0.2160,61.0541,25.5262,1558.48,698.188
12.965,0.2161,61.0418,25.5419,1559.12,698.35
12.967,0.2161,61.0291,25.5153,1557.18,698.512
12.970,0.2162,61.0168,25.5364,1558.15,698.674
12.972,0.2162,61.0041,25.5018,1555.71,698.836
12.975,0.2162,60.9918,25.5281,1557,698.998
12.977,0.2163,60.9791,25.4868,1554.16,699.16
12.980,0.2163,60.9668,25.2784,1541.14,699.322
12.982,0.2164,60.9542,25.2586,1539.62,699.484
12.985,0.2164,60.9419,25.2643,1539.66,699.646
12.987,0.2164,60.9293,25.2448,1538.15,699.808
12.989,0.2165,60.917,25.2508,1538.21,699.97
12.992,0.2165,60.9044,25.234,1536.86,700.133
12.994,0.2166,60.8921,25.2395,1536.89,700.295
12.997,0.2166,60.8796,25.2272,1535.82,700.457
12.999,0.2167,60.8673,25.2318,1535.79,700.619
13.002,0.2167,60.8548,25.2297,1535.35,700.781
13.004,0.2167,60.8425,25.2288,1534.99,700.943
13.007,0.2168,60.8299,25.2295,1534.71,701.105
13.009,0.2168,60.8176,25.2224,1533.96,701.268
13.011,0.2169,60.8051,25.2401,1534.73,701.43
13.014,0.2169,60.7927,25.087,1525.11,701.592
13.016,0.2169,60.7801,25.0866,1524.77,701.755
13.019,0.2170,60.7678,25.1037,1525.5,701.917
13.021,0.2170,60.7551,25.1021,1525.08,702.079
13.024,0.2171,60.7427,25.1743,1529.15,702.242
13.026,0.2171,60.7303,25.1853,1529.51,702.404
13.029,0.2171,60.7179,25.1959,1529.84,702.567
13.031,0.2172,60.7053,25.207,1530.2,702.729
13.033,0.2172,60.6928,25.2172,1530.5,702.892
13.036,0.2173,60.6802,25.228,1530.84,703.054
13.038,0.2173,60.6675,25.2672,1532.9,703.217
13.041,0.2173,60.6549,25.278,1533.23,703.379
13.043,0.2174,60.6421,25.2873,1533.48,703.542
13.046,0.2174,60.6294,25.2974,1533.77,703.705
13.048,0.2175,60.6166,25.306,1533.96,703.867
13.051,0.2175,60.6037,25.5176,1546.46,704.03
13.053,0.2176,60.5909,25.5259,1546.64,704.192
13.055,0.2176,60.578,25.5348,1546.85,704.354
13.058,0.2176,60.5651,25.5421,1546.96,704.517
13.060,0.2177,60.5521,25.5497,1547.09,704.679
13.063,0.2177,60.5392,25.4517,1540.82,704.842
13.065,0.2178,60.5262,25.4578,1540.87,705.004
13.068,0.2178,60.5132,25.407,1537.46,705.166
13.070,0.2178,60.5002,25.4119,1537.43,705.328
13.073,0.2179,60.4872,25.4159,1537.34,705.491
13.075,0.2179,60.4743,25.4221,1537.38,705.653
13.078,0.2180,60.4613,25.4211,1536.99,705.815
13.080,0.2180,60.4483,25.3992,1535.34,705.977
13.082,0.2180,60.4354,25.394,1534.7,706.139
13.085,0.2181,60.4224,25.3999,1534.72,706.302
13.087,0.2181,60.4096,25.3901,1533.81,706.464
13.090,0.2182,60.3966,25.3947,1533.75,706.626
13.092,0.2182,60.3838,25.3809,1532.6,706.788
13.095,0.2182,60.3707,25.3833,1532.41,706.95
13.097,0.2183,60.358,25.4818,1538.03,707.113
13.100,0.2183,60.3449,25.4716,1537.08,707.275
13.102,0.2184,60.3321,25.4605,1536.08,707.437
13.104,0.2184,60.319,25.4518,1535.23,707.6
13.107,0.2184,60.3062,25.2789,1524.48,707.762
13.109,0.2185,60.2931,25.2726,1523.76,707.924
13.112,0.2185,60.2803,25.254,1522.32,708.087
13.114,0.2186,60.2672,25.2462,1521.52,708.249
13.117,0.2186,60.2544,25.1803,1517.23,708.412
13.119,0.2187,60.2412,25.164,1515.91,708.574
13.122,0.2187,60.2283,25.1701,1515.95,708.737
13.124,0.2187,60.2154,25.156,1514.78,708.899
13.126,0.2188,60.2026,25.1449,1513.79,709.062
13.129,0.2188,60.1897,25.1347,1512.85,709.225
13.131,0.2189,60.1768,25.1938,1516.08,709.387
13.134,0.2189,60.1639,25.1866,1515.33,709.55
13.136,0.2189,60.151,25.1816,1514.7,709.713
13.139,0.2190,60.1381,25.1772,1514.11,709.875
13.141,0.2190,60.1253,25.1753,1513.67,710.038
13.144,0.2191,60.1124,25.1736,1513.25,710.201
13.146,0.2191,60.0995,25.1747,1512.99,710.364
13.148,0.2191,60.0867,25.1772,1512.82,710.527
13.151,0.2192,60.0738,25.1795,1512.63,710.69
13.153,0.2192,60.061,25.1856,1512.67,710.852
13.156,0.2193,60.0481,25.1888,1512.54,711.015
13.158,0.2193,60.0353,25.2125,1513.64,711.178
13.161,0.2193,60.0224,25.2167,1513.57,711.341
13.163,0.2194,60.0097,25.2265,1513.84,711.504
13.166,0.2194,59.9968,25.2313,1513.79,711.667
13.168,0.2195,59.984,25.2283,1513.29,711.83
13.171,0.2195,59.9712,25.2261,1512.84,711.993
13.173,0.2195,59.9584,25.2846,1516.03,712.156
13.175,0.2196,59.9455,25.28,1515.42,712.319
13.178,0.2196,59.9328,25.3586,1519.81,712.482
13.180,0.2197,59.92,25.3539,1519.21,712.645
13.183,0.2197,59.9073,25.3742,1520.1,712.808
13.185,0.2198,59.8944,25.3679,1519.4,712.97
13.188,0.2198,59.8817,25.3898,1520.38,713.133
13.190,0.2198,59.8688,25.3818,1519.58,713.296
13.193,0.2199,59.8562,25.4058,1520.69,713.459
13.195,0.2199,59.8433,25.4264,1521.6,713.622
13.197,0.2200,59.8307,25.4571,1523.12,713.785
13.200,0.2200,59.8178,25.4405,1521.8,713.947
13.202,0.2200,59.8052,25.5226,1526.38,714.11
13.205,0.2201,59.7924,25.4973,1524.55,714.273
13.207,0.2201,59.7798,25.5,1524.38,714.436
13.210,0.2202,59.767,25.4653,1521.99,714.598
13.212,0.2202,59.7544,25.5188,1524.86,714.761
13.215,0.2202,59.7417,25.1977,1505.36,714.923
13.217,0.2203,59.7291,25.219,1506.31,715.086
13.219,0.2203,59.7164,25.2245,1506.32,715.249
13.222,0.2204,59.7038,25.2304,1506.35,715.411
13.224,0.2204,59.6911,25.233,1506.19,715.574
13.227,0.2204,59.6785,25.2388,1506.22,715.736
13.229,0.2205,59.666,25.2381,1505.85,715.899
13.232,0.2205,59.6533,25.2431,1505.83,716.061
13.234,0.2206,59.6408,25.2387,1505.26,716.223
13.237,0.2206,59.6283,25.1309,1498.51,716.386
13.239,0.2207,59.6158,25.1255,1497.88,716.548
13.242,0.2207,59.6032,25.1245,1497.5,716.711
13.244,0.2207,59.5908,25.1158,1496.67,716.873
13.246,0.2208,59.5782,25.1123,1496.15,717.036
13.249,0.2208,59.5657,25.1005,1495.13,717.198
13.251,0.2209,59.5531,25.095,1494.49,717.361
13.254,0.2209,59.5407,25.0802,1493.29,717.523
13.256,0.2209,59.5281,25.0737,1492.59,717.686
13.259,0.2210,59.5155,25.0562,1491.23,717.848
13.261,0.2210,59.5029,25.091,1492.99,718.011
13.264,0.2211,59.4903,25.0738,1491.65,718.173
13.266,0.2211,59.4777,25.0672,1490.94,718.336
13.268,0.2211,59.465,25.0622,1490.33,718.499
13.271,0.2212,59.4523,25.0632,1490.06,718.662
13.273,0.2212,61.4428,25.0731,1540.56,718.824
13.276,0.2213,61.4301,25.0826,1540.83,718.987
13.278,0.2213,61.4172,25.0545,1538.78,719.15
13.281,0.2213,61.4044,24.7898,1522.21,719.313
13.283,0.2214,61.3914,24.7546,1519.72,719.476
13.286,0.2214,61.3785,24.7513,1519.2,719.639
13.288,0.2215,61.3655,24.7436,1518.4,719.802
13.290,0.2215,61.3526,24.7568,1518.89,719.965
13.293,0.2215,61.3395,24.7504,1518.18,720.128
13.295,0.2216,61.3266,24.7792,1519.62,720.291
13.298,0.2216,61.3136,24.7832,1519.54,720.455
13.300,0.2217,61.3007,24.8988,1526.31,720.618
13.303,0.2217,61.2876,24.9199,1527.28,720.781
13.305,0.2218,61.2748,24.9145,1526.63,720.944
13.308,0.2218,61.2618,24.9043,1525.68,721.107
13.310,0.2218,61.2491,24.8813,1523.96,721.27
13.313,0.2219,61.2361,24.9329,1526.79,721.434
13.315,0.2219,61.2235,24.9023,1524.61,721.597
13.317,0.2220,61.2106,24.9177,1525.23,721.76
13.320,0.2220,61.1978,24.9335,1525.87,721.923
13.322,0.2220,61.185,24.9484,1526.47,722.087
13.325,0.2221,61.1723,24.9456,1525.98,722.25
13.327,0.2221,61.1596,24.9594,1526.51,722.413
13.330,0.2222,61.147,24.9735,1527.06,722.576
13.332,0.2222,61.1345,24.9856,1527.48,722.74
13.335,0.2222,61.1219,24.9982,1527.94,722.903
13.337,0.2223,61.1095,25.0082,1528.24,723.066
13.339,0.2223,61.097,25.0189,1528.58,723.229
13.342,0.2224,61.0846,25.0269,1528.76,723.392
13.344,0.2224,61.0723,25.0356,1528.98,723.555
13.347,0.2224,61.0599,25.0416,1529.04,723.718
13.349,0.2225,61.0476,25.0485,1529.15,723.881
13.352,0.2225,61.0353,25.0527,1529.1,724.044
13.354,0.2226,61.0229,25.0577,1529.1,724.207
13.357,0.2226,61.0106,25.0605,1528.96,724.37
13.359,0.2227,60.9982,25.064,1528.86,724.533
13.362,0.2227,60.9858,25.0657,1528.65,724.696
13.364,0.2227,60.9734,25.0679,1528.48,724.858
13.366,0.2228,60.961,25.0689,1528.22,725.021
13.369,0.2228,60.9485,25.0656,1527.71,725.183
13.371,0.2229,60.936,24.9968,1523.2,725.346
13.374,0.2229,60.9235,24.8943,1516.65,725.508
13.376,0.2229,60.911,24.9087,1517.21,725.671
13.379,0.2230,60.8983,24.8898,1515.74,725.833
13.381,0.2230,60.8857,24.9697,1520.3,725.996
13.384,0.2231,60.8729,24.9357,1517.91,726.158
13.386,0.2231,60.8602,24.9736,1519.9,726.321
13.388,0.2231,60.8473,24.9286,1516.84,726.483
13.391,0.2232,60.8346,24.977,1519.47,726.645
13.393,0.2232,60.8215,24.8334,1510.41,726.808
13.396,0.2233,60.8087,24.8969,1513.95,726.97
13.398,0.2233,60.7955,24.8255,1509.28,727.133
13.401,0.2233,60.7826,24.9424,1516.07,727.296
13.403,0.2234,60.7694,24.8632,1510.92,727.458
13.406,0.2234,60.7564,24.9869,1518.11,727.621
13.408,0.2235,60.7431,24.8998,1512.49,727.784
13.411,0.2235,60.7301,24.9896,1517.62,727.947
13.413,0.2235,60.7168,24.893,1511.42,728.11
13.415,0.2236,60.7037,24.8943,1511.17,728.272
13.418,0.2236,60.6906,24.8962,1510.96,728.435
13.420,0.2237,60.6775,24.8983,1510.77,728.598
13.423,0.2237,60.6645,24.9012,1510.62,728.761
13.425,0.2238,60.6515,24.9044,1510.49,728.924
13.428,0.2238,60.6385,24.9084,1510.4,729.087
13.430,0.2238,60.6255,24.9437,1512.22,729.25
13.433,0.2239,60.6126,24.9489,1512.21,729.413
13.435,0.2239,60.5997,24.9795,1513.75,729.576
13.437,0.2240,60.5869,24.9868,1513.87,729.74
13.440,0.2240,60.5741,25.1463,1523.21,729.903
13.442,0.2240,60.5613,25.1956,1525.88,730.066
13.445,0.2241,60.5487,25.2067,1526.23,730.229
13.447,0.2241,60.536,25.2095,1526.08,730.392
13.450,0.2242,60.5234,25.225,1526.71,730.555
13.452,0.2242,60.5109,25.2259,1526.44,730.718
13.455,0.2242,60.4984,25.2459,1527.34,730.881
13.457,0.2243,60.4859,25.2445,1526.94,731.044
13.460,0.2243,60.4735,25.1994,1523.89,731.206
13.462,0.2244,60.4611,25.1965,1523.41,731.369
13.464,0.2244,60.4487,25.224,1524.76,731.532
13.467,0.2244,60.4364,25.1297,1518.75,731.695
13.469,0.2245,60.4241,25.1654,1520.6,731.858
13.472,0.2245,60.4118,25.1525,1519.51,732.021
13.474,0.2246,60.3995,25.1932,1521.66,732.184
13.477,0.2246,60.3873,25.1755,1520.28,732.346
13.479,0.2247,60.3751,25.2211,1522.72,732.509
13.482,0.2247,60.3628,25.198,1521.02,732.672
13.484,0.2247,60.3506,25.2479,1523.73,732.835
13.486,0.2248,60.3384,25.219,1521.68,732.997
13.489,0.2248,60.3262,25.273,1524.62,733.16
13.491,0.2249,60.314,25.2797,1524.72,733.322
13.494,0.2249,60.3018,25.4253,1533.19,733.485
13.496,0.2249,60.2896,25.2753,1523.84,733.648
13.499,0.2250,60.2775,25.3693,1529.19,733.81
13.501,0.2250,60.2653,25.2874,1523.95,733.972
13.504,0.2251,60.2531,25.3858,1529.57,734.135
13.506,0.2251,60.2409,25.3389,1526.44,734.297
13.508,0.2251,60.2288,25.4353,1531.93,734.46
13.511,0.2252,60.2166,25.3434,1526.09,734.622
13.513,0.2252,60.2044,25.3467,1525.98,734.784
13.516,0.2253,60.1923,25.2604,1520.48,734.947
13.518,0.2253,60.1802,25.2618,1520.26,735.109
13.521,0.2253,60.168,25.2603,1519.86,735.271
13.523,0.2254,60.1559,25.2598,1519.53,735.433
13.526,0.2254,60.1437,25.2563,1519.01,735.596
13.528,0.2255,60.1315,25.2541,1518.57,735.758
13.531,0.2255,60.1193,25.1721,1513.33,735.92
13.533,0.2255,60.1071,25.167,1512.71,736.082
13.535,0.2256,60.0948,25.2105,1515.02,736.244
13.538,0.2256,60.0825,25.2078,1514.55,736.406
13.540,0.2257,60.0702,25.1994,1513.73,736.568
13.543,0.2257,60.0579,25.1964,1513.24,736.73
13.545,0.2258,60.0454,25.2622,1516.88,736.893
13.548,0.2258,60.0331,25.2776,1517.49,737.055
13.550,0.2258,60.0205,25.2722,1516.85,737.217
13.553,0.2259,60.0081,25.2661,1516.17,737.379
13.555,0.2259,59.9954,25.2621,1515.61,737.541
13.557,0.2260,59.9829,25.2563,1514.95,737.703
13.560,0.2260,59.9702,25.2538,1514.48,737.865
13.562,0.2260,59.9576,25.2489,1513.87,738.027
13.565,0.2261,59.9448,25.2158,1511.55,738.189
13.567,0.2261,59.9321,25.1915,1509.78,738.351
13.570,0.2262,59.9193,25.1358,1506.12,738.513
13.572,0.2262,59.9066,25.1148,1504.54,738.675
13.575,0.2262,59.8937,25.1356,1505.46,738.837
13.577,0.2263,59.881,25.1167,1504.01,738.999
13.580,0.2263,59.8681,25.138,1504.97,739.16
13.582,0.2264,59.8554,25.1225,1503.71,739.322
13.584,0.2264,59.8426,25.1433,1504.64,739.484
13.587,0.2264,59.8299,25.1322,1503.66,739.646
13.589,0.2265,59.8172,25.1079,1501.89,739.807
13.592,0.2265,59.8045,25.1688,1505.21,739.969
13.594,0.2266,59.7919,25.1681,1504.85,740.13
13.597,0.2266,59.7794,25.1876,1505.7,740.292
13.599,0.2267,59.7668,25.122,1501.46,740.453
13.602,0.2267,59.7544,25.1501,1502.83,740.615
13.604,0.2267,59.7419,25.1371,1501.74,740.776
13.607,0.2268,59.7296,25.174,1503.63,740.938
13.609,0.2268,59.7172,25.1537,1502.11,741.099
13.611,0.2269,59.705,25.1666,1502.57,741.26
13.614,0.2269,59.6929,25.1797,1503.05,741.422
13.616,0.2269,59.6807,25.1923,1503.5,741.583
13.619,0.2270,59.6686,25.2475,1506.48,741.745
13.621,0.2270,59.6565,25.2592,1506.87,741.906
13.624,0.2271,59.6444,25.2707,1507.25,742.067
13.626,0.2271,59.6323,25.2807,1507.55,742.228
13.629,0.2271,59.6202,25.2903,1507.81,742.39
13.631,0.2272,59.6081,25.2982,1507.98,742.551
13.634,0.2272,59.5959,25.3053,1508.09,742.712
13.636,0.2273,59.5837,25.3104,1508.09,742.873
13.638,0.2273,59.5715,25.3145,1508.02,743.034
13.641,0.2273,59.5593,25.3165,1507.83,743.195
13.643,0.2274,59.547,25.2274,1502.22,743.355
13.646,0.2274,59.5347,25.2262,1501.83,743.516
13.648,0.2275,59.5223,25.2237,1501.37,743.677
13.651,0.2275,59.5099,25.4519,1514.64,743.837
13.653,0.2276,59.4974,25.4457,1513.95,743.998
13.656,0.2276,59.4849,25.1525,1496.19,744.158
13.658,0.2276,59.4724,25.1431,1495.32,744.319
13.660,0.2277,59.4598,25.1322,1494.36,744.479
13.663,0.2277,59.4472,25.1275,1493.76,744.639
13.665,0.2278,59.4347,25.2033,1497.95,744.799
13.668,0.2278,59.422,25.2017,1497.54,744.959
13.670,0.2278,59.4094,25.1812,1496,745.12
13.673,0.2279,59.3968,25.1504,1493.85,745.28
13.675,0.2279,59.3842,25.0274,1486.23,745.44
13.678,0.2280,59.3715,25.0352,1486.38,745.599
13.680,0.2280,59.3589,25.0063,1484.35,745.759
13.683,0.2280,59.3462,25.0209,1484.9,745.919
13.685,0.2281,59.3337,24.9881,1482.64,746.079
13.687,0.2281,59.3209,25.0103,1483.63,746.239
13.690,0.2282,59.3084,24.9736,1481.14,746.398
13.692,0.2282,59.2956,24.9321,1478.37,746.558
13.695,0.2282,59.283,24.8997,1476.13,746.718
13.697,0.2283,59.2702,24.9277,1477.47,746.877
13.700,0.2283,59.2576,24.8932,1475.11,747.037
13.702,0.2284,59.2447,24.9263,1476.75,747.196
13.705,0.2284,59.2321,24.8898,1474.27,747.356
13.707,0.2285,59.2191,24.9273,1476.17,747.515
13.710,0.2285,59.2064,24.9268,1475.83,747.674
13.712,0.2285,59.1936,24.9269,1475.51,747.834
13.714,0.2286,59.1808,24.9265,1475.17,747.993
13.717,0.2286,61.2029,24.9668,1528.04,748.153
13.719,0.2287,61.1902,24.9662,1527.69,748.312
13.722,0.2287,61.1775,24.9659,1527.35,748.471
13.724,0.2287,61.1648,24.9637,1526.9,748.63
13.727,0.2288,61.1521,24.9644,1526.63,748.789
13.729,0.2288,61.1393,24.9636,1526.26,748.948
13.732,0.2289,61.1266,24.9092,1522.61,749.107
13.734,0.2289,61.1139,24.9066,1522.14,749.266
13.737,0.2289,61.1013,24.8991,1521.37,749.424
13.739,0.2290,61.0887,24.9008,1521.15,749.583
13.741,0.2290,61.0761,24.8876,1520.04,749.742
13.744,0.2291,61.0636,25.0225,1527.96,749.9
13.746,0.2291,61.0513,25.0062,1526.66,750.058
13.749,0.2291,61.039,25.0131,1526.77,750.217
13.751,0.2292,61.0269,24.9957,1525.41,750.375
13.754,0.2292,61.0147,25.004,1525.61,750.533
13.756,0.2293,61.0029,24.9862,1524.23,750.691
13.759,0.2293,60.991,24.9971,1524.6,750.849
13.761,0.2294,60.9795,24.9806,1523.3,751.007
13.763,0.2294,60.9679,24.9934,1523.79,751.165
13.766,0.2294,60.9566,24.9793,1522.65,751.323
13.768,0.2295,60.9452,24.9932,1523.21,751.481
13.771,0.2295,60.9342,24.9825,1522.29,751.639
13.773,0.2296,60.923,24.9963,1522.85,751.797
13.776,0.2296,60.9122,25.012,1523.54,751.954
13.778,0.2296,60.9011,25.0269,1524.17,752.112
13.781,0.2297,60.8905,25.023,1523.66,752.27
13.783,0.2297,60.8795,25.0351,1524.13,752.428
13.786,0.2298,60.8689,25.0358,1523.9,752.585
13.788,0.2298,60.858,25.0443,1524.15,752.743
13.790,0.2298,60.8474,25.0805,1526.09,752.901
13.793,0.2299,60.8364,25.0777,1525.64,753.059
13.795,0.2299,60.8257,25.0918,1526.22,753.216
13.798,0.2300,60.8146,25.0844,1525.5,753.375
13.800,0.2300,60.8037,25.1008,1526.22,753.532
13.803,0.2300,60.7925,25.0895,1525.25,753.69
13.805,0.2301,60.7812,25.1068,1526.02,753.848
13.808,0.2301,60.7698,24.9125,1513.93,754.006
13.810,0.2302,60.7583,24.9071,1513.31,754.165
13.812,0.2302,60.7466,24.9159,1513.55,754.323
13.815,0.2302,60.7348,24.9021,1512.42,754.482
13.817,0.2303,60.7229,24.9161,1512.98,754.64
13.820,0.2303,60.7107,25.0896,1523.21,754.798
13.822,0.2304,60.6986,25.1104,1524.16,754.957
13.825,0.2304,60.686,24.9984,1517.05,755.115
13.827,0.2305,60.6737,25.0237,1518.28,755.273
13.830,0.2305,60.6608,24.9898,1515.9,755.432
13.832,0.2305,60.6482,25.0203,1517.44,755.59
13.835,0.2306,60.6351,24.9366,1512.03,755.749
13.837,0.2306,60.6224,24.9739,1513.98,755.907
13.839,0.2307,60.6091,24.8626,1506.9,756.065
13.842,0.2307,60.5961,24.9088,1509.38,756.224
13.844,0.2307,60.5827,24.8633,1506.29,756.382
13.847,0.2308,60.5697,24.8645,1506.04,756.541
13.849,0.2308,60.5562,24.8301,1503.62,756.699
13.852,0.2309,60.5431,24.8732,1505.9,756.857
13.854,0.2309,60.5296,24.8409,1503.61,757.016
13.857,0.2309,60.5165,24.8858,1506,757.174
13.859,0.2310,60.5031,24.8562,1503.87,757.332
13.862,0.2310,60.4899,24.8256,1501.7,757.491
13.864,0.2311,60.4767,24.8004,1499.85,757.649
13.866,0.2311,60.4636,24.7682,1497.58,757.807
13.869,0.2311,60.4505,24.7684,1497.26,757.965
13.871,0.2312,60.4375,24.8268,1500.47,758.124
13.874,0.2312,60.4246,24.8338,1500.57,758.282
13.876,0.2313,60.4117,24.9569,1507.69,758.44
13.879,0.2313,60.399,24.9662,1507.93,758.598
13.881,0.2314,60.3863,24.8766,1502.21,758.756
13.884,0.2314,60.3738,24.8934,1502.91,758.914
13.886,0.2314,60.3611,24.8811,1501.85,759.072
13.889,0.2315,60.3488,24.8955,1502.42,759.23
13.891,0.2315,60.3363,24.8812,1501.24,759.389
13.893,0.2316,60.3241,24.8932,1501.66,759.546
13.896,0.2316,60.3117,24.8773,1500.4,759.705
13.898,0.2316,60.2998,24.8868,1500.67,759.862
13.901,0.2317,60.2875,24.8707,1499.39,760.021
13.903,0.2317,60.2757,24.8774,1499.5,760.178
13.906,0.2318,60.2635,24.8735,1498.96,760.337
13.908,0.2318,60.2514,24.8687,1498.37,760.495
13.911,0.2318,60.2394,24.9025,1500.11,760.654
13.913,0.2319,60.2274,24.8976,1499.52,760.812
13.916,0.2319,60.2155,24.8945,1499.03,760.971
13.918,0.2320,60.2037,24.8907,1498.51,761.129
13.920,0.2320,60.1919,24.8891,1498.12,761.288
13.923,0.2320,60.1801,24.887,1497.7,761.447
13.925,0.2321,60.1685,24.8874,1497.44,761.605
13.928,0.2321,60.1568,24.8875,1497.16,761.764
13.930,0.2322,60.1452,24.8901,1497.02,761.923
13.933,0.2322,60.1336,24.8925,1496.88,762.082
13.935,0.2323,60.1221,24.8969,1496.86,762.241
13.938,0.2323,60.1105,24.9015,1496.84,762.4
13.940,0.2323,60.099,24.9075,1496.91,762.559
13.943,0.2324,60.0874,24.9137,1497,762.719
13.945,0.2324,60.0759,24.9205,1497.12,762.878
13.947,0.2325,60.0643,25.0154,1502.54,763.037
13.950,0.2325,60.0528,25.0232,1502.71,763.197
13.952,0.2325,60.0412,25.0315,1502.92,763.356
13.955,0.2326,60.0295,25.0631,1504.53,763.516
13.957,0.2326,60.0179,25.0631,1504.24,763.676
13.960,0.2327,60.0062,25.018,1501.23,763.835
13.962,0.2327,59.9944,24.9445,1496.53,763.995
13.965,0.2327,59.9827,24.9633,1497.37,764.155
13.967,0.2328,59.9708,24.9491,1496.22,764.314
13.970,0.2328,59.9589,24.9962,1498.75,764.474
13.972,0.2329,59.9469,24.9848,1497.76,764.634
13.974,0.2329,59.9349,25.0004,1498.4,764.794
13.977,0.2329,59.9228,24.9867,1497.27,764.953
13.979,0.2330,59.9107,25.001,1497.83,765.113
13.982,0.2330,59.8984,24.9872,1496.69,765.273
13.984,0.2331,59.8862,24.999,1497.09,765.432
13.987,0.2331,59.8737,24.9871,1496.07,765.592
13.989,0.2332,59.8614,24.9953,1496.26,765.751
13.992,0.2332,59.8489,24.9876,1495.48,765.911
13.994,0.2332,59.8365,24.8938,1489.56,766.07
13.996,0.2333,59.8239,24.8252,1485.14,766.23
13.999,0.2333,59.8114,24.8064,1483.71,766.389
14.001,0.2334,59.7987,24.8268,1484.61,766.548
14.004,0.2334,59.7862,24.824,1484.14,766.707
14.006,0.2334,59.7737,24.8225,1483.73,766.866
14.009,0.2335,59.7612,24.8213,1483.35,767.025
14.011,0.2335,59.7487,24.8889,1487.08,767.183
14.014,0.2336,59.7362,24.9395,1489.79,767.342
14.016,0.2336,59.7238,24.9414,1489.6,767.5
14.019,0.2336,59.7114,25.1463,1501.52,767.659
14.021,0.2337,59.6991,25.1488,1501.36,767.817
14.023,0.2337,59.6868,25.1524,1501.27,767.976
14.026,0.2338,59.6746,25.0152,1492.77,768.134
14.028,0.2338,59.6624,25.0178,1492.62,768.292
14.031,0.2338,59.6503,25.0198,1492.44,768.45
14.033,0.2339,59.6382,25.0216,1492.24,768.609
14.036,0.2339,59.6262,25.0243,1492.11,768.767
14.038,0.2340,59.6142,25.0514,1493.42,768.925
14.041,0.2340,59.6024,25.058,1493.52,769.083
14.043,0.2341,59.5905,25.0869,1494.94,769.24
14.046,0.2341,59.5787,25.0956,1495.16,769.398
14.048,0.2341,59.5669,25.0833,1494.13,769.556
14.050,0.2342,59.5552,25.0951,1494.54,769.714
14.053,0.2342,59.5434,25.0253,1490.09,769.872
14.055,0.2343,59.5318,25.0396,1490.65,770.03
14.058,0.2343,59.52,25.0177,1489.05,770.188
14.060,0.2343,59.5084,25.0367,1489.9,770.346
14.063,0.2344,59.4967,24.9627,1485.2,770.504
14.065,0.2344,59.4851,24.9839,1486.17,770.662
14.068,0.2345,59.4734,24.9575,1484.31,770.82
14.070,0.2345,59.4617,24.9724,1484.9,770.978
14.073,0.2345,59.45,24.9526,1483.43,771.136
14.075,0.2346,59.4383,25.0695,1490.09,771.295
14.077,0.2346,59.4266,25.0857,1490.76,771.453
14.080,0.2347,59.4148,25.073,1489.71,771.612
14.082,0.2347,59.403,25.0925,1490.57,771.77
14.085,0.2347,59.3912,25.0807,1489.57,771.929
14.087,0.2348,59.3793,25.1037,1490.64,772.088
14.090,0.2348,59.3674,25.0928,1489.69,772.247
14.092,0.2349,59.3555,25.0562,1487.22,772.405
14.095,0.2349,59.3435,25.0399,1485.96,772.565
14.097,0.2350,59.3316,25.076,1487.8,772.724
14.100,0.2350,59.3195,25.0594,1486.51,772.883
14.102,0.2350,59.3075,25.0702,1486.85,773.043
14.104,0.2351,59.2955,25.0827,1487.29,773.202
14.107,0.2351,59.2835,25.0922,1487.55,773.361
14.109,0.2352,59.2714,25.0334,1483.77,773.52
14.112,0.2352,59.2595,25.0383,1483.76,773.679
14.114,0.2352,59.2474,24.732,1465.3,773.839
14.117,0.2353,59.2354,24.735,1465.18,773.998
14.119,0.2353,59.2233,24.75,1465.77,774.157
14.122,0.2354,59.2113,24.7848,1467.54,774.316
14.124,0.2354,59.1992,24.7985,1468.05,774.476
14.127,0.2354,59.1873,24.7927,1467.41,774.635
14.129,0.2355,59.1752,24.8047,1467.83,774.795
14.131,0.2355,59.1634,24.7928,1466.83,774.954
14.134,0.2356,59.1513,24.8034,1467.15,775.113
14.136,0.2356,59.1395,24.7853,1465.79,775.272
14.139,0.2356,59.1275,24.8517,1469.42,775.432
14.141,0.2357,59.1157,24.8284,1467.75,775.591
14.144,0.2357,59.1038,24.837,1467.96,775.751
14.146,0.2358,59.0921,24.8084,1465.98,775.909
14.149,0.2358,59.0802,24.7409,1461.7,776.069
14.151,0.2359,59.0686,24.7096,1459.56,776.228
14.154,0.2359,59.0567,24.7184,1459.79,776.387
14.156,0.2359,59.0451,24.684,1457.47,776.546
14.158,0.2360,59.0334,24.6958,1457.88,776.705
14.161,0.2360,59.0217,24.6595,1455.45,776.864
14.163,0.2361,59.01,24.6754,1456.1,777.023
14.166,0.2361,61.1107,24.6793,1508.17,777.182
14.168,0.2361,61.0989,24.7636,1513.03,777.341
14.171,0.2362,61.0867,24.7223,1510.21,777.499
14.173,0.2362,61.075,24.7527,1511.77,777.658
14.176,0.2363,61.0628,24.711,1508.92,777.816
14.178,0.2363,61.051,24.6938,1507.58,777.975
14.181,0.2363,61.0387,24.6574,1505.05,778.133
14.183,0.2364,61.0269,24.7001,1507.37,778.292
14.185,0.2364,61.0145,24.6565,1504.4,778.45
14.188,0.2365,61.0029,24.7098,1507.37,778.608
14.190,0.2365,60.9904,24.659,1503.96,778.767
14.193,0.2365,60.9788,24.7211,1507.46,778.925
14.195,0.2366,60.9663,24.6634,1503.64,779.083
14.198,0.2366,60.9547,24.7586,1509.16,779.241
14.200,0.2367,60.9423,24.7606,1508.97,779.399
14.203,0.2367,60.9299,24.7614,1508.71,779.557
14.205,0.2368,60.9176,24.7614,1508.41,779.715
14.208,0.2368,60.9052,24.9001,1516.54,779.873
14.210,0.2368,60.893,24.9304,1518.09,779.516
14.212,0.2369,60.8807,24.9305,1517.79,779.674
14.215,0.2369,60.8686,24.929,1517.39,779.832
14.217,0.2370,60.8565,24.9275,1517,779.99
14.220,0.2370,60.8444,24.9244,1516.51,777.071
14.222,0.2370,60.8324,24.9216,1516.04,777.227
14.225,0.2371,60.8205,25.1218,1527.92,777.384
14.227,0.2371,60.8087,25.0531,1523.45,777.541
14.230,0.2372,60.7969,25.0464,1522.74,777.697
14.232,0.2372,60.7851,24.9783,1518.31,777.854
14.235,0.2372,60.7734,24.9712,1517.59,778.01
14.237,0.2373,60.7618,24.9657,1516.96,778.167
14.239,0.2373,60.7501,24.96,1516.33,778.323
14.242,0.2374,60.7386,24.9221,1513.73,778.479
14.244,0.2374,60.727,24.9198,1513.3,778.636
14.247,0.2374,60.7155,24.919,1512.97,778.792
14.249,0.2375,60.704,24.9196,1512.72,778.949
14.252,0.2375,60.6925,24.927,1512.88,779.105
14.254,0.2376,60.681,24.9251,1512.48,779.261
14.257,0.2376,60.6695,24.94,1513.1,779.418
14.259,0.2377,60.6581,24.936,1512.57,779.575
14.262,0.2377,60.6466,24.957,1513.55,779.731
14.264,0.2377,60.6352,24.9515,1512.94,779.888
14.266,0.2378,60.6236,25.0326,1517.57,773.443
14.269,0.2378,60.6122,25.0131,1516.1,773.6
14.271,0.2379,60.6006,25.0214,1516.31,773.758
14.274,0.2379,60.5891,25.0367,1516.95,773.915
14.276,0.2379,60.5774,24.9749,1512.91,774.073
14.279,0.2380,60.5658,24.9972,1513.98,774.23
14.281,0.2380,60.5541,24.9892,1513.2,774.389
14.284,0.2381,60.5424,25.0168,1514.58,774.546
14.286,0.2381,60.5306,24.998,1513.14,774.705
14.289,0.2381,60.5189,25.031,1514.85,774.862
14.291,0.2382,60.507,25.0004,1512.7,775.021
14.293,0.2382,60.4952,25.0383,1514.7,775.179
14.296,0.2383,60.4833,24.9151,1506.95,775.338
14.298,0.2383,60.4714,24.8266,1501.3,775.496
14.301,0.2383,60.4595,24.8234,1500.81,775.654
14.303,0.2384,60.4476,24.8203,1500.32,775.812
14.306,0.2384,60.4356,24.7555,1496.11,775.97
14.308,0.2385,60.4237,24.7502,1495.5,776.128
14.311,0.2385,60.4118,24.8821,1503.17,776.286
14.313,0.2386,60.3998,24.8758,1502.49,776.445
14.315,0.2386,60.3879,24.8683,1501.75,776.603
14.318,0.2386,60.376,24.7991,1497.27,776.761
14.320,0.2387,60.3641,24.7908,1496.47,776.919
14.323,0.2387,60.3522,24.7828,1495.7,777.077
14.325,0.2388,60.3403,24.7792,1495.19,777.235
14.328,0.2388,60.3283,24.7687,1494.26,777.393
14.330,0.2388,60.3164,24.7702,1494.05,777.551
14.333,0.2389,60.3045,24.7587,1493.06,777.708
14.335,0.2389,60.2926,24.7646,1493.12,777.866
14.338,0.2390,60.2806,24.8252,1496.48,778.023
14.340,0.2390,60.2688,24.5735,1481.01,778.181
14.342,0.2390,60.2568,24.584,1481.35,778.338
14.345,0.2391,60.2449,24.5783,1480.72,778.495
14.347,0.2391,60.2329,24.5965,1481.52,778.652
14.350,0.2392,60.2211,24.5867,1480.64,778.809
14.352,0.2392,60.2091,24.6138,1481.98,778.966
14.355,0.2392,60.1972,24.598,1480.73,779.123
14.357,0.2393,60.1852,24.5926,1480.11,779.28
14.360,0.2393,60.1734,24.636,1482.43,779.437
14.362,0.2394,60.1614,24.6746,1484.46,779.593
14.365,0.2394,60.1496,24.6507,1482.73,779.75
14.367,0.2395,60.1377,24.7471,1488.23,779.906
14.369,0.2395,60.1259,24.7122,1485.84,778.352
14.372,0.2395,60.114,24.768,1488.91,778.509
14.374,0.2396,60.1023,24.7258,1486.08,778.664
14.377,0.2396,60.0905,24.7848,1489.33,778.821
14.379,0.2397,60.0788,24.7647,1487.84,778.977
14.382,0.2397,60.0671,24.7953,1489.38,779.134
14.384,0.2397,60.0554,24.7722,1487.7,779.29
14.387,0.2398,60.0437,24.8014,1489.17,779.448
14.389,0.2398,60.0321,24.8192,1489.95,779.603
14.392,0.2399,60.0206,24.845,1491.21,779.762
14.394,0.2399,60.0089,24.8218,1489.53,779.917
14.396,0.2399,59.9975,24.821,1489.2,775.395
14.399,0.2400,59.986,24.8167,1488.65,775.55
14.401,0.2400,59.9747,24.817,1488.39,775.706
14.404,0.2401,59.9633,24.8093,1487.65,775.862
14.406,0.2401,59.952,24.8114,1487.49,776.017
14.409,0.2401,59.9405,24.8524,1489.67,776.174
14.411,0.2402,59.9293,24.8579,1489.72,776.33
14.414,0.2402,59.9178,24.8438,1488.58,776.486
14.416,0.2403,59.9065,24.8532,1488.87,776.643
14.419,0.2403,59.8949,24.8359,1487.55,776.8
14.421,0.2403,59.8836,24.8498,1488.09,776.957
14.423,0.2404,59.8718,24.8295,1486.58,777.115
14.426,0.2404,59.8603,24.7708,1482.79,777.272
14.428,0.2405,59.8484,24.7453,1480.97,777.43
14.431,0.2405,59.8367,24.7715,1482.25,777.587
14.433,0.2406,59.8246,24.664,1475.52,777.745
14.436,0.2406,59.8127,24.7152,1478.28,777.903
14.438,0.2406,59.8003,24.6882,1476.36,778.062
14.441,0.2407,59.7882,24.7201,1477.97,778.22
14.443,0.2407,59.7756,24.6914,1475.95,778.379
14.446,0.2408,59.7632,24.7254,1477.67,778.537
14.448,0.2408,59.7503,24.6956,1475.57,778.696
14.450,0.2408,59.7377,24.7304,1477.34,778.854
14.453,0.2409,59.7246,24.7003,1475.22,779.013
14.455,0.2409,59.7117,24.7349,1476.96,779.172
14.458,0.2410,59.6984,24.7052,1474.86,779.331
14.460,0.2410,59.6853,24.7835,1479.21,779.49
14.463,0.2410,59.6719,24.7558,1477.22,779.648
14.465,0.2411,59.6586,24.7861,1478.71,779.807
14.468,0.2411,59.645,24.7607,1476.85,779.966
14.470,0.2412,59.6316,24.7885,1478.18,777.025
14.472,0.2412,59.6181,24.7073,1473,777.177
14.475,0.2412,59.6046,24.7362,1474.39,777.333
14.477,0.2413,59.591,24.7151,1472.8,777.485
14.480,0.2413,59.5776,24.741,1474.01,777.642
14.482,0.2414,59.5641,24.7682,1475.3,777.793
14.485,0.2414,59.5507,24.791,1476.32,777.949
14.487,0.2415,59.5373,24.7759,1475.09,778.1
14.490,0.2415,59.524,24.8,1476.2,778.257
14.492,0.2415,59.5108,24.7833,1474.88,778.407
14.495,0.2416,59.4976,24.7893,1474.9,778.564
14.497,0.2416,59.4846,24.7951,1474.92,778.72
14.499,0.2417,59.4717,24.801,1474.96,778.875
14.502,0.2417,59.4589,24.8068,1474.99,779.031
14.504,0.2417,59.4462,24.5092,1456.98,779.187
14.507,0.2418,59.4335,24.2212,1439.55,779.342
14.509,0.2418,59.421,24.2275,1439.63,779.497
14.512,0.2419,59.4086,24.2335,1439.68,779.652
14.514,0.2419,59.3963,24.2392,1439.72,779.807
14.517,0.2419,59.384,24.2445,1439.74,779.962
14.519,0.2420,59.3719,24.2495,1439.74,772.865
14.522,0.2420,59.3598,24.2112,1437.17,773.021
14.524,0.2421,59.3478,24.2146,1437.08,773.178
14.526,0.2421,59.3358,24.2179,1436.99,773.334
14.529,0.2421,59.3239,24.221,1436.88,773.49
14.531,0.2422,59.3121,24.2398,1437.72,773.647
14.534,0.2422,59.3003,24.3991,1446.87,773.803
14.536,0.2423,59.2886,24.4027,1446.8,773.96
14.539,0.2423,59.2769,24.4062,1446.72,774.116
14.541,0.2424,59.2652,24.4104,1446.69,774.273
14.544,0.2424,59.2535,24.4145,1446.64,774.429
14.546,0.2424,59.2419,24.3327,1441.52,774.586
14.549,0.2425,59.2303,24.3334,1441.27,774.743
14.551,0.2425,59.2187,24.3467,1441.78,774.899
14.553,0.2426,59.2071,24.344,1441.34,775.056
14.556,0.2426,59.1955,24.3616,1442.1,775.213
14.558,0.2426,59.1839,24.2332,1434.22,775.37
14.561,0.2427,59.1723,24.2571,1435.35,775.527
14.563,0.2427,59.1607,24.2443,1434.31,775.684
14.566,0.2428,59.1491,24.2718,1435.65,775.841
14.568,0.2428,59.1374,24.2556,1434.41,775.998
14.571,0.2428,59.1258,24.3694,1440.86,776.155
14.573,0.2429,59.1141,24.3552,1439.74,776.312
14.576,0.2429,59.1023,24.2959,1435.95,776.47
14.578,0.2430,59.0906,24.275,1434.43,776.627
14.580,0.2430,59.0788,24.3436,1438.19,776.784
14.583,0.2430,59.0669,24.3813,1440.13,776.941
14.585,0.2431,59.055,24.4154,1441.85,777.098
14.588,0.2431,59.0431,24.3859,1439.82,777.255
14.590,0.2432,59.0311,24.4209,1441.59,777.412
14.593,0.2432,59.0191,24.4225,1441.39,777.569
14.595,0.2433,59.007,24.4234,1441.15,777.725
14.598,0.2433,58.9948,24.431,1441.3,777.882
14.600,0.2433,58.9826,24.4315,1441.03,778.038
14.603,0.2434,60.932,24.4252,1488.27,778.195
14.605,0.2434,60.9194,24.4254,1487.98,778.351
14.607,0.2435,60.9066,24.3464,1482.86,778.507
14.610,0.2435,60.8939,24.3473,1482.6,778.663
14.612,0.2435,60.881,24.3487,1482.38,778.819
14.615,0.2436,60.8682,24.3505,1482.17,778.975
14.617,0.2436,60.8553,24.4256,1486.42,779.13
14.620,0.2437,60.8423,24.4338,1486.61,779.286
14.622,0.2437,60.8294,24.4343,1486.32,779.442
14.625,0.2437,60.8165,24.4488,1486.89,779.597
14.627,0.2438,60.8035,24.382,1482.51,779.753
14.630,0.2438,60.7907,24.402,1483.42,779.909
14.632,0.2439,60.7778,24.4,1482.98,775.794
14.634,0.2439,60.7652,24.462,1486.44,775.951
14.637,0.2439,60.7524,24.4591,1485.95,776.108
14.639,0.2440,60.74,24.4882,1487.41,776.264
14.642,0.2440,60.7275,24.4846,1486.89,776.421
14.644,0.2441,60.7153,24.5165,1488.53,776.577
14.647,0.2441,60.7031,24.5128,1488,776.734
14.649,0.2442,60.6912,24.5459,1489.72,776.89
14.652,0.2442,60.6794,24.5429,1489.25,777.047
14.654,0.2442,60.6678,24.5754,1490.93,777.203
14.657,0.2443,60.6563,24.574,1490.57,777.359
14.659,0.2443,60.6452,24.6612,1495.58,777.515
14.661,0.2444,60.6341,24.6607,1495.28,777.671
14.664,0.2444,60.6232,24.6866,1496.58,777.827
14.666,0.2444,60.6125,24.6751,1495.62,777.983
14.669,0.2445,60.602,24.7113,1497.56,778.139
14.671,0.2445,60.5916,24.6985,1496.52,778.295
14.674,0.2446,60.5814,24.7292,1498.13,778.45
14.676,0.2446,60.5712,24.7197,1497.3,778.606
14.679,0.2446,60.5612,25.022,1515.37,778.762
14.681,0.2447,60.5513,25.0042,1514.04,778.918
14.684,0.2447,60.5414,25.0352,1515.67,779.073
14.686,0.2448,60.5316,25.0326,1515.26,779.229
14.688,0.2448,60.5217,25.0433,1515.66,779.384
14.691,0.2448,60.5119,25.1117,1519.55,779.54
14.693,0.2449,60.5021,25.0613,1516.26,779.696
14.696,0.2449,60.4924,25.0683,1516.44,779.852
14.698,0.2450,60.4825,25.1208,1519.37,778.978
14.701,0.2450,60.4728,25.1261,1519.45,779.134
14.703,0.2451,60.4627,25.125,1519.12,779.291
14.706,0.2451,60.4529,25.1295,1519.15,779.447
14.708,0.2451,60.4425,25.127,1518.74,779.604
14.711,0.2452,60.4325,25.1299,1518.66,779.76
14.713,0.2452,60.4218,25.1265,1518.19,779.917
14.715,0.2453,60.4115,25.1271,1517.97,777.323
14.718,0.2453,60.4004,25.1234,1517.47,777.479
14.720,0.2453,60.3898,25.121,1517.05,777.635
14.723,0.2454,60.3784,25.0452,1512.19,777.79
14.725,0.2454,60.3673,25.0369,1511.41,777.947
14.728,0.2455,60.3556,25.0378,1511.17,778.102
14.730,0.2455,60.3441,24.9618,1506.3,778.258
14.733,0.2455,60.3321,24.9615,1505.98,778.413
14.735,0.2456,60.3203,24.9501,1505,778.569
14.737,0.2456,60.3081,24.9503,1504.7,778.725
14.740,0.2457,60.2959,24.9384,1503.68,778.881
14.742,0.2457,60.2835,24.9386,1503.39,779.036
14.745,0.2457,60.2711,24.928,1502.44,779.192
14.747,0.2458,60.2587,24.9279,1502.12,779.347
14.750,0.2458,60.2461,24.9204,1501.36,779.503
14.752,0.2459,60.2336,24.9193,1500.98,779.658
14.755,0.2459,60.221,24.9536,1502.73,779.814
14.757,0.2460,60.2086,24.9508,1502.26,779.969
14.760,0.2460,60.196,24.9545,1502.16,776.451
14.762,0.2460,60.1837,24.9491,1501.53,776.606
14.764,0.2461,60.1713,24.9607,1501.92,776.761
14.767,0.2461,60.1592,24.955,1501.27,776.916
14.769,0.2462,60.1469,24.8924,1497.2,777.07
14.772,0.2462,60.135,24.8861,1496.52,777.226
14.774,0.2462,60.1229,24.9136,1497.88,777.38
14.777,0.2463,60.1112,24.9033,1496.96,777.536
14.779,0.2463,60.0993,24.9383,1498.78,777.69
14.782,0.2464,60.0879,24.9224,1497.53,777.845
14.784,0.2464,60.0764,24.9643,1499.76,778
14.787,0.2464,60.0651,24.9414,1498.11,778.155
14.789,0.2465,60.0539,24.9538,1498.57,778.31
14.791,0.2465,60.0428,24.9649,1498.96,778.464
14.794,0.2466,60.0317,24.9752,1499.3,778.619
14.796,0.2466,60.0208,25.0258,1502.07,778.773
14.799,0.2466,60.0099,25.0321,1502.17,778.928
14.801,0.2467,59.9991,24.9329,1495.95,779.082
14.804,0.2467,59.9884,24.9364,1495.9,779.237
14.806,0.2468,59.9778,24.9394,1495.81,779.391
14.809,0.2468,59.9672,24.9397,1495.57,779.546
14.811,0.2469,59.9567,24.8816,1491.81,779.7
14.814,0.2469,59.9462,24.8786,1491.37,779.855
14.816,0.2469,59.9358,24.7768,1485.02,775.809
14.818,0.2470,59.9254,24.7708,1484.4,775.966
14.821,0.2470,59.9151,24.765,1483.8,776.124
14.823,0.2471,59.9048,24.757,1483.06,776.281
14.826,0.2471,59.8946,24.7491,1482.33,776.439
14.828,0.2471,59.8843,24.4311,1463.04,776.596
14.831,0.2472,59.8741,24.421,1462.19,776.754
14.833,0.2472,59.8639,24.4096,1461.25,776.911
14.836,0.2473,59.8537,24.398,1460.31,777.069
14.838,0.2473,59.8436,24.3856,1459.32,777.226
14.841,0.2473,59.8334,24.429,1461.67,777.384
14.843,0.2474,59.8233,24.4055,1460.02,777.541
14.845,0.2474,59.8131,24.4127,1460.2,777.699
14.848,0.2475,59.803,24.3777,1457.86,777.856
14.850,0.2475,59.7928,24.3952,1458.65,778.014
14.853,0.2475,59.7826,24.3481,1455.59,778.171
14.855,0.2476,59.7724,24.4861,1463.59,778.328
14.858,0.2476,59.7621,24.4279,1459.86,778.485
14.860,0.2477,59.7518,24.4682,1462.02,778.643
14.863,0.2477,59.7415,24.3207,1452.95,778.8
14.865,0.2478,59.7311,24.3723,1455.78,778.957
14.868,0.2478,59.7207,24.2914,1450.7,779.114
14.870,0.2478,59.7102,24.3552,1454.25,779.271
14.872,0.2479,59.6996,24.2625,1448.46,779.429
14.875,0.2479,59.689,24.3385,1452.74,779.585
14.877,0.2480,59.6782,24.1511,1441.29,779.743
14.880,0.2480,59.6675,24.2449,1446.63,779.9
14.882,0.2480,59.6566,24.1259,1439.27,776.527
14.885,0.2481,59.6457,24.231,1445.28,776.685
14.887,0.2481,59.6346,24.1206,1438.42,776.843
14.890,0.2482,59.6234,24.1121,1437.65,777.001
14.892,0.2482,59.6122,24.1763,1441.2,777.159
14.894,0.2482,59.6009,24.1708,1440.6,777.317
14.897,0.2483,59.5895,24.1669,1440.09,777.475
14.899,0.2483,59.5781,24.1646,1439.68,777.633
14.902,0.2484,59.5667,24.1643,1439.39,777.791
14.904,0.2484,59.5552,24.1657,1439.19,777.949
14.907,0.2484,59.5436,24.1694,1439.13,778.107
14.909,0.2485,59.532,24.1749,1439.18,778.265
14.912,0.2485,59.5204,24.4505,1455.3,778.423
14.914,0.2486,59.5087,24.5386,1460.26,778.581
14.917,0.2486,59.4971,24.5462,1460.43,778.739
14.919,0.2487,59.4854,24.5683,1461.46,778.897
14.921,0.2487,59.4738,24.5739,1461.5,779.054
14.924,0.2487,59.4621,24.6038,1462.99,779.212
14.926,0.2488,59.4505,24.5184,1457.63,779.37
14.929,0.2488,59.4389,24.6516,1465.26,779.528
14.931,0.2489,59.4273,24.6476,1464.74,779.686
14.934,0.2489,59.4157,24.6939,1467.2,779.844
14.936,0.2489,59.4042,24.6812,1466.17,775.634
14.939,0.2490,59.3926,24.7354,1469.1,775.792
14.941,0.2490,59.3812,24.7113,1467.39,775.951
14.944,0.2491,59.3696,24.7735,1470.79,776.109
14.946,0.2491,59.3583,24.7359,1468.28,776.268
14.948,0.2491,59.3468,24.8063,1472.18,776.426
14.951,0.2492,59.3356,24.8061,1471.88,776.585
14.953,0.2492,59.3242,24.823,1472.6,776.743
14.956,0.2493,59.313,24.6035,1459.31,776.902
14.958,0.2493,59.3018,24.6879,1464.03,777.06
14.961,0.2493,59.2907,24.5994,1458.52,777.219
14.963,0.2494,59.2795,24.6951,1463.91,777.377
14.966,0.2494,59.2685,24.589,1457.35,777.536
14.968,0.2495,59.2575,24.6965,1463.45,777.693
14.971,0.2495,59.2465,24.6064,1457.84,777.852
14.973,0.2495,59.2356,24.6833,1462.13,778.01
14.975,0.2496,59.2248,24.5915,1456.43,778.169
14.978,0.2496,59.214,24.6839,1461.63,778.326
14.980,0.2497,59.2032,24.5908,1455.85,778.485
14.983,0.2497,59.1925,24.6797,1460.85,778.643
14.985,0.2498,59.1818,24.5803,1454.71,778.801
14.988,0.2498,59.1711,24.5762,1454.2,778.96
14.990,0.2498,59.1605,24.57,1453.57,779.119
14.993,0.2499,59.1499,24.6142,1455.93,779.278
14.995,0.2499,59.1393,24.6132,1455.61,779.436
14.998,0.2500,59.1288,24.6091,1455.11,779.595
15.000,0.2500,59.1183,24.6083,1454.8,779.753
15.002,0.2500,59.1078,24.6053,1454.36,779.911
15.005,0.2501,59.0972,24.6034,1453.99,777.017
15.007,0.2501,59.0867,24.6018,1453.64,777.178
15.010,0.2502,59.0762,24.5972,1453.11,777.338
15.012,0.2502,59.0656,24.5979,1452.89,777.499
15.015,0.2502,59.055,24.5887,1452.09,777.659
15.017,0.2503,59.0445,24.5923,1452.04,777.819
15.020,0.2503,59.0338,24.4854,1445.47,777.979
15.022,0.2504,59.0231,24.4907,1445.51,778.139
15.025,0.2504,59.0123,24.4692,1443.98,778.299
15.027,0.2504,59.0016,24.4784,1444.27,778.458
15.029,0.2505,58.9907,24.4493,1442.28,778.618
15.032,0.2505,58.9799,24.4632,1442.83,778.778
15.034,0.2506,58.9689,24.4265,1440.4,778.937
15.037,0.2506,58.9579,24.4682,1442.59,779.096
15.039,0.2507,58.9468,24.42,1439.48,779.256
15.042,0.2507,58.9358,24.451,1441.04,779.415
15.044,0.2507,58.9246,24.3169,1432.87,779.575
15.047,0.2508,60.7134,24.403,1481.59,779.733
15.049,0.2508,60.6999,24.3447,1477.72,779.893
15.052,0.2509,60.6868,24.3887,1480.07,779.857
15.054,0.2509,60.6734,24.3273,1476.02,774.619
15.056,0.2509,60.6605,24.378,1478.78,774.778
15.059,0.2510,60.6473,24.3159,1474.69,774.938
15.061,0.2510,60.6348,24.3709,1477.72,775.098
15.064,0.2511,60.6217,24.6611,1495,775.259
15.066,0.2511,60.6096,24.6967,1496.86,775.418
15.069,0.2511,60.5966,24.665,1494.62,775.579
15.071,0.2512,60.585,24.7028,1496.62,775.739
15.074,0.2512,60.5722,24.7235,1497.56,775.901
15.076,0.2513,60.5609,24.7578,1499.36,776.061
15.078,0.2513,60.5484,24.7435,1498.18,776.222
15.081,0.2513,60.5374,24.7751,1499.82,776.383
15.083,0.2514,60.5252,24.7886,1500.34,776.544
15.086,0.2514,60.513,24.8043,1500.98,776.705
15.088,0.2515,60.501,24.8194,1501.6,776.866
15.091,0.2515,60.4892,24.651,1491.12,777.027
15.093,0.2516,60.4775,24.6654,1491.7,777.188
15.096,0.2516,60.4659,24.6812,1492.37,777.349
15.098,0.2516,60.4544,24.6966,1493.02,777.51
15.101,0.2517,60.4431,24.7129,1493.72,777.671
15.103,0.2517,60.4319,24.7285,1494.39,777.831
15.105,0.2518,60.4208,24.8002,1498.45,777.991
15.108,0.2518,60.4099,24.8606,1501.82,778.151
15.110,0.2518,60.399,24.8734,1502.33,778.311
15.113,0.2519,60.3882,24.8843,1502.72,778.471
15.115,0.2519,60.3775,24.8943,1503.06,778.63
15.118,0.2520,60.3669,24.8329,1499.09,778.789
15.120,0.2520,60.3564,24.9881,1508.19,778.948
15.123,0.2520,60.3459,24.9906,1508.08,779.107
15.125,0.2521,60.3354,24.9678,1506.44,779.265
15.128,0.2521,60.325,24.9651,1506.02,779.424
15.130,0.2522,60.3146,24.8573,1499.26,779.582
15.132,0.2522,60.3042,24.8498,1498.55,779.74
15.135,0.2522,60.2938,24.8479,1498.17,779.898
15.137,0.2523,60.2835,24.8289,1496.77,777.18
15.140,0.2523,60.2731,24.831,1496.64,777.34
15.142,0.2524,60.2628,24.8014,1494.6,777.5
15.145,0.2524,60.2523,24.7194,1489.4,777.66
15.147,0.2525,60.2419,24.6756,1486.51,777.819
15.150,0.2525,60.2312,24.6897,1487.09,777.98
15.152,0.2525,60.2207,24.6378,1483.71,778.14
15.155,0.2526,60.2097,24.6578,1484.64,778.3
15.157,0.2526,60.1991,24.6004,1480.92,778.46
15.159,0.2527,60.1878,24.6264,1482.21,778.62
15.162,0.2527,60.1768,24.4843,1473.39,778.78
15.164,0.2527,60.1652,24.5166,1475.04,778.941
15.167,0.2528,60.1539,24.4545,1471.04,779.1
15.169,0.2528,60.1419,24.4929,1473.05,779.261
15.172,0.2529,60.1302,24.4331,1469.17,779.42
15.174,0.2529,60.1179,24.4777,1471.55,779.581
15.177,0.2529,60.1058,24.3279,1462.25,779.74
15.179,0.2530,60.0931,24.3854,1465.39,779.901
15.182,0.2530,60.0806,24.3867,1465.17,777.295
15.184,0.2531,60.0679,24.3936,1465.27,777.455
15.186,0.2531,60.0551,24.4003,1465.37,777.614
15.189,0.2531,60.0422,24.4122,1465.76,777.773
15.191,0.2532,60.0291,24.424,1466.15,777.932
15.194,0.2532,60.0159,24.44,1466.79,778.091
15.196,0.2533,60.0027,24.4558,1467.42,778.25
15.199,0.2533,59.9894,24.5328,1471.71,778.408
15.201,0.2534,59.976,24.4803,1468.23,778.566
15.204,0.2534,59.9626,24.5537,1472.31,778.724
15.206,0.2534,59.9492,24.5771,1473.38,778.881
15.209,0.2535,59.9358,24.6083,1474.92,779.039
15.211,0.2535,59.9224,24.6242,1475.54,779.196
15.213,0.2536,59.9091,24.7443,1482.41,779.353
15.216,0.2536,59.8958,24.754,1482.66,779.511
15.218,0.2536,59.8827,24.7921,1484.62,779.667
15.221,0.2537,59.8695,24.8424,1487.3,779.824
15.223,0.2537,59.8567,24.9708,1494.67,779.98
15.226,0.2538,59.8438,24.9195,1491.28,777.728
15.228,0.2538,59.8313,24.8419,1486.32,777.891
15.231,0.2538,59.8187,24.8292,1485.25,778.053
15.233,0.2539,59.8066,24.8528,1486.36,778.217
15.235,0.2539,59.7944,24.8301,1484.7,778.377
15.238,0.2540,59.7827,24.853,1485.78,778.541
15.240,0.2540,59.7709,24.8211,1483.58,778.702
15.243,0.2540,59.7596,24.5364,1466.29,778.865
15.245,0.2541,59.7483,24.3869,1457.07,779.025
15.248,0.2541,59.7374,24.303,1451.8,779.188
15.250,0.2542,59.7264,24.2436,1447.98,779.347
15.253,0.2542,59.7158,24.2815,1449.99,779.51
15.255,0.2543,59.7052,24.219,1446,779.669
15.258,0.2543,59.6949,24.2624,1448.34,779.831
15.260,0.2543,59.6846,24.1994,1444.33,779.989
15.262,0.2544,59.6745,24.0734,1436.57,777.137
15.265,0.2544,59.6644,24.0097,1432.53,777.297
15.267,0.2545,59.6543,24.068,1435.76,777.45
15.270,0.2545,59.6443,24.0103,1432.08,777.61
15.272,0.2545,59.6342,24.0686,1435.31,777.764
15.275,0.2546,59.6242,24.019,1432.11,777.924
15.277,0.2546,59.614,24.119,1437.83,778.078
15.280,0.2547,59.6039,24.1257,1437.99,778.239
15.282,0.2547,59.5937,24.1839,1441.21,778.399
15.285,0.2547,59.5835,24.1944,1441.58,778.56
15.287,0.2548,59.573,24.1999,1441.66,778.721
15.289,0.2548,59.5625,24.2488,1444.32,778.882
15.292,0.2549,59.5516,24.2554,1444.45,779.043
15.294,0.2549,59.5408,24.2608,1444.51,779.205
15.297,0.2549,59.5295,24.2685,1444.69,779.366
15.299,0.2550,59.5183,24.269,1444.45,779.527
15.302,0.2550,59.5065,24.2791,1444.77,779.688
15.304,0.2551,59.4949,24.2728,1444.11,779.849
15.307,0.2551,59.4827,24.287,1444.66,776.462
15.309,0.2552,59.4707,24.2725,1443.5,776.621
15.311,0.2552,59.458,24.2923,1444.37,776.778
15.314,0.2552,59.4455,24.2798,1443.32,776.936
15.316,0.2553,59.4324,24.2174,1439.3,777.093
15.319,0.2553,59.4197,24.1983,1437.86,777.25
15.321,0.2554,59.4062,24.2166,1438.62,777.407
15.324,0.2554,59.3932,24.1922,1436.85,777.564
15.326,0.2554,59.3795,24.2152,1437.89,777.72
15.329,0.2555,59.3662,24.1885,1435.98,777.877
15.331,0.2555,59.3523,24.2143,1437.18,778.034
15.334,0.2556,59.3389,24.1889,1435.34,778.19
15.336,0.2556,59.325,24.2145,1436.52,778.346
15.338,0.2556,59.3114,24.194,1434.98,778.503
15.341,0.2557,59.2975,24.216,1435.95,778.659
15.343,0.2557,59.284,24.1312,1430.6,778.816
15.346,0.2558,59.2703,24.2004,1434.36,778.972
15.348,0.2558,59.2568,24.2543,1437.23,779.129
15.351,0.2558,59.2432,24.2609,1437.29,779.285
15.353,0.2559,59.2299,24.2722,1437.64,779.442
15.356,0.2559,59.2166,24.1905,1432.48,779.598
15.358,0.2560,59.2035,24.2004,1432.75,779.755
15.360,0.2560,59.1904,24.2024,1432.55,779.912
15.363,0.2560,59.1775,24.2178,1433.15,777.957
15.365,0.2561,59.1648,24.2136,1432.59,778.115
15.368,0.2561,59.1521,24.2334,1433.46,778.273
15.370,0.2562,59.1397,24.2626,1434.88,778.431
15.373,0.2562,59.1273,24.2874,1436.05,778.589
15.375,0.2563,59.1151,24.2717,1434.82,778.747
15.378,0.2563,59.103,24.2773,1434.86,778.906
15.380,0.2563,59.0909,24.2817,1434.83,779.065
15.383,0.2564,59.079,24.2862,1434.8,779.223
15.385,0.2564,59.0673,24.2894,1434.71,779.382
15.387,0.2565,59.0556,24.2926,1434.61,779.541
15.390,0.2565,59.044,24.2946,1434.45,779.701
15.392,0.2565,59.0325,24.2965,1434.28,779.86
15.395,0.2566,59.0212,24.2974,1434.06,778.818
15.397,0.2566,59.0098,24.2978,1433.81,778.975
15.400,0.2567,58.9986,24.2974,1433.51,779.133
15.402,0.2567,58.9875,24.2962,1433.17,779.29
15.405,0.2567,58.9764,24.1949,1426.92,779.448
15.407,0.2568,58.9653,24.1903,1426.39,779.606
15.410,0.2568,58.9543,24.0979,1420.67,779.765
15.412,0.2569,58.9434,24.0903,1419.96,779.923
15.414,0.2569,58.9324,24.0816,1419.18,773.659
15.417,0.2569,58.9215,24.0712,1418.31,773.817
15.419,0.2570,58.9106,23.9715,1412.18,773.975
15.422,0.2570,58.8998,24.0349,1415.65,774.133
15.424,0.2571,58.8889,24.0203,1414.53,774.291
15.427,0.2571,58.878,24.0045,1413.34,774.449
15.429,0.2572,58.8671,23.9977,1412.67,774.608
15.432,0.2572,58.8563,23.9694,1410.75,774.767
15.434,0.2572,58.8454,23.971,1410.58,774.926
15.436,0.2573,58.8345,23.9311,1407.97,775.085
15.439,0.2573,58.8234,23.942,1408.35,775.244
15.441,0.2574,58.8125,23.8916,1405.13,775.403
15.444,0.2574,58.8013,23.913,1406.11,775.563
15.446,0.2574,58.7902,23.8538,1402.37,775.722
15.449,0.2575,58.7787,23.8865,1404.02,775.882
15.451,0.2575,58.7674,23.7117,1393.48,776.042
15.454,0.2576,58.7556,23.758,1395.92,776.202
15.456,0.2576,58.7441,23.688,1391.53,776.362
15.459,0.2576,58.7319,23.7466,1394.68,776.522
15.461,0.2577,58.72,23.6932,1391.27,776.682
15.463,0.2577,58.7075,23.7465,1394.1,776.843
15.466,0.2578,58.6952,23.6161,1386.15,777.003
15.468,0.2578,58.6823,23.6929,1390.35,777.163
15.471,0.2578,58.6695,23.7055,1390.79,777.324
15.473,0.2579,58.6562,23.7832,1395.03,777.484
15.476,0.2579,58.6431,23.804,1395.94,777.644
15.478,0.2580,58.6298,24.1731,1417.26,777.804
15.481,0.2580,60.32,24.2457,1462.5,777.964
15.483,0.2581,60.3074,24.2795,1464.23,778.124
15.486,0.2581,60.2947,24.3112,1465.84,778.284
15.488,0.2581,60.2819,24.3469,1467.68,778.444
15.490,0.2582,60.2692,24.3793,1469.32,778.604
15.493,0.2582,60.2566,24.4142,1471.12,778.763
15.495,0.2583,60.244,24.3643,1467.8,778.923
15.498,0.2583,60.2316,24.3956,1469.39,779.082
15.500,0.2583,60.2193,24.422,1470.67,779.241
15.503,0.2584,60.2072,24.4406,1471.5,779.401
15.505,0.2584,60.1952,24.4662,1472.75,779.56
15.508,0.2585,60.1836,24.4711,1472.76,779.719
15.510,0.2585,60.1721,24.4929,1473.79,779.877
15.513,0.2585,60.161,24.4006,1467.97,777.724
15.515,0.2586,60.15,24.8154,1492.64,777.884
15.517,0.2586,60.1396,24.7858,1490.61,778.043
15.520,0.2587,60.1292,24.805,1491.51,778.203
15.522,0.2587,60.1194,24.7659,1488.91,778.362
15.525,0.2587,60.1095,24.6669,1482.72,778.522
15.527,0.2588,60.1004,24.6213,1479.75,778.68
15.530,0.2588,60.091,24.6164,1479.23,778.84
15.532,0.2589,60.0824,24.5713,1476.3,778.998
15.535,0.2589,60.0735,24.556,1475.16,779.158
15.537,0.2590,60.0653,24.5159,1472.56,779.316
15.540,0.2590,60.0567,24.4923,1470.93,779.476
15.542,0.2590,60.0487,24.4611,1468.85,779.634
15.544,0.2591,60.0403,24.3777,1463.64,779.794
15.547,0.2591,60.0324,24.3678,1462.86,779.952
15.549,0.2592,60.024,24.3327,1460.55,774.181
15.552,0.2592,60.0159,24.4634,1468.19,774.342
15.554,0.2592,60.0074,24.4261,1465.75,774.503
15.557,0.2593,59.9991,24.4429,1466.55,774.665
15.559,0.2593,59.9903,24.3459,1460.52,774.826
15.562,0.2594,59.9815,24.3638,1461.38,774.987
15.564,0.2594,59.9723,24.3604,1460.95,775.149
15.567,0.2594,59.9629,24.3801,1461.9,775.31
15.569,0.2595,59.9532,24.3961,1462.62,775.472
15.571,0.2595,59.9433,24.2113,1451.3,775.633
15.574,0.2596,59.9331,24.2377,1452.64,775.795
15.576,0.2596,59.9226,24.3104,1456.74,775.957
15.579,0.2596,59.912,24.3523,1459,776.118
15.581,0.2597,59.901,24.3644,1459.45,776.28
15.584,0.2597,59.8901,24.4165,1462.3,776.442
15.586,0.2598,59.8785,24.4591,1464.57,776.604
15.589,0.2598,59.8673,24.5155,1467.68,776.765
15.591,0.2599,59.8554,24.511,1467.12,776.927
15.593,0.2599,59.844,24.566,1470.13,777.089
15.596,0.2599,59.8319,24.6167,1472.87,777.25
15.598,0.2600,59.8204,24.6669,1475.59,777.412
15.601,0.2600,59.8083,24.6506,1474.31,777.573
15.603,0.2601,59.7968,24.6886,1476.3,777.735
15.606,0.2601,59.7848,24.6728,1475.06,777.896
15.608,0.2601,59.7734,24.6947,1476.09,778.058
15.611,0.2602,59.7617,24.6837,1475.14,778.219
15.613,0.2602,59.7505,24.7187,1476.96,778.38
15.616,0.2603,59.7392,24.624,1471.02,778.541
15.618,0.2603,59.7283,24.6146,1470.19,778.702
15.620,0.2603,59.7174,24.6177,1470.1,778.863
15.623,0.2604,59.7068,24.5031,1463,779.024
15.625,0.2604,59.6964,24.4644,1460.44,779.185
15.628,0.2605,59.6862,24.413,1457.12,779.346
15.630,0.2605,59.6763,24.3651,1454.02,779.506
15.633,0.2605,59.6663,24.312,1450.61,779.667
15.635,0.2606,59.657,24.3603,1453.26,779.828
15.638,0.2606,59.6472,24.3035,1449.64,779.989
15.640,0.2607,59.6383,24.3408,1451.65,778.399
15.643,0.2607,59.6287,24.2638,1446.82,778.561
15.645,0.2607,59.6201,24.3499,1451.74,778.724
15.647,0.2608,59.6107,24.2745,1447.02,778.887
15.650,0.2608,59.6022,24.359,1451.85,779.05
15.652,0.2609,59.5928,24.2917,1447.61,779.212
15.655,0.2609,59.5844,24.371,1452.13,779.376
15.657,0.2610,59.575,24.4302,1455.43,779.538
15.660,0.2610,59.5666,24.5004,1459.4,779.701
15.662,0.2610,59.557,24.4514,1456.25,779.864
15.665,0.2611,59.5485,24.4512,1456.03,776.363
15.667,0.2611,59.5388,24.3163,1447.76,776.524
15.669,0.2612,59.5301,24.2607,1444.24,776.683
15.672,0.2612,59.5203,24.2685,1444.47,776.844
15.674,0.2612,59.5103,24.2732,1444.51,777.005
15.677,0.2613,59.5003,24.2774,1444.51,777.166
15.679,0.2613,59.4902,24.2789,1444.36,777.326
15.682,0.2614,59.48,24.2794,1444.14,777.486
15.684,0.2614,59.4697,24.2778,1443.79,777.646
15.687,0.2614,59.4594,24.2748,1443.37,777.806
15.689,0.2615,59.4491,24.2705,1442.86,777.965
15.692,0.2615,59.4387,24.2645,1442.25,778.125
15.694,0.2616,59.4283,24.258,1441.61,778.284
15.696,0.2616,59.418,24.2495,1440.85,778.443
15.699,0.2616,59.4077,24.2413,1440.12,778.602
15.701,0.2617,59.3974,24.231,1439.26,778.761
15.704,0.2617,59.3873,24.2216,1438.45,778.919
15.706,0.2618,59.3772,24.2101,1437.53,779.078
15.709,0.2618,59.3673,24.1999,1436.68,779.236
15.711,0.2619,59.3574,24.188,1435.73,779.395
15.714,0.2619,59.3477,24.2309,1438.05,779.553
15.716,0.2619,59.3381,24.2645,1439.81,779.711
15.719,0.2620,59.3287,24.2536,1438.93,779.87
15.721,0.2620,59.3193,24.2428,1438.06,778.178
15.723,0.2621,59.3101,24.2401,1437.68,778.341
15.726,0.2621,59.3009,24.2236,1436.48,778.503
15.728,0.2621,59.2918,24.3034,1440.99,778.666
15.731,0.2622,59.2827,24.2844,1439.64,778.829
15.733,0.2622,59.2738,24.2981,1440.24,778.992
15.736,0.2623,59.2648,24.2757,1438.69,779.155
15.738,0.2623,59.2558,24.2991,1439.86,779.318
15.741,0.2623,59.2468,24.2737,1438.14,779.481
15.743,0.2624,59.2378,24.3073,1439.91,779.644
15.745,0.2624,59.2287,24.2793,1438.03,779.807
15.748,0.2625,59.2196,24.3236,1440.43,779.97
15.750,0.2625,59.2103,24.2933,1438.41,775.326
15.753,0.2625,59.2009,24.2573,1436.05,775.485
15.755,0.2626,59.1914,24.2188,1433.55,775.644
15.758,0.2626,59.1818,24.2905,1437.56,775.803
15.760,0.2627,59.172,24.2498,1434.91,775.963
15.763,0.2627,59.1621,24.3298,1439.41,776.122
15.765,0.2628,59.1522,24.287,1436.63,776.281
15.768,0.2628,59.142,24.0758,1423.89,776.44
15.770,0.2628,59.1318,24.1442,1427.69,776.6
15.772,0.2629,59.1215,24.164,1428.61,776.759
15.775,0.2629,59.1111,24.1019,1424.69,776.919
15.777,0.2630,59.1006,24.119,1425.45,777.078
15.780,0.2630,59.09,24.0574,1421.55,777.238
15.782,0.2630,59.0794,24.0716,1422.14,777.398
15.785,0.2631,59.0687,24.0828,1422.54,777.558
15.787,0.2631,59.0581,24.0936,1422.92,777.718
15.790,0.2632,59.0474,24.1007,1423.09,777.878
15.792,0.2632,59.0368,24.1073,1423.22,778.038
15.795,0.2632,59.0262,24.1101,1423.13,778.198
15.797,0.2633,59.0157,23.8718,1408.81,778.357
15.799,0.2633,59.0053,23.8644,1408.13,778.517
15.802,0.2634,58.995,23.8806,1408.84,778.677
15.804,0.2634,58.9847,23.8629,1407.55,778.837
15.807,0.2634,58.9746,23.8837,1408.53,778.997
15.809,0.2635,58.9645,24.1118,1421.74,779.157
15.812,0.2635,58.9547,24.1357,1422.92,779.317
15.814,0.2636,58.9449,24.1067,1420.97,779.476
15.817,0.2636,58.9352,24.1351,1422.41,779.636
15.819,0.2637,58.9256,24.1011,1420.17,779.795
15.822,0.2637,58.9162,24.1343,1421.9,779.955
15.824,0.2637,58.9067,24.0968,1419.47,775.512
15.827,0.2638,58.8974,24.1351,1421.49,775.668
15.829,0.2638,58.888,24.0955,1418.94,775.824
15.831,0.2639,58.8787,24.139,1421.27,775.98
15.834,0.2639,58.8694,24.0982,1418.65,776.136
15.836,0.2639,58.8601,24.2301,1426.18,776.292
15.839,0.2640,58.8507,24.1953,1423.91,776.448
15.841,0.2640,58.8413,24.2407,1426.35,776.604
15.844,0.2641,58.8318,24.2049,1424.02,776.76
15.846,0.2641,58.8222,24.2561,1426.8,776.916
15.849,0.2641,58.8126,24.2187,1424.36,777.072
15.851,0.2642,58.8027,24.2024,1423.17,777.229
15.854,0.2642,58.7929,24.1659,1420.78,777.384
15.856,0.2643,58.7828,24.2251,1424.02,777.541
15.859,0.2643,58.7727,24.0541,1413.73,777.696
15.861,0.2643,58.7624,24.0957,1415.92,777.852
15.863,0.2644,58.8243,24.1072,1418.09,778.008
15.866,0.2644,58.8117,24.1763,1421.85,778.164
15.868,0.2645,58.7992,24.1839,1421.99,778.32
15.871,0.2645,58.7866,24.1997,1422.62,778.476
15.873,0.2646,58.7741,24.1939,1421.98,778.632
15.876,0.2646,58.7617,24.2173,1423.05,778.788
15.878,0.2646,58.7494,24.1979,1421.61,778.944
15.881,0.2647,58.7373,24.2283,1423.1,779.099
15.883,0.2647,58.7253,24.1955,1420.89,779.255
15.886,0.2648,58.7135,24.2323,1422.76,779.41
15.888,0.2648,58.7019,24.187,1419.82,779.566
15.891,0.2648,58.6906,24.2298,1422.06,779.721
15.893,0.2649,58.6794,24.1733,1418.47,779.877
15.895,0.2649,58.6686,24.2217,1421.05,777.012
15.898,0.2650,58.6579,24.1558,1416.93,777.169
15.900,0.2650,58.6477,24.1047,1413.68,777.327
15.903,0.2650,58.6375,24.0243,1408.73,777.485
15.905,0.2651,58.6277,24.0894,1412.31,777.643
15.908,0.2651,58.6179,23.8952,1400.69,777.8
15.910,0.2652,58.6086,23.9641,1404.5,777.958
15.913,0.2652,58.5992,23.8745,1399.03,778.115
15.915,0.2653,58.5903,24.0283,1407.83,778.274
15.918,0.2653,58.5811,23.9413,1402.51,778.43
15.920,0.2653,58.5724,23.9568,1403.21,778.589
15.923,0.2654,58.5633,23.8629,1397.49,778.745
15.925,0.2654,58.5546,24.0033,1405.5,778.903
15.927,0.2655,58.5456,23.9219,1400.52,779.06
15.930,0.2655,58.5368,23.9977,1404.75,779.217
15.932,0.2655,58.5276,23.9191,1399.93,779.374
15.935,0.2656,58.5186,23.9965,1404.24,779.531
15.937,0.2656,58.5091,23.9315,1400.21,779.688
15.940,0.2657,58.4997,23.9568,1401.47,779.845
15.942,0.2657,58.4898,23.9541,1401.07,776.431
15.945,0.2657,58.48,23.9622,1401.31,776.589
15.947,0.2658,58.4697,23.903,1397.6,776.747
15.950,0.2658,58.4593,23.8948,1396.87,776.905
15.952,0.2659,58.4486,24.0247,1404.21,777.062
15.955,0.2659,58.4376,24.0043,1402.75,777.22
15.957,0.2659,58.4264,24.0663,1406.11,777.377
15.959,0.2660,58.4147,24.0255,1403.44,777.535
15.962,0.2660,58.4031,24.1106,1408.13,777.693
15.964,0.2661,60.6921,24.064,1460.5,777.851
15.967,0.2661,60.6793,24.0849,1461.46,778.008
15.969,0.2662,60.6667,24.1056,1462.4,778.165
15.972,0.2662,60.6543,24.1253,1463.31,778.323
15.974,0.2662,60.6421,24.1448,1464.19,778.48
15.977,0.2663,60.6302,24.0675,1459.22,778.638
15.979,0.2663,60.6185,24.0855,1460.03,778.795
15.982,0.2664,60.6071,24.1009,1460.68,778.952
15.984,0.2664,60.596,24.116,1461.33,779.11
15.987,0.2664,60.5851,24.1909,1465.61,779.267
15.989,0.2665,60.5745,24.2019,1466.02,779.424
15.991,0.2665,60.5642,24.2138,1466.49,779.582
15.994,0.2666,60.5542,24.22,1466.62,779.739
15.996,0.2666,60.5444,24.2229,1466.56,779.896
15.999,0.2666,60.5348,24.2256,1466.49,763.768
16.001,0.2667,60.5254,24.2251,1466.23,763.921
16.004,0.2667,60.5162,24.2244,1465.97,764.074
16.006,0.2668,60.5071,24.2208,1465.53,764.228
16.009,0.2668,60.4981,24.2171,1465.09,764.381
16.011,0.2669,60.4893,24.2109,1464.5,764.534
16.014,0.2669,60.4805,24.2046,1463.91,764.687
16.016,0.2669,60.4717,24.1964,1463.19,764.84
16.019,0.2670,60.463,24.2418,1465.73,764.994
16.021,0.2670,60.4544,24.4744,1479.58,765.147
16.024,0.2671,60.4456,24.4598,1478.49,765.3
16.026,0.2671,60.4372,24.4583,1478.19,765.453
16.028,0.2671,60.4281,24.3438,1471.05,765.606
16.031,0.2672,60.4196,24.3413,1470.69,765.759
16.033,0.2672,60.4102,24.3264,1469.57,765.912
16.036,0.2673,60.4015,24.3251,1469.27,766.065
16.038,0.2673,60.3917,24.3126,1468.28,766.217
16.041,0.2673,60.3826,24.1655,1459.18,766.37
16.043,0.2674,60.3723,24.1477,1457.85,766.523
16.046,0.2674,60.3628,24.1588,1458.3,766.676
16.048,0.2675,60.352,24.2119,1461.24,766.829
16.051,0.2675,60.3419,24.2209,1461.54,766.982
16.053,0.2676,60.3306,24.2175,1461.06,767.135
16.056,0.2676,60.3199,24.2244,1461.21,767.288
16.058,0.2676,60.3081,24.2279,1461.14,767.441
16.061,0.2677,60.2968,24.1589,1456.71,767.594
16.063,0.2677,60.2846,24.1688,1457,767.747
16.066,0.2678,60.2727,24.1758,1457.14,767.9
16.068,0.2678,60.2606,24.3543,1467.61,768.053
16.070,0.2678,60.2484,24.3597,1467.63,768.206
16.073,0.2679,60.236,24.2879,1463,768.359
16.075,0.2679,60.2235,24.3525,1466.59,768.512
16.078,0.2680,60.211,24.3624,1466.88,768.665
16.080,0.2680,60.1984,24.3715,1467.12,768.817
16.083,0.2680,60.1857,24.3817,1467.43,768.97
16.085,0.2681,60.173,24.4384,1470.53,769.123
16.088,0.2681,60.1603,24.448,1470.8,769.275
16.090,0.2682,60.1476,24.4561,1470.98,769.427
16.093,0.2682,60.1349,24.4628,1471.07,769.58
16.095,0.2683,60.1222,24.4715,1471.28,769.732
16.098,0.2683,60.1096,24.4756,1471.22,769.884
16.100,0.2683,60.0969,24.4839,1471.41,770.036
16.103,0.2684,60.0845,24.4861,1471.24,770.189
16.105,0.2684,60.0718,24.4927,1471.32,770.341
16.108,0.2685,60.0597,24.4943,1471.12,770.493
16.110,0.2685,60.0472,24.4972,1470.99,770.646
16.112,0.2685,60.0353,24.4998,1470.85,770.798
16.115,0.2686,60.0231,24.4133,1465.36,770.951
16.117,0.2686,60.0115,24.3997,1464.26,771.103
16.120,0.2687,59.9995,24.4147,1464.87,771.256
16.122,0.2687,59.9883,24.4008,1463.76,771.409
16.125,0.2687,59.9766,24.4105,1464.06,771.562
16.127,0.2688,59.9656,24.0858,1444.32,771.716
16.130,0.2688,59.9543,24.0665,1442.89,771.869
16.132,0.2689,59.9436,24.0747,1443.12,772.023
16.135,0.2689,59.9326,24.0493,1441.34,772.176
16.137,0.2690,59.922,24.0588,1441.65,772.33
16.140,0.2690,59.9113,24.0298,1439.65,772.484
16.142,0.2690,59.901,24.04,1440.02,772.638
16.145,0.2691,59.8905,23.9338,1433.41,772.792
16.147,0.2691,59.8803,24.0071,1437.55,772.946
16.150,0.2692,59.87,23.8877,1430.16,773.1
16.152,0.2692,59.8598,23.8931,1430.24,773.254
16.154,0.2692,59.8497,23.8764,1429,773.408
16.157,0.2693,59.8395,23.8782,1428.86,773.562
16.159,0.2693,59.8295,23.8704,1428.15,773.716
16.162,0.2694,59.8192,23.755,1421.01,773.87
16.164,0.2694,59.8091,23.7558,1420.81,774.024
16.167,0.2694,59.7991,23.7535,1420.44,774.178
16.169,0.2695,59.789,23.7606,1420.62,774.332
16.172,0.2695,59.7787,23.7558,1420.09,774.486
16.174,0.2696,59.7686,23.7674,1420.54,774.639
16.177,0.2696,59.7581,23.761,1419.91,774.793
16.179,0.2697,59.7478,23.7739,1420.44,774.947
16.182,0.2697,59.737,23.6466,1412.58,775.1
16.184,0.2697,59.7265,23.6662,1413.5,775.254
16.187,0.2698,59.7155,23.6556,1412.61,775.408
16.189,0.2698,59.7047,23.7211,1416.26,775.561
16.192,0.2699,59.6935,23.7233,1416.12,775.715
16.194,0.2699,59.6824,23.8186,1421.55,775.868
16.196,0.2699,59.6709,23.7867,1419.37,776.022
16.199,0.2700,59.6596,23.7718,1418.21,776.175
16.201,0.2700,59.6479,23.7861,1418.79,776.329
16.204,0.2701,59.6364,23.818,1420.42,776.481
16.206,0.2701,59.6245,23.8336,1421.07,776.635
16.209,0.2701,59.6127,23.8024,1418.93,776.788
16.211,0.2702,59.6007,23.8226,1419.85,776.942
16.214,0.2702,59.5888,23.7835,1417.23,777.096
16.216,0.2703,59.5767,23.8073,1418.36,777.25
16.219,0.2703,59.5646,23.7637,1415.47,777.404
16.221,0.2704,59.5526,23.7896,1416.73,777.557
16.224,0.2704,59.5404,23.7454,1413.81,777.711
16.226,0.2704,59.5285,23.7716,1415.09,777.865
16.229,0.2705,59.5163,23.767,1414.52,778.018
16.231,0.2705,59.5044,23.792,1415.73,778.172
16.233,0.2706,59.4923,23.7597,1413.52,778.325
16.236,0.2706,59.4806,23.7805,1414.48,778.478
16.238,0.2706,59.4685,23.6024,1403.6,778.632
16.241,0.2707,59.457,23.6811,1408.01,778.785
16.243,0.2707,59.4449,23.6082,1403.39,778.938
16.246,0.2708,59.4335,23.6862,1407.76,779.091
16.248,0.2708,59.4215,23.9282,1421.85,779.244
16.251,0.2708,59.4103,24.024,1427.27,779.396
16.253,0.2709,59.3984,23.95,1422.59,779.549
16.256,0.2709,59.3873,24.0412,1427.74,779.701
16.258,0.2710,59.3754,23.9762,1423.6,779.854
16.261,0.2710,59.3644,24.0606,1428.34,778.822
16.263,0.2711,59.3527,24.0748,1428.9,778.975
16.266,0.2711,59.3409,24.0889,1429.46,779.129
16.268,0.2711,59.3293,24.1513,1432.88,779.282
16.271,0.2712,59.3176,24.1634,1433.32,779.435
16.273,0.2712,59.306,24.0818,1428.19,779.589
16.275,0.2713,59.2944,24.0941,1428.64,779.742
16.278,0.2713,59.2829,24.1048,1429,779.896
16.280,0.2713,59.2714,24.147,1431.23,777.46
16.283,0.2714,59.2599,24.1579,1431.6,777.613
16.285,0.2714,59.2485,24.0992,1427.84,777.766
16.288,0.2715,59.2372,24.039,1424,777.919
16.290,0.2715,59.2259,24.0499,1424.38,778.072
16.293,0.2715,59.2147,24.0592,1424.66,778.225
16.295,0.2716,59.2036,24.0694,1425,778.378
16.298,0.2716,59.1926,24.0818,1425.47,778.532
16.300,0.2717,59.1817,24.0907,1425.73,778.685
16.303,0.2717,59.1708,24.0993,1425.98,778.838
16.305,0.2718,59.1601,24.1085,1426.26,778.992
16.308,0.2718,59.1495,24.172,1429.76,779.145
16.310,0.2718,59.139,24.1814,1430.06,779.299
16.313,0.2719,59.1286,24.1916,1430.41,779.452
16.315,0.2719,59.1183,24.2063,1431.03,779.606
16.317,0.2720,59.1081,24.2548,1433.66,779.759
16.320,0.2720,59.098,24.2753,1434.62,779.913
16.322,0.2720,59.088,24.2746,1434.34,778.013
16.325,0.2721,59.078,24.3017,1435.7,778.164
16.327,0.2721,59.0682,24.0539,1420.82,778.315
16.330,0.2722,59.0584,24.0085,1417.9,778.466
16.332,0.2722,59.0486,23.9947,1416.85,778.618
16.335,0.2722,59.0388,24.0386,1419.21,778.768
16.337,0.2723,59.0291,23.9229,1412.15,778.92
16.340,0.2723,59.0193,24.0466,1419.22,779.07
16.342,0.2724,59.0095,24.0133,1417.02,779.222
16.345,0.2724,58.9997,24.0709,1420.18,779.372
16.347,0.2725,58.9897,24.0226,1417.08,779.524
16.350,0.2725,58.9797,24.0893,1420.78,779.674
16.352,0.2725,58.9695,24.0255,1416.77,779.826
16.355,0.2726,58.9592,24.1015,1421.01,779.976
16.357,0.2726,58.9488,23.9532,1412.01,772.35
16.360,0.2727,58.9382,24.0387,1416.8,772.497
16.362,0.2727,58.9275,24.0368,1416.43,772.644
16.364,0.2727,58.9166,23.981,1412.88,772.79
16.367,0.2728,58.9056,23.9777,1412.42,772.936
16.369,0.2728,58.8944,23.9727,1411.85,773.084
16.372,0.2729,58.8828,23.9701,1411.43,773.232
16.374,0.2729,58.8711,23.9664,1410.93,773.381
16.377,0.2729,58.8592,23.9772,1411.28,773.529
16.379,0.2730,58.8472,23.9753,1410.88,773.678
16.382,0.2730,58.835,23.9774,1410.71,773.827
16.384,0.2731,58.8227,23.9798,1410.55,773.976
16.387,0.2731,58.8103,23.986,1410.62,774.125
16.389,0.2732,58.7979,23.9952,1410.87,774.273
16.392,0.2732,58.7855,24.0026,1411,774.422
16.394,0.2732,58.773,23.9237,1406.07,774.571
16.397,0.2733,58.7607,23.9294,1406.11,774.72
16.399,0.2733,58.7482,23.9547,1407.3,774.869
16.402,0.2734,58.7362,23.9562,1407.1,775.017
16.404,0.2734,58.7238,23.9895,1408.76,775.165
16.406,0.2734,58.7119,24.0755,1413.52,775.314
16.409,0.2735,58.6998,24.1105,1415.28,775.462
16.411,0.2735,58.6882,24.102,1414.5,775.611
16.414,0.2736,58.6762,24.144,1416.68,775.759
16.416,0.2736,58.665,24.121,1415.06,775.908
16.419,0.2736,58.6533,24.1704,1417.67,776.056
16.421,0.2737,58.6427,24.1299,1415.04,776.199
16.424,0.2737,58.6313,24.1876,1418.15,776.347
16.426,0.2738,58.6212,24.1286,1414.45,776.487
16.429,0.2738,58.6101,24.1952,1418.08,776.635
16.431,0.2738,58.6002,24.1181,1413.32,776.775
16.433,0.2739,58.5893,24.2516,1420.88,776.923
16.436,0.2739,58.5792,24.2559,1420.89,777.067
16.438,0.2740,58.5685,24.3286,1424.89,777.214
16.441,0.2740,58.5583,24.2398,1419.44,777.362
16.443,0.2741,58.5477,24.3214,1423.96,777.509
16.446,0.2741,58.5375,24.1624,1414.41,777.657
16.448,0.2741,58.527,24.2151,1417.24,777.804
16.451,0.2742,58.5168,24.1192,1411.38,777.952
16.453,0.2742,58.5063,24.236,1417.96,778.099
16.456,0.2743,58.4959,24.1893,1414.98,778.247
16.458,0.2743,58.4854,24.2364,1417.48,778.393
16.461,0.2743,58.4749,24.1311,1411.06,778.541
16.463,0.2744,58.4643,24.1403,1411.35,778.689
16.465,0.2744,58.4541,24.1462,1411.45,778.832
16.468,0.2745,58.4434,24.1579,1411.87,778.98
16.470,0.2745,58.4331,24.1622,1411.87,779.122
16.473,0.2745,58.4224,24.3364,1421.79,779.269
16.475,0.2746,58.4118,24.3529,1422.49,779.415
16.478,0.2746,58.4011,24.353,1422.24,779.562
16.480,0.2747,58.3902,24.3701,1422.97,779.71
16.483,0.2747,58.3797,24.363,1422.3,779.854
16.485,0.2748,58.369,24.379,1422.98,777.084
16.487,0.2748,58.3586,24.3633,1421.81,777.229
16.490,0.2748,58.3483,24.3767,1422.34,777.37
16.492,0.2749,58.3378,24.352,1420.64,777.517
16.494,0.2749,58.3278,24.3614,1420.94,777.655
16.497,0.2749,58.3172,24.327,1418.68,777.804
16.499,0.2750,60.4005,24.3171,1468.77,777.941
16.502,0.2750,60.3893,24.2763,1466.03,778.091
16.504,0.2751,60.3789,24.0365,1451.3,778.23
16.506,0.2751,60.3676,23.8981,1442.67,778.379
16.509,0.2751,60.3567,23.8638,1440.34,778.522
16.511,0.2752,60.3453,23.8377,1438.5,778.671
16.514,0.2752,60.3339,23.7945,1435.61,778.819
16.516,0.2753,60.3225,23.7723,1434,778.967
16.519,0.2753,60.3109,23.7228,1430.74,779.116
16.521,0.2754,60.2996,23.7059,1429.45,779.264
16.524,0.2754,60.2877,23.654,1426.04,779.412
16.526,0.2754,60.2765,23.6429,1425.11,779.56
16.529,0.2755,60.2646,23.5932,1421.84,779.708
16.531,0.2755,60.2534,23.6569,1425.41,779.856
16.534,0.2756,60.2415,23.6276,1423.36,777.143
16.536,0.2756,60.2304,23.6657,1425.4,777.293
16.539,0.2756,60.2184,23.6517,1424.27,777.441
16.541,0.2757,60.2075,23.6362,1423.08,777.591
16.544,0.2757,60.1954,23.6422,1423.15,777.74
16.546,0.2758,60.1846,23.6374,1422.61,777.89
16.548,0.2758,60.1726,23.6464,1422.86,778.04
16.551,0.2758,60.162,23.6362,1422,778.19
16.553,0.2759,60.1501,23.7221,1426.89,778.34
16.556,0.2759,60.1398,23.7029,1425.49,778.49
16.558,0.2760,60.1282,23.6931,1424.63,778.637
16.561,0.2760,60.1167,23.6653,1422.68,778.785
16.563,0.2761,60.1052,23.6924,1424.04,778.935
16.566,0.2761,60.0938,23.7237,1425.65,779.085
16.568,0.2761,60.0826,23.8206,1431.2,779.235
16.571,0.2762,60.0715,23.7954,1429.43,779.384
16.573,0.2762,60.0606,23.825,1430.94,779.534
16.576,0.2763,60.0498,23.8576,1432.64,779.684
16.578,0.2763,60.0391,23.739,1425.27,779.834
16.581,0.2763,60.0286,23.7679,1426.75,779.984
16.583,0.2764,60.0182,23.7901,1427.84,778.748
16.586,0.2764,60.008,23.8138,1429.02,778.898
16.588,0.2765,59.9979,23.8312,1429.82,779.048
16.591,0.2765,59.9878,23.8494,1430.67,779.197
16.593,0.2765,59.9779,23.8623,1431.21,779.347
16.595,0.2766,59.968,23.8752,1431.75,779.497
16.598,0.2766,59.9582,23.884,1432.04,779.647
16.600,0.2767,59.9484,23.8922,1432.3,779.798
16.603,0.2767,59.9386,23.8979,1432.41,779.948
16.605,0.2768,59.9288,23.7766,1424.9,774.251
16.608,0.2768,59.9191,23.7798,1424.86,774.398
16.610,0.2768,59.9093,23.7833,1424.84,774.546
16.613,0.2769,59.8995,23.7835,1424.62,774.693
16.615,0.2769,59.8896,23.8946,1431.04,774.84
16.618,0.2770,59.8798,23.8896,1430.51,774.987
16.620,0.2770,59.8698,23.8959,1430.64,775.135
16.623,0.2770,59.8599,23.8886,1429.97,775.282
16.625,0.2771,59.8496,23.8964,1430.19,775.429
16.628,0.2771,59.8398,23.8879,1429.44,775.573
16.630,0.2772,59.8292,23.8969,1429.73,775.721
16.633,0.2772,59.8192,24.0291,1437.4,775.863
16.635,0.2772,59.8084,24.0394,1437.76,776.011
16.637,0.2773,59.798,24.0287,1436.87,776.156
16.640,0.2773,59.7869,24.0407,1437.32,776.304
16.642,0.2774,59.7761,24.03,1436.42,776.451
16.645,0.2774,59.7647,24.0436,1436.96,776.599
16.647,0.2775,59.7538,23.9437,1430.73,776.744
16.650,0.2775,59.7422,23.961,1431.48,776.892
16.652,0.2775,59.7314,23.948,1430.45,777.032
16.655,0.2776,59.7196,23.9667,1431.28,777.18
16.657,0.2776,59.7089,23.9695,1431.19,777.316
16.659,0.2777,59.6982,23.9727,1431.13,777.451
16.661,0.2777,59.6876,23.8842,1425.59,777.586
16.664,0.2777,59.6768,23.888,1425.56,777.721
16.666,0.2778,59.666,23.8922,1425.55,777.857
16.668,0.2778,59.6551,23.897,1425.58,777.995
16.671,0.2778,59.644,23.9606,1429.11,778.135
16.673,0.2779,59.6328,23.9675,1429.25,778.278
16.675,0.2779,59.6214,23.9753,1429.44,778.423
16.678,0.2780,59.6099,23.9842,1429.7,778.571
16.680,0.2780,59.5986,23.9941,1430.02,778.718
16.683,0.2780,59.5873,24.0091,1430.64,778.866
16.685,0.2781,59.576,24.0175,1430.87,779.014
16.688,0.2781,59.565,24.0388,1431.87,779.162
16.690,0.2782,59.5546,24.1216,1436.55,779.299
16.693,0.2782,59.5441,24.1497,1437.97,779.444
16.695,0.2782,59.5344,24.1535,1437.96,779.575
16.697,0.2783,59.5242,24.1882,1439.78,779.72
16.699,0.2783,59.5148,24.2803,1445.04,779.851
16.702,0.2784,59.5047,24.3144,1446.82,779.997
16.704,0.2784,59.495,24.3215,1447,779.424
16.707,0.2784,59.4852,24.3576,1448.91,779.569
16.709,0.2785,59.4752,24.4023,1451.33,779.713
16.712,0.2785,59.4657,24.4414,1453.43,779.858
16.714,0.2786,59.4564,24.4367,1452.92,779.997
16.716,0.2786,59.4472,24.4731,1454.86,778.602
16.719,0.2786,59.4386,24.4626,1454.02,778.735
16.721,0.2787,59.4296,24.4964,1455.81,778.882
16.723,0.2787,59.4214,24.4794,1454.6,779.01
16.726,0.2788,59.4123,24.5099,1456.19,779.159
16.728,0.2788,59.4041,24.486,1454.57,779.288
16.730,0.2788,59.3948,24.4357,1451.35,779.439
16.732,0.2789,59.3862,24.3942,1448.68,779.576
16.735,0.2789,59.3766,24.4213,1450.06,779.727
16.737,0.2790,59.3672,24.7178,1467.43,779.874
16.740,0.2790,59.3573,24.7238,1467.54,773.961
16.742,0.2790,59.3475,24.3653,1446.02,774.108
16.745,0.2791,59.3372,24.2371,1438.16,774.256
16.747,0.2791,59.3272,23.9825,1422.81,774.401
16.750,0.2792,59.3164,24.0559,1426.91,774.55
16.752,0.2792,59.3064,24.03,1425.13,774.689
16.754,0.2792,59.2962,24.0078,1423.57,774.828
16.757,0.2793,59.2862,23.9708,1421.14,774.963
16.759,0.2793,59.2754,23.873,1415.08,775.103
16.761,0.2794,59.2651,23.8297,1412.27,775.235
16.764,0.2794,59.2533,23.8116,1410.92,775.382
16.766,0.2794,59.2422,23.763,1407.77,775.518
16.769,0.2795,59.2298,23.7926,1409.23,775.665
16.771,0.2795,59.2174,23.7443,1406.08,775.811
16.773,0.2796,59.205,23.7456,1405.86,775.953
16.776,0.2796,59.1925,23.6914,1402.35,776.096
16.778,0.2796,59.1803,23.7126,1403.32,776.231
16.780,0.2797,59.1687,23.6803,1401.13,776.361
16.782,0.2797,59.1563,23.6395,1398.42,776.494
16.785,0.2797,59.1452,23.5754,1394.37,776.618
16.787,0.2798,59.1324,23.6358,1397.64,776.754
16.789,0.2798,59.1212,23.5718,1393.59,776.876
16.791,0.2799,59.1079,23.6478,1397.77,777.017
16.793,0.2799,59.0966,23.5854,1393.81,777.142
16.796,0.2799,59.0827,23.6768,1398.89,777.289
16.798,0.2800,59.071,23.6177,1395.12,777.42
16.801,0.2800,59.0574,23.7739,1404.02,777.567
16.803,0.2800,59.0451,23.7257,1400.89,777.706
16.805,0.2801,59.0319,23.8324,1406.87,777.853
16.808,0.2801,59.0193,23.7988,1404.59,778
16.810,0.2802,59.0071,23.8976,1410.13,778.142
16.813,0.2802,58.9952,23.8778,1408.68,778.284
16.815,0.2802,58.9838,23.9341,1411.72,778.422
16.817,0.2803,58.9729,23.9269,1411.04,778.56
16.820,0.2803,58.962,23.9995,1415.06,778.698
16.822,0.2804,58.9516,23.9684,1412.97,778.834
16.824,0.2804,58.9409,24.0144,1415.43,778.978
16.827,0.2804,58.9312,24.0486,1417.22,779.11
16.829,0.2805,58.9208,24.0508,1417.09,779.258
16.831,0.2805,58.9113,24.1028,1419.93,779.394
16.834,0.2806,58.9013,24.0796,1418.32,779.541
16.836,0.2806,58.8916,24.143,1421.82,779.685
16.839,0.2806,58.8825,24.0911,1418.55,779.823
16.841,0.2807,58.8729,24.1656,1422.7,779.97
16.843,0.2807,58.8642,24.0865,1417.83,776.504
16.846,0.2808,58.8552,24.1128,1419.16,776.642
16.848,0.2808,58.8461,24.1041,1418.43,776.781
16.851,0.2808,58.8368,24.0955,1417.7,776.924
16.853,0.2809,58.8271,24.0792,1416.51,777.069
16.856,0.2809,58.8174,24.0643,1415.4,777.215
16.858,0.2810,58.8075,24.043,1413.91,777.36
16.861,0.2810,58.7973,24.0237,1412.53,777.505
16.863,0.2810,58.787,23.6885,1392.57,777.65
16.865,0.2811,58.7766,23.5962,1386.9,777.794
16.868,0.2811,58.7661,23.5735,1385.32,777.935
16.870,0.2812,58.7556,23.5824,1385.59,778.074
16.873,0.2812,58.7449,23.4484,1377.47,778.211
16.875,0.2812,58.7339,23.4333,1376.33,778.348
16.877,0.2813,58.7226,23.4197,1375.27,778.487
16.880,0.2813,58.7109,23.4077,1374.29,778.629
16.882,0.2814,58.6986,23.3999,1373.54,778.773
16.885,0.2814,58.6862,23.3931,1372.85,778.918
16.887,0.2815,58.6736,23.3923,1372.51,779.062
16.890,0.2815,58.6609,23.3914,1372.16,779.206
16.892,0.2815,58.6481,23.3383,1368.75,779.35
16.895,0.2816,58.6356,23.3549,1369.43,779.489
16.897,0.2816,58.6231,23.3729,1370.2,779.627
16.899,0.2817,58.61,23.4051,1371.77,779.771
16.902,0.2817,58.5976,23.5457,1379.72,779.909
16.904,0.2817,58.5845,23.6008,1382.64,778.654
16.907,0.2818,58.5719,23.6114,1382.97,778.797
16.909,0.2818,58.5589,23.6779,1386.55,778.942
16.912,0.2819,58.5465,23.6884,1386.87,779.087
16.914,0.2819,58.5343,23.7578,1390.64,779.227
16.917,0.2819,58.5224,23.7721,1391.2,779.372
16.919,0.2820,58.5108,23.8383,1394.8,779.509
16.921,0.2820,58.4998,23.8558,1395.56,779.649
16.924,0.2821,58.4885,23.9197,1399.03,779.788
16.926,0.2821,58.4781,23.9381,1399.85,779.926
16.929,0.2821,58.4671,24.0011,1403.27,776.525
16.931,0.2822,58.457,24.019,1404.08,776.663
16.934,0.2822,58.4467,24.0777,1407.26,776.807
16.936,0.2823,58.4368,24.0957,1408.08,776.949
16.938,0.2823,58.4275,24.1445,1410.7,777.086
16.941,0.2823,58.418,24.1642,1411.63,777.228
16.943,0.2824,58.4093,24.2758,1417.93,777.363
16.945,0.2824,58.401,24.3011,1419.21,777.496
16.948,0.2825,58.3926,24.3277,1420.56,777.629
16.950,0.2825,58.3843,24.4068,1424.97,777.762
16.952,0.2825,58.3758,24.4304,1426.14,777.898
16.955,0.2826,58.3671,24.449,1427.02,778.037
16.957,0.2826,58.3581,24.4687,1427.94,778.18
16.960,0.2827,58.3489,24.3785,1422.46,778.324
16.962,0.2827,58.3397,24.4577,1426.85,778.468
16.965,0.2827,58.3303,24.4994,1429.06,778.612
16.967,0.2828,60.3271,24.4919,1477.52,778.756
16.970,0.2828,60.3174,24.4945,1477.45,778.896
16.972,0.2829,60.3086,24.4866,1476.75,779.026
16.974,0.2829,60.3001,24.4898,1476.74,779.16
16.976,0.2829,60.2922,24.4729,1475.52,779.28
16.979,0.2830,60.2845,24.476,1475.52,779.413
16.981,0.2830,60.2771,24.451,1473.84,779.532
16.983,0.2830,60.2699,24.2904,1463.98,779.67
16.985,0.2831,60.2625,24.2432,1460.96,779.797
16.988,0.2831,60.2558,24.2539,1461.44,779.94
16.990,0.2832,60.248,24.1926,1457.56,775.524
16.993,0.2832,60.2421,24.2075,1458.31,775.67
16.995,0.2832,60.2362,24.1456,1454.44,775.788
16.997,0.2833,60.231,24.057,1448.98,775.929
16.999,0.2833,60.2258,23.8877,1438.66,776.039
17.001,0.2834,60.221,23.8904,1438.7,776.181
17.003,0.2834,60.216,23.8372,1435.38,776.293
17.006,0.2834,60.2112,23.8294,1434.8,776.439
17.008,0.2835,60.206,23.7824,1431.85,776.558
17.010,0.2835,60.2011,23.7672,1430.81,776.705
17.012,0.2835,60.1954,23.7227,1428,776.838
17.015,0.2836,60.1902,23.7063,1426.89,776.985
17.017,0.2836,60.1836,23.661,1424,777.131
17.020,0.2837,60.1779,23.6511,1423.27,777.274
17.022,0.2837,60.1711,23.6087,1420.56,777.416
17.025,0.2837,60.1648,23.6049,1420.18,777.552
17.027,0.2838,60.1578,23.6775,1424.39,777.685
17.029,0.2838,60.1506,23.7225,1426.92,777.82
17.031,0.2839,60.1434,23.7384,1427.71,777.945
17.034,0.2839,60.1349,23.6975,1425.05,778.085
17.036,0.2839,60.1269,23.6953,1424.73,778.21
17.038,0.2840,60.1181,23.696,1424.56,778.34
17.040,0.2840,60.1094,23.7016,1424.69,778.465
17.042,0.2840,60.0985,23.7065,1424.72,778.609
17.045,0.2841,60.0881,23.7217,1425.39,778.745
17.047,0.2841,60.0771,23.728,1425.51,778.877
17.049,0.2842,60.0651,23.7554,1426.87,779.023
17.051,0.2842,60.0541,23.7586,1426.8,779.143
17.054,0.2842,60.0425,23.7207,1424.25,779.278
17.056,0.2843,60.0306,23.7272,1424.36,779.4
17.058,0.2843,60.0193,23.764,1426.3,779.527
17.060,0.2843,60.0062,23.8442,1430.8,779.656
17.062,0.2844,59.9948,23.8801,1432.68,779.782
17.065,0.2844,59.9805,23.9037,1433.75,779.921
17.067,0.2844,59.9687,23.9314,1435.14,775.573
17.069,0.2845,59.9541,23.9638,1436.73,775.715
17.072,0.2845,59.942,23.9817,1437.51,775.852
17.074,0.2846,59.9286,24.0157,1439.23,775.987
17.076,0.2846,59.9163,24.2209,1451.22,776.131
17.079,0.2846,59.9043,24.2562,1453.05,776.259
17.081,0.2847,59.8924,24.2558,1452.73,776.405
17.083,0.2847,59.8819,24.2846,1454.21,776.527
17.086,0.2848,59.8711,24.277,1453.49,776.668
17.088,0.2848,59.8617,24.3003,1454.65,776.79
17.090,0.2848,59.8519,24.1763,1446.99,776.927
17.092,0.2849,59.8431,24.198,1448.08,777.057
17.094,0.2849,59.8343,24.163,1445.77,777.192
17.097,0.2849,59.8258,24.1796,1446.56,777.336
17.099,0.2850,59.8179,24.132,1443.52,777.473
17.101,0.2850,59.8113,24.1865,1446.62,777.602
17.104,0.2851,59.8038,24.1281,1442.95,777.745
17.106,0.2851,59.7984,24.1027,1441.3,777.867
17.108,0.2851,59.7913,24.0718,1439.28,778.014
17.110,0.2852,59.7866,24.1112,1441.52,778.138
17.113,0.2852,59.7797,23.9219,1430.05,778.285
17.115,0.2853,59.7753,23.9627,1432.38,778.416
17.117,0.2853,59.7685,23.8506,1425.52,778.563
17.120,0.2853,59.764,23.7624,1420.14,778.704
17.122,0.2854,59.7571,23.6307,1412.1,778.851
17.125,0.2854,59.7524,23.6887,1415.46,778.996
17.127,0.2855,59.745,23.659,1413.51,779.142
17.130,0.2855,59.7373,23.633,1411.77,779.289
17.132,0.2855,59.7293,23.4975,1403.49,779.435
17.135,0.2856,59.7211,23.4776,1402.11,779.58
17.137,0.2856,59.7128,23.488,1402.53,779.72
17.139,0.2857,59.7042,23.4811,1401.92,779.856
17.142,0.2857,59.6955,23.4786,1401.57,779.99
17.144,0.2857,59.6865,23.4455,1399.38,778.708
17.146,0.2858,59.677,23.4489,1399.36,778.842
17.148,0.2858,59.667,23.4525,1399.34,778.98
17.151,0.2858,59.6563,23.4621,1399.66,779.122
17.153,0.2859,59.6449,23.4712,1399.94,779.267
17.156,0.2859,59.633,23.551,1404.41,779.415
17.158,0.2860,59.6209,23.5651,1404.97,779.561
17.161,0.2860,59.6092,23.5843,1405.84,779.698
17.163,0.2860,59.5974,23.6011,1406.56,779.834
17.165,0.2861,59.5857,23.6223,1407.55,779.967
17.167,0.2861,59.5736,23.6415,1408.41,775.3
17.170,0.2862,59.5613,23.6644,1409.48,775.436
17.172,0.2862,59.5484,23.6859,1410.46,775.577
17.174,0.2862,59.5351,23.8184,1418.03,775.723
17.177,0.2863,59.5218,23.848,1419.47,775.869
17.179,0.2863,59.5094,23.874,1420.73,776.008
17.182,0.2864,59.4962,23.9061,1422.32,776.155
17.184,0.2864,59.486,23.9168,1422.71,776.272
17.186,0.2864,59.473,23.9586,1424.89,776.419
17.188,0.2865,59.464,23.9508,1424.21,776.528
17.191,0.2865,59.4516,24.1437,1435.38,776.67
17.192,0.2865,59.4429,24.1149,1433.46,776.78
17.195,0.2866,59.431,24.18,1437.04,776.92
17.197,0.2866,59.4218,24.1385,1434.35,777.041
17.199,0.2867,59.4106,24.2061,1438.1,777.178
17.201,0.2867,59.4009,24.1866,1436.7,777.31
17.204,0.2867,59.3893,24.2504,1440.21,777.457
17.206,0.2868,59.3816,24.1956,1436.77,777.567
17.208,0.2868,59.3703,24.2586,1440.24,777.714
17.210,0.2868,59.3629,24.2017,1436.69,777.823
17.213,0.2869,59.3521,24.5066,1454.52,777.967
17.215,0.2869,59.3444,24.4412,1450.45,778.084
17.217,0.2869,59.334,24.5045,1453.95,778.225
17.219,0.2870,59.3256,24.5062,1453.84,778.356
17.221,0.2870,59.3171,24.5069,1453.68,778.489
17.224,0.2871,59.3086,24.5083,1453.55,778.624
17.226,0.2871,59.2998,24.5087,1453.36,778.763
17.228,0.2871,59.2909,24.5105,1453.25,778.905
17.231,0.2872,59.2818,24.5111,1453.06,779.049
17.233,0.2872,59.2725,24.5137,1452.99,779.195
17.236,0.2873,59.2632,24.5147,1452.82,779.341
17.238,0.2873,59.2539,24.518,1452.79,779.486
17.241,0.2873,59.2446,24.5193,1452.63,779.628
17.243,0.2874,59.2354,24.5227,1452.61,779.767
17.246,0.2874,59.2262,24.5226,1452.38,779.904
17.247,0.2875,59.2184,24.252,1436.16,774.93
17.250,0.2875,59.209,24.2519,1435.93,775.068
17.252,0.2875,59.2017,24.2556,1435.97,775.173
17.254,0.2876,59.1921,24.2559,1435.76,775.313
17.256,0.2876,59.1847,24.2562,1435.59,775.415
17.258,0.2876,59.1748,24.1731,1430.44,775.556
17.260,0.2877,59.1667,24.0502,1422.97,775.664
17.262,0.2877,59.1566,24.0562,1423.08,775.804
17.264,0.2877,59.1465,24.0423,1422.01,775.936
17.267,0.2878,59.1364,24.0518,1422.34,776.072
17.269,0.2878,59.1275,24.0286,1420.75,776.185
17.271,0.2879,59.1172,24.1218,1426.01,776.323
17.273,0.2879,59.1088,24.1299,1426.29,776.426
17.275,0.2879,59.098,24.2128,1430.93,776.568
17.277,0.2879,59.0895,24.1927,1429.53,776.671
17.279,0.2880,59.078,24.2012,1429.76,776.818
17.281,0.2880,59.069,24.1717,1427.8,776.926
17.284,0.2881,59.0574,24.1852,1428.31,777.073
17.286,0.2881,59.0473,24.1435,1425.61,777.191
17.288,0.2881,59.0355,24.1645,1426.56,777.338
17.290,0.2882,59.0249,24.0566,1419.94,777.46
17.293,0.2882,59.0132,24.0799,1421.03,777.603
17.295,0.2882,59.0026,24.0183,1417.14,777.724
17.297,0.2883,58.991,24.0505,1418.76,777.865
17.299,0.2883,58.9808,23.9964,1415.33,777.982
17.301,0.2884,58.9689,24.0357,1417.36,778.123
17.303,0.2884,58.9588,23.9585,1412.56,778.238
17.306,0.2884,58.9465,23.9979,1414.6,778.383
17.308,0.2885,58.9361,23.9799,1413.28,778.502
17.310,0.2885,58.9254,23.8542,1405.62,778.623
17.312,0.2885,58.9153,23.8513,1405.21,778.739
17.314,0.2886,58.9031,23.829,1403.6,778.878
17.316,0.2886,58.8924,23.8037,1401.86,779
17.318,0.2886,58.8808,23.7837,1400.41,779.132
17.321,0.2887,58.8694,23.7543,1398.4,779.264
17.323,0.2887,58.8592,23.7461,1397.67,779.38
17.325,0.2887,58.8485,23.7099,1395.29,779.505
17.327,0.2888,58.8384,23.7108,1395.11,779.62
17.329,0.2888,58.8284,23.3869,1375.81,779.739
17.331,0.2888,58.8176,23.3966,1376.13,779.861
17.333,0.2889,58.8077,23.3512,1373.23,779.981
17.335,0.2889,58.7958,23.2481,1366.89,779.163
17.337,0.2890,58.7854,23.193,1363.41,779.288
17.340,0.2890,58.7732,23.2127,1364.28,779.429
17.342,0.2890,58.7627,23.1601,1360.95,779.556
17.344,0.2891,58.7516,23.1831,1362.04,779.685
17.346,0.2891,58.7413,23.1306,1358.72,779.813
17.348,0.2891,58.7312,22.858,1342.48,779.931
17.351,0.2892,58.7213,22.8245,1340.28,775.909
17.352,0.2892,58.7117,22.8347,1340.66,776.021
17.355,0.2892,58.7021,22.8027,1338.56,776.139
17.357,0.2893,58.6923,22.8118,1338.88,776.252
17.359,0.2893,58.6826,22.7811,1336.85,776.372
17.361,0.2893,58.6718,22.7872,1336.97,776.496
17.363,0.2894,58.6614,22.6681,1329.74,776.623
17.365,0.2894,58.6505,22.6654,1329.34,776.748
17.367,0.2895,58.6397,22.6481,1328.08,776.877
17.369,0.2895,58.6296,22.6464,1327.75,776.991
17.372,0.2895,58.6189,22.5259,1320.45,777.116
17.374,0.2896,58.6088,22.6072,1324.98,777.227
17.376,0.2896,58.5977,22.7909,1335.5,777.354
17.378,0.2896,58.5868,22.7749,1334.31,777.471
17.380,0.2897,58.6856,22.8282,1339.69,777.596
17.382,0.2897,58.6739,22.7904,1337.2,777.725
17.384,0.2897,58.6626,22.693,1331.23,777.847
17.387,0.2898,58.65,22.6825,1330.33,777.981
17.389,0.2898,58.6383,22.6954,1330.82,778.104
17.391,0.2898,58.6264,22.6915,1330.32,778.226
17.393,0.2899,58.6141,22.7889,1335.75,778.355
17.395,0.2899,58.6018,22.7998,1336.11,778.482
17.398,0.2900,58.5894,22.8107,1336.47,778.608
17.400,0.2900,58.577,22.8252,1337.03,778.733
17.402,0.2900,58.5643,22.8398,1337.6,778.86
17.404,0.2901,58.5513,22.9569,1344.16,778.991
17.407,0.2901,58.5377,22.9773,1345.04,779.126
17.409,0.2901,58.5238,23.0003,1346.07,779.265
17.411,0.2902,58.5108,23.0191,1346.87,779.395
17.413,0.2902,58.4985,23.0399,1347.8,779.519
17.415,0.2903,58.4866,23.0571,1348.53,779.639
17.418,0.2903,58.4748,23.0767,1349.41,779.759
17.420,0.2903,58.4631,23.0927,1350.07,779.88
17.422,0.2904,58.451,23.1113,1350.88,776.941
17.424,0.2904,58.4385,23.1259,1351.44,777.073
17.427,0.2904,58.4257,23.142,1352.09,777.212
17.429,0.2905,58.4133,23.1515,1352.35,777.349
17.431,0.2905,58.4013,23.1624,1352.71,777.483
17.434,0.2906,58.3899,23.1665,1352.69,777.612
17.436,0.2906,58.3793,23.1725,1352.79,777.736
17.438,0.2906,58.3691,23.1727,1352.57,777.854
17.440,0.2907,58.3606,23.1675,1352.07,777.956
17.442,0.2907,58.3512,23.1734,1352.2,778.069
17.444,0.2907,58.3416,23.1569,1351.01,778.185
17.445,0.2908,58.3343,23.1707,1351.65,778.275
17.448,0.2908,58.3242,23.1439,1349.85,778.399
17.449,0.2908,58.3175,23.1666,1351.02,778.483
17.451,0.2909,58.3071,23.1316,1348.73,778.612
17.453,0.2909,58.3002,23.0837,1345.79,778.698
17.455,0.2909,58.2898,23.0436,1343.21,778.827
17.457,0.2909,58.2823,23.0826,1345.31,778.922
17.459,0.2910,58.2721,23.0451,1342.88,779.047
17.461,0.2910,58.2634,23.0899,1345.3,779.158
17.463,0.2911,58.2529,22.9619,1337.6,779.286
17.465,0.2911,58.2446,22.9824,1338.6,779.39
17.467,0.2911,58.234,22.9871,1338.63,779.518
17.469,0.2912,58.2263,23.0171,1340.2,779.614
17.471,0.2912,58.2151,23.0515,1341.95,779.747
17.473,0.2912,58.2075,23.0735,1343.05,779.843
17.476,0.2913,58.1964,23.1409,1346.72,779.973
17.477,0.2913,58.1878,23.1856,1349.12,777.566
17.479,0.2913,58.1795,23.2398,1352.08,777.67
17.481,0.2914,58.1712,23.2956,1355.13,777.773
17.483,0.2914,58.1629,23.3622,1358.81,777.877
17.485,0.2914,58.1543,23.4349,1362.84,777.985
17.487,0.2915,58.1454,23.5211,1367.65,778.099
17.489,0.2915,58.136,23.7166,1378.79,778.22
17.491,0.2915,58.1268,23.8155,1384.32,778.34
17.493,0.2916,58.1183,23.9131,1389.79,778.453
17.495,0.2916,58.1103,24.161,1404,778.561
17.497,0.2916,58.1026,24.2647,1409.84,778.668
17.499,0.2917,58.0951,24.2699,1409.96,778.775
17.501,0.2917,58.0879,24.3833,1416.37,778.878
17.503,0.2917,58.0805,24.4688,1421.16,778.987
17.505,0.2917,58.0737,24.5842,1427.7,779.09
17.507,0.2918,58.0665,24.6676,1432.36,779.203
17.508,0.2918,58.0598,24.7783,1438.63,779.309
17.511,0.2918,58.0528,24.8607,1443.23,779.428
17.513,0.2919,58.0463,24.9598,1448.82,779.539
17.515,0.2919,58.0398,25.0276,1452.6,779.656
17.517,0.2919,58.0334,25.2994,1468.21,779.773
17.518,0.2920,58.0282,25.2979,1467.99,779.874
17.520,0.2920,58.0228,25.4103,1474.37,779.977
17.522,0.2920,58.0181,25.3763,1472.28,776.706
17.524,0.2921,58.0132,25.4838,1478.4,776.803
17.525,0.2921,58.0087,25.357,1470.93,776.898
17.527,0.2921,58.004,25.4563,1476.57,776.994
17.529,0.2921,57.9994,25.5481,1481.78,777.095
17.531,0.2922,57.9945,25.6344,1486.66,777.197
17.533,0.2922,60.0812,25.4673,1530.11,777.312
17.535,0.2922,60.079,25.5078,1532.48,777.427
17.537,0.2923,60.077,25.39,1525.36,777.548
17.539,0.2923,60.0746,25.3984,1525.8,777.673
17.541,0.2924,60.0726,25.2836,1518.85,777.787
17.543,0.2924,60.0701,25.2621,1517.5,777.906
17.545,0.2924,60.0676,25.1526,1510.86,778.021
17.547,0.2925,60.0646,25.1043,1507.88,778.142
17.550,0.2925,60.0613,24.9997,1501.51,778.265
17.552,0.2925,60.0575,24.9312,1497.3,778.392
17.554,0.2926,60.0536,24.855,1492.63,778.508
17.556,0.2926,60.0492,24.7761,1487.78,778.629
17.558,0.2926,60.0445,24.8577,1492.57,778.747
17.560,0.2927,60.0395,24.766,1486.94,778.86
17.562,0.2927,60.0339,24.6936,1482.45,778.98
17.564,0.2927,60.0282,24.6046,1476.97,779.092
17.566,0.2928,60.0219,24.6391,1478.89,779.209
17.569,0.2928,60.0151,24.5489,1473.3,779.327
17.571,0.2928,60.0082,24.6237,1477.62,779.442
17.573,0.2929,60.0006,24.5375,1472.26,779.562
17.575,0.2929,59.9932,24.6507,1478.88,779.675
17.577,0.2929,59.9851,24.5752,1474.14,779.797
17.579,0.2930,59.9772,24.7238,1482.86,779.914
17.581,0.2930,59.9688,24.6649,1479.12,776.151
17.583,0.2931,59.9605,24.8442,1489.67,776.273
17.585,0.2931,59.9521,24.8061,1487.18,776.398
17.588,0.2931,59.9437,24.9568,1496,776.525
17.590,0.2932,59.9355,24.953,1495.57,776.651
17.592,0.2932,59.9281,25.1571,1507.61,776.771
17.594,0.2932,59.9208,25.1804,1508.83,776.896
17.596,0.2933,59.9142,25.3696,1520,777.014
17.598,0.2933,59.9081,25.4095,1522.24,777.132
17.600,0.2933,59.9024,25.5884,1532.8,777.251
17.602,0.2934,59.8974,25.6362,1535.54,777.367
17.605,0.2934,59.8925,25.7881,1544.51,777.493
17.607,0.2934,59.8885,25.8464,1547.9,777.615
17.609,0.2935,59.885,25.981,1555.87,777.743
17.611,0.2935,59.8822,26.0389,1559.27,777.873
17.614,0.2936,59.8803,26.1022,1563.01,777.998
17.616,0.2936,59.8789,26.2005,1568.86,778.121
17.618,0.2936,59.8783,26.2398,1571.2,778.245
17.620,0.2937,59.8781,26.357,1578.21,778.361
17.621,0.2937,59.8783,26.3446,1577.47,778.41
17.622,0.2937,59.8784,26.3836,1579.81,778.479
17.624,0.2937,59.8795,26.3496,1577.8,778.588
17.625,0.2938,59.8799,26.3503,1577.85,778.648
17.627,0.2938,59.8814,26.2787,1573.61,778.754
17.628,0.2938,59.8821,26.3191,1576.05,778.812
17.630,0.2938,59.8839,26.0611,1560.64,778.918
17.631,0.2938,59.885,26.144,1565.63,778.976
17.633,0.2939,59.8871,25.9886,1556.38,779.085
17.634,0.2939,59.8885,25.9453,1553.83,779.15
17.635,0.2939,59.89,25.8965,1550.94,779.215
17.636,0.2939,59.8916,25.8462,1547.97,779.282
17.637,0.2940,59.8932,25.7882,1544.54,779.352
17.639,0.2940,59.895,25.7306,1541.13,779.424
17.640,0.2940,59.8967,25.6692,1537.5,779.496
17.641,0.2940,59.8984,25.6103,1534.02,779.567
17.643,0.2940,59.9001,25.5491,1530.39,779.637
17.644,0.2941,59.9016,25.4915,1526.98,779.705
17.645,0.2941,59.9032,25.4317,1523.44,779.771
17.646,0.2941,59.9046,25.2607,1513.23,779.837
17.647,0.2941,59.906,25.2028,1509.8,779.902
17.648,0.2941,59.9073,25.1699,1507.86,779.967
17.650,0.2942,59.9086,25.1114,1504.39,777.848
17.651,0.2942,59.9098,25.0533,1500.94,777.914
17.652,0.2942,59.9107,25.0248,1499.25,777.963
17.652,0.2942,59.9113,24.9923,1497.32,777.999
17.653,0.2942,59.9121,24.938,1494.09,778.05
17.654,0.2942,59.913,24.9713,1496.1,778.114
17.656,0.2943,59.9138,24.9205,1493.08,778.18
17.657,0.2943,59.9145,24.8779,1490.54,778.243
17.658,0.2943,59.9151,24.8332,1487.89,778.308
17.659,0.2943,59.9156,24.7913,1485.38,778.371
17.660,0.2943,59.916,24.753,1483.1,778.437
17.662,0.2944,59.9162,24.7117,1480.63,778.501
17.663,0.2944,59.9164,24.6801,1478.74,778.568
17.664,0.2944,59.9164,24.6395,1476.31,778.633
17.665,0.2944,59.9163,24.6156,1474.88,778.701
17.667,0.2944,59.9161,24.5756,1472.48,778.768
17.668,0.2945,59.9157,24.5607,1471.57,778.836
17.669,0.2945,59.9154,24.5215,1469.22,778.903
17.670,0.2945,59.9147,24.516,1468.87,778.971
17.671,0.2945,59.9142,24.4779,1466.57,779.037
17.673,0.2945,59.9133,24.4814,1466.76,779.104
17.674,0.2946,59.9126,24.4444,1464.53,779.169
17.675,0.2946,59.9116,24.4557,1465.18,779.236
17.676,0.2946,59.9107,24.42,1463.02,779.3
17.678,0.2946,59.9095,24.4376,1464.05,779.368
17.679,0.2946,59.9085,24.4038,1462,779.433
17.680,0.2947,59.907,24.4256,1463.27,779.507
17.681,0.2947,59.9061,24.4222,1463.04,779.561
17.681,0.2947,59.9059,24.4246,1463.18,779.573
17.682,0.2947,59.9053,24.4188,1462.82,779.604
17.683,0.2947,59.9039,24.4209,1462.91,779.681
17.684,0.2947,59.9035,24.3441,1458.3,779.703
17.685,0.2947,59.9026,24.3465,1458.42,779.745
17.685,0.2948,59.902,24.3454,1458.34,779.776
17.686,0.2948,59.9012,24.3474,1458.44,779.819
17.687,0.2948,59.9005,24.3479,1458.45,779.85
17.687,0.2948,59.8996,24.3491,1458.5,779.895
17.688,0.2948,59.8992,24.3499,1458.54,779.912
17.688,0.2948,59.8989,24.3472,1458.37,779.928
17.689,0.2948,59.8982,24.3536,1458.74,779.958
17.689,0.2948,59.8978,24.3447,1458.19,779.98
17.689,0.2948,59.8974,24.3562,1458.87,780
17.690,0.2948,59.8966,24.341,1457.94,779.401
17.690,0.2948,59.8963,24.3586,1458.99,779.418
17.691,0.2948,59.8955,24.3372,1457.69,779.456
17.691,0.2949,59.8952,24.3611,1459.11,779.472
17.692,0.2949,59.8944,24.3335,1457.44,779.51
17.692,0.2949,59.8941,24.3638,1459.24,779.526
17.693,0.2949,59.8933,24.3297,1457.18,779.564
17.693,0.2949,59.893,24.3666,1459.39,779.58
17.694,0.2949,59.8922,24.3258,1456.92,779.618
17.694,0.2949,59.8919,24.3698,1459.55,779.636
17.695,0.2949,59.8911,24.3217,1456.65,779.673
17.695,0.2949,59.8907,24.3735,1459.74,779.695
17.696,0.2949,59.89,24.3178,1456.39,779.727
17.696,0.2949,59.8894,24.3783,1460,779.755
17.697,0.2949,59.8888,24.3139,1456.13,779.783
17.697,0.2950,59.8881,24.384,1460.31,779.818
17.698,0.2950,59.8875,24.3093,1455.82,779.848
17.698,0.2950,59.8868,24.3896,1460.61,779.883
17.699,0.2950,59.8862,24.3036,1455.45,779.914
17.699,0.2950,59.8858,24.3924,1460.76,779.934
17.700,0.2950,59.8856,24.3015,1455.31,779.945
17.700,0.2950,59.8855,24.3927,1460.77,779.947
17.700,0.2950,59.8854,24.3005,1455.25,779.952
17.700,0.2950,59.8849,24.3961,1460.96,779.977
17.700,0.2950,59.8848,24.2994,1455.17,779.982
17.701,0.2950,59.8843,24.3011,1455.25,778.133
17.701,0.2950,59.884,24.3449,1457.87,778.148
17.701,0.2950,59.8835,24.3494,1458.13,778.168
17.702,0.2950,59.8831,24.343,1457.74,778.191
17.702,0.2950,59.8828,24.3506,1458.18,778.206
17.702,0.2950,59.8822,24.3405,1457.56,778.232
17.703,0.2950,59.8819,24.3513,1458.2,778.245
17.703,0.2951,59.8814,24.3375,1457.36,778.272
17.703,0.2951,59.8812,24.3952,1460.81,778.284
17.704,0.2951,59.8806,24.3774,1459.73,778.31
17.704,0.2951,59.8804,24.3953,1460.8,778.322
17.704,0.2951,59.8798,24.3738,1459.5,778.348
17.705,0.2951,59.8796,24.395,1460.76,778.36
17.705,0.2951,59.879,24.3699,1459.24,778.387
17.705,0.2951,59.8787,24.3944,1460.7,778.401
17.706,0.2951,59.8783,24.366,1458.99,778.424
