t_s,t_min,depth_m,u_mean_ms,q_unit_m2s,front_x_m
0.003,0.0000,0,0,0,-1.99922
0.005,0.0001,0,0,0,-1.99707
0.008,0.0001,0,0,0,-1.99361
0.011,0.0002,0,0,0,-1.98897
0.013,0.0002,0,0,0,-1.9832
0.016,0.0003,0,0,0,-1.97656
0.019,0.0003,0,0,0,-1.96908
0.021,0.0004,0,0,0,-1.9609
0.024,0.0004,0,0,0,-1.95209
0.026,0.0004,0,0,0,-1.94299
0.029,0.0005,0,0,0,-1.93359
0.032,0.0005,0,0,0,-1.92419
0.034,0.0006,0,0,0,-1.91478
0.037,0.0006,0,0,0,-1.90561
0.040,0.0007,0,0,0,-1.89666
0.042,0.0007,0,0,0,-1.8881
0.045,0.0007,0,0,0,-1.8799
0.048,0.0008,0,0,0,-1.87216
0.050,0.0008,0,0,0,-1.86485
0.053,0.0009,0,0,0,-1.85797
0.055,0.0009,0,0,0,-1.8515
0.058,0.0010,0,0,0,-1.84533
0.061,0.0010,0,0,0,-1.83946
0.063,0.0011,0,0,0,-1.83372
0.066,0.0011,0,0,0,-1.82813
0.069,0.0011,0,0,0,-1.82248
0.071,0.0012,0,0,0,-1.8168
0.074,0.0012,0,0,0,-1.81088
0.077,0.0013,0,0,0,-1.80476
0.079,0.0013,0,0,0,-1.79827
0.082,0.0014,0,0,0,-1.79146
0.085,0.0014,0,0,0,-1.7842
0.087,0.0015,0,0,0,-1.77657
0.090,0.0015,0,0,0,-1.76845
0.092,0.0015,0,0,0,-1.75995
0.095,0.0016,0,0,0,-1.75102
0.098,0.0016,0,0,0,-1.74173
0.100,0.0017,0,0,0,-1.73214
0.103,0.0017,0,0,0,-1.72219
0.106,0.0018,0,0,0,-1.71218
0.108,0.0018,0,0,0,-1.70179
0.111,0.0018,0,0,0,-1.6913
0.114,0.0019,0,0,0,-1.68085
0.116,0.0019,0,0,0,-1.67041
0.119,0.0020,0,0,0,-1.66008
0.121,0.0020,0,0,0,-1.64984
0.124,0.0021,0,0,0,-1.63975
0.127,0.0021,0,0,0,-1.62978
0.129,0.0022,0,0,0,-1.61996
0.132,0.0022,0,0,0,-1.61025
0.135,0.0022,0,0,0,-1.60063
0.137,0.0023,0,0,0,-1.59109
0.140,0.0023,0,0,0,-1.58154
0.142,0.0024,0,0,0,-1.57198
0.145,0.0024,0,0,0,-1.56231
0.148,0.0025,0,0,0,-1.55254
0.150,0.0025,0,0,0,-1.54255
0.153,0.0026,0,0,0,-1.53237
0.156,0.0026,0,0,0,-1.52187
0.158,0.0026,0,0,0,-1.5111
0.161,0.0027,0,0,0,-1.49996
0.164,0.0027,0,0,0,-1.4886
0.166,0.0028,0,0,0,-1.47705
0.169,0.0028,0,0,0,-1.46495
0.171,0.0029,0,0,0,-1.45297
0.174,0.0029,0,0,0,-1.44018
0.177,0.0029,0,0,0,-1.4278
0.179,0.0030,0,0,0,-1.41444
0.182,0.0030,0,0,0,-1.40171
0.185,0.0031,0,0,0,-1.38796
0.187,0.0031,0,0,0,-1.37499
0.190,0.0032,0,0,0,-1.36106
0.192,0.0032,0,0,0,-1.34793
0.195,0.0033,0,0,0,-1.33402
0.198,0.0033,0,0,0,-1.32083
0.200,0.0033,0,0,0,-1.30711
0.203,0.0034,0,0,0,-1.29392
0.206,0.0034,0,0,0,-1.28047
0.208,0.0035,0,0,0,-1.26733
0.211,0.0035,0,0,0,-1.25416
0.213,0.0036,0,0,0,-1.24104
0.216,0.0036,0,0,0,-1.22804
0.219,0.0036,0,0,0,-1.21513
0.221,0.0037,0,0,0,-1.20226
0.224,0.0037,0,0,0,-1.18943
0.227,0.0038,0,0,0,-1.17656
0.229,0.0038,0,0,0,-1.16365
0.232,0.0039,0,0,0,-1.15061
0.234,0.0039,0,0,0,-1.13745
0.237,0.0040,0,0,0,-1.12407
0.240,0.0040,0,0,0,-1.11048
0.242,0.0040,0,0,0,-1.09664
0.245,0.0041,0,0,0,-1.0826
0.248,0.0041,0,0,0,-1.06817
0.250,0.0042,0,0,0,-1.05359
0.253,0.0042,0,0,0,-1.03853
0.255,0.0043,0,0,0,-1.0234
0.258,0.0043,0,0,0,-1.00775
0.261,0.0043,0,0,0,-0.992105
0.263,0.0044,0,0,0,-0.975961
0.266,0.0044,0,0,0,-0.959898
0.268,0.0045,0,0,0,-0.943401
0.271,0.0045,0,0,0,-0.927057
0.274,0.0046,0,0,0,-0.910373
0.276,0.0046,0,0,0,-0.893897
0.279,0.0046,0,0,0,-0.877189
0.282,0.0047,0,0,0,-0.860722
0.284,0.0047,0,0,0,-0.844125
0.287,0.0048,0,0,0,-0.827773
0.289,0.0048,0,0,0,-0.811375
0.292,0.0049,0,0,0,-0.795195
0.295,0.0049,0,0,0,-0.779021
0.297,0.0050,0,0,0,-0.763012
0.300,0.0050,0,0,0,-0.747023
0.302,0.0050,0,0,0,-0.731123
0.305,0.0051,0,0,0,-0.715225
0.308,0.0051,0,0,0,-0.699324
0.310,0.0052,0,0,0,-0.683381
0.313,0.0052,0,0,0,-0.667336
0.316,0.0053,0,0,0,-0.651196
0.318,0.0053,0,0,0,-0.634855
0.321,0.0053,0,0,0,-0.618338
0.323,0.0054,0,0,0,-0.601584
0.326,0.0054,0,0,0,-0.584601
0.329,0.0055,0,0,0,-0.567333
0.331,0.0055,0,0,0,-0.549805
0.334,0.0056,0,0,0,-0.531972
0.336,0.0056,0,0,0,-0.51388
0.339,0.0057,0,0,0,-0.495487
0.342,0.0057,0,0,0,-0.476867
0.344,0.0057,0,0,0,-0.45797
0.347,0.0058,0,0,0,-0.438902
0.350,0.0058,0,0,0,-0.419597
0.352,0.0059,0,0,0,-0.400189
0.355,0.0059,0,0,0,-0.380592
0.357,0.0060,0,0,0,-0.360961
0.360,0.0060,0,0,0,-0.341184
0.363,0.0060,0,0,0,-0.32143
0.365,0.0061,0,0,0,-0.301564
0.368,0.0061,0,0,0,-0.281752
0.370,0.0062,0,0,0,-0.261849
0.373,0.0062,0,0,0,-0.241998
0.376,0.0063,0,0,0,-0.22206
0.378,0.0063,0,0,0,-0.202137
0.381,0.0063,0,0,0,-0.182117
0.383,0.0064,0,0,0,-0.162042
0.386,0.0064,0,0,0,-0.14185
0.389,0.0065,0,0,0,-0.121508
0.391,0.0065,0,0,0,-0.101023
0.394,0.0066,0,0,0,-0.0802854
0.396,0.0066,0,0,0,-0.0593786
0.399,0.0067,0,0,0,-0.0381411
0.402,0.0067,0,0,0,-0.0167484
0.404,0.0067,0,0,0,0.00510793
0.407,0.0068,0,0,0,0.0270813
0.409,0.0068,0,0,0,0.0496126
0.412,0.0069,0,0,0,0.0722226
0.415,0.0069,0,0,0,0.0954327
0.417,0.0070,0,0,0,0.118688
0.420,0.0070,0,0,0,0.142528
0.422,0.0070,0,0,0,0.166388
0.425,0.0071,0,0,0,0.190516
0.428,0.0071,0,0,0,0.214873
0.430,0.0072,0,0,0,0.239443
0.433,0.0072,0,0,0,0.264191
0.435,0.0073,0,0,0,0.28909
0.438,0.0073,0,0,0,0.314117
0.441,0.0073,0,0,0,0.339235
0.443,0.0074,0,0,0,0.364437
0.446,0.0074,0,0,0,0.389682
0.448,0.0075,0,0,0,0.414977
0.451,0.0075,0,0,0,0.440284
0.454,0.0076,0,0,0,0.465624
0.456,0.0076,0,0,0,0.490966
0.459,0.0076,0,0,0,0.516341
0.461,0.0077,0,0,0,0.541728
0.464,0.0077,0,0,0,0.567163
0.466,0.0078,0,0,0,0.592638
0.469,0.0078,0,0,0,0.618186
0.472,0.0079,0,0,0,0.643814
0.474,0.0079,0,0,0,0.669545
0.477,0.0079,0,0,0,0.695388
0.479,0.0080,0,0,0,0.721336
0.482,0.0080,0,0,0,0.747478
0.485,0.0081,0,0,0,0.773713
0.487,0.0081,0,0,0,0.800208
0.490,0.0082,0,0,0,0.826786
0.492,0.0082,0,0,0,0.85366
0.495,0.0082,0,0,0,0.880612
0.498,0.0083,0,0,0,0.90786
0.500,0.0083,0,0,0,0.935188
0.503,0.0084,0,0,0,0.962774
0.505,0.0084,0,0,0,0.990452
0.508,0.0085,0,0,0,1.01832
0.510,0.0085,0,0,0,1.0463
0.513,0.0086,0,0,0,1.07438
0.516,0.0086,0,0,0,1.1026
0.518,0.0086,0,0,0,1.13083
0.521,0.0087,0,0,0,1.15923
0.523,0.0087,0,0,0,1.18756
0.526,0.0088,0,0,0,1.2161
0.529,0.0088,0,0,0,1.24466
0.531,0.0089,0,0,0,1.27325
0.534,0.0089,0,0,0,1.30188
0.536,0.0089,0,0,0,1.33052
0.539,0.0090,0,0,0,1.35922
0.541,0.0090,0,0,0,1.38797
0.544,0.0091,0,0,0,1.4168
0.547,0.0091,0,0,0,1.4457
0.549,0.0092,0,0,0,1.47473
0.552,0.0092,0,0,0,1.50389
0.554,0.0092,0,0,0,1.5332
0.557,0.0093,0,0,0,1.56268
0.560,0.0093,0,0,0,1.59236
0.562,0.0094,0,0,0,1.62225
0.565,0.0094,0,0,0,1.65237
0.567,0.0095,0,0,0,1.68272
0.570,0.0095,0,0,0,1.71332
0.572,0.0095,0,0,0,1.74417
0.575,0.0096,0,0,0,1.77525
0.578,0.0096,0,0,0,1.80659
0.580,0.0097,0,0,0,1.83813
0.583,0.0097,0,0,0,1.86992
0.585,0.0098,0,0,0,1.90187
0.588,0.0098,0,0,0,1.93406
0.590,0.0098,0,0,0,1.96634
0.593,0.0099,0,0,0,1.99885
0.596,0.0099,0,0,0,2.03139
0.598,0.0100,0,0,0,2.06414
0.601,0.0100,0,0,0,2.09687
0.603,0.0101,0,0,0,2.12979
0.606,0.0101,0,0,0,2.16266
0.608,0.0101,0,0,0,2.19572
0.611,0.0102,0,0,0,2.22869
0.614,0.0102,0,0,0,2.26187
0.616,0.0103,0,0,0,2.29494
0.619,0.0103,0,0,0,2.32825
0.621,0.0104,0,0,0,2.36143
0.624,0.0104,0,0,0,2.39492
0.626,0.0104,0,0,0,2.42826
0.629,0.0105,0,0,0,2.46196
0.632,0.0105,0,0,0,2.49581
0.634,0.0106,0,0,0,2.52986
0.637,0.0106,0,0,0,2.56397
0.639,0.0107,0,0,0,2.59842
0.642,0.0107,0,0,0,2.63284
0.644,0.0107,0,0,0,2.66772
0.647,0.0108,0,0,0,2.70247
0.650,0.0108,0,0,0,2.7378
0.652,0.0109,0,0,0,2.77288
0.655,0.0109,0,0,0,2.80865
0.657,0.0110,0,0,0,2.84402
0.660,0.0110,0,0,0,2.8802
0.662,0.0110,0,0,0,2.91581
0.665,0.0111,0,0,0,2.9523
0.667,0.0111,0,0,0,2.9881
0.670,0.0112,0,0,0,3.02482
0.673,0.0112,0,0,0,3.06073
0.675,0.0113,0,0,0,3.09757
0.678,0.0113,0,0,0,3.13354
0.680,0.0113,0,0,0,3.17042
0.683,0.0114,0,0,0,3.20642
0.685,0.0114,0,0,0,3.24325
0.688,0.0115,0,0,0,3.27927
0.691,0.0115,0,0,0,3.316
0.693,0.0116,0,0,0,3.35206
0.696,0.0116,0,0,0,3.38869
0.698,0.0116,0,0,0,3.42483
0.701,0.0117,0,0,0,3.46137
0.703,0.0117,0,0,0,3.49767
0.706,0.0118,0,0,0,3.53417
0.708,0.0118,0,0,0,3.57072
0.711,0.0118,0,0,0,3.60736
0.714,0.0119,0,0,0,3.6442
0.716,0.0119,0,0,0,3.68108
0.719,0.0120,0,0,0,3.71826
0.721,0.0120,0,0,0,3.75549
0.724,0.0121,0,0,0,3.79304
0.726,0.0121,0,0,0,3.83071
0.729,0.0121,0,0,0,3.86861
0.731,0.0122,0,0,0,3.90679
0.734,0.0122,0,0,0,3.94513
0.737,0.0123,0,0,0,3.98364
0.739,0.0123,0,0,0,4.02231
0.742,0.0124,0,0,0,4.06114
0.744,0.0124,0,0,0,4.10012
0.747,0.0124,0,0,0,4.13925
0.749,0.0125,0,0,0,4.17851
0.752,0.0125,0,0,0,4.21788
0.754,0.0126,0,0,0,4.25734
0.757,0.0126,0,0,0,4.29689
0.760,0.0127,0,0,0,4.33649
0.762,0.0127,0,0,0,4.37613
0.765,0.0127,0,0,0,4.4158
0.767,0.0128,0,0,0,4.45548
0.770,0.0128,0,0,0,4.49515
0.772,0.0129,0,0,0,4.53481
0.775,0.0129,0,0,0,4.57444
0.777,0.0130,0,0,0,4.61405
0.780,0.0130,0,0,0,4.65363
0.782,0.0130,0,0,0,4.69318
0.785,0.0131,0,0,0,4.73275
0.788,0.0131,0,0,0,4.77239
0.790,0.0132,0,0,0,4.81195
0.793,0.0132,0,0,0,4.85174
0.795,0.0133,0,0,0,4.89135
0.798,0.0133,0,0,0,4.93136
0.800,0.0133,0,0,0,4.97109
0.803,0.0134,0,0,0,5.01143
0.805,0.0134,0,0,0,5.05133
0.808,0.0135,0,0,0,5.09208
0.810,0.0135,0,0,0,5.13222
0.813,0.0135,0,0,0,5.17343
0.816,0.0136,0,0,0,5.21386
0.818,0.0136,0,0,0,5.25555
0.821,0.0137,0,0,0,5.29628
0.823,0.0137,0,0,0,5.33843
0.826,0.0138,0,0,0,5.37947
0.828,0.0138,0,0,0,5.42201
0.831,0.0138,0,0,0,5.46333
0.833,0.0139,0,0,0,5.50616
0.836,0.0139,0,0,0,5.54912
0.838,0.0140,0,0,0,5.59216
0.841,0.0140,0,0,0,5.63526
0.843,0.0141,0,0,0,5.67839
0.846,0.0141,0,0,0,5.72154
0.849,0.0141,0,0,0,5.76467
0.851,0.0142,0,0,0,5.80779
0.854,0.0142,0,0,0,5.85087
0.856,0.0143,0,0,0,5.89391
0.859,0.0143,0,0,0,5.93692
0.861,0.0144,0,0,0,5.97995
0.864,0.0144,0,0,0,6.02308
0.866,0.0144,0,0,0,6.06609
0.869,0.0145,0,0,0,6.1094
0.871,0.0145,0,0,0,6.15246
0.874,0.0146,0,0,0,6.19603
0.876,0.0146,0,0,0,6.23923
0.879,0.0146,0,0,0,6.28313
0.881,0.0147,0,0,0,6.32655
0.884,0.0147,0,0,0,6.37086
0.887,0.0148,0,0,0,6.41458
0.889,0.0148,0,0,0,6.45934
0.892,0.0149,0,0,0,6.50339
0.894,0.0149,0,0,0,6.54861
0.897,0.0149,0,0,0,6.593
0.899,0.0150,0,0,0,6.63863
0.902,0.0150,0,0,0,6.68335
0.904,0.0151,0,0,0,6.72932
0.907,0.0151,0,0,0,6.77431
0.909,0.0152,0,0,0,6.82051
0.912,0.0152,0,0,0,6.86573
0.914,0.0152,0,0,0,6.91205
0.917,0.0153,0,0,0,6.95742
0.919,0.0153,0,0,0,7.00375
0.922,0.0154,0,0,0,7.04923
0.924,0.0154,0,0,0,7.09548
0.927,0.0154,0,0,0,7.14103
0.929,0.0155,0,0,0,7.18716
0.932,0.0155,0,0,0,7.23277
0.934,0.0156,0,0,0,7.27876
0.937,0.0156,0,0,0,7.32483
0.940,0.0157,0,0,0,7.37105
0.942,0.0157,0,0,0,7.41723
0.945,0.0157,0,0,0,7.46373
0.947,0.0158,0,0,0,7.51008
0.950,0.0158,0,0,0,7.55691
0.952,0.0159,0,0,0,7.60349
0.955,0.0159,0,0,0,7.65071
0.957,0.0160,0,0,0,7.69757
0.960,0.0160,0,0,0,7.74521
0.962,0.0160,0,0,0,7.7924
0.965,0.0161,0,0,0,7.84049
0.967,0.0161,0,0,0,7.88801
0.970,0.0162,0,0,0,7.93653
0.972,0.0162,0,0,0,7.98437
0.975,0.0162,0,0,0,8.03328
0.977,0.0163,0,0,0,8.08141
0.980,0.0163,0,0,0,8.13064
0.982,0.0164,0,0,0,8.179
0.985,0.0164,0,0,0,8.22845
0.987,0.0165,0,0,0,8.27697
0.990,0.0165,0,0,0,8.32654
0.993,0.0165,0,0,0,8.37516
0.995,0.0166,0,0,0,8.42476
0.998,0.0166,0,0,0,8.47342
1.000,0.0167,0,0,0,8.52297
1.003,0.0167,0,0,0,8.57162
1.005,0.0168,0,0,0,8.62108
1.008,0.0168,0,0,0,8.6697
1.010,0.0168,0,0,0,8.71906
1.013,0.0169,0,0,0,8.76771
1.015,0.0169,0,0,0,8.81721
1.018,0.0170,0,0,0,8.86585
1.020,0.0170,0,0,0,8.91552
1.023,0.0170,0,0,0,8.96418
1.025,0.0171,0,0,0,9.01408
1.028,0.0171,0,0,0,9.06281
1.030,0.0172,0,0,0,9.11299
1.033,0.0172,0,0,0,9.16185
1.035,0.0173,0,0,0,9.21234
1.038,0.0173,0,0,0,9.26292
1.040,0.0173,0,0,0,9.31361
1.043,0.0174,0,0,0,9.36441
1.045,0.0174,0,0,0,9.41531
1.048,0.0175,0,0,0,9.46632
1.050,0.0175,0,0,0,9.51744
1.053,0.0175,0,0,0,9.56866
1.055,0.0176,0,0,0,9.61998
1.058,0.0176,0,0,0,9.67139
1.061,0.0177,0,0,0,9.72288
1.063,0.0177,0,0,0,9.77444
1.066,0.0178,0,0,0,9.82606
1.068,0.0178,0,0,0,9.87774
1.071,0.0178,0,0,0,9.92945
1.073,0.0179,0,0,0,9.9812
1.076,0.0179,0,0,0,10.033
1.078,0.0180,0,0,0,10.0848
1.081,0.0180,0,0,0,10.1366
1.083,0.0181,0,0,0,10.1884
1.086,0.0181,0,0,0,10.2402
1.088,0.0181,0,0,0,10.2921
1.091,0.0182,0,0,0,10.3441
1.093,0.0182,0,0,0,10.396
1.096,0.0183,0,0,0,10.4482
1.098,0.0183,0,0,0,10.5002
1.101,0.0183,0,0,0,10.5526
1.103,0.0184,0,0,0,10.6047
1.106,0.0184,0,0,0,10.6574
1.108,0.0185,0,0,0,10.7096
1.111,0.0185,0,0,0,10.7627
1.113,0.0186,0,0,0,10.815
1.116,0.0186,0,0,0,10.8684
1.118,0.0186,0,0,0,10.9209
1.121,0.0187,0,0,0,10.9748
1.123,0.0187,0,0,0,11.0275
1.126,0.0188,0,0,0,11.0817
1.128,0.0188,0,0,0,11.1346
1.131,0.0188,0,0,0,11.1892
1.133,0.0189,0,0,0,11.2423
1.136,0.0189,0,0,0,11.2973
1.138,0.0190,0,0,0,11.3524
1.141,0.0190,0,0,0,11.4075
1.143,0.0191,0,0,0,11.4627
1.146,0.0191,0,0,0,11.518
1.148,0.0191,0,0,0,11.5733
1.151,0.0192,0,0,0,11.6287
1.153,0.0192,0,0,0,11.6842
1.156,0.0193,0,0,0,11.7396
1.158,0.0193,0,0,0,11.7952
1.161,0.0193,0,0,0,11.8507
1.163,0.0194,0,0,0,11.9063
1.166,0.0194,0,0,0,11.962
1.168,0.0195,0,0,0,12.0177
1.171,0.0195,0,0,0,12.0737
1.173,0.0196,0,0,0,12.1294
1.176,0.0196,0,0,0,12.1856
1.178,0.0196,0,0,0,12.2414
1.181,0.0197,0,0,0,12.2978
1.184,0.0197,0,0,0,12.3537
1.186,0.0198,0,0,0,12.4104
1.189,0.0198,0,0,0,12.4665
1.191,0.0199,0,0,0,12.5234
1.194,0.0199,0,0,0,12.5796
1.196,0.0199,0,0,0,12.6368
1.199,0.0200,0,0,0,12.6931
1.201,0.0200,0,0,0,12.7506
1.204,0.0201,0,0,0,12.8071
1.206,0.0201,0,0,0,12.8649
1.209,0.0201,0,0,0,12.9215
1.211,0.0202,0,0,0,12.9796
1.214,0.0202,0,0,0,13.0364
1.216,0.0203,0,0,0,13.0946
1.219,0.0203,0,0,0,13.1516
1.221,0.0204,0,0,0,13.2101
1.224,0.0204,0,0,0,13.2672
1.226,0.0204,0,0,0,13.3259
1.229,0.0205,0,0,0,13.3831
1.231,0.0205,0,0,0,13.442
1.234,0.0206,0,0,0,13.4994
1.236,0.0206,0,0,0,13.5585
1.238,0.0206,0,0,0,13.6178
1.241,0.0207,0,0,0,13.6772
1.243,0.0207,0,0,0,13.7366
1.246,0.0208,0,0,0,13.7962
1.248,0.0208,0,0,0,13.8558
1.251,0.0208,0,0,0,13.9157
1.253,0.0209,0,0,0,13.9754
1.256,0.0209,0,0,0,14.0355
1.258,0.0210,0,0,0,14.0955
1.261,0.0210,0,0,0,14.1558
1.263,0.0211,0,0,0,14.2159
1.266,0.0211,0,0,0,14.2765
1.268,0.0211,0,0,0,14.3368
1.271,0.0212,0,0,0,14.3984
1.273,0.0212,0,0,0,14.4623
1.276,0.0213,0,0,0,14.5264
1.278,0.0213,0,0,0,14.5905
1.281,0.0213,0,0,0,14.6547
1.283,0.0214,0,0,0,14.719
1.286,0.0214,0,0,0,14.7835
1.288,0.0215,0,0,0,14.848
1.291,0.0215,0,0,0,14.9127
1.293,0.0216,0,0,0,14.9774
1.296,0.0216,0,0,0,15.0422
1.298,0.0216,0,0,0,15.1071
1.301,0.0217,0,0,0,15.1722
1.303,0.0217,0,0,0,15.2373
1.306,0.0218,0,0,0,15.3026
1.308,0.0218,0,0,0,15.3678
1.311,0.0218,0,0,0,15.4333
1.313,0.0219,0,0,0,15.4988
1.316,0.0219,0,0,0,15.5645
1.318,0.0220,0,0,0,15.6302
1.321,0.0220,0,0,0,15.6961
1.323,0.0221,0,0,0,15.762
1.326,0.0221,0,0,0,15.8281
1.328,0.0221,0,0,0,15.8942
1.331,0.0222,0,0,0,15.9604
1.333,0.0222,0,0,0,16.0266
1.336,0.0223,0,0,0,16.0929
1.338,0.0223,0,0,0,16.1592
1.341,0.0223,0,0,0,16.2256
1.343,0.0224,0,0,0,16.2921
1.346,0.0224,0,0,0,16.3586
1.348,0.0225,0,0,0,16.4251
1.351,0.0225,0,0,0,16.4917
1.353,0.0226,0,0,0,16.5583
1.355,0.0226,0,0,0,16.6249
1.358,0.0226,0,0,0,16.6916
1.360,0.0227,0,0,0,16.7582
1.363,0.0227,0,0,0,16.8249
1.365,0.0228,0,0,0,16.8916
1.368,0.0228,0,0,0,16.9583
1.370,0.0228,0,0,0,17.0251
1.373,0.0229,0,0,0,17.0919
1.375,0.0229,0,0,0,17.1588
1.378,0.0230,0,0,0,17.2257
1.380,0.0230,0,0,0,17.2926
1.383,0.0230,0,0,0,17.3597
1.385,0.0231,0,0,0,17.4269
1.388,0.0231,0,0,0,17.4941
1.390,0.0232,0,0,0,17.5615
1.393,0.0232,0,0,0,17.629
1.395,0.0233,0,0,0,17.6966
1.398,0.0233,0,0,0,17.7644
1.400,0.0233,0,0,0,17.8322
1.403,0.0234,0,0,0,17.9002
1.405,0.0234,0,0,0,17.9683
1.408,0.0235,0,0,0,18.0365
1.410,0.0235,0,0,0,18.1049
1.413,0.0235,0,0,0,18.1732
1.415,0.0236,0,0,0,18.2417
1.418,0.0236,0,0,0,18.3102
1.420,0.0237,0,0,0,18.3788
1.423,0.0237,0,0,0,18.4473
1.425,0.0237,0,0,0,18.516
1.427,0.0238,0,0,0,18.5846
1.430,0.0238,0,0,0,18.6533
1.432,0.0239,0,0,0,18.7219
1.435,0.0239,0,0,0,18.7906
1.437,0.0240,0,0,0,18.8593
1.440,0.0240,0,0,0,18.9279
1.442,0.0240,0,0,0,18.9966
1.445,0.0241,0,0,0,19.0652
1.447,0.0241,0,0,0,19.1339
1.450,0.0242,0,0,0,19.2026
1.452,0.0242,0,0,0,19.2713
1.455,0.0242,0,0,0,19.3401
1.457,0.0243,0,0,0,19.4089
1.460,0.0243,0,0,0,19.4778
1.462,0.0244,0,0,0,19.5467
1.465,0.0244,0,0,0,19.6158
1.467,0.0245,0,0,0,19.6849
1.470,0.0245,0,0,0,19.7542
1.472,0.0245,0,0,0,19.8236
1.475,0.0246,0,0,0,19.8932
1.477,0.0246,0,0,0,19.9628
1.479,0.0247,0,0,0,20.0326
1.482,0.0247,0,0,0,20.1024
1.484,0.0247,0,0,0,20.1725
1.487,0.0248,0,0,0,20.2425
1.489,0.0248,0,0,0,20.3128
1.492,0.0249,0,0,0,20.383
1.494,0.0249,0,0,0,20.4534
1.497,0.0249,0,0,0,20.5236
1.499,0.0250,0,0,0,20.5942
1.502,0.0250,0,0,0,20.6644
1.504,0.0251,0,0,0,20.735
1.507,0.0251,0,0,0,20.8051
1.509,0.0252,0,0,0,20.8757
1.512,0.0252,0,0,0,20.9458
1.514,0.0252,0,0,0,21.0163
1.517,0.0253,0,0,0,21.0862
1.519,0.0253,0,0,0,21.1567
1.522,0.0254,0,0,0,21.2265
1.524,0.0254,0,0,0,21.2968
1.526,0.0254,0,0,0,21.3666
1.529,0.0255,0,0,0,21.4368
1.531,0.0255,0,0,0,21.5065
1.534,0.0256,0,0,0,21.5767
1.536,0.0256,0,0,0,21.6469
1.539,0.0256,0,0,0,21.7172
1.541,0.0257,0,0,0,21.7875
1.544,0.0257,0,0,0,21.8579
1.546,0.0258,0,0,0,21.9283
1.549,0.0258,0,0,0,21.9989
1.551,0.0259,0,0,0,22.0694
1.554,0.0259,0,0,0,22.1402
1.556,0.0259,0,0,0,22.2108
1.559,0.0260,0,0,0,22.2818
1.561,0.0260,0,0,0,22.3525
1.563,0.0261,0,0,0,22.4237
1.566,0.0261,0,0,0,22.4945
1.568,0.0261,0,0,0,22.5659
1.571,0.0262,0,0,0,22.6367
1.573,0.0262,0,0,0,22.7083
1.576,0.0263,0,0,0,22.7792
1.578,0.0263,0,0,0,22.851
1.581,0.0263,0,0,0,22.9219
1.583,0.0264,0,0,0,22.9938
1.586,0.0264,0,0,0,23.0648
1.588,0.0265,0,0,0,23.1367
1.591,0.0265,0,0,0,23.2077
1.593,0.0266,0,0,0,23.2797
1.596,0.0266,0,0,0,23.3508
1.598,0.0266,0,0,0,23.4229
1.600,0.0267,0,0,0,23.494
1.603,0.0267,0,0,0,23.5662
1.605,0.0268,0,0,0,23.6373
1.608,0.0268,0,0,0,23.7096
1.610,0.0268,0,0,0,23.7808
1.613,0.0269,0,0,0,23.8531
1.615,0.0269,0,0,0,23.9245
1.618,0.0270,0,0,0,23.9969
1.620,0.0270,0,0,0,24.0684
1.623,0.0270,0,0,0,24.1408
1.625,0.0271,0,0,0,24.2125
1.628,0.0271,0,0,0,24.2851
1.630,0.0272,0,0,0,24.3569
1.633,0.0272,0,0,0,24.4295
1.635,0.0273,0,0,0,24.5023
1.637,0.0273,0,0,0,24.5751
1.640,0.0273,0,0,0,24.648
1.642,0.0274,0,0,0,24.7209
1.645,0.0274,0,0,0,24.7939
1.647,0.0275,0,0,0,24.8669
1.650,0.0275,0,0,0,24.94
1.652,0.0275,0,0,0,25.0132
1.655,0.0276,0,0,0,25.0863
1.657,0.0276,0,0,0,25.1596
1.660,0.0277,0,0,0,25.2328
1.662,0.0277,0,0,0,25.3061
1.665,0.0277,0,0,0,25.3793
1.667,0.0278,0,0,0,25.4526
1.670,0.0278,0,0,0,25.5259
1.672,0.0279,0,0,0,25.5992
1.674,0.0279,0,0,0,25.6726
1.677,0.0279,0,0,0,25.7459
1.679,0.0280,0,0,0,25.8192
1.682,0.0280,0,0,0,25.8925
1.684,0.0281,0,0,0,25.9658
1.687,0.0281,0,0,0,26.0391
1.689,0.0282,0,0,0,26.1124
1.692,0.0282,0,0,0,26.1857
1.694,0.0282,0,0,0,26.2591
1.697,0.0283,0,0,0,26.3325
1.699,0.0283,0,0,0,26.4059
1.701,0.0284,0,0,0,26.4794
1.704,0.0284,0,0,0,26.553
1.706,0.0284,0,0,0,26.6266
1.709,0.0285,0,0,0,26.7003
1.711,0.0285,0,0,0,26.7742
1.714,0.0286,0,0,0,26.8479
1.716,0.0286,0,0,0,26.9221
1.719,0.0286,0,0,0,26.9959
1.721,0.0287,0,0,0,27.0704
1.724,0.0287,0,0,0,27.1444
1.726,0.0288,0,0,0,27.2191
1.729,0.0288,0,0,0,27.2933
1.731,0.0288,0,0,0,27.3683
1.733,0.0289,0,0,0,27.4434
1.736,0.0289,0,0,0,27.5186
1.738,0.0290,0,0,0,27.5938
1.741,0.0290,0,0,0,27.669
1.743,0.0291,0,0,0,27.7444
1.746,0.0291,0,0,0,27.8197
1.748,0.0291,0,0,0,27.8951
1.751,0.0292,0,0,0,27.9706
1.753,0.0292,0,0,0,28.046
1.756,0.0293,0,0,0,28.1216
1.758,0.0293,0,0,0,28.1971
1.760,0.0293,0,0,0,28.2727
1.763,0.0294,0,0,0,28.3483
1.765,0.0294,0,0,0,28.424
1.768,0.0295,0,0,0,28.4997
1.770,0.0295,0,0,0,28.5755
1.773,0.0295,0,0,0,28.6513
1.775,0.0296,0,0,0,28.7272
1.778,0.0296,0,0,0,28.8032
1.780,0.0297,0,0,0,28.8792
1.783,0.0297,0,0,0,28.9553
1.785,0.0298,0,0,0,29.0316
1.788,0.0298,0,0,0,29.1078
1.790,0.0298,0,0,0,29.1843
1.792,0.0299,0,0,0,29.2607
1.795,0.0299,0,0,0,29.3375
1.797,0.0300,0,0,0,29.414
1.800,0.0300,0,0,0,29.4911
1.802,0.0300,0,0,0,29.5677
1.805,0.0301,0,0,0,29.6451
1.807,0.0301,0,0,0,29.7218
1.810,0.0302,0,0,0,29.7995
1.812,0.0302,0,0,0,29.8764
1.815,0.0302,0,0,0,29.9543
1.817,0.0303,0,0,0,30.0313
1.819,0.0303,0,0,0,30.1095
1.822,0.0304,0,0,0,30.1866
1.824,0.0304,0,0,0,30.265
1.827,0.0304,0,0,0,30.3422
1.829,0.0305,0,0,0,30.4208
1.832,0.0305,0,0,0,30.4995
1.834,0.0306,0,0,0,30.5782
1.837,0.0306,0,0,0,30.657
1.839,0.0307,0,0,0,30.7358
1.842,0.0307,0,0,0,30.8146
1.844,0.0307,0,0,0,30.8936
1.846,0.0308,0,0,0,30.9724
1.849,0.0308,0,0,0,31.0514
1.851,0.0309,0,0,0,31.1303
1.854,0.0309,0,0,0,31.2095
1.856,0.0309,0,0,0,31.2884
1.859,0.0310,0,0,0,31.3677
1.861,0.0310,0,0,0,31.4466
1.864,0.0311,0,0,0,31.5261
1.866,0.0311,0,0,0,31.6051
1.869,0.0311,0,0,0,31.6848
1.871,0.0312,0,0,0,31.7639
1.873,0.0312,0,0,0,31.8438
1.876,0.0313,0,0,0,31.9231
1.878,0.0313,0,0,0,32.0032
1.881,0.0313,0,0,0,32.0826
1.883,0.0314,0,0,0,32.1631
1.886,0.0314,0,0,0,32.2426
1.888,0.0315,0,0,0,32.3233
1.891,0.0315,0,0,0,32.4031
1.893,0.0316,0,0,0,32.4841
1.895,0.0316,0,0,0,32.564
1.898,0.0316,0,0,0,32.6453
1.900,0.0317,0,0,0,32.7253
1.903,0.0317,0,0,0,32.8069
1.905,0.0318,0,0,0,32.8871
1.908,0.0318,0,0,0,32.9689
1.910,0.0318,0,0,0,33.0493
1.913,0.0319,0,0,0,33.1313
1.915,0.0319,0,0,0,33.2118
1.918,0.0320,0,0,0,33.2941
1.920,0.0320,0,0,0,33.3747
1.922,0.0320,0,0,0,33.4572
1.925,0.0321,0,0,0,33.5379
1.927,0.0321,0,0,0,33.6205
1.930,0.0322,0,0,0,33.7032
1.932,0.0322,0,0,0,33.786
1.935,0.0322,0,0,0,33.8688
1.937,0.0323,0,0,0,33.9517
1.940,0.0323,0,0,0,34.0346
1.942,0.0324,0,0,0,34.1175
1.944,0.0324,0,0,0,34.2005
1.947,0.0324,0,0,0,34.2836
1.949,0.0325,0,0,0,34.3666
1.952,0.0325,0,0,0,34.4497
1.954,0.0326,0,0,0,34.5329
1.957,0.0326,0,0,0,34.6161
1.959,0.0327,0,0,0,34.6993
1.961,0.0327,0,0,0,34.7825
1.964,0.0327,0,0,0,34.8658
1.966,0.0328,0,0,0,34.9491
1.969,0.0328,0,0,0,35.0324
1.971,0.0329,0,0,0,35.1157
1.974,0.0329,0,0,0,35.1991
1.976,0.0329,0,0,0,35.2824
1.979,0.0330,0,0,0,35.3658
1.981,0.0330,0,0,0,35.4492
1.983,0.0331,0,0,0,35.5327
1.986,0.0331,0,0,0,35.6162
1.988,0.0331,0,0,0,35.6997
1.991,0.0332,0,0,0,35.7833
1.993,0.0332,0,0,0,35.8668
1.996,0.0333,0,0,0,35.9506
1.998,0.0333,0,0,0,36.0342
2.001,0.0333,0,0,0,36.1182
2.003,0.0334,0,0,0,36.2019
2.005,0.0334,0,0,0,36.286
2.008,0.0335,0,0,0,36.3698
2.010,0.0335,0,0,0,36.4542
2.013,0.0335,0,0,0,36.538
2.015,0.0336,0,0,0,36.6227
2.018,0.0336,0,0,0,36.7066
2.020,0.0337,0,0,0,36.7915
2.022,0.0337,0,0,0,36.8755
2.025,0.0337,0,0,0,36.9607
2.027,0.0338,0,0,0,37.0459
2.030,0.0338,0,0,0,37.1312
2.032,0.0339,0,0,0,37.2165
2.035,0.0339,0,0,0,37.3018
2.037,0.0340,0,0,0,37.3872
2.039,0.0340,0,0,0,37.4725
2.042,0.0340,0,0,0,37.5579
2.044,0.0341,0,0,0,37.6433
2.047,0.0341,0,0,0,37.7287
2.049,0.0342,0,0,0,37.8142
2.052,0.0342,0,0,0,37.8997
2.054,0.0342,0,0,0,37.9852
2.056,0.0343,0,0,0,38.0708
2.059,0.0343,0,0,0,38.1564
2.061,0.0344,0,0,0,38.242
2.064,0.0344,0,0,0,38.3278
2.066,0.0344,0,0,0,38.4134
2.069,0.0345,0,0,0,38.4994
2.071,0.0345,0,0,0,38.5851
2.073,0.0346,0,0,0,38.6711
2.076,0.0346,0,0,0,38.7569
2.078,0.0346,0,0,0,38.8431
2.081,0.0347,0,0,0,38.929
2.083,0.0347,0,0,0,39.0154
2.086,0.0348,0,0,0,39.1012
2.088,0.0348,0,0,0,39.1878
2.090,0.0348,0,0,0,39.2738
2.093,0.0349,0,0,0,39.3606
2.095,0.0349,0,0,0,39.4466
2.098,0.0350,0,0,0,39.5335
2.100,0.0350,0,0,0,39.6196
2.103,0.0350,0,0,0,39.7068
2.105,0.0351,0,0,0,39.7929
2.107,0.0351,0,0,0,39.8803
2.110,0.0352,0,0,0,39.9665
2.112,0.0352,0,0,0,40.0541
2.115,0.0352,0,0,0,40.1405
2.117,0.0353,0,0,0,40.2283
2.120,0.0353,0,0,0,40.3147
2.122,0.0354,0,0,0,40.4028
2.124,0.0354,0,0,0,40.491
2.127,0.0354,0,0,0,40.5792
2.129,0.0355,0,0,0,40.6676
2.132,0.0355,0,0,0,40.756
2.134,0.0356,0,0,0,40.8445
2.137,0.0356,0,0,0,40.9332
2.139,0.0356,0,0,0,41.0218
2.141,0.0357,0,0,0,41.1106
2.144,0.0357,0,0,0,41.1993
2.146,0.0358,0,0,0,41.2883
2.149,0.0358,0,0,0,41.3772
2.151,0.0359,0,0,0,41.4664
2.154,0.0359,0,0,0,41.5554
2.156,0.0359,0,0,0,41.6448
2.158,0.0360,0,0,0,41.735
2.161,0.0360,0,0,0,41.8263
2.163,0.0361,0,0,0,41.9177
2.166,0.0361,10.1677,37.3803,380.074,42.0092
2.168,0.0361,10.1625,37.3915,379.99,42.1008
2.171,0.0362,10.1572,37.4539,380.427,42.1923
2.173,0.0362,10.1521,37.451,380.208,42.2841
2.175,0.0363,10.1471,37.5234,380.752,42.3758
2.178,0.0363,10.1421,37.51,380.432,42.4677
2.180,0.0363,10.1373,37.5889,381.049,42.5595
2.183,0.0364,10.1326,37.57,380.68,42.6516
2.185,0.0364,10.1279,37.6507,381.322,42.7435
2.187,0.0365,10.1234,37.6322,380.966,42.8358
2.190,0.0365,10.119,37.7093,381.578,42.9278
2.192,0.0365,10.1147,37.6978,381.302,43.0202
2.195,0.0366,10.1105,37.7657,381.829,43.1124
2.197,0.0366,10.1064,37.7441,381.459,43.2049
2.200,0.0367,10.1024,37.8212,382.083,43.2971
2.202,0.0367,10.0986,37.7966,381.692,43.3898
2.204,0.0367,10.0946,37.8771,382.356,43.4822
2.207,0.0368,10.0911,37.856,382.01,43.5749
2.209,0.0368,10.0874,37.9352,382.666,43.6675
2.212,0.0369,10.0841,37.9222,382.412,43.7603
2.214,0.0369,12.5891,37.8288,476.23,43.853
2.217,0.0369,12.585,37.7839,475.511,43.946
2.219,0.0370,12.5815,37.8021,475.608,44.0389
2.221,0.0370,12.5781,37.8226,475.735,44.1318
2.224,0.0371,12.5746,37.8437,475.87,44.2248
2.226,0.0371,12.5712,37.8669,476.033,44.3179
2.229,0.0371,12.5678,37.8913,476.211,44.4111
2.231,0.0372,12.5645,37.9173,476.411,44.5043
2.234,0.0372,12.5612,37.9449,476.632,44.5976
2.236,0.0373,12.5579,37.9735,476.866,44.691
2.238,0.0373,12.5546,38.0036,477.121,44.7845
2.241,0.0373,12.5514,38.0341,477.38,44.8781
2.243,0.0374,12.5482,38.0658,477.656,44.9718
2.246,0.0374,12.545,38.097,477.928,45.0655
2.248,0.0375,12.5419,38.129,478.209,45.1594
2.250,0.0375,12.5388,38.1599,478.477,45.2533
2.253,0.0375,12.5357,38.1907,478.745,45.3473
2.255,0.0376,12.5326,38.2198,478.993,45.4414
2.258,0.0376,12.5295,38.2481,479.23,45.5355
2.260,0.0377,12.5264,38.2742,479.44,45.6298
2.263,0.0377,12.5234,38.2986,479.629,45.7241
2.265,0.0377,12.5204,38.3207,479.789,45.8184
2.267,0.0378,12.5173,38.3402,479.917,45.9128
2.270,0.0378,12.5143,38.3229,479.584,46.0073
2.272,0.0379,12.5112,38.3716,480.077,46.1017
2.275,0.0379,12.5082,38.3192,479.305,46.1963
2.277,0.0380,12.5052,38.3924,480.104,46.2908
2.279,0.0380,12.5022,38.3131,478.997,46.3854
2.282,0.0380,12.4991,38.4029,480.003,46.4799
2.284,0.0381,12.4961,38.3081,478.703,46.5746
2.287,0.0381,12.4932,38.4044,479.792,46.6691
2.289,0.0382,12.4902,38.3076,478.468,46.7639
2.292,0.0382,12.4872,38.3991,479.498,46.8584
2.294,0.0382,12.4843,38.3142,478.326,46.9532
2.296,0.0383,12.4814,38.3892,479.153,47.0478
2.299,0.0383,12.4786,38.3298,478.302,47.1427
2.301,0.0384,12.4758,38.3777,478.794,47.2374
2.304,0.0384,12.4731,38.3555,478.41,47.3322
2.306,0.0384,12.4704,38.3671,478.455,47.4271
2.308,0.0385,12.4678,38.3911,478.652,47.522
2.311,0.0385,13.7245,37.6933,517.32,47.6169
2.313,0.0386,13.7194,37.9889,521.185,47.7119
2.316,0.0386,13.7151,37.9646,520.689,47.807
2.318,0.0386,13.7108,37.9411,520.203,47.9021
2.321,0.0387,13.7064,37.9192,519.735,47.9972
2.323,0.0387,13.702,37.8981,519.278,48.0924
2.325,0.0388,13.6975,37.8799,518.859,48.1877
2.328,0.0388,13.6929,37.8628,518.453,48.2829
2.330,0.0388,13.6884,37.8494,518.098,48.3782
2.333,0.0389,13.6838,37.8373,517.758,48.4736
2.335,0.0389,13.6792,37.8294,517.476,48.569
2.337,0.0390,13.6746,37.8227,517.21,48.6644
2.340,0.0390,13.67,37.8202,517.001,48.7599
2.342,0.0390,13.6653,37.8036,516.597,48.8554
2.345,0.0391,13.6605,37.8206,516.647,48.9508
2.347,0.0391,13.6558,37.8004,516.193,49.0464
2.350,0.0392,13.6508,37.8283,516.387,49.1419
2.352,0.0392,13.6461,37.8158,516.038,49.2375
2.354,0.0392,13.641,37.8396,516.172,49.333
2.357,0.0393,13.6363,37.8502,516.137,49.4286
2.359,0.0393,13.6312,37.8504,515.945,49.5241
2.362,0.0394,13.6264,37.9015,516.461,49.6198
2.364,0.0394,13.6213,37.8561,515.647,49.7153
2.366,0.0394,13.6165,37.9655,516.955,49.811
2.369,0.0395,13.6113,37.8528,515.227,49.9066
2.371,0.0395,13.6065,38.0366,517.543,50.0023
2.374,0.0396,13.6014,37.8377,514.644,50.0979
2.376,0.0396,13.5964,38.1085,518.139,50.1935
2.378,0.0396,13.5914,37.8093,513.882,50.2893
2.381,0.0397,13.5864,37.2322,505.85,50.3849
2.383,0.0397,13.5815,36.6491,497.75,50.4807
2.386,0.0398,15.6916,37.5009,588.45,50.5762
2.388,0.0398,15.6821,37.0336,580.763,50.6722
2.391,0.0398,15.6697,37.5284,588.06,50.7676
2.393,0.0399,15.6603,36.971,578.976,50.8638
2.395,0.0399,15.6476,37.5341,587.318,50.9591
2.398,0.0400,15.6381,36.9046,577.118,51.0554
2.400,0.0400,15.625,37.5221,586.285,51.1506
2.403,0.0400,15.6155,36.8413,575.297,51.247
2.405,0.0401,15.6021,37.4993,585.069,51.3422
2.407,0.0401,15.5925,36.7877,573.612,51.4387
2.410,0.0402,15.5788,37.4741,583.803,51.5338
2.412,0.0402,15.5691,37.4547,583.135,51.6304
2.415,0.0402,15.5592,37.4257,582.313,51.727
2.417,0.0403,15.5491,37.4242,581.913,51.8235
2.420,0.0403,15.5391,37.393,581.052,51.92
2.422,0.0404,15.5287,37.4033,580.827,52.0165
2.424,0.0404,15.5185,37.3831,580.13,52.1129
2.427,0.0404,15.508,37.392,579.876,52.2092
2.429,0.0405,15.4976,37.3993,579.6,52.3056
2.432,0.0405,15.4871,37.3883,579.035,52.4018
2.434,0.0406,15.4765,37.4411,579.459,52.4981
2.436,0.0406,15.466,37.3895,578.266,52.5942
2.439,0.0406,15.4554,37.5044,579.644,52.6904
2.441,0.0407,15.445,37.3922,577.521,52.7866
2.444,0.0407,15.4342,37.5821,580.05,52.8827
2.446,0.0408,15.424,37.3935,576.757,52.9788
2.448,0.0408,15.4131,37.6656,580.545,53.0749
2.451,0.0408,15.4032,37.3911,575.943,53.1711
2.453,0.0409,15.3922,37.7462,580.998,53.267
2.456,0.0409,17.7795,37.4329,665.538,53.3634
2.458,0.0410,17.7689,37.7781,671.277,53.4593
2.461,0.0410,17.7588,37.4263,664.645,53.5558
2.463,0.0410,17.7481,37.8181,671.199,53.6516
2.465,0.0411,17.7379,37.4148,663.66,53.7483
2.468,0.0411,17.727,37.8431,670.845,53.8441
2.470,0.0412,17.7166,37.4016,662.631,53.9409
2.473,0.0412,17.7056,37.372,661.692,54.0368
2.475,0.0412,17.695,36.9326,653.521,54.1338
2.477,0.0413,17.6837,37.3628,660.711,54.2296
2.480,0.0413,17.6728,35.6687,630.366,54.3268
2.482,0.0414,17.6613,36.508,644.778,54.4227
2.485,0.0414,17.6502,35.6566,629.345,54.52
2.487,0.0415,17.6386,36.5423,644.554,54.6159
2.489,0.0415,17.6274,35.6602,628.596,54.7134
2.492,0.0415,17.6157,36.5923,644.599,54.8092
2.494,0.0416,17.6045,35.6782,628.096,54.9068
2.497,0.0416,17.5927,36.6593,644.936,55.0026
2.499,0.0417,17.5816,35.7073,627.791,55.1002
2.501,0.0417,17.5698,36.7412,645.535,55.196
2.504,0.0417,17.5588,35.7427,627.6,55.2937
2.506,0.0418,17.5471,36.8335,646.319,55.3895
2.509,0.0418,17.5363,36.8517,646.241,55.4872
2.511,0.0419,17.5255,36.8722,646.202,55.5849
2.514,0.0419,17.5147,36.8903,646.125,55.6825
2.516,0.0419,17.504,36.9105,646.083,55.7801
2.518,0.0420,17.4934,36.9265,645.97,55.8778
2.521,0.0420,17.4828,36.9439,645.884,55.9754
2.523,0.0421,17.4723,36.6755,640.805,56.0729
2.526,0.0421,17.4618,36.6978,640.809,56.1705
2.528,0.0421,17.4514,36.7149,640.725,56.268
2.530,0.0422,17.441,36.4308,635.389,56.3654
2.533,0.0422,17.4307,36.4353,635.091,56.4628
2.535,0.0423,19.9948,36.7753,735.314,56.5602
2.538,0.0423,19.9836,36.7785,734.968,56.6575
2.540,0.0423,19.9724,36.7841,734.669,56.7548
2.542,0.0424,19.9613,36.7764,734.103,56.8521
2.545,0.0424,19.9501,36.7816,733.796,56.9493
2.547,0.0425,19.9389,36.7872,733.494,57.0464
2.550,0.0425,19.9277,36.7967,733.272,57.1436
2.552,0.0425,19.9165,36.8083,733.091,57.2407
2.554,0.0426,19.9054,36.8236,732.987,57.3377
2.557,0.0426,19.8943,36.8423,732.952,57.4347
2.559,0.0427,19.8833,36.8928,733.551,57.5317
2.562,0.0427,19.8724,36.89,733.092,57.6287
2.564,0.0427,19.8616,36.976,734.4,57.7257
2.567,0.0428,19.8508,36.9503,733.493,57.8226
2.569,0.0428,19.8402,37.0712,735.5,57.9195
2.571,0.0429,19.8297,37.0203,734.102,58.0164
2.574,0.0429,19.8194,37.1749,736.783,58.1133
2.576,0.0429,19.8091,37.096,734.838,58.2102
2.579,0.0430,19.7991,37.2824,738.156,58.3072
2.581,0.0430,19.789,37.1723,735.602,58.4041
2.583,0.0431,19.7792,37.3885,739.515,58.5011
2.586,0.0431,19.7693,37.2444,736.296,58.5982
2.588,0.0431,19.7598,37.4882,740.759,58.6952
2.591,0.0432,19.75,37.308,736.834,58.7923
2.593,0.0432,19.7406,37.3081,736.486,58.8894
2.595,0.0433,19.7309,37.1346,732.699,58.9867
2.598,0.0433,19.7217,37.3798,737.191,59.0839
2.600,0.0433,19.7119,37.1739,732.769,59.1814
2.603,0.0434,19.7027,37.4439,737.748,59.2786
2.605,0.0434,19.6929,37.4597,737.693,59.3763
2.608,0.0435,19.6831,37.4726,737.579,59.474
2.610,0.0435,19.6733,37.4867,737.489,59.5718
2.612,0.0435,19.6636,37.4984,737.352,59.6696
2.615,0.0436,21.5445,37.6986,812.199,59.7674
2.617,0.0436,21.5304,37.7175,812.075,59.8653
2.620,0.0437,21.5164,37.6376,809.828,59.9632
2.622,0.0437,21.5025,37.6733,810.07,60.0612
2.624,0.0437,21.4886,37.7121,810.381,60.1591
2.627,0.0438,21.4748,37.7513,810.702,60.2571
2.629,0.0438,21.4611,37.7934,811.09,60.3552
2.632,0.0439,21.4476,37.8319,811.402,60.4532
2.634,0.0439,21.4342,37.8811,811.951,60.5513
2.636,0.0439,21.4209,37.9179,812.235,60.6494
2.639,0.0440,21.4078,37.9744,812.946,60.7475
2.641,0.0440,21.3947,38.094,815.009,60.8456
2.644,0.0441,21.3819,38.1816,816.395,60.9437
2.646,0.0441,21.369,38.178,815.827,61.0419
2.648,0.0441,21.3566,38.2807,817.543,61.14
2.651,0.0442,21.3439,38.2603,816.625,61.2381
2.653,0.0442,21.3317,38.3795,818.698,61.3363
2.656,0.0443,21.3192,38.3408,817.395,61.4345
2.658,0.0443,21.3071,38.4778,819.853,61.5328
2.660,0.0443,21.2948,38.42,818.147,61.631
2.663,0.0444,21.2829,38.5759,821.007,61.7293
2.665,0.0444,21.2707,38.4989,818.9,61.8276
2.668,0.0445,21.2589,38.674,822.167,61.9261
2.670,0.0445,21.2468,38.579,819.681,62.0244
2.673,0.0445,21.2351,38.7724,823.337,62.1231
2.675,0.0446,21.2231,38.3358,813.605,62.2215
2.677,0.0446,21.2115,38.5369,817.424,62.3203
2.680,0.0447,21.1996,38.426,814.615,62.4188
2.682,0.0447,21.188,38.6433,818.774,62.5178
2.685,0.0447,21.1762,38.521,815.73,62.6164
2.687,0.0448,21.1648,38.7502,820.139,62.7156
2.689,0.0448,21.1532,38.6195,816.926,62.8142
2.692,0.0449,21.1419,38.8552,821.472,62.9136
2.694,0.0449,21.1306,38.7196,818.167,63.0123
2.697,0.0449,21.1194,38.8201,819.859,63.1119
2.699,0.0450,21.1084,38.7512,817.974,63.2107
2.701,0.0450,21.0975,38.8033,818.651,63.3105
2.704,0.0451,21.0867,38.8317,818.834,63.4104
2.706,0.0451,21.0761,38.8989,819.839,63.5103
2.709,0.0451,21.0657,38.9036,819.532,63.6103
2.711,0.0452,21.0555,38.983,820.805,63.7103
2.713,0.0452,21.0454,38.9654,820.044,63.8103
2.716,0.0453,21.0355,38.9578,819.496,63.9104
2.718,0.0453,21.0258,38.885,817.589,64.0105
2.721,0.0453,23.1999,38.7789,899.666,64.1105
2.723,0.0454,23.1856,38.7234,897.826,64.2107
2.725,0.0454,23.1717,38.8172,899.46,64.3108
2.728,0.0455,23.1575,38.7493,897.338,64.4111
2.730,0.0455,23.1438,38.8459,899.041,64.5112
2.733,0.0455,23.1297,38.652,894.011,64.6115
2.735,0.0456,23.1161,38.7448,895.628,64.7118
2.737,0.0456,23.1021,38.689,893.799,64.8121
2.740,0.0457,23.0886,38.7447,894.562,64.9125
2.742,0.0457,23.0748,38.7241,893.55,65.0129
2.745,0.0457,23.0614,38.7884,894.514,65.1134
2.747,0.0458,23.0476,38.7646,893.43,65.2139
2.749,0.0458,23.0343,38.8385,894.617,65.3145
2.752,0.0459,23.0206,38.8136,893.512,65.4152
2.754,0.0459,23.0074,38.8967,894.911,65.5159
2.757,0.0459,22.9938,38.8731,893.842,65.6167
2.759,0.0460,22.9807,38.9634,895.407,65.7176
2.761,0.0460,22.9673,38.7452,889.874,65.8185
2.764,0.0461,22.9543,38.8041,890.721,65.9195
2.766,0.0461,22.9411,38.8394,891.02,66.0206
2.769,0.0461,22.9282,38.898,891.862,66.1218
2.771,0.0462,22.9152,38.7495,887.953,66.223
2.773,0.0462,22.9025,38.7681,887.885,66.3244
2.776,0.0463,22.8897,38.8294,888.795,66.4256
2.778,0.0463,22.8772,38.8396,888.541,66.5272
2.781,0.0463,22.8647,38.908,889.619,66.6286
2.783,0.0464,22.8524,38.9057,889.086,66.7302
2.785,0.0464,22.84,38.9831,890.376,66.8317
2.788,0.0465,22.828,38.9646,889.482,66.9335
2.790,0.0465,22.8159,39.0533,891.034,67.035
2.793,0.0465,22.804,39.0158,889.717,67.1369
2.795,0.0466,22.7921,39.1179,891.578,67.2385
2.797,0.0466,25.0253,38.9483,974.691,67.3404
2.800,0.0467,25.0108,38.972,974.719,67.4424
2.802,0.0467,24.9963,38.9962,974.763,67.5444
2.805,0.0467,24.982,39.0183,974.755,67.6464
2.807,0.0468,24.9677,39.0412,974.771,67.7484
2.809,0.0468,24.9535,39.1477,976.873,67.8505
2.812,0.0469,24.9394,39.2518,978.915,67.9526
2.814,0.0469,24.9253,39.2825,979.129,68.0547
2.817,0.0469,24.9113,39.3149,979.385,68.1568
2.819,0.0470,24.8974,39.2574,977.406,68.2589
2.821,0.0470,24.8835,39.2901,977.674,68.3611
2.824,0.0471,24.8697,39.3236,977.964,68.4633
2.826,0.0471,24.8559,39.3564,978.239,68.5655
2.829,0.0471,24.8422,39.3905,978.546,68.6677
2.831,0.0472,24.8285,39.1976,973.217,68.7699
2.833,0.0472,24.8149,38.6613,959.376,68.8722
2.836,0.0473,24.8014,38.7019,959.861,68.9745
2.838,0.0473,24.7879,38.743,960.358,69.0769
2.841,0.0473,24.7744,38.6309,957.058,69.1792
2.843,0.0474,24.7611,38.6714,957.546,69.2816
2.845,0.0474,24.7478,38.7084,957.946,69.384
2.848,0.0475,24.7345,38.7313,958,69.4865
2.850,0.0475,24.7214,38.7782,958.651,69.589
2.853,0.0475,24.7083,38.7834,958.272,69.6915
2.855,0.0476,24.6953,38.8395,959.153,69.794
2.857,0.0476,24.6823,38.6557,954.114,69.8966
2.860,0.0477,24.6695,38.7189,955.177,69.9992
2.862,0.0477,24.6567,38.702,954.265,70.1018
2.865,0.0477,24.644,38.7714,955.482,70.2044
2.867,0.0478,24.6314,38.744,954.319,70.3071
2.869,0.0478,24.6188,38.8193,955.684,70.4098
2.872,0.0479,24.6063,38.4144,945.237,70.5124
2.874,0.0479,24.5938,38.4714,946.16,70.6152
2.877,0.0479,24.5815,38.4574,945.342,70.7178
2.879,0.0480,24.5691,38.5192,946.381,70.8206
2.881,0.0480,24.5569,38.5021,945.493,70.9232
2.884,0.0481,24.5445,38.6761,949.286,71.0261
2.886,0.0481,24.5325,38.6367,947.854,71.1286
2.889,0.0481,24.5201,38.7328,949.73,71.2315
2.891,0.0482,24.5081,38.6859,948.121,71.334
2.893,0.0482,26.8367,38.5071,1033.4,71.437
2.896,0.0483,26.8203,38.5363,1033.56,71.5399
2.898,0.0483,26.804,38.5652,1033.7,71.6429
2.901,0.0483,26.7876,38.5948,1033.86,71.7458
2.903,0.0484,26.7713,38.6237,1034.01,71.8487
2.905,0.0484,26.7549,38.653,1034.16,71.9516
2.908,0.0485,26.7386,38.35,1025.42,72.0545
2.910,0.0485,26.7222,38.3147,1023.85,72.1574
2.913,0.0485,26.7058,38.3387,1023.87,72.2602
2.915,0.0486,26.6895,38.3627,1023.88,72.3631
2.917,0.0486,26.6731,38.3858,1023.87,72.4659
2.920,0.0487,26.6568,38.4087,1023.85,72.5687
2.922,0.0487,26.6405,38.4315,1023.83,72.6714
2.924,0.0487,26.6242,38.4535,1023.79,72.7742
2.927,0.0488,26.608,38.4766,1023.79,72.877
2.929,0.0488,26.5918,38.4974,1023.71,72.9797
2.932,0.0489,26.5757,38.522,1023.75,73.0825
2.934,0.0489,26.5595,38.5765,1024.57,73.1852
2.936,0.0489,26.5435,38.3436,1017.77,73.288
2.939,0.0490,26.5276,38.3369,1016.98,73.3908
2.941,0.0490,26.5117,38.3948,1017.91,73.4937
2.944,0.0491,26.4959,38.3755,1016.79,73.5965
2.946,0.0491,26.4801,38.4493,1018.14,73.6995
2.948,0.0491,26.4645,38.4143,1016.62,73.8023
2.951,0.0492,26.4489,38.5081,1018.5,73.9054
2.953,0.0492,26.4335,38.2507,1011.1,74.0083
2.956,0.0493,26.4179,38.3238,1012.43,74.1116
2.958,0.0493,26.4027,38.2944,1011.07,74.2145
2.960,0.0493,26.3872,38.3885,1012.97,74.3179
2.963,0.0494,26.3722,38.3402,1011.12,74.421
2.965,0.0494,26.3567,38.4579,1013.63,74.5245
2.968,0.0495,26.3418,38.3894,1011.25,74.6276
2.970,0.0495,26.3265,38.5318,1014.41,74.7313
2.972,0.0495,26.3117,38.4526,1011.75,74.8344
2.975,0.0496,26.2963,38.5815,1014.55,74.9382
2.977,0.0496,28.5195,38.3238,1092.98,75.0414
2.979,0.0497,28.5009,38.4837,1096.82,75.1454
2.982,0.0497,28.4828,38.3872,1093.37,75.2485
2.984,0.0497,28.4642,38.5669,1097.78,75.3526
2.987,0.0498,28.4461,38.3147,1089.91,75.4557
2.989,0.0498,28.4277,38.2775,1088.14,75.5599
2.991,0.0499,28.4092,38.313,1088.44,75.6641
2.994,0.0499,28.3908,38.3623,1089.14,75.7683
2.996,0.0499,28.3724,38.3906,1089.23,75.8724
2.999,0.0500,28.3541,38.4468,1090.13,75.9765
3.001,0.0500,28.3358,38.4661,1089.97,76.0805
3.003,0.0501,28.3177,38.5285,1091.04,76.1844
3.006,0.0501,28.2994,38.5367,1090.57,76.2883
3.008,0.0501,28.2814,38.6044,1091.79,76.3921
3.011,0.0502,28.2633,38.6,1090.96,76.4957
3.013,0.0502,28.2453,38.6725,1092.32,76.5994
3.015,0.0503,28.2273,38.6543,1091.11,76.7029
3.018,0.0503,28.2094,38.7309,1092.58,76.8064
3.020,0.0503,28.1915,38.6986,1090.97,76.9097
3.022,0.0504,28.1736,38.779,1092.54,77.0131
3.025,0.0504,28.1557,38.6118,1087.15,77.1163
3.027,0.0505,28.1379,38.7005,1088.95,77.2196
3.030,0.0505,28.1201,38.6404,1086.57,77.3227
3.032,0.0505,28.1022,38.4547,1080.66,77.426
3.034,0.0506,28.0844,38.3717,1077.65,77.5289
3.037,0.0506,28.0664,38.478,1079.94,77.6322
3.039,0.0507,28.0486,38.3872,1076.71,77.7351
3.042,0.0507,28.0305,38.3984,1076.33,77.8384
3.044,0.0507,28.0127,37.8661,1060.73,77.9413
3.046,0.0508,27.9945,37.8919,1060.77,78.0447
3.049,0.0508,27.9766,37.8836,1059.85,78.1475
3.051,0.0509,27.9584,37.8646,1058.63,78.2511
3.054,0.0509,27.9404,37.8238,1056.81,78.3539
3.056,0.0509,27.9221,37.8905,1057.98,78.4577
3.058,0.0510,27.904,37.8506,1056.18,78.5606
3.061,0.0510,27.8858,37.9226,1057.5,78.6645
3.063,0.0511,27.8676,37.8652,1055.21,78.7675
3.065,0.0511,27.8494,37.951,1056.91,78.8716
3.068,0.0511,30.0968,37.7586,1136.41,78.9746
3.070,0.0512,30.0754,37.8168,1137.35,79.0789
3.073,0.0512,30.054,37.8183,1136.59,79.1821
3.075,0.0513,30.0327,37.8696,1137.33,79.2866
3.077,0.0513,30.0114,37.8818,1136.89,79.3898
3.080,0.0513,29.9904,37.9266,1137.43,79.4945
3.082,0.0514,29.9692,37.9465,1137.23,79.5978
3.085,0.0514,29.9483,37.9762,1137.32,79.7026
3.087,0.0514,29.9275,38.0052,1137.4,79.8075
3.089,0.0515,29.9068,38.0331,1137.45,79.9124
3.092,0.0515,29.8861,38.0605,1137.48,80.0173
3.094,0.0516,29.8654,38.0859,1137.45,80.1222
3.097,0.0516,29.8447,38.1109,1137.41,80.2271
3.099,0.0516,29.8241,38.245,1140.62,80.332
3.101,0.0517,29.8035,37.8738,1128.77,80.4369
3.104,0.0517,29.7828,37.8932,1128.57,80.5418
3.106,0.0518,29.7622,37.7358,1123.1,80.6466
3.108,0.0518,29.7416,37.7533,1122.84,80.7514
3.111,0.0518,29.721,37.7713,1122.6,80.8562
3.113,0.0519,29.7003,37.7875,1122.3,80.9609
3.116,0.0519,29.6796,37.8043,1122.02,81.0656
3.118,0.0520,29.659,37.8201,1121.71,81.1702
3.120,0.0520,29.6383,37.743,1118.64,81.2748
3.123,0.0520,29.6176,37.7634,1118.46,81.3793
3.125,0.0521,29.597,37.7842,1118.3,81.4838
3.128,0.0521,29.5763,37.6655,1114.01,81.5882
3.130,0.0522,29.5557,37.6897,1113.94,81.6925
3.132,0.0522,29.535,37.6492,1111.97,81.7968
3.135,0.0522,29.5145,37.6672,1111.73,81.9011
3.137,0.0523,29.494,37.7007,1111.94,82.0053
3.140,0.0523,29.4734,37.7133,1111.54,82.1095
3.142,0.0524,29.4531,37.755,1112,82.2136
3.144,0.0524,29.4326,37.7628,1111.46,82.3177
3.147,0.0524,29.4124,37.8117,1112.13,82.4218
3.149,0.0525,29.392,37.6533,1106.71,82.5259
3.151,0.0525,29.3719,37.7079,1107.55,82.63
3.154,0.0526,29.3516,37.705,1106.7,82.734
3.156,0.0526,29.3316,37.7631,1107.65,82.8381
3.159,0.0526,31.6001,37.3431,1180.05,82.942
3.161,0.0527,31.5775,37.2713,1176.93,83.0462
3.163,0.0527,31.5549,37.2092,1174.13,83.1501
3.166,0.0528,31.5323,37.2386,1174.22,83.2543
3.168,0.0528,31.5098,37.262,1174.12,83.3582
3.171,0.0528,31.4871,37.2864,1174.04,83.4625
3.173,0.0529,31.4646,37.3135,1174.05,83.5665
3.175,0.0529,31.4418,37.3322,1173.79,83.6709
3.178,0.0530,31.4193,37.3634,1173.93,83.7749
3.180,0.0530,31.3965,37.3854,1173.77,83.8794
3.183,0.0530,31.3737,37.4065,1173.58,83.984
3.185,0.0531,31.3509,37.1878,1165.87,84.0886
3.187,0.0531,31.3281,37.2097,1165.71,84.1932
3.190,0.0532,31.3052,37.232,1165.56,84.2978
3.192,0.0532,31.2824,37.1015,1160.63,84.4025
3.194,0.0532,31.2596,37.1225,1160.44,84.5072
3.197,0.0533,31.2368,37.1436,1160.25,84.612
3.199,0.0533,31.2141,37.1656,1160.09,84.7168
3.202,0.0534,31.1913,37.188,1159.94,84.8216
3.204,0.0534,31.1686,37.2113,1159.82,84.9265
3.206,0.0534,31.1459,37.2395,1159.86,85.0314
3.209,0.0535,31.1232,37.2597,1159.64,85.1365
3.211,0.0535,31.1006,37.1929,1156.72,85.2415
3.214,0.0536,31.0781,37.2105,1156.43,85.3466
3.216,0.0536,31.0555,37.2135,1155.68,85.4518
3.218,0.0536,31.0331,37.217,1154.96,85.557
3.221,0.0537,31.0106,37.2711,1155.8,85.6622
3.223,0.0537,30.9884,37.2672,1154.85,85.7676
3.226,0.0538,30.9659,37.3305,1155.97,85.8728
3.228,0.0538,30.9438,37.3184,1154.77,85.9782
3.230,0.0538,30.9214,37.3912,1156.19,86.0835
3.233,0.0539,30.8993,37.3702,1154.71,86.189
3.235,0.0539,30.877,37.2976,1151.64,86.2942
3.237,0.0540,30.855,37.2964,1150.78,86.3998
3.240,0.0540,30.8327,37.3562,1151.79,86.505
3.242,0.0540,30.8107,37.3497,1150.77,86.6106
3.245,0.0541,30.7884,37.4145,1151.94,86.7157
3.247,0.0541,30.7665,37.403,1150.76,86.8213
3.249,0.0542,30.7442,37.4722,1152.05,86.9263
3.252,0.0542,30.7222,37.4562,1150.74,87.032
3.254,0.0542,30.6999,37.4298,1149.09,87.1369
3.257,0.0543,30.6779,37.3734,1146.54,87.2425
3.259,0.0543,30.6556,37.4205,1147.15,87.3474
3.261,0.0544,32.9519,37.1938,1225.61,87.453
3.264,0.0544,32.9276,37.3025,1228.28,87.5578
3.266,0.0544,32.9027,37.2481,1225.56,87.6634
3.269,0.0545,32.8785,37.3622,1228.41,87.7681
3.271,0.0545,32.8538,36.9603,1214.29,87.8737
3.273,0.0546,32.8297,37.0941,1217.79,87.9783
3.276,0.0546,32.805,36.8927,1210.27,88.0839
3.278,0.0546,32.7804,36.9307,1210.6,88.1896
3.280,0.0547,32.7558,36.9072,1208.93,88.2952
3.283,0.0547,32.7314,36.9434,1209.21,88.4008
3.285,0.0548,32.7069,36.9284,1207.82,88.5065
3.288,0.0548,32.6826,36.9636,1208.07,88.612
3.290,0.0548,32.6583,36.8515,1203.51,88.7177
3.292,0.0549,32.6342,36.8623,1202.97,88.8233
3.295,0.0549,32.61,36.8158,1200.56,88.929
3.297,0.0550,32.586,36.8127,1199.58,89.0346
3.300,0.0550,32.562,36.8808,1200.91,89.1404
3.302,0.0550,32.5381,36.7019,1194.21,89.246
3.304,0.0551,32.5143,36.7564,1195.11,89.3519
3.307,0.0551,32.4905,36.7531,1194.13,89.4575
3.309,0.0552,32.4668,36.8145,1195.25,89.5634
3.311,0.0552,32.4432,36.8054,1194.08,89.6691
3.314,0.0552,32.4195,36.8746,1195.46,89.7752
3.316,0.0553,32.396,36.8596,1194.11,89.8808
3.319,0.0553,32.3725,36.9376,1195.76,89.987
3.321,0.0554,32.349,36.9166,1194.22,90.0927
3.323,0.0554,32.3255,36.7678,1188.54,90.199
3.326,0.0554,32.3022,36.7508,1187.13,90.3047
3.328,0.0555,32.2787,36.828,1188.76,90.4111
3.331,0.0555,32.2554,36.8071,1187.23,90.5169
3.333,0.0555,32.232,36.8895,1189.02,90.6233
3.335,0.0556,32.2087,36.8645,1187.36,90.7291
3.338,0.0556,32.1853,36.9508,1189.27,90.8356
3.340,0.0557,32.162,36.9217,1187.47,90.9415
3.343,0.0557,32.1386,37.0101,1189.45,91.048
3.345,0.0557,32.1153,36.9773,1187.54,91.1539
3.347,0.0558,32.0919,36.9588,1186.08,91.2604
3.350,0.0558,32.0686,36.849,1181.7,91.3663
3.352,0.0559,32.0453,36.8968,1182.37,91.473
3.354,0.0559,32.022,36.9032,1181.72,91.5788
3.357,0.0559,31.9988,36.9431,1182.13,91.6855
3.359,0.0560,31.9755,36.953,1181.59,91.7914
3.362,0.0560,31.9524,36.9822,1181.67,91.8982
3.364,0.0561,31.9292,36.8415,1176.32,92.004
3.366,0.0561,34.1702,36.7137,1254.52,92.1108
3.369,0.0561,34.1445,36.6318,1250.77,92.2166
3.371,0.0562,34.1181,36.6467,1250.32,92.3235
3.374,0.0562,34.0917,36.443,1242.41,92.4304
3.376,0.0563,34.0655,36.458,1241.96,92.5373
3.378,0.0563,34.0394,36.4725,1241.5,92.6441
3.381,0.0563,34.0134,36.489,1241.11,92.7509
3.383,0.0564,33.9874,36.5051,1240.71,92.8577
3.385,0.0564,33.9616,36.5239,1240.41,92.9644
3.388,0.0565,33.9359,36.5424,1240.1,93.0712
3.390,0.0565,33.9103,36.5639,1239.89,93.1778
3.393,0.0565,33.8848,36.5507,1238.52,93.2845
3.395,0.0566,33.8594,36.5905,1238.93,93.3911
3.397,0.0566,33.8342,36.6147,1238.83,93.4977
3.400,0.0567,33.809,36.6417,1238.82,93.6042
3.402,0.0567,33.7839,36.6688,1238.82,93.7108
3.405,0.0567,33.759,36.6978,1238.88,93.8172
3.407,0.0568,33.7341,36.7268,1238.95,93.9237
3.409,0.0568,33.7093,36.7569,1239.05,94.0301
3.412,0.0569,33.6846,36.787,1239.16,94.1365
3.414,0.0569,33.66,36.817,1239.26,94.2429
3.416,0.0569,33.6355,36.847,1239.37,94.3493
3.419,0.0570,33.611,36.876,1239.44,94.4556
3.421,0.0570,33.5866,36.9102,1239.69,94.562
3.424,0.0571,33.5623,36.8314,1236.15,94.6683
3.426,0.0571,33.538,36.7235,1231.63,94.7747
3.428,0.0571,33.5138,36.7541,1231.77,94.8811
3.431,0.0572,33.4896,36.7668,1231.3,94.9874
3.433,0.0572,33.4654,36.7984,1231.48,95.0938
3.435,0.0573,33.4414,36.5951,1223.79,95.2001
3.438,0.0573,33.4172,36.6454,1224.59,95.3067
3.440,0.0573,33.3933,36.6325,1223.28,95.413
3.443,0.0574,33.3692,36.6877,1224.24,95.5196
3.445,0.0574,33.3453,36.6678,1222.7,95.6259
3.447,0.0575,33.3213,36.5626,1218.31,95.7326
3.450,0.0575,33.2975,36.484,1214.83,95.839
3.452,0.0575,33.2736,36.4639,1213.28,95.9458
3.455,0.0576,33.2499,36.4597,1212.28,96.0522
3.457,0.0576,33.226,36.4973,1212.66,96.1591
3.459,0.0577,33.2024,36.4943,1211.7,96.2655
3.462,0.0577,33.1786,36.5305,1212.03,96.3726
3.464,0.0577,33.1551,36.5288,1211.12,96.4791
3.466,0.0578,33.1313,36.5456,1210.81,96.5862
3.469,0.0578,33.1076,36.5625,1210.5,96.6934
3.471,0.0579,33.0839,36.5796,1210.2,96.8006
3.474,0.0579,33.0603,36.4938,1206.5,96.9078
3.476,0.0579,33.0368,36.5132,1206.28,97.015
3.478,0.0580,33.0133,36.5324,1206.06,97.1223
3.481,0.0580,35.2571,36.205,1276.49,97.2295
3.483,0.0581,35.2296,35.951,1266.54,97.3368
3.485,0.0581,35.2022,35.9679,1266.15,97.4442
3.488,0.0581,35.1749,35.8655,1261.56,97.5515
3.490,0.0582,35.1476,35.8825,1261.18,97.6588
3.493,0.0582,35.1204,35.9023,1260.9,97.7662
3.495,0.0583,35.0932,35.7821,1255.71,97.8735
3.497,0.0583,35.0662,35.7835,1254.79,97.9809
3.500,0.0583,35.0391,35.7863,1253.92,98.0882
3.502,0.0584,35.0123,35.824,1254.28,98.1955
3.505,0.0584,34.9853,35.8216,1253.23,98.3029
3.507,0.0584,34.9587,35.7584,1250.07,98.4102
3.509,0.0585,34.9319,35.7406,1248.49,98.5175
3.512,0.0585,34.9055,35.802,1249.69,98.6247
3.514,0.0586,34.8789,35.4874,1237.76,98.732
3.516,0.0586,34.8528,35.5506,1239.04,98.8391
3.519,0.0586,34.8263,35.5298,1237.37,98.9464
3.521,0.0587,34.8004,35.6002,1238.9,99.0534
3.524,0.0587,34.7742,35.5734,1237.04,99.1606
3.526,0.0588,34.7484,35.6501,1238.78,99.2676
3.528,0.0588,34.7224,35.6173,1236.72,99.3748
3.531,0.0588,34.6969,35.699,1238.64,99.4817
3.533,0.0589,34.671,35.6607,1236.39,99.5888
3.535,0.0589,34.6457,35.5955,1233.23,99.6957
3.538,0.0590,34.6199,35.5542,1230.88,99.8028
3.540,0.0590,34.5949,35.6401,1232.96,99.9096
3.543,0.0590,34.5692,35.5947,1230.48,100.017
3.545,0.0591,34.5443,35.6821,1232.61,100.124
3.547,0.0591,34.5188,35.6334,1230.02,100.231
3.550,0.0592,34.4941,35.7216,1232.19,100.337
3.552,0.0592,34.4687,35.6706,1229.52,100.445
3.554,0.0592,34.4442,35.7596,1231.71,100.552
3.557,0.0593,34.4189,35.7068,1228.99,100.659
3.559,0.0593,34.3945,35.797,1231.22,100.766
3.562,0.0594,34.3693,35.815,1230.93,100.873
3.564,0.0594,34.3441,35.6883,1225.68,100.981
3.566,0.0594,34.319,35.6998,1225.18,101.088
3.569,0.0595,34.294,35.7297,1225.32,101.196
3.571,0.0595,34.2691,35.7363,1224.65,101.303
3.573,0.0596,34.2443,35.7129,1222.96,101.411
3.576,0.0596,34.2194,35.547,1216.4,101.519
3.578,0.0596,34.1948,35.5856,1216.84,101.627
3.581,0.0597,34.1701,35.5773,1215.68,101.734
3.583,0.0597,34.1456,35.6291,1216.58,101.842
3.585,0.0598,34.121,35.6161,1215.26,101.95
3.588,0.0598,34.0968,35.6742,1216.38,102.058
3.590,0.0598,34.0722,35.6569,1214.91,102.165
3.593,0.0599,34.0481,35.7205,1216.22,102.273
3.595,0.0599,34.0237,35.641,1212.64,102.381
3.597,0.0600,33.9997,35.6227,1211.16,102.489
3.600,0.0600,36.3553,35.4954,1290.44,102.597
3.602,0.0600,36.3269,35.5495,1291.4,102.705
3.604,0.0601,36.2984,35.5401,1290.05,102.813
3.607,0.0601,36.27,35.5939,1290.99,102.921
3.609,0.0602,36.2416,35.4339,1284.18,103.029
3.612,0.0602,36.2132,35.563,1287.85,103.137
3.614,0.0602,36.1847,35.4633,1283.23,103.245
3.616,0.0603,36.1563,35.5959,1287.02,103.353
3.619,0.0603,36.1278,35.2511,1273.55,103.461
3.621,0.0604,36.0994,35.3643,1276.63,103.569
3.623,0.0604,36.0709,35.1206,1266.83,103.677
3.626,0.0604,36.0425,35.1894,1268.31,103.785
3.628,0.0605,36.014,35.1553,1266.08,103.893
3.631,0.0605,35.9855,35.2143,1267.21,104.001
3.633,0.0605,35.957,35.1854,1265.16,104.109
3.635,0.0606,35.9286,35.2437,1266.26,104.216
3.638,0.0606,35.9002,35.2165,1264.28,104.324
3.640,0.0607,35.8718,35.276,1265.41,104.432
3.642,0.0607,35.8435,35.2485,1263.43,104.54
3.645,0.0607,35.8152,35.3117,1264.7,104.648
3.647,0.0608,35.787,35.2808,1262.59,104.756
3.649,0.0608,35.7588,35.3508,1264.1,104.864
3.652,0.0609,35.7308,35.3126,1261.75,104.972
3.654,0.0609,35.7027,35.3927,1263.62,105.079
3.657,0.0609,35.6749,35.4079,1263.17,105.188
3.659,0.0610,35.647,35.424,1262.76,105.296
3.661,0.0610,35.6193,35.4397,1262.34,105.404
3.664,0.0611,35.5917,35.4562,1261.95,105.512
3.666,0.0611,35.5641,35.3811,1258.3,105.62
3.668,0.0611,35.5367,35.3965,1257.87,105.728
3.671,0.0612,35.5093,35.3721,1256.04,105.837
3.673,0.0612,35.482,35.3858,1255.56,105.945
3.676,0.0613,35.4549,35.3982,1255.04,106.053
3.678,0.0613,35.4278,35.0743,1242.61,106.162
3.680,0.0613,35.4008,34.9231,1236.31,106.27
3.683,0.0614,35.3739,34.9363,1235.83,106.378
3.685,0.0614,35.3471,35.03,1238.21,106.487
3.687,0.0615,35.3204,35.0439,1237.77,106.595
3.690,0.0615,35.2938,35.0573,1237.31,106.704
3.692,0.0615,35.2672,35.0709,1236.85,106.812
3.695,0.0616,35.2408,35.0849,1236.42,106.921
3.697,0.0616,35.2144,35.0988,1235.98,107.029
3.699,0.0617,35.1882,35.114,1235.6,107.138
3.702,0.0617,35.162,35.0402,1232.08,107.246
3.704,0.0617,35.1358,34.9823,1229.13,107.355
3.706,0.0618,35.1098,34.908,1225.61,107.464
3.709,0.0618,35.0838,34.9338,1225.61,107.572
3.711,0.0619,35.0579,34.9395,1224.9,107.681
3.714,0.0619,35.032,34.806,1219.32,107.789
3.716,0.0619,35.0063,34.7975,1218.13,107.898
3.718,0.0620,34.9805,34.8551,1219.25,108.006
3.721,0.0620,34.9549,34.8391,1217.8,108.115
3.723,0.0620,34.9292,34.9076,1219.3,108.223
3.725,0.0621,34.9038,34.8841,1217.59,108.332
3.728,0.0621,34.8782,34.9617,1219.4,108.44
3.730,0.0622,34.853,34.9306,1217.44,108.549
3.732,0.0622,34.8276,34.9637,1217.7,108.657
3.735,0.0622,34.8025,34.8982,1214.54,108.766
3.737,0.0623,37.1809,34.8681,1296.43,108.874
3.740,0.0623,37.1519,34.7963,1292.75,108.983
3.742,0.0624,37.1229,34.9174,1296.23,109.091
3.744,0.0624,37.094,34.8339,1292.13,109.2
3.747,0.0624,37.0651,34.9618,1295.86,109.309
3.749,0.0625,37.0361,34.8666,1291.32,109.418
3.751,0.0625,37.0073,34.8862,1291.04,109.526
3.754,0.0626,36.9784,34.468,1274.57,109.635
3.756,0.0626,36.9495,34.4862,1274.25,109.744
3.759,0.0626,36.9206,34.5026,1273.86,109.852
3.761,0.0627,36.8918,34.2603,1263.92,109.961
3.763,0.0627,36.8629,34.2697,1263.28,110.07
3.766,0.0628,36.8341,34.2792,1262.64,110.179
3.768,0.0628,36.8052,34.2883,1261.99,110.288
3.770,0.0628,36.7764,34.2815,1260.75,110.397
3.773,0.0629,36.7475,34.2912,1260.12,110.506
3.775,0.0629,36.7187,34.301,1259.49,110.615
3.777,0.0630,36.6899,34.3194,1259.18,110.724
3.780,0.0630,36.6612,34.3244,1258.37,110.833
3.782,0.0630,36.6324,34.2247,1253.73,110.942
3.785,0.0631,36.6037,34.2276,1252.86,111.051
3.787,0.0631,36.5751,34.2644,1253.22,111.161
3.789,0.0632,36.5464,34.265,1252.27,111.27
3.792,0.0632,36.5179,34.3102,1252.94,111.379
3.794,0.0632,36.4894,34.2553,1249.96,111.488
3.796,0.0633,36.4611,34.3009,1250.65,111.598
3.799,0.0633,36.4327,34.0546,1240.7,111.707
3.801,0.0634,36.4045,34.1168,1242.01,111.817
3.804,0.0634,36.3764,34.0044,1236.96,111.926
3.806,0.0634,36.3484,34.0631,1238.14,112.036
3.808,0.0635,36.3204,34.062,1237.15,112.145
3.811,0.0635,36.2927,34.1221,1238.38,112.255
3.813,0.0635,36.2649,34.0975,1236.54,112.364
3.815,0.0636,36.2373,34.1567,1237.75,112.474
3.818,0.0636,36.2098,34.0862,1234.26,112.583
3.820,0.0637,36.1824,34.1443,1235.42,112.693
3.822,0.0637,36.1551,34.094,1232.67,112.803
3.825,0.0637,36.1279,33.9368,1226.07,112.913
3.827,0.0638,36.1008,33.9601,1225.99,113.022
3.830,0.0638,36.0738,33.9928,1226.25,113.132
3.832,0.0639,36.0468,34.0146,1226.12,113.242
3.834,0.0639,36.02,34.0482,1226.42,113.352
3.837,0.0639,35.9931,34.0664,1226.16,113.462
3.839,0.0640,35.9665,34.1032,1226.57,113.572
3.841,0.0640,35.9397,33.7897,1214.39,113.682
3.844,0.0641,35.9132,33.8936,1217.23,113.793
3.846,0.0641,35.8866,33.916,1217.13,113.903
3.848,0.0641,35.86,33.8979,1215.58,114.013
3.851,0.0642,35.8334,33.9188,1215.42,114.123
3.853,0.0642,35.8069,33.9474,1215.55,114.233
3.856,0.0643,35.7804,33.9656,1215.3,114.343
3.858,0.0643,35.754,33.9972,1215.54,114.454
3.860,0.0643,35.7276,34.013,1215.2,114.563
3.863,0.0644,35.7013,34.0481,1215.56,114.674
3.865,0.0644,35.6749,34.0612,1215.13,114.783
3.867,0.0645,35.6487,34.1003,1215.63,114.894
3.870,0.0645,35.6224,34.1105,1215.1,115.003
3.872,0.0645,35.5963,34.0426,1211.79,115.114
3.874,0.0646,35.5701,34.0267,1210.34,115.223
3.877,0.0646,35.5441,34.097,1211.95,115.333
3.879,0.0647,35.518,34.0734,1210.22,115.443
3.882,0.0647,35.4921,34.1524,1212.14,115.553
3.884,0.0647,35.4662,34.1203,1210.12,115.663
3.886,0.0648,35.4404,34.2087,1212.37,115.773
3.889,0.0648,38.0577,34.0186,1294.67,115.883
3.891,0.0649,38.0297,34.118,1297.5,115.993
3.893,0.0649,38.0017,34.0644,1294.51,116.103
3.896,0.0649,37.9738,34.1276,1295.95,116.213
3.898,0.0650,37.946,33.9759,1289.25,116.323
3.901,0.0650,37.9182,34.0211,1290.02,116.434
3.903,0.0650,37.8905,34.0218,1289.1,116.544
3.905,0.0651,37.8629,34.0733,1290.12,116.654
3.908,0.0651,37.8354,34.066,1288.9,116.765
3.910,0.0652,37.808,34.1232,1290.13,116.875
3.912,0.0652,37.7806,34.1081,1288.62,116.986
3.915,0.0652,37.7534,33.9223,1280.68,117.097
3.917,0.0653,37.7261,33.8618,1277.47,117.208
3.919,0.0653,37.6991,33.9741,1280.79,117.319
3.922,0.0654,37.6718,33.9001,1277.08,117.429
3.924,0.0654,37.645,34.0212,1280.73,117.541
3.927,0.0654,37.6178,33.5833,1263.33,117.652
3.929,0.0655,37.5912,33.8093,1270.93,117.763
3.931,0.0655,37.564,33.6076,1262.43,117.874
3.934,0.0656,37.5375,33.8486,1270.59,117.986
3.936,0.0656,37.5104,33.6295,1261.46,118.097
3.938,0.0656,37.4841,33.884,1270.11,118.209
3.941,0.0657,37.457,33.8941,1269.57,118.32
3.943,0.0657,37.43,33.9028,1268.98,118.432
3.945,0.0658,37.4031,33.7532,1262.47,118.544
3.948,0.0658,37.3763,33.683,1258.95,118.655
3.950,0.0658,37.3496,33.6948,1258.49,118.767
3.953,0.0659,37.323,33.7052,1257.98,118.879
3.955,0.0659,37.2966,33.7169,1257.52,118.991
3.957,0.0660,37.2702,33.6315,1253.45,119.103
3.960,0.0660,37.244,33.6442,1253.05,119.214
3.962,0.0660,37.2179,33.6565,1252.63,119.326
3.964,0.0661,37.1919,33.6705,1252.27,119.438
3.967,0.0661,37.1661,33.6846,1251.92,119.55
3.969,0.0662,37.1403,33.7002,1251.64,119.662
3.971,0.0662,37.1147,33.7162,1251.37,119.773
3.974,0.0662,37.0893,33.6543,1248.21,119.885
3.976,0.0663,37.0639,33.6713,1247.99,119.997
3.979,0.0663,37.0386,33.6892,1247.8,120.109
3.981,0.0663,37.0135,33.7077,1247.64,120.22
3.983,0.0664,36.9884,33.8053,1250.4,120.332
3.986,0.0664,36.9634,33.8264,1250.34,120.443
3.988,0.0665,36.9385,33.8477,1250.28,120.555
3.990,0.0665,36.9137,33.8752,1250.46,120.666
3.993,0.0665,36.8888,33.89,1250.16,120.778
3.995,0.0666,36.864,33.9238,1250.57,120.889
3.998,0.0666,36.8391,34.0017,1252.59,121
4.000,0.0667,36.8145,34.0254,1252.63,121.112
4.002,0.0667,36.7895,34.0461,1252.54,121.223
4.005,0.0667,36.765,34.0698,1252.58,121.334
4.007,0.0668,36.74,33.9939,1248.93,121.445
4.009,0.0668,36.7156,34.0195,1249.05,121.557
4.012,0.0669,36.6906,33.8462,1241.84,121.668
4.014,0.0669,36.6663,33.8488,1241.11,121.779
4.016,0.0669,36.6414,33.8867,1241.66,121.89
4.019,0.0670,36.6172,33.8884,1240.9,122.002
4.021,0.0670,36.5923,33.8119,1237.25,122.113
4.024,0.0671,36.5682,33.5722,1227.67,122.225
4.026,0.0671,36.5435,33.6108,1228.25,122.336
4.028,0.0671,36.5194,33.6091,1227.39,122.448
4.031,0.0672,36.4949,33.6456,1227.89,122.559
4.033,0.0672,36.4709,33.6439,1227.02,122.671
4.035,0.0673,36.4465,33.66,1226.79,122.783
4.038,0.0673,36.4221,33.6749,1226.51,122.895
4.040,0.0673,36.3978,33.6897,1226.23,123.007
4.042,0.0674,36.3735,33.534,1219.75,123.119
4.045,0.0674,36.3492,33.548,1219.44,123.231
4.047,0.0675,36.3249,33.5609,1219.1,123.343
4.050,0.0675,36.3007,33.4198,1213.16,123.455
4.052,0.0675,36.2765,33.4295,1212.71,123.567
4.054,0.0676,36.2523,33.2369,1204.92,123.68
4.057,0.0676,36.2282,33.2473,1204.49,123.792
4.059,0.0677,36.2041,33.2573,1204.05,123.905
4.061,0.0677,36.18,33.2805,1204.09,124.018
4.064,0.0677,38.5641,33.1661,1279.02,124.131
4.066,0.0678,38.5369,33.166,1278.11,124.243
4.068,0.0678,38.5094,33.1838,1277.89,124.356
4.071,0.0678,38.4823,33.1791,1276.81,124.469
4.073,0.0679,38.4548,33.0255,1269.99,124.582
4.076,0.0679,38.4277,33.0172,1268.77,124.695
4.078,0.0680,38.4001,32.8331,1260.79,124.808
4.080,0.0680,38.3731,32.813,1259.14,124.921
4.083,0.0680,38.3456,32.8216,1258.56,125.034
4.085,0.0681,38.3187,32.8308,1258.03,125.147
4.087,0.0681,38.2912,32.839,1257.44,125.26
4.090,0.0682,38.2645,32.8518,1257.06,125.373
4.092,0.0682,38.2371,32.859,1256.43,125.486
4.094,0.0682,38.2105,32.796,1253.15,125.6
4.097,0.0683,38.1834,32.7975,1252.32,125.712
4.099,0.0683,38.1568,32.8228,1252.42,125.826
4.102,0.0684,38.13,32.823,1251.54,125.938
4.104,0.0684,38.1036,32.8531,1251.82,126.051
4.106,0.0684,38.0769,32.731,1246.29,126.164
4.109,0.0685,38.0506,32.775,1247.11,126.277
4.111,0.0685,38.0243,32.7606,1245.7,126.39
4.113,0.0686,37.9981,32.6735,1241.53,126.503
4.116,0.0686,37.9719,32.6687,1240.5,126.616
4.118,0.0686,37.9459,32.7103,1241.22,126.729
4.120,0.0687,37.9199,32.6994,1239.96,126.842
4.123,0.0687,37.8939,32.7463,1240.88,126.954
4.125,0.0688,37.8681,32.7284,1239.36,127.067
4.128,0.0688,37.8421,32.705,1237.63,127.18
4.130,0.0688,37.8164,32.7195,1237.33,127.293
4.132,0.0689,37.7906,32.7319,1236.96,127.406
4.135,0.0689,37.7648,32.7451,1236.61,127.518
4.137,0.0690,37.7391,32.7551,1236.15,127.631
4.139,0.0690,37.7132,32.7924,1236.7,127.744
4.142,0.0690,37.6873,32.8013,1236.19,127.857
4.144,0.0691,37.6613,32.7364,1232.9,127.969
4.146,0.0691,37.6353,32.7515,1232.62,128.082
4.149,0.0691,37.6092,32.7507,1231.73,128.195
4.151,0.0692,37.5831,32.765,1231.41,128.307
4.154,0.0692,37.5568,32.6237,1225.24,128.42
4.156,0.0693,37.5305,32.6424,1225.09,128.533
4.158,0.0693,37.5042,32.6347,1223.94,128.645
4.161,0.0693,37.4778,32.6524,1223.74,128.758
4.163,0.0694,37.4514,32.5279,1218.22,128.871
4.165,0.0694,37.4249,32.5461,1218.04,128.984
4.168,0.0695,37.3985,32.3446,1209.64,129.096
4.170,0.0695,37.372,32.3555,1209.19,129.209
4.172,0.0695,37.3457,32.256,1204.63,129.322
4.175,0.0696,37.3193,32.2451,1203.36,129.435
4.177,0.0696,37.2931,32.2751,1203.64,129.548
4.180,0.0697,37.2667,32.2626,1202.32,129.662
4.182,0.0697,37.2407,32.2962,1202.73,129.775
4.184,0.0697,37.2144,32.2828,1201.39,129.888
4.187,0.0698,37.1886,32.2394,1198.94,130.002
4.189,0.0698,37.1625,32.2304,1197.76,130.116
4.191,0.0699,37.137,32.259,1198,130.229
4.194,0.0699,37.1111,32.2518,1196.9,130.343
4.196,0.0699,37.0858,32.2788,1197.08,130.457
4.198,0.0700,37.0602,32.2731,1196.05,130.571
4.201,0.0700,37.035,32.2981,1196.16,130.685
4.203,0.0701,37.0097,32.1597,1190.22,130.799
4.206,0.0701,36.9846,32.2194,1191.62,130.913
4.208,0.0701,36.9595,32.0841,1185.81,131.027
4.210,0.0702,36.9344,32.1819,1188.62,131.141
4.213,0.0702,36.9096,32.1034,1184.92,131.255
4.215,0.0703,36.8845,32.2027,1187.78,131.37
4.217,0.0703,36.8599,32.1211,1183.98,131.484
4.220,0.0703,36.8348,32.2214,1186.87,131.598
4.222,0.0704,36.8104,32.1373,1182.99,131.712
4.224,0.0704,36.7852,32.1457,1182.49,131.827
4.227,0.0704,36.7602,32.1535,1181.97,131.941
4.229,0.0705,36.7351,32.1616,1181.46,132.055
4.232,0.0705,36.7102,32.1691,1180.93,132.169
4.234,0.0706,36.6853,32.177,1180.42,132.283
4.236,0.0706,36.6604,32.1847,1179.9,132.397
4.239,0.0706,36.6357,32.1928,1179.4,132.511
4.241,0.0707,36.6109,32.2008,1178.9,132.625
4.243,0.0707,36.5863,32.2094,1178.42,132.739
4.246,0.0708,36.5617,32.2182,1177.95,132.853
4.248,0.0708,36.5372,32.0505,1171.04,132.967
4.250,0.0708,36.5127,32.0612,1170.64,133.08
4.253,0.0709,36.4882,31.907,1164.23,133.194
4.255,0.0709,36.4639,31.9185,1163.87,133.308
4.258,0.0710,36.4395,31.8628,1161.07,133.421
4.260,0.0710,38.9024,31.6451,1231.07,133.535
4.262,0.0710,38.8738,31.7077,1232.6,133.648
4.265,0.0711,38.8453,31.7227,1232.28,133.762
4.267,0.0711,38.8169,31.7381,1231.97,133.875
4.269,0.0712,38.7884,31.754,1231.69,133.989
4.272,0.0712,38.76,31.7703,1231.42,134.102
4.274,0.0712,38.7316,31.7446,1229.52,134.216
4.276,0.0713,38.7032,31.7635,1229.35,134.329
4.279,0.0713,38.6749,31.774,1228.85,134.443
4.281,0.0714,38.6466,31.7045,1225.27,134.557
4.283,0.0714,38.6183,31.7176,1224.88,134.67
4.286,0.0714,38.5901,31.7352,1224.66,134.784
4.288,0.0715,38.5618,31.7478,1224.25,134.898
4.291,0.0715,38.5336,31.7664,1224.07,135.012
4.293,0.0715,38.5053,31.5878,1216.3,135.126
4.295,0.0716,38.4773,31.4521,1210.19,135.24
4.298,0.0716,38.449,31.3946,1207.09,135.355
4.300,0.0717,38.421,31.4252,1207.39,135.469
4.302,0.0717,38.3928,31.4266,1206.56,135.583
4.305,0.0717,38.3649,31.4578,1206.88,135.698
4.307,0.0718,38.3367,31.4599,1206.07,135.812
4.309,0.0718,38.3089,31.3775,1202.03,135.927
4.312,0.0719,38.2807,31.3912,1201.68,136.042
4.314,0.0719,38.253,31.4099,1201.52,136.157
4.317,0.0719,38.2249,31.4275,1201.31,136.271
4.319,0.0720,38.1973,31.4439,1201.07,136.386
4.321,0.0720,38.1698,31.369,1197.35,136.501
4.324,0.0721,38.1423,31.3861,1197.14,136.617
4.326,0.0721,38.1148,31.4038,1196.95,136.732
4.328,0.0721,38.0874,31.3764,1195.04,136.847
4.331,0.0722,38.0599,31.3939,1194.85,136.962
4.333,0.0722,38.0325,31.4116,1194.66,137.077
4.335,0.0723,38.0052,31.4294,1194.48,137.192
4.338,0.0723,37.9778,31.3385,1190.17,137.307
4.340,0.0723,37.9505,31.2795,1187.07,137.422
4.343,0.0724,37.9233,31.2971,1186.89,137.537
4.345,0.0724,37.896,31.3091,1186.49,137.652
4.347,0.0725,37.8687,31.3314,1186.48,137.767
4.350,0.0725,37.8415,31.338,1185.88,137.882
4.352,0.0725,37.8143,31.3641,1186.01,137.997
4.354,0.0726,37.7871,31.2832,1182.1,138.112
4.357,0.0726,37.7599,31.3108,1182.29,138.227
4.359,0.0727,37.7328,31.21,1177.64,138.342
4.361,0.0727,37.7056,31.2457,1178.14,138.457
4.364,0.0727,37.6786,31.2404,1177.09,138.572
4.366,0.0728,37.6515,31.2753,1177.56,138.686
4.369,0.0728,37.6245,31.153,1172.11,138.801
4.371,0.0728,37.5974,31.1875,1172.57,138.916
4.373,0.0729,37.5705,31.186,1171.67,139.031
4.376,0.0729,37.5436,31.2143,1171.9,139.145
4.378,0.0730,37.5167,31.2196,1171.26,139.26
4.380,0.0730,37.4899,31.2398,1171.18,139.375
4.383,0.0730,37.4631,31.2538,1170.86,139.489
4.385,0.0731,37.4365,31.2644,1170.43,139.604
4.387,0.0731,37.4098,31.2884,1170.49,139.719
4.390,0.0732,37.3833,31.2889,1169.68,139.834
4.392,0.0732,37.3566,31.3234,1170.14,139.948
4.394,0.0732,37.3303,31.3139,1168.96,140.063
4.397,0.0733,37.3038,31.3584,1169.79,140.178
4.399,0.0733,37.2777,31.3398,1168.28,140.293
4.402,0.0734,37.2513,31.3931,1169.43,140.408
4.404,0.0734,37.2253,31.3667,1167.64,140.523
4.406,0.0734,37.199,31.4271,1169.05,140.638
4.409,0.0735,37.1732,31.3945,1167.03,140.753
4.411,0.0735,37.147,31.4599,1168.64,140.868
4.413,0.0736,37.1213,31.474,1168.36,140.983
4.416,0.0736,37.0957,31.484,1167.92,141.099
4.418,0.0736,37.0703,31.5005,1167.73,141.214
4.420,0.0737,37.0448,31.5067,1167.16,141.33
4.423,0.0737,37.0195,31.4586,1164.58,141.445
4.425,0.0738,36.9941,31.4638,1163.97,141.561
4.428,0.0738,36.9689,31.48,1163.78,141.677
4.430,0.0738,36.9435,31.4724,1162.7,141.793
4.432,0.0739,36.9185,31.489,1162.53,141.908
4.435,0.0739,36.8931,31.4942,1161.92,142.024
4.437,0.0739,36.8682,31.5073,1161.62,142.14
4.439,0.0740,36.8428,31.2773,1152.34,142.257
4.442,0.0740,36.818,31.2411,1150.23,142.373
4.444,0.0741,36.7926,31.135,1145.54,142.489
4.446,0.0741,36.7677,31.1365,1144.82,142.605
4.449,0.0741,36.7424,31.1589,1144.85,142.721
4.451,0.0742,36.7176,31.0995,1141.9,142.837
4.454,0.0742,36.6922,31.1107,1141.52,142.953
4.456,0.0743,36.6674,31.0648,1139.06,143.07
4.458,0.0743,36.6422,31.133,1140.78,143.186
4.461,0.0743,36.6174,31.0769,1137.96,143.302
4.463,0.0744,36.5922,31.0905,1137.67,143.418
4.465,0.0744,36.5674,31.0055,1133.79,143.534
4.468,0.0745,36.5424,31.1111,1136.87,143.65
4.470,0.0745,36.5177,31.0155,1132.61,143.766
4.472,0.0745,36.4927,31.0673,1133.73,143.882
4.475,0.0746,36.4681,30.9641,1129.2,143.998
4.477,0.0746,36.4433,31.0868,1132.9,144.114
4.480,0.0747,36.4188,30.9743,1128.05,144.23
4.482,0.0747,36.3941,31.1063,1132.09,144.346
4.484,0.0747,36.3697,30.985,1126.91,144.462
4.487,0.0748,38.9266,31.0027,1206.83,144.577
4.489,0.0748,38.9013,30.5355,1187.87,144.693
4.491,0.0749,38.8769,30.7381,1195,144.809
4.494,0.0749,38.8517,30.5041,1185.13,144.925
4.496,0.0749,38.8274,30.7583,1194.26,145.04
4.498,0.0750,38.8023,30.5114,1183.91,145.156
4.501,0.0750,38.7783,30.6852,1189.92,145.272
4.503,0.0751,38.7533,30.4173,1178.77,145.388
4.505,0.0751,38.7294,30.708,1189.3,145.503
4.508,0.0751,38.7046,30.7125,1188.71,145.619
4.510,0.0752,38.6798,30.7175,1188.15,145.735
4.513,0.0752,38.6551,30.7224,1187.58,145.851
4.515,0.0752,38.6304,30.7278,1187.03,145.967
4.517,0.0753,38.6058,30.6202,1182.12,146.084
4.520,0.0753,38.5813,30.6247,1181.54,146.2
4.522,0.0754,38.5569,30.576,1178.92,146.316
4.524,0.0754,38.5326,30.5771,1178.22,146.433
4.527,0.0754,38.5083,30.5772,1177.48,146.549
4.529,0.0755,38.4841,30.5818,1176.91,146.666
4.531,0.0755,38.4599,30.5859,1176.33,146.782
4.534,0.0756,38.4359,30.5891,1175.72,146.899
4.536,0.0756,38.4119,30.5919,1175.09,147.016
4.539,0.0756,38.388,30.5937,1174.43,147.132
4.541,0.0757,38.3641,30.5569,1172.29,147.249
4.543,0.0757,38.3404,30.5585,1171.62,147.366
4.546,0.0758,38.3167,30.5599,1170.96,147.483
4.548,0.0758,38.2931,30.5604,1170.25,147.6
4.550,0.0758,38.2695,30.468,1166,147.717
4.553,0.0759,38.2461,30.3285,1159.95,147.834
4.555,0.0759,38.2227,30.3296,1159.28,147.95
4.557,0.0760,38.1993,30.3392,1158.94,148.067
4.560,0.0760,38.176,30.3309,1157.91,148.184
4.562,0.0760,38.1528,30.3497,1157.93,148.301
4.565,0.0761,38.1296,30.3326,1156.57,148.418
4.567,0.0761,38.1065,30.3605,1156.93,148.535
4.569,0.0762,38.0834,30.3354,1155.28,148.651
4.572,0.0762,38.0604,30.3147,1153.79,148.768
4.574,0.0762,38.0373,30.3245,1153.46,148.885
4.576,0.0763,38.0146,30.0064,1140.68,149.002
4.579,0.0763,37.9915,29.9706,1138.63,149.118
4.581,0.0764,37.9688,30.1059,1143.09,149.235
4.583,0.0764,37.9459,30.065,1140.84,149.352
4.586,0.0764,37.9233,30.1195,1142.23,149.468
4.588,0.0765,37.9004,30.0747,1139.84,149.585
4.590,0.0765,37.8778,30.1339,1141.41,149.701
4.593,0.0765,37.855,30.0862,1138.91,149.818
4.595,0.0766,37.8325,30.0382,1136.42,149.934
4.598,0.0766,37.8097,29.9623,1132.87,150.051
4.600,0.0767,37.7873,30.0522,1135.59,150.167
4.602,0.0767,37.7645,30.0568,1135.08,150.284
4.605,0.0767,37.7417,30.061,1134.55,150.401
4.607,0.0768,37.7189,30.065,1134.02,150.518
4.609,0.0768,37.6961,30.0686,1133.47,150.634
4.612,0.0769,37.6733,30.0719,1132.91,150.751
4.614,0.0769,37.6506,30.0749,1132.34,150.868
4.616,0.0769,37.6279,30.0776,1131.76,150.984
4.619,0.0770,37.6052,30.0801,1131.17,151.101
4.621,0.0770,37.5825,30.0821,1130.56,151.218
4.624,0.0771,37.5599,29.9489,1124.88,151.335
4.626,0.0771,37.5373,29.8789,1121.57,151.452
4.628,0.0771,37.5147,29.8848,1121.12,151.569
4.631,0.0772,37.4921,29.8748,1120.07,151.686
4.633,0.0772,37.4696,29.9049,1120.52,151.803
4.635,0.0773,37.4471,29.8818,1118.98,151.92
4.638,0.0773,37.4247,29.9251,1119.94,152.037
4.640,0.0773,37.4022,29.8893,1117.93,152.154
4.642,0.0774,37.38,29.8622,1116.25,152.272
4.645,0.0774,37.3576,29.7032,1109.64,152.389
4.647,0.0775,37.3356,29.6549,1107.18,152.506
4.649,0.0775,37.3133,29.4901,1100.37,152.624
4.652,0.0775,37.2915,29.4422,1097.94,152.741
4.654,0.0776,37.2694,29.3783,1094.91,152.859
4.657,0.0776,37.2478,29.4144,1095.62,152.976
4.659,0.0776,37.2258,29.3446,1092.38,153.094
4.661,0.0777,37.2044,29.4346,1095.1,153.211
4.664,0.0777,37.1827,29.3582,1091.62,153.329
4.666,0.0778,37.1615,29.4549,1094.59,153.447
4.668,0.0778,37.1399,29.373,1090.91,153.564
4.671,0.0778,37.1189,29.4758,1094.11,153.682
4.673,0.0779,37.0975,29.3779,1089.85,153.8
4.675,0.0779,37.0767,29.4335,1091.3,153.917
4.678,0.0780,37.0555,29.3994,1089.41,154.035
4.680,0.0780,37.0348,29.4538,1090.82,154.153
4.682,0.0780,37.0137,29.4219,1089.01,154.271
4.685,0.0781,36.9931,29.4757,1090.4,154.389
4.687,0.0781,36.9721,29.4454,1088.66,154.506
4.690,0.0782,36.9517,29.4992,1090.05,154.624
4.692,0.0782,36.9307,29.4696,1088.33,154.742
4.694,0.0782,36.9103,29.5247,1089.77,154.859
4.697,0.0783,36.8894,29.5371,1089.61,154.977
4.699,0.0783,36.8685,29.5544,1089.62,155.095
4.701,0.0784,36.8476,29.5632,1089.33,155.213
4.704,0.0784,36.8267,29.5849,1089.51,155.331
4.706,0.0784,36.8057,29.5922,1089.16,155.448
4.708,0.0785,36.7849,29.6194,1089.55,155.566
4.711,0.0785,36.764,29.6252,1089.14,155.684
4.713,0.0786,36.7432,29.6545,1089.6,155.801
4.715,0.0786,36.7222,29.4923,1083.02,155.919
4.718,0.0786,36.7014,29.5201,1083.43,156.036
4.720,0.0787,36.6805,29.525,1082.99,156.153
4.723,0.0787,36.6598,29.4172,1078.43,156.271
4.725,0.0787,36.6389,29.4194,1077.89,156.388
4.727,0.0788,36.6182,29.445,1078.22,156.506
4.730,0.0788,36.5973,29.453,1077.9,156.623
4.732,0.0789,36.5768,29.4697,1077.91,156.741
4.734,0.0789,36.556,29.4785,1077.62,156.858
4.737,0.0789,36.5356,29.4915,1077.49,156.976
4.739,0.0790,36.5149,29.5012,1077.23,157.093
4.741,0.0790,38.5127,29.4499,1134.2,157.211
4.744,0.0791,38.4898,29.3701,1130.45,157.328
4.746,0.0791,38.4667,29.3656,1129.6,157.446
4.749,0.0791,38.4439,29.3866,1129.73,157.564
4.751,0.0792,38.421,29.2903,1125.36,157.682
4.753,0.0792,38.3984,29.2239,1122.15,157.8
4.756,0.0793,38.3756,29.3833,1127.6,157.918
4.758,0.0793,38.3531,29.3559,1125.89,158.036
4.760,0.0793,38.3306,29.4051,1127.12,158.154
4.763,0.0794,38.3082,29.3723,1125.2,158.273
4.765,0.0794,38.2858,29.4267,1126.63,158.391
4.767,0.0795,38.2636,29.3886,1124.51,158.51
4.770,0.0795,38.2413,29.4537,1126.35,158.628
4.772,0.0795,38.2191,29.4056,1123.85,158.747
4.774,0.0796,38.197,29.481,1126.09,158.865
4.777,0.0796,38.1748,29.4239,1123.25,158.984
4.779,0.0797,38.1527,29.4145,1122.24,159.103
4.781,0.0797,38.1306,29.1649,1112.07,159.222
4.784,0.0797,38.1086,28.8277,1098.58,159.34
4.786,0.0798,38.0864,28.75,1094.98,159.459
4.789,0.0798,38.0644,28.8547,1098.34,159.578
4.791,0.0798,38.0423,28.8653,1098.1,159.697
4.793,0.0799,38.0201,28.8761,1097.87,159.816
4.796,0.0799,37.9979,28.887,1097.65,159.935
4.798,0.0800,37.9758,28.8981,1097.43,160.054
4.800,0.0800,37.9537,28.9093,1097.22,160.173
4.803,0.0800,37.9316,28.9207,1097.01,160.292
4.805,0.0801,37.9096,28.9323,1096.81,160.41
4.807,0.0801,37.8875,28.9439,1096.61,160.529
4.810,0.0802,37.8656,28.9558,1096.43,160.648
4.812,0.0802,37.8437,28.9677,1096.24,160.767
4.814,0.0802,37.8218,28.8749,1092.1,160.886
4.817,0.0803,37.8,28.8868,1091.92,161.004
4.819,0.0803,37.7782,28.8985,1091.73,161.123
4.822,0.0804,37.7565,28.8965,1091.03,161.242
4.824,0.0804,37.7348,28.9079,1090.84,161.36
4.826,0.0804,37.7132,28.8751,1088.97,161.479
4.829,0.0805,37.6917,28.7684,1084.33,161.597
4.831,0.0805,37.6702,28.7804,1084.16,161.716
4.833,0.0806,37.6488,28.7925,1084,161.834
4.836,0.0806,37.6274,28.6524,1078.12,161.953
4.838,0.0806,37.6061,28.664,1077.94,162.072
4.840,0.0807,37.5848,28.6819,1078,162.19
4.843,0.0807,37.5635,28.6334,1075.57,162.309
4.845,0.0808,37.5422,28.652,1075.66,162.427
4.847,0.0808,37.5209,28.4861,1068.82,162.546
4.850,0.0808,37.4998,28.5147,1069.29,162.664
4.852,0.0809,37.4785,28.5079,1068.43,162.783
4.854,0.0809,37.4574,28.5408,1069.06,162.901
4.857,0.0809,37.4361,28.528,1067.98,163.02
4.859,0.0810,37.415,28.5646,1068.74,163.139
4.862,0.0810,37.3938,28.5463,1067.46,163.257
4.864,0.0811,37.3727,28.4694,1063.98,163.376
4.866,0.0811,37.3516,28.4433,1062.4,163.495
4.869,0.0811,37.3305,28.4893,1063.52,163.614
4.871,0.0812,37.3094,28.4581,1061.76,163.733
4.873,0.0812,37.2884,28.5076,1063,163.852
4.876,0.0813,37.2674,28.4723,1061.09,163.971
4.878,0.0813,37.2464,28.5252,1062.46,164.09
4.880,0.0813,37.2255,28.4865,1060.42,164.209
4.883,0.0814,37.2046,28.5428,1061.92,164.329
4.885,0.0814,37.1838,28.5503,1061.61,164.448
4.887,0.0815,37.163,28.558,1061.3,164.567
4.890,0.0815,37.1422,28.5661,1061.01,164.687
4.892,0.0815,37.1215,28.5743,1060.72,164.806
4.895,0.0816,37.1008,28.5831,1060.46,164.926
4.897,0.0816,37.0802,28.592,1060.2,165.046
4.899,0.0817,37.0595,28.5456,1057.89,165.165
4.902,0.0817,37.0389,28.5554,1057.66,165.285
4.904,0.0817,37.0184,28.5659,1057.46,165.405
4.906,0.0818,36.9978,28.5762,1057.26,165.525
4.909,0.0818,36.9773,28.5872,1057.08,165.645
4.911,0.0818,36.9568,28.5689,1055.82,165.765
4.913,0.0819,36.9363,28.5739,1055.41,165.884
4.916,0.0819,36.9158,28.5993,1055.77,166.004
4.918,0.0820,36.8952,28.5972,1055.1,166.124
4.920,0.0820,36.8748,28.6288,1055.68,166.244
4.923,0.0820,36.8542,28.5107,1050.74,166.364
4.925,0.0821,36.8338,28.5423,1051.32,166.484
4.927,0.0821,36.8131,28.5378,1050.57,166.604
4.930,0.0822,36.7927,28.5715,1051.22,166.724
4.932,0.0822,36.7721,28.5049,1048.19,166.844
4.934,0.0822,36.7517,28.4994,1047.4,166.964
4.937,0.0823,36.7311,28.4787,1046.06,167.084
4.939,0.0823,36.7107,28.4078,1042.87,167.204
4.942,0.0824,36.6902,28.3764,1041.14,167.324
4.944,0.0824,36.6698,28.4121,1041.86,167.444
4.946,0.0824,36.6493,28.3873,1040.38,167.564
4.949,0.0825,36.6289,28.4283,1041.3,167.684
4.951,0.0825,36.6085,28.5671,1045.8,167.803
4.953,0.0826,36.588,28.6058,1046.63,167.923
4.956,0.0826,36.5677,28.5819,1045.18,168.043
4.958,0.0826,36.5472,28.6231,1046.09,168.163
4.960,0.0827,36.527,28.4281,1038.39,168.282
4.963,0.0827,36.5065,28.4205,1037.53,168.402
4.965,0.0828,36.4863,28.3671,1035.01,168.522
4.967,0.0828,36.4659,28.3977,1035.55,168.641
4.970,0.0828,36.4458,28.3821,1034.41,168.761
4.972,0.0829,36.4253,28.4157,1035.05,168.881
4.974,0.0829,36.4053,28.4138,1034.41,169.001
4.977,0.0829,36.3848,28.4339,1034.56,169.121
4.979,0.0830,36.3648,28.442,1034.29,169.241
4.982,0.0830,36.3448,28.4555,1034.21,169.361
4.984,0.0831,36.3248,28.4589,1033.76,169.481
4.986,0.0831,36.3049,28.4776,1033.88,169.601
4.989,0.0831,36.2849,28.4769,1033.28,169.721
4.991,0.0832,36.265,28.5003,1033.56,169.841
4.993,0.0832,36.2451,28.4964,1032.85,169.961
4.996,0.0833,36.2252,28.5239,1033.28,170.081
4.998,0.0833,36.2053,28.5179,1032.5,170.201
5.000,0.0833,36.1855,28.5483,1033.03,170.322
5.003,0.0834,36.1657,28.5416,1032.23,170.442
5.005,0.0834,36.1458,28.5737,1032.82,170.562
5.007,0.0835,36.1261,28.5677,1032.04,170.683
5.010,0.0835,36.1064,28.6003,1032.65,170.803
5.012,0.0835,36.0868,28.5962,1031.94,170.924
5.014,0.0836,36.067,28.6283,1032.54,171.044
5.017,0.0836,36.0476,28.627,1031.93,171.165
5.019,0.0837,36.0279,28.6577,1032.48,171.286
5.021,0.0837,36.0086,28.6599,1032,171.406
5.024,0.0837,35.989,28.2395,1016.31,171.527
5.026,0.0838,35.9699,28.1622,1012.99,171.648
5.029,0.0838,35.9504,28.2231,1014.63,171.769
5.031,0.0838,35.9314,28.1999,1013.26,171.889
5.033,0.0839,35.912,28.1834,1012.12,172.01
5.036,0.0839,35.8931,28.191,1011.86,172.131
5.038,0.0840,35.8738,28.2734,1014.28,172.252
5.040,0.0840,35.8551,28.2473,1012.81,172.373
5.043,0.0840,35.8359,28.3199,1014.87,172.494
5.045,0.0841,39.6576,28.2622,1120.81,172.615
5.047,0.0841,39.6368,28.3345,1123.09,172.736
5.050,0.0842,39.616,28.3043,1121.3,172.857
5.052,0.0842,39.5953,28.3073,1120.83,172.978
5.054,0.0842,39.5745,28.2437,1117.73,173.099
5.057,0.0843,39.5539,28.3554,1121.57,173.22
5.059,0.0843,39.5332,28.2253,1115.84,173.341
5.061,0.0844,39.5127,28.2862,1117.67,173.462
5.064,0.0844,39.4921,28.1625,1112.2,173.583
5.066,0.0844,39.4718,27.9775,1104.32,173.704
5.068,0.0845,39.4511,27.9961,1104.48,173.825
5.071,0.0845,39.431,28.0102,1104.47,173.946
5.073,0.0846,39.4104,28.0259,1104.51,174.067
5.076,0.0846,39.3899,28.0397,1104.48,174.188
5.078,0.0846,39.3694,28.0537,1104.46,174.31
5.080,0.0847,39.349,28.0658,1104.36,174.431
5.083,0.0847,39.3287,28.0783,1104.28,174.552
5.085,0.0847,39.3084,28.0523,1102.69,174.673
5.087,0.0848,39.2881,28.0631,1102.54,174.794
5.090,0.0848,39.2679,28.0726,1102.35,174.915
5.092,0.0849,39.2478,28.1078,1103.17,175.036
5.094,0.0849,39.2276,28.1174,1102.98,175.157
5.097,0.0849,39.2076,28.1276,1102.82,175.278
5.099,0.0850,39.1875,28.1377,1102.65,175.399
5.101,0.0850,39.1675,28.1484,1102.5,175.52
5.104,0.0851,39.1476,28.1595,1102.37,175.641
5.106,0.0851,39.1276,28.171,1102.26,175.762
5.108,0.0851,39.1077,28.1831,1102.18,175.883
5.111,0.0852,39.0879,28.1955,1102.1,176.004
5.113,0.0852,39.068,28.2089,1102.07,176.125
5.115,0.0853,39.0482,28.2223,1102.03,176.246
5.118,0.0853,39.0285,28.2367,1102.04,176.367
5.120,0.0853,39.0087,28.2323,1101.3,176.488
5.123,0.0854,38.989,28.2475,1101.34,176.609
5.125,0.0854,38.9694,28.2608,1101.31,176.73
5.127,0.0855,38.9498,28.1717,1097.28,176.851
5.130,0.0855,38.9302,28.1861,1097.29,176.972
5.132,0.0855,38.9107,28.161,1095.77,177.093
5.134,0.0856,38.8913,28.1755,1095.78,177.214
5.137,0.0856,38.8719,28.1907,1095.83,177.336
5.139,0.0856,38.8526,28.2043,1095.81,177.457
5.141,0.0857,38.8334,28.1593,1093.52,177.578
5.144,0.0857,38.8142,28.1631,1093.13,177.7
5.146,0.0858,38.7951,27.9055,1082.6,177.821
5.148,0.0858,38.776,27.8889,1081.42,177.942
5.151,0.0858,38.7572,27.9261,1082.34,178.064
5.153,0.0859,38.7382,27.7937,1076.68,178.185
5.155,0.0859,38.7195,27.8443,1078.12,178.307
5.158,0.0860,38.7007,27.7581,1074.26,178.429
5.160,0.0860,38.6822,27.8026,1075.46,178.551
5.162,0.0860,38.6635,27.765,1073.49,178.672
5.165,0.0861,38.6451,27.8142,1074.88,178.794
5.167,0.0861,38.6266,27.8166,1074.46,178.916
5.169,0.0862,38.608,27.689,1069.02,179.037
5.172,0.0862,38.5896,27.6898,1068.54,179.159
5.174,0.0862,38.5712,27.6902,1068.04,179.281
5.177,0.0863,38.5529,27.6912,1067.58,179.403
5.179,0.0863,38.5345,27.6919,1067.09,179.525
5.181,0.0864,38.5163,27.6935,1066.65,179.646
5.184,0.0864,38.4981,27.6948,1066.2,179.768
5.186,0.0864,38.4799,27.6973,1065.79,179.89
5.188,0.0865,38.4617,27.6995,1065.37,180.012
5.191,0.0865,38.4435,27.7029,1065,180.134
5.193,0.0865,38.4253,27.6215,1061.36,180.256
5.195,0.0866,38.4071,27.6249,1060.99,180.378
5.198,0.0866,38.389,27.6332,1060.81,180.499
5.200,0.0867,38.3707,27.6358,1060.41,180.621
5.202,0.0867,38.3526,27.6472,1060.34,180.743
5.205,0.0867,38.3342,27.6483,1059.88,180.865
5.207,0.0868,38.3161,27.6628,1059.93,180.987
5.209,0.0868,38.2978,27.5234,1054.08,181.108
5.212,0.0869,38.2796,27.535,1054.03,181.23
5.214,0.0869,38.2612,27.5371,1053.61,181.352
5.216,0.0869,38.2431,27.5521,1053.68,181.474
5.219,0.0870,38.2247,27.5505,1053.11,181.596
5.221,0.0870,38.2067,27.5695,1053.34,181.718
5.223,0.0871,38.1883,27.5626,1052.57,181.839
5.226,0.0871,38.1703,27.5862,1052.97,181.961
5.228,0.0871,38.152,27.5727,1051.95,182.083
5.231,0.0872,38.134,27.5066,1048.94,182.205
5.233,0.0872,38.1158,27.4993,1048.16,182.327
5.235,0.0873,38.0979,27.5191,1048.42,182.448
5.238,0.0873,38.0798,27.5051,1047.39,182.57
5.240,0.0873,38.0621,27.3849,1042.33,182.692
5.242,0.0874,38.0441,27.3701,1041.27,182.814
5.245,0.0874,38.0265,27.3793,1041.14,182.936
5.247,0.0874,38.0086,27.2155,1034.42,183.058
5.249,0.0875,37.9911,27.2234,1034.25,183.18
5.252,0.0875,37.9734,27.2125,1033.35,183.301
5.254,0.0876,37.956,27.2254,1033.37,183.423
5.256,0.0876,37.9384,27.2066,1032.18,183.545
5.259,0.0876,37.9211,27.2249,1032.4,183.667
5.261,0.0877,37.9036,27.221,1031.77,183.789
5.263,0.0877,37.8862,27.2673,1033.05,183.911
5.266,0.0878,37.8687,27.2637,1032.44,184.033
5.268,0.0878,37.8514,27.2583,1031.76,184.155
5.270,0.0878,37.834,27.2555,1031.19,184.277
5.273,0.0879,37.8167,27.1891,1028.2,184.399
5.275,0.0879,37.7994,27.1702,1027.02,184.52
5.277,0.0880,37.7822,27.1711,1026.58,184.642
5.280,0.0880,37.7648,27.161,1025.73,184.764
5.282,0.0880,37.7477,27.1646,1025.4,184.886
5.284,0.0881,37.7303,27.1576,1024.67,185.008
5.287,0.0881,37.7132,27.1571,1024.18,185.13
5.289,0.0882,37.6959,27.1535,1023.58,185.252
5.292,0.0882,37.6788,27.153,1023.09,185.374
5.294,0.0882,37.6616,27.1539,1022.66,185.496
5.296,0.0883,37.6445,27.1529,1022.16,185.618
5.299,0.0883,37.6273,27.1587,1021.91,185.74
5.301,0.0883,37.6103,27.1976,1022.91,185.862
5.303,0.0884,37.5931,27.2091,1022.88,185.984
5.306,0.0884,37.5762,27.2035,1022.2,186.107
5.308,0.0885,37.5591,27.3713,1028.04,186.229
5.310,0.0885,37.5423,27.3805,1027.93,186.351
5.313,0.0885,37.5253,27.3477,1026.23,186.473
5.315,0.0886,37.5085,27.3598,1026.22,186.596
5.317,0.0886,37.4917,27.3644,1025.94,186.718
5.320,0.0887,37.475,27.3781,1026,186.84
5.322,0.0887,37.4583,27.3677,1025.15,186.963
5.324,0.0887,37.4418,27.3869,1025.41,187.085
5.327,0.0888,37.4252,27.2821,1021.04,187.207
5.329,0.0888,37.4088,27.3096,1021.62,187.33
5.331,0.0889,37.3924,27.279,1020.03,187.452
5.334,0.0889,37.3761,27.3306,1021.51,187.575
5.336,0.0889,37.3597,27.293,1019.66,187.697
5.338,0.0890,37.3435,27.3503,1021.36,187.82
5.341,0.0890,37.3272,27.3052,1019.23,187.942
5.343,0.0891,37.3111,27.3682,1021.14,188.065
5.345,0.0891,37.2948,27.3155,1018.72,188.187
5.348,0.0891,37.2788,27.384,1020.84,188.309
5.350,0.0892,37.2625,27.2484,1015.34,188.432
5.352,0.0892,37.2465,27.3244,1017.74,188.554
5.355,0.0892,37.2302,27.3281,1017.43,188.677
5.357,0.0893,37.2139,27.3308,1017.09,188.799
5.360,0.0893,37.1976,27.0379,1005.75,188.922
5.362,0.0894,37.1813,26.9394,1001.64,189.044
5.364,0.0894,37.165,26.9431,1001.34,189.166
5.367,0.0894,37.1487,26.9464,1001.02,189.289
5.369,0.0895,37.1323,26.9501,1000.72,189.411
5.371,0.0895,37.1159,26.9536,1000.41,189.534
5.374,0.0896,37.0995,26.9575,1000.11,189.656
5.376,0.0896,37.0831,26.9616,999.819,189.779
5.378,0.0896,37.0666,26.9661,999.541,189.901
5.381,0.0897,37.0501,26.971,999.279,190.024
5.383,0.0897,37.0336,26.8808,995.493,190.146
5.385,0.0898,37.0171,26.8866,995.265,190.269
5.388,0.0898,37.0006,26.8925,995.039,190.391
5.390,0.0898,36.984,26.8993,994.846,190.514
5.392,0.0899,36.9675,26.9059,994.645,190.636
5.395,0.0899,36.951,26.9134,994.477,190.758
5.397,0.0900,36.9345,26.8128,990.317,190.881
5.399,0.0900,36.918,26.8209,990.173,191.003
5.402,0.0900,36.9015,26.7657,987.695,191.126
5.404,0.0901,36.8851,26.7766,987.656,191.248
5.406,0.0901,36.8686,26.7784,987.284,191.37
5.409,0.0901,36.8523,26.7928,987.376,191.492
5.411,0.0902,36.8359,26.7896,986.82,191.615
5.413,0.0902,36.8197,26.8074,987.04,191.737
5.416,0.0903,36.8033,26.8273,987.333,191.859
5.418,0.0903,36.7873,26.8451,987.557,191.981
5.420,0.0903,36.771,26.8359,986.782,192.103
5.423,0.0904,36.7551,26.8565,987.115,192.226
5.425,0.0904,36.739,26.607,977.517,192.348
5.427,0.0905,36.7233,26.6259,977.79,192.47
5.430,0.0905,36.7073,26.6127,976.881,192.592
5.432,0.0905,36.6917,26.6364,977.334,192.715
5.435,0.0906,39.6769,26.6134,1055.94,192.837
5.437,0.0906,39.6586,26.6384,1056.44,192.959
5.439,0.0907,39.6405,26.6199,1055.23,193.082
5.442,0.0907,39.6223,26.6525,1056.03,193.204
5.444,0.0907,39.6043,26.6279,1054.58,193.327
5.446,0.0908,39.5861,26.6698,1055.75,193.449
5.449,0.0908,39.5681,26.6752,1055.49,193.572
5.451,0.0908,39.5502,26.6826,1055.3,193.694
5.453,0.0909,39.5322,26.6906,1055.14,193.817
5.456,0.0909,39.5143,26.7005,1055.05,193.939
5.458,0.0910,39.4964,26.6665,1053.23,194.062
5.460,0.0910,39.4785,26.6785,1053.23,194.185
5.463,0.0910,39.4607,26.6918,1053.28,194.308
5.465,0.0911,39.4428,26.7062,1053.37,194.43
5.467,0.0911,39.425,26.5985,1048.64,194.553
5.470,0.0912,39.4072,26.616,1048.86,194.676
5.472,0.0912,39.3894,26.635,1049.14,194.799
5.474,0.0912,39.3716,26.6545,1049.43,194.922
5.477,0.0913,39.3538,26.6745,1049.74,195.045
5.479,0.0913,39.3361,26.6954,1050.09,195.168
5.481,0.0914,39.3183,26.5883,1045.4,195.291
5.484,0.0914,39.3007,26.6131,1045.91,195.414
5.486,0.0914,39.2829,26.6288,1046.06,195.537
5.488,0.0915,39.2653,26.6546,1046.6,195.66
5.491,0.0915,39.2476,26.6685,1046.67,195.783
5.493,0.0916,39.2302,26.7068,1047.71,195.906
5.495,0.0916,39.2125,26.6364,1044.48,196.029
5.498,0.0916,39.1952,26.525,1039.65,196.152
5.500,0.0917,39.1776,26.5641,1040.72,196.275
5.502,0.0917,39.1603,26.5905,1041.29,196.398
5.505,0.0917,39.1428,26.6353,1042.58,196.521
5.507,0.0918,39.1257,26.6261,1041.76,196.644
5.510,0.0918,39.1082,26.6005,1040.3,196.767
5.512,0.0919,39.0911,26.4854,1035.34,196.89
5.514,0.0919,39.0738,26.5619,1037.87,197.013
5.517,0.0919,39.0567,26.5189,1035.74,197.136
5.519,0.0920,39.0394,26.5965,1038.31,197.259
5.521,0.0920,39.0222,26.5514,1036.1,197.382
5.524,0.0921,39.005,26.6286,1038.65,197.505
5.526,0.0921,38.9878,26.5923,1036.77,197.628
5.528,0.0921,38.9705,26.6596,1038.94,197.751
5.531,0.0922,38.9533,26.6199,1036.93,197.874
5.533,0.0922,38.936,26.6903,1039.22,197.996
5.535,0.0923,38.9187,26.6233,1036.15,198.119
5.538,0.0923,38.9014,26.6896,1038.26,198.242
5.540,0.0923,38.884,26.6459,1036.1,198.365
5.542,0.0924,38.8667,26.6566,1036.05,198.488
5.545,0.0924,38.8494,26.6621,1035.8,198.611
5.547,0.0924,38.832,26.5877,1032.45,198.734
5.549,0.0925,38.8147,26.5875,1031.98,198.857
5.552,0.0925,38.7973,26.4877,1027.65,198.979
5.554,0.0926,38.7799,26.4897,1027.27,199.102
5.556,0.0926,38.7625,26.499,1027.17,199.225
5.559,0.0926,38.745,26.4995,1026.72,199.347
5.561,0.0927,38.7277,26.3977,1022.32,199.47
5.563,0.0927,38.7103,26.3963,1021.81,199.592
5.566,0.0928,38.693,26.4076,1021.79,199.715
5.568,0.0928,38.6756,26.4054,1021.24,199.838
5.570,0.0928,38.6584,26.4187,1021.3,199.96
5.573,0.0929,38.6411,26.4162,1020.75,200.083
5.575,0.0929,38.624,26.4317,1020.9,200.205
5.577,0.0930,38.6069,26.4296,1020.36,200.328
5.580,0.0930,38.5899,26.4473,1020.6,200.45
5.582,0.0930,38.5729,26.4464,1020.11,200.573
5.584,0.0931,38.5561,26.4662,1020.43,200.696
5.587,0.0931,38.5393,26.4673,1020.03,200.818
5.589,0.0932,38.5227,26.4887,1020.42,200.941
5.591,0.0932,38.506,26.4832,1019.76,201.064
5.594,0.0932,38.4895,26.4902,1019.6,201.187
5.596,0.0933,38.4731,26.5119,1019.99,201.31
5.598,0.0933,38.4567,26.4787,1018.28,201.433
5.601,0.0933,38.4404,26.4965,1018.53,201.556
5.603,0.0934,38.4241,26.5091,1018.59,201.679
5.606,0.0934,38.4079,26.4914,1017.48,201.803
5.608,0.0935,38.3917,26.4999,1017.38,201.926
5.610,0.0935,38.3756,26.5479,1018.79,202.049
5.613,0.0935,38.3595,26.5706,1019.23,202.173
5.615,0.0936,38.3434,26.584,1019.32,202.296
5.617,0.0936,38.3273,26.6069,1019.77,202.42
5.620,0.0937,38.3113,26.4365,1012.82,202.543
5.622,0.0937,38.2952,26.4474,1012.81,202.667
5.624,0.0937,38.2791,26.4713,1013.3,202.791
5.627,0.0938,38.263,26.4813,1013.25,202.914
5.629,0.0938,38.2469,26.5052,1013.74,203.038
5.631,0.0939,38.2308,26.5152,1013.7,203.161
5.634,0.0939,38.2146,26.479,1011.89,203.285
5.636,0.0939,38.1985,26.4957,1012.09,203.409
5.638,0.0940,38.1823,26.5111,1012.26,203.532
5.641,0.0940,38.1661,26.5263,1012.4,203.656
5.643,0.0940,38.1498,26.5404,1012.51,203.779
5.645,0.0941,38.1335,26.554,1012.6,203.903
5.648,0.0941,38.1173,26.5667,1012.65,204.026
5.650,0.0942,38.1009,26.5786,1012.67,204.15
5.652,0.0942,38.0846,26.5899,1012.67,204.273
5.655,0.0942,38.0683,26.6003,1012.63,204.396
5.657,0.0943,38.052,26.6103,1012.57,204.52
5.659,0.0943,38.0357,26.6192,1012.48,204.643
5.662,0.0944,38.0194,26.6281,1012.39,204.766
5.664,0.0944,38.0031,26.6359,1012.25,204.889
5.666,0.0944,37.9869,26.6441,1012.13,205.012
5.669,0.0945,37.9707,26.6511,1011.96,205.135
5.671,0.0945,37.9545,26.6587,1011.82,205.258
5.673,0.0946,37.9384,26.5555,1007.47,205.381
5.676,0.0946,37.9223,26.5621,1007.3,205.504
5.678,0.0946,37.9063,26.4638,1003.14,205.627
5.680,0.0947,37.8903,26.4693,1002.93,205.75
5.683,0.0947,37.8744,26.4743,1002.7,205.872
5.685,0.0948,37.8585,26.3697,998.319,205.995
5.687,0.0948,37.8427,26.3745,998.08,206.118
5.690,0.0948,37.8269,26.386,998.099,206.241
5.692,0.0949,37.8111,26.5035,1002.13,206.363
5.694,0.0949,37.7955,26.5198,1002.33,206.486
5.697,0.0949,37.7798,26.5154,1001.75,206.609
5.699,0.0950,37.7642,26.5362,1002.12,206.732
5.702,0.0950,37.7487,26.5296,1001.46,206.854
5.704,0.0951,37.7332,26.5588,1002.15,206.977
5.706,0.0951,37.7177,26.5643,1001.94,207.1
5.709,0.0951,37.7023,26.578,1002.05,207.223
5.711,0.0952,37.687,26.583,1001.83,207.346
5.713,0.0952,37.6717,26.5882,1001.62,207.469
5.716,0.0953,37.6564,26.5941,1001.44,207.592
5.718,0.0953,37.6412,26.6111,1001.67,207.715
5.720,0.0953,37.6261,26.4448,995.014,207.838
5.723,0.0954,37.611,26.4478,994.728,207.961
5.725,0.0954,37.5959,26.4638,994.933,208.084
5.727,0.0955,37.581,26.4719,994.838,208.207
5.730,0.0955,37.566,26.4841,994.901,208.331
5.732,0.0955,37.5511,26.4962,994.962,208.454
5.734,0.0956,37.5363,26.5081,995.016,208.577
5.737,0.0956,37.5215,26.52,995.07,208.701
5.739,0.0956,37.5067,26.5316,995.114,208.824
5.741,0.0957,37.492,26.48,992.789,208.948
5.744,0.0957,37.4773,26.4916,992.833,209.071
5.746,0.0958,37.4627,26.3997,989.005,209.195
5.748,0.0958,37.4481,26.4108,989.035,209.319
5.751,0.0958,37.4335,26.3458,986.215,209.442
5.753,0.0959,37.4189,26.2589,982.58,209.566
5.755,0.0959,37.4044,26.2696,982.6,209.69
5.758,0.0960,37.3898,26.2861,982.833,209.814
5.760,0.0960,37.3753,26.2946,982.769,209.938
5.762,0.0960,37.3608,26.3156,983.17,210.062
5.765,0.0961,37.3463,26.2487,980.293,210.185
5.767,0.0961,37.3317,26.2715,980.758,210.309
5.769,0.0962,37.3172,26.2744,980.486,210.433
5.772,0.0962,37.3026,26.1947,977.132,210.557
5.774,0.0962,37.2881,26.1875,976.48,210.681
5.776,0.0963,37.2735,26.2315,977.738,210.804
5.779,0.0963,37.2589,26.2174,976.832,210.928
5.781,0.0964,37.2443,26.2709,978.441,211.052
5.783,0.0964,37.2297,26.2487,977.23,211.175
5.786,0.0964,37.2151,26.3118,979.194,211.299
5.788,0.0965,37.2005,26.2802,977.635,211.422
5.790,0.0965,37.1859,26.3359,979.324,211.546
5.793,0.0965,37.1712,26.1247,971.086,211.669
5.795,0.0966,37.1566,26.1466,971.521,211.792
5.797,0.0966,40.1657,26.1082,1048.66,211.916
5.800,0.0967,40.1488,26.1152,1048.49,212.039
5.802,0.0967,40.1321,26.1243,1048.42,212.162
5.804,0.0967,40.1152,26.1591,1049.38,212.285
5.807,0.0968,40.0986,26.1514,1048.63,212.408
5.809,0.0968,40.0818,26.1793,1049.31,212.531
5.811,0.0969,40.0652,26.1687,1048.45,212.654
5.814,0.0969,40.0486,26.1946,1049.06,212.778
5.816,0.0969,40.0321,26.1825,1048.14,212.901
5.819,0.0970,40.0155,26.2057,1048.63,213.024
5.821,0.0970,39.9991,26.1934,1047.71,213.147
5.823,0.0971,39.9827,26.1972,1047.44,213.27
5.826,0.0971,39.9663,26.2037,1047.26,213.393
5.828,0.0971,39.9499,26.2034,1046.82,213.516
5.830,0.0972,39.9336,26.2124,1046.76,213.64
5.833,0.0972,39.9173,26.2095,1046.21,213.763
5.835,0.0972,39.9011,26.2203,1046.22,213.886
5.837,0.0973,39.8848,26.2167,1045.65,214.01
5.840,0.0973,39.8687,26.2478,1046.46,214.133
5.842,0.0974,39.8525,26.2471,1046.01,214.256
5.844,0.0974,39.8363,26.0075,1036.04,214.38
5.847,0.0974,39.8202,26.006,1035.56,214.503
5.849,0.0975,39.8041,26.0142,1035.47,214.627
5.851,0.0975,39.7879,26.018,1035.2,214.75
5.854,0.0976,39.7718,26.0222,1034.95,214.874
5.856,0.0976,39.7557,26.0329,1034.96,214.998
5.858,0.0976,39.7397,26.0317,1034.49,215.121
5.861,0.0977,39.7235,26.0427,1034.51,215.245
5.863,0.0977,39.7075,26.0261,1033.43,215.369
5.865,0.0978,39.6914,26.0607,1034.38,215.493
5.868,0.0978,39.6753,26.0373,1033.04,215.616
5.870,0.0978,39.6592,26.0794,1034.29,215.74
5.872,0.0979,39.6432,26.0238,1031.67,215.864
5.875,0.0979,39.6271,26.0396,1031.88,215.988
5.877,0.0979,39.6112,26.0382,1031.41,216.112
5.879,0.0980,39.5951,26.0546,1031.63,216.236
5.882,0.0980,39.5792,26.0537,1031.19,216.36
5.884,0.0981,39.5632,26.0691,1031.38,216.484
5.886,0.0981,39.5474,26.0701,1031,216.608
5.889,0.0981,39.5314,26.0833,1031.11,216.732
5.891,0.0982,39.5156,26.0873,1030.86,216.856
5.893,0.0982,39.4998,26.0976,1030.85,216.98
5.896,0.0983,39.4841,26.1065,1030.79,217.104
5.898,0.0983,39.4684,26.1124,1030.61,217.228
5.900,0.0983,39.4527,26.1265,1030.76,217.352
5.903,0.0984,39.4371,26.1283,1030.42,217.476
5.905,0.0984,39.4216,26.1469,1030.75,217.6
5.907,0.0985,39.406,26.1455,1030.29,217.724
5.910,0.0985,39.3906,26.1677,1030.76,217.847
5.912,0.0985,39.3751,25.7633,1014.43,217.972
5.914,0.0986,39.3597,25.8314,1016.72,218.095
5.917,0.0986,39.3443,25.8405,1016.68,218.219
5.919,0.0987,39.329,25.8495,1016.63,218.343
5.921,0.0987,39.3136,25.8583,1016.58,218.467
5.924,0.0987,39.2983,25.8671,1016.53,218.591
5.926,0.0988,39.2829,25.8632,1015.98,218.715
5.928,0.0988,39.2676,25.8712,1015.9,218.839
5.931,0.0988,39.2523,25.7552,1010.95,218.963
5.933,0.0989,39.2369,25.7625,1010.84,219.087
5.935,0.0989,39.2216,25.7042,1008.16,219.211
5.938,0.0990,39.2062,25.7091,1007.96,219.334
5.940,0.0990,39.1908,25.7132,1007.72,219.458
5.942,0.0990,39.1754,25.7173,1007.48,219.582
5.945,0.0991,39.16,25.7204,1007.21,219.705
5.947,0.0991,39.1446,25.7236,1006.94,219.829
5.949,0.0992,39.1291,25.7258,1006.63,219.953
5.952,0.0992,39.1137,25.7282,1006.33,220.076
5.954,0.0992,39.0982,25.7298,1005.99,220.2
5.956,0.0993,39.0828,25.7316,1005.66,220.323
5.959,0.0993,39.0673,25.7326,1005.3,220.447
5.961,0.0994,39.0519,25.7576,1005.88,220.57
5.964,0.0994,39.0365,25.7585,1005.52,220.694
5.966,0.0994,39.0211,25.7392,1004.37,220.818
5.968,0.0995,39.0057,25.7322,1003.7,220.941
5.971,0.0995,38.9903,25.7442,1003.77,221.065
5.973,0.0995,38.975,25.6337,999.075,221.188
5.975,0.0996,38.9598,25.6473,999.213,221.312
5.978,0.0996,38.9445,25.6326,998.248,221.436
5.980,0.0997,38.9294,25.6498,998.531,221.559
5.982,0.0997,38.9142,25.6314,997.426,221.683
5.985,0.0997,38.8991,25.6518,997.834,221.807
5.987,0.0998,38.8841,25.6424,997.08,221.931
5.989,0.0998,38.8691,25.6713,997.821,222.055
5.992,0.0999,38.8541,25.6582,996.928,222.179
5.994,0.0999,38.8392,25.6837,997.535,222.303
5.996,0.0999,38.8243,25.6615,996.292,222.427
5.999,0.1000,38.8095,25.6887,996.967,222.551
6.001,0.1000,38.7947,25.6233,994.048,222.675
6.003,0.1001,38.7799,25.658,995.013,222.799
6.006,0.1001,38.7651,25.6266,993.418,222.923
6.008,0.1001,38.7504,25.6633,994.465,223.047
6.010,0.1002,38.7356,25.6652,994.156,223.172
6.013,0.1002,38.7208,25.6673,993.858,223.296
6.015,0.1002,38.706,25.6694,993.561,223.42
6.017,0.1003,38.6912,25.6135,991.018,223.545
6.020,0.1003,38.6764,25.6163,990.748,223.669
6.022,0.1004,38.6616,25.6195,990.491,223.793
6.024,0.1004,38.6468,25.6228,990.238,223.918
6.027,0.1004,38.632,25.6264,989.999,224.042
6.029,0.1005,38.6172,25.6302,989.767,224.166
6.031,0.1005,38.6024,25.5364,985.765,224.29
6.034,0.1006,38.5876,25.5402,985.535,224.415
6.036,0.1006,38.5728,25.549,985.495,224.539
6.038,0.1006,38.558,25.5491,985.12,224.663
6.041,0.1007,38.5431,25.563,985.277,224.787
6.043,0.1007,38.5283,25.5448,984.2,224.911
6.045,0.1008,38.5135,25.3747,977.269,225.035
6.048,0.1008,38.4987,25.4517,979.858,225.159
6.050,0.1008,38.484,25.4136,978.014,225.284
6.052,0.1009,38.4692,25.4495,979.021,225.407
6.055,0.1009,38.4544,25.4323,977.985,225.532
6.057,0.1010,38.4396,25.4753,979.259,225.655
6.059,0.1010,38.4249,25.4526,978.013,225.78
6.062,0.1010,38.4101,25.5026,979.556,225.903
6.064,0.1011,38.3953,25.4957,978.915,226.028
6.066,0.1011,38.3806,25.548,980.546,226.151
6.069,0.1011,38.3658,25.5178,979.011,226.276
6.071,0.1012,38.3511,25.5776,980.927,226.399
6.073,0.1012,38.3363,25.5402,979.117,226.524
6.076,0.1013,38.3215,25.6078,981.329,226.648
6.078,0.1013,38.3067,25.5627,979.223,226.772
6.080,0.1013,38.2919,25.6382,981.735,226.896
6.083,0.1014,38.2771,25.5849,979.315,227.02
6.085,0.1014,38.2623,25.6682,982.127,227.144
6.087,0.1015,38.2475,25.6066,979.386,227.268
6.090,0.1015,38.2327,25.6976,982.489,227.392
6.092,0.1015,38.2178,25.6276,979.43,227.517
6.094,0.1016,38.203,25.7259,982.805,227.641
6.097,0.1016,38.188,25.648,979.445,227.765
6.099,0.1017,38.1733,25.7527,983.063,227.89
6.101,0.1017,38.1583,25.6676,979.433,228.014
6.104,0.1017,38.1435,25.6802,979.532,228.138
6.106,0.1018,38.1288,25.689,979.491,228.263
6.108,0.1018,38.1141,25.7046,979.707,228.388
6.111,0.1018,38.0993,25.4522,969.712,228.512
6.113,0.1019,38.0846,25.4288,968.446,228.637
6.115,0.1019,38.0699,25.4275,968.022,228.761
6.118,0.1020,38.0553,25.4498,968.5,228.886
6.120,0.1020,38.0405,25.4437,967.891,229.01
6.122,0.1020,38.026,25.4701,968.525,229.135
6.125,0.1021,38.0112,25.4588,967.721,229.26
6.127,0.1021,37.9968,25.4897,968.526,229.384
6.129,0.1022,37.9821,25.4957,968.381,229.509
6.132,0.1022,37.9677,25.5373,969.593,229.633
6.134,0.1022,37.953,25.5089,968.141,229.758
6.136,0.1023,40.9012,25.5255,1044.02,229.882
6.139,0.1023,40.8836,25.4973,1042.42,230.007
6.141,0.1024,40.8662,25.5435,1043.87,230.131
6.143,0.1024,40.8486,25.51,1042.05,230.256
6.146,0.1024,40.8312,25.562,1043.73,230.38
6.148,0.1025,40.8136,25.437,1038.17,230.505
6.150,0.1025,40.7962,25.5044,1040.48,230.629
6.153,0.1025,40.7786,25.3379,1033.24,230.754
6.155,0.1026,40.7612,25.3953,1035.14,230.878
6.157,0.1026,40.7437,25.337,1032.32,231.003
6.160,0.1027,40.7263,25.3911,1034.09,231.127
6.162,0.1027,40.7088,25.0116,1018.19,231.252
6.164,0.1027,40.6914,25.0677,1020.04,231.376
6.167,0.1028,40.6739,25.0325,1018.17,231.501
6.169,0.1028,40.6566,25.092,1020.15,231.625
6.171,0.1029,40.6391,25.0556,1018.24,231.75
6.174,0.1029,40.6218,25.118,1020.34,231.875
6.176,0.1029,40.6044,25.0814,1018.41,231.999
6.179,0.1030,40.5871,25.1455,1020.58,232.124
6.181,0.1030,40.5697,25.1092,1018.67,232.248
6.183,0.1031,40.5525,25.1561,1020.14,232.373
6.186,0.1031,40.5351,25.1441,1019.22,232.497
6.188,0.1031,40.518,25.1837,1020.39,232.622
6.190,0.1032,40.5007,25.1751,1019.61,232.747
6.193,0.1032,40.4836,25.1328,1017.47,232.872
6.195,0.1032,40.4663,25.1673,1018.43,232.996
6.197,0.1033,40.4494,25.1811,1018.56,233.121
6.200,0.1033,40.4325,25.1952,1018.7,233.246
6.202,0.1034,40.4156,25.2092,1018.85,233.372
6.204,0.1034,40.3988,25.2236,1019,233.497
6.207,0.1034,40.382,25.2379,1019.16,233.622
6.209,0.1035,40.3652,25.2526,1019.33,233.747
6.211,0.1035,40.3485,25.2308,1018.02,233.872
6.214,0.1036,40.3318,25.2467,1018.24,233.997
6.216,0.1036,40.3151,25.2622,1018.45,234.123
6.218,0.1036,40.2984,25.2783,1018.67,234.248
6.221,0.1037,40.2818,25.2939,1018.88,234.373
6.223,0.1037,40.2652,25.3101,1019.11,234.498
6.225,0.1038,40.2486,25.362,1020.78,234.623
6.228,0.1038,40.232,25.3793,1021.06,234.749
6.230,0.1038,40.2154,25.3958,1021.3,234.874
6.232,0.1039,40.1989,25.458,1023.38,234.999
6.235,0.1039,40.1823,25.4741,1023.61,235.124
6.237,0.1039,40.1658,25.4723,1023.12,235.249
6.239,0.1040,40.1493,25.4116,1020.26,235.374
6.242,0.1040,40.1328,25.4271,1020.46,235.499
6.244,0.1041,40.1162,25.356,1017.19,235.624
6.246,0.1041,40.0997,25.3676,1017.23,235.749
6.249,0.1041,40.0833,25.3863,1017.57,235.874
6.251,0.1042,40.0667,25.3932,1017.42,235.999
6.253,0.1042,40.0503,25.4152,1017.89,236.123
6.256,0.1043,40.0338,25.417,1017.54,236.248
6.258,0.1043,40.0174,25.3803,1015.65,236.373
6.260,0.1043,40.0008,25.3171,1012.71,236.498
6.263,0.1044,39.9845,25.3445,1013.39,236.622
6.265,0.1044,39.9679,25.3479,1013.1,236.747
6.267,0.1045,39.9516,25.3677,1013.48,236.872
6.270,0.1045,39.935,25.3635,1012.89,236.996
6.272,0.1045,39.9187,25.4142,1014.5,237.121
6.274,0.1046,39.9021,25.4055,1013.74,237.246
6.277,0.1046,39.8858,25.4303,1014.31,237.37
6.279,0.1046,39.8693,25.3942,1012.45,237.495
6.281,0.1047,39.853,25.4174,1012.96,237.62
6.284,0.1047,39.8365,25.3141,1008.42,237.745
6.286,0.1048,39.8202,25.3531,1009.57,237.869
6.288,0.1048,39.8038,25.3235,1007.97,237.994
6.291,0.1048,39.7875,25.299,1006.58,238.119
6.293,0.1049,39.7713,25.2728,1005.13,238.244
6.295,0.1049,39.7552,25.2789,1004.97,238.369
6.298,0.1050,39.739,25.285,1004.8,238.495
6.300,0.1050,39.7229,25.2914,1004.65,238.62
6.302,0.1050,39.7068,25.2979,1004.5,238.745
6.305,0.1051,39.6908,25.3048,1004.37,238.87
6.307,0.1051,39.6748,25.3117,1004.24,238.995
6.309,0.1052,39.6588,25.3193,1004.13,239.121
6.312,0.1052,39.6428,25.3269,1004.03,239.246
6.314,0.1052,39.6269,25.3353,1003.96,239.371
6.316,0.1053,39.6111,25.3443,1003.91,239.497
6.319,0.1053,39.5952,25.353,1003.86,239.622
6.321,0.1053,39.5794,25.3633,1003.87,239.747
6.323,0.1054,39.5636,25.3729,1003.84,239.873
6.326,0.1054,39.5478,25.3842,1003.89,239.998
6.328,0.1055,39.5321,25.3949,1003.91,240.124
6.330,0.1055,39.5164,25.4069,1003.99,240.249
6.333,0.1055,39.5007,25.3945,1003.1,240.375
6.335,0.1056,39.485,25.1565,993.305,240.5
6.337,0.1056,39.4693,25.1799,993.833,240.625
6.340,0.1057,39.4537,25.1816,993.508,240.751
6.342,0.1057,39.4381,25.2092,994.202,240.876
6.344,0.1057,39.4225,25.2083,993.776,241.002
6.347,0.1058,39.407,25.2401,994.636,241.127
6.349,0.1058,39.3914,25.2364,994.098,241.253
6.351,0.1059,39.3759,25.2721,995.109,241.378
6.354,0.1059,39.3604,25.2537,993.996,241.504
6.356,0.1059,39.3449,25.2717,994.311,241.629
6.358,0.1060,39.3295,25.2825,994.346,241.755
6.361,0.1060,39.314,25.3025,994.741,241.881
6.363,0.1060,39.2986,25.3114,994.702,242.006
6.365,0.1061,39.2832,25.3328,995.153,242.131
6.368,0.1061,39.2678,25.3399,995.042,242.257
6.370,0.1062,39.2525,25.3619,995.518,242.382
6.372,0.1062,39.2372,25.3673,995.343,242.508
6.375,0.1062,39.2219,25.3891,995.807,242.633
6.377,0.1063,39.2066,25.3932,995.579,242.758
6.379,0.1063,39.1913,25.4136,995.995,242.884
6.382,0.1064,39.1761,25.4168,995.73,243.009
6.384,0.1064,39.1609,25.3688,993.467,243.135
6.386,0.1064,39.1458,25.3786,993.463,243.261
6.389,0.1065,39.1307,25.3089,990.353,243.387
6.391,0.1065,39.1156,25.3186,990.35,243.512
6.393,0.1066,39.1005,25.325,990.22,243.638
6.396,0.1066,39.0854,25.3332,990.159,243.764
6.398,0.1066,39.0705,25.3379,989.964,243.889
6.400,0.1067,39.0554,25.344,989.819,244.015
6.403,0.1067,39.0405,25.3477,989.589,244.14
6.405,0.1067,39.0256,25.1976,983.351,244.266
6.407,0.1068,39.0107,25.2408,984.66,244.391
6.410,0.1068,38.9958,25.2407,984.28,244.516
6.412,0.1069,38.981,25.2452,984.083,244.642
6.414,0.1069,38.9661,25.2414,983.561,244.767
6.417,0.1069,38.9514,25.2483,983.454,244.893
6.419,0.1070,38.9365,25.2407,982.787,245.018
6.421,0.1070,38.9218,25.2507,982.803,245.144
6.424,0.1071,38.9071,25.2396,982.001,245.269
6.426,0.1071,38.8924,25.2533,982.162,245.395
6.428,0.1071,38.8777,25.2393,981.246,245.52
6.431,0.1072,38.8631,25.2569,981.561,245.646
6.433,0.1072,38.8484,25.2731,981.821,245.772
6.435,0.1073,38.8338,25.2684,981.267,245.898
6.438,0.1073,38.8193,25.2782,981.279,246.024
6.440,0.1073,38.8047,25.1706,976.736,246.15
6.442,0.1074,38.7902,25.1877,977.034,246.276
6.445,0.1074,38.7756,25.1792,976.339,246.402
6.447,0.1074,38.7611,25.1998,976.773,246.528
6.449,0.1075,38.7466,25.1999,976.412,246.655
6.452,0.1075,38.7322,25.2153,976.645,246.78
6.454,0.1076,38.7177,25.2152,976.273,246.907
6.456,0.1076,38.7033,25.2464,977.121,247.033
6.459,0.1076,38.6889,25.239,976.47,247.16
6.461,0.1077,38.6745,25.2161,975.22,247.286
6.463,0.1077,38.6601,25.2915,977.774,247.413
6.466,0.1078,38.6458,25.2415,975.477,247.539
6.468,0.1078,38.6315,25.3167,978.022,247.666
6.470,0.1078,38.6172,25.2685,975.799,247.792
6.473,0.1079,38.6029,25.3433,978.324,247.919
6.475,0.1079,38.5886,25.2964,976.152,248.045
6.477,0.1080,41.5498,25.2869,1050.67,248.172
6.480,0.1080,41.5345,25.1701,1045.43,248.299
6.482,0.1080,41.5191,25.1834,1045.59,248.425
6.484,0.1081,41.5038,25.1966,1045.75,248.552
6.487,0.1081,41.4885,25.1974,1045.4,248.679
6.489,0.1082,41.4732,25.1646,1043.66,248.806
6.491,0.1082,41.4579,25.1762,1043.75,248.933
6.494,0.1082,41.4425,25.188,1043.85,249.059
6.496,0.1083,41.4272,25.1988,1043.92,249.186
6.498,0.1083,41.4119,25.2042,1043.75,249.313
6.501,0.1083,41.3966,25.2143,1043.79,249.439
6.503,0.1084,41.3813,25.2248,1043.84,249.566
6.505,0.1084,41.366,25.2344,1043.85,249.692
6.508,0.1085,41.3507,25.2444,1043.87,249.818
6.510,0.1085,41.3353,25.2535,1043.86,249.945
6.512,0.1085,41.32,25.2631,1043.87,250.071
6.515,0.1086,41.3047,25.2719,1043.85,250.197
6.517,0.1086,41.2894,25.1889,1040.04,250.323
6.519,0.1087,41.2741,25.197,1039.98,250.449
6.522,0.1087,41.2588,25.1509,1037.7,250.576
6.524,0.1087,41.2436,25.1336,1036.6,250.702
6.526,0.1088,41.2283,25.1419,1036.56,250.828
6.529,0.1088,41.2131,25.0041,1030.5,250.953
6.531,0.1089,41.1979,25.0155,1030.59,251.079
6.533,0.1089,41.1828,25.0132,1030.11,251.205
6.536,0.1089,41.1676,25.0265,1030.28,251.331
6.538,0.1090,41.1525,25.0262,1029.89,251.457
6.540,0.1090,41.1374,25.04,1030.08,251.583
6.543,0.1090,41.1224,25.0375,1029.6,251.709
6.545,0.1091,41.1073,25.0511,1029.78,251.834
6.547,0.1091,41.0924,25.0467,1029.23,251.96
6.550,0.1092,41.0773,25.0594,1029.37,252.086
6.552,0.1092,41.0624,25.0536,1028.76,252.212
6.554,0.1092,41.0474,24.9978,1026.1,252.338
6.557,0.1093,41.0325,24.9711,1024.63,252.464
6.559,0.1093,41.0175,25.0011,1025.49,252.59
6.561,0.1094,41.0026,24.9726,1023.94,252.717
6.564,0.1094,40.9877,24.9214,1021.47,252.843
6.566,0.1094,40.9728,24.8944,1019.99,252.969
6.568,0.1095,40.9578,24.9202,1020.68,253.095
6.571,0.1095,40.9429,24.9197,1020.28,253.222
6.573,0.1096,40.928,24.9187,1019.87,253.349
6.575,0.1096,40.913,24.9181,1019.47,253.476
6.578,0.1096,40.8981,24.9171,1019.06,253.602
6.580,0.1097,40.8831,24.9169,1018.68,253.729
6.582,0.1097,40.8682,24.9164,1018.29,253.856
6.585,0.1097,40.8532,24.8694,1016,253.983
6.587,0.1098,40.8383,24.8693,1015.62,254.11
6.589,0.1098,40.8233,24.8705,1015.3,254.237
6.592,0.1099,40.8084,24.8618,1014.57,254.363
6.594,0.1099,40.7934,24.864,1014.29,254.49
6.596,0.1099,40.7784,24.875,1014.36,254.617
6.599,0.1100,40.7635,24.8008,1010.97,254.744
6.601,0.1100,40.7486,24.5987,1002.36,254.871
6.603,0.1101,40.7337,24.5835,1001.38,254.998
6.606,0.1101,40.7187,24.62,1002.5,255.124
6.608,0.1101,40.7039,24.5978,1001.23,255.251
6.610,0.1102,40.6889,24.644,1002.74,255.378
6.613,0.1102,40.6741,24.6162,1001.24,255.504
6.615,0.1103,40.6591,24.6699,1003.06,255.631
6.617,0.1103,40.6444,24.6383,1001.41,255.757
6.620,0.1103,40.6294,24.697,1003.42,255.884
6.622,0.1104,40.6146,24.6635,1001.7,256.01
6.624,0.1104,40.5997,24.7246,1003.81,256.137
6.627,0.1104,40.5849,24.6907,1002.07,256.263
6.629,0.1105,40.57,24.752,1004.19,256.389
6.631,0.1105,40.5553,24.7191,1002.49,256.516
6.634,0.1106,40.5404,24.7785,1004.53,256.642
6.636,0.1106,40.5256,24.7476,1002.91,256.768
6.638,0.1106,40.5107,24.8035,1004.81,256.894
6.641,0.1107,40.496,24.6829,999.557,257.021
6.643,0.1107,40.4811,24.7367,1001.37,257.147
6.645,0.1108,40.4664,24.7153,1000.14,257.273
6.648,0.1108,40.4516,24.7625,1001.68,257.399
6.650,0.1108,40.4368,24.7386,1000.35,257.526
6.652,0.1109,40.422,24.7812,1001.71,257.652
6.655,0.1109,40.4073,24.7587,1000.43,257.778
6.657,0.1110,40.3926,24.7979,1001.65,257.904
6.659,0.1110,40.3779,24.7756,1000.39,258.031
6.662,0.1110,40.3631,24.8128,1001.52,258.157
6.664,0.1111,40.3485,24.8195,1001.43,258.284
6.666,0.1111,40.3338,24.8004,1000.3,258.411
6.669,0.1111,40.3192,24.8148,1000.51,258.538
6.671,0.1112,40.3045,24.8278,1000.67,258.665
6.673,0.1112,40.2899,24.8581,1001.53,258.792
6.676,0.1113,40.2753,24.8729,1001.77,258.919
6.678,0.1113,40.2608,24.8654,1001.1,259.046
6.680,0.1113,40.2462,24.8096,998.492,259.173
6.683,0.1114,40.2317,24.697,993.603,259.3
6.685,0.1114,40.2172,24.7052,993.574,259.427
6.687,0.1115,40.2027,24.6381,990.516,259.554
6.690,0.1115,40.1882,24.6402,990.245,259.68
6.692,0.1115,40.1737,24.5255,985.28,259.807
6.694,0.1116,40.1593,24.5483,985.842,259.934
6.697,0.1116,40.1449,24.5388,985.11,260.06
6.699,0.1117,40.1306,24.5571,985.491,260.187
6.701,0.1117,40.1162,24.5416,984.516,260.314
6.704,0.1117,40.1019,24.5585,984.842,260.44
6.706,0.1118,40.0876,24.5437,983.898,260.567
6.708,0.1118,40.0733,24.5595,984.182,260.694
6.711,0.1118,40.0591,24.5455,983.269,260.821
6.713,0.1119,40.1447,24.5798,986.751,260.947
6.715,0.1119,40.1299,24.5728,986.104,261.074
6.718,0.1120,40.1149,24.5829,986.14,261.201
6.720,0.1120,40.1001,24.5758,985.493,261.328
6.722,0.1120,40.0852,24.4715,980.943,261.454
6.725,0.1121,40.0703,24.4633,980.253,261.582
6.727,0.1121,40.0554,24.4783,980.487,261.708
6.729,0.1122,40.0406,24.4678,979.703,261.836
6.732,0.1122,40.0257,24.4879,980.148,261.962
6.734,0.1122,40.0109,24.6458,986.103,262.09
6.736,0.1123,39.9961,24.6491,985.867,262.216
6.739,0.1123,39.9813,24.6567,985.808,262.344
6.741,0.1124,39.9665,24.6662,985.822,262.47
6.743,0.1124,39.9518,24.6697,985.597,262.598
6.746,0.1124,39.937,24.6858,985.876,262.725
6.748,0.1125,39.9223,24.6846,985.466,262.853
6.750,0.1125,39.9076,24.7072,986.005,262.979
6.753,0.1125,39.8929,24.7013,985.407,263.107
6.755,0.1126,39.8782,24.7298,986.178,263.233
6.757,0.1126,39.8635,24.7388,986.178,263.361
6.760,0.1127,39.8489,24.7481,986.185,263.489
6.762,0.1127,39.8343,24.6509,981.953,263.617
6.764,0.1127,39.8197,24.6607,981.982,263.745
6.767,0.1128,39.805,24.6701,981.992,263.873
6.769,0.1128,39.7903,24.6165,979.5,264
6.771,0.1129,39.7757,24.625,979.475,264.128
6.774,0.1129,39.761,24.6338,979.464,264.256
6.776,0.1129,39.7463,24.6298,978.943,264.384
6.778,0.1130,39.7316,24.6379,978.904,264.511
6.781,0.1130,39.7168,24.6454,978.837,264.639
6.783,0.1131,39.702,24.6532,978.784,264.766
6.785,0.1131,39.6873,24.6604,978.704,264.893
6.788,0.1131,39.6724,24.6679,978.636,265.02
6.790,0.1132,39.6576,24.6748,978.543,265.148
6.792,0.1132,39.6428,24.682,978.462,265.275
6.795,0.1132,39.6279,24.6886,978.358,265.402
6.797,0.1133,39.613,24.698,978.362,265.528
6.799,0.1133,39.5981,24.7049,978.265,265.655
6.802,0.1134,39.5831,24.7118,978.172,265.782
6.804,0.1134,39.5682,24.7185,978.066,265.909
6.806,0.1134,39.5532,24.6107,973.431,266.035
6.809,0.1135,39.5382,24.4834,968.029,266.162
6.811,0.1135,39.5232,24.4908,967.956,266.288
6.813,0.1136,42.3678,24.4929,1037.71,266.414
6.816,0.1136,42.3518,24.4995,1037.6,266.541
6.818,0.1136,42.3359,24.5054,1037.46,266.667
6.820,0.1137,42.3199,24.5107,1037.29,266.793
6.823,0.1137,42.3039,24.5172,1037.17,266.919
6.825,0.1138,42.2878,24.5203,1036.91,267.046
6.827,0.1138,42.2718,24.5283,1036.86,267.172
6.830,0.1138,42.2558,24.5285,1036.47,267.298
6.832,0.1139,42.2398,24.5385,1036.5,267.424
6.834,0.1139,42.2237,24.5353,1035.97,267.55
6.837,0.1139,42.2077,24.5479,1036.11,267.677
6.839,0.1140,42.1916,24.5601,1036.23,267.803
6.841,0.1140,42.1757,24.5513,1035.47,267.929
6.844,0.1141,42.1596,24.5675,1035.76,268.056
6.846,0.1141,42.1437,24.5589,1035,268.182
6.848,0.1141,42.1276,24.574,1035.25,268.309
6.851,0.1142,42.1117,24.5774,1035,268.436
6.853,0.1142,42.0958,24.5804,1034.73,268.562
6.855,0.1143,42.0799,24.5834,1034.47,268.689
6.858,0.1143,42.0641,24.5861,1034.19,268.816
6.860,0.1143,42.0482,24.5888,1033.92,268.943
6.862,0.1144,42.0324,24.5913,1033.63,269.07
6.865,0.1144,42.0166,24.5306,1030.69,269.197
6.867,0.1145,42.0008,24.5335,1030.43,269.324
6.869,0.1145,41.985,24.5271,1029.77,269.451
6.872,0.1145,41.9692,24.4256,1025.12,269.578
6.874,0.1146,41.9535,24.4266,1024.78,269.705
6.876,0.1146,41.9377,24.4955,1027.28,269.832
6.879,0.1146,41.922,24.4915,1026.73,269.959
6.881,0.1147,41.9062,24.5034,1026.85,270.087
6.883,0.1147,41.8905,24.4987,1026.26,270.213
6.886,0.1148,41.8748,24.5164,1026.62,270.341
6.888,0.1148,41.859,24.504,1025.71,270.467
6.890,0.1148,41.8434,24.5269,1026.29,270.594
6.893,0.1149,41.8276,24.5114,1025.25,270.721
6.895,0.1149,41.8119,24.539,1026.02,270.848
6.897,0.1150,41.7962,24.5214,1024.9,270.975
6.900,0.1150,41.7806,24.5019,1023.7,271.102
6.902,0.1150,41.7648,24.3869,1018.52,271.228
6.904,0.1151,41.7492,24.3205,1015.36,271.355
6.907,0.1151,41.7335,24.3091,1014.5,271.482
6.909,0.1152,41.7179,24.3396,1015.39,271.608
6.911,0.1152,41.7022,24.3278,1014.52,271.735
6.914,0.1152,41.6866,24.3602,1015.49,271.861
6.916,0.1153,41.6709,24.2538,1010.68,271.988
6.918,0.1153,41.6553,24.2813,1011.45,272.114
6.921,0.1153,41.6397,24.2841,1011.18,272.241
6.923,0.1154,41.6241,24.3053,1011.69,272.367
6.925,0.1154,41.6085,24.3094,1011.48,272.494
6.928,0.1155,41.5929,24.3293,1011.93,272.619
6.930,0.1155,41.5774,24.4141,1015.07,272.746
6.932,0.1155,41.5618,24.436,1015.6,272.872
6.935,0.1156,41.5463,24.4387,1015.34,272.999
6.937,0.1156,41.5307,24.4574,1015.73,273.124
6.939,0.1157,41.5152,24.4616,1015.53,273.251
6.942,0.1157,41.4996,24.4767,1015.77,273.377
6.944,0.1157,41.4842,24.4868,1015.81,273.504
6.946,0.1158,41.4687,24.4345,1013.27,273.631
6.949,0.1158,41.4532,24.4452,1013.33,273.758
6.951,0.1159,41.4377,24.4492,1013.12,273.885
6.953,0.1159,41.4222,24.4597,1013.18,274.012
6.956,0.1159,41.4068,24.4608,1012.84,274.139
6.958,0.1160,41.3912,24.4706,1012.87,274.265
6.960,0.1160,41.3758,24.4695,1012.45,274.392
6.963,0.1160,41.3602,24.478,1012.42,274.518
6.965,0.1161,41.3448,24.4135,1009.37,274.645
6.967,0.1161,41.3293,24.4018,1008.51,274.772
6.970,0.1162,41.3138,24.3907,1007.67,274.898
6.972,0.1162,41.2983,24.4041,1007.85,275.024
6.974,0.1162,41.2828,24.3924,1006.99,275.151
6.977,0.1163,41.2673,24.405,1007.13,275.277
6.979,0.1163,41.2518,24.3933,1006.27,275.404
6.981,0.1164,41.2364,24.4053,1006.39,275.53
6.984,0.1164,41.221,24.3943,1005.56,275.657
6.986,0.1164,41.2056,24.4059,1005.66,275.783
6.988,0.1165,41.1901,24.3958,1004.87,275.909
6.991,0.1165,41.1748,24.4078,1004.99,276.036
6.993,0.1166,41.1594,24.3189,1000.95,276.162
6.995,0.1166,41.1441,24.2626,998.261,276.289
6.998,0.1166,41.1287,24.2759,998.436,276.416
7.000,0.1167,41.1134,24.2696,997.809,276.543
7.002,0.1167,41.0981,24.2843,998.039,276.669
7.005,0.1167,41.0829,24.2795,997.473,276.796
7.007,0.1168,41.0675,24.2948,997.728,276.923
7.009,0.1168,41.0524,24.2749,996.543,277.05
7.012,0.1169,41.037,24.2761,996.219,277.176
7.014,0.1169,41.0219,24.2982,996.759,277.304
7.016,0.1169,41.0066,24.2917,996.121,277.431
7.019,0.1170,40.9915,24.0607,986.284,277.558
7.021,0.1170,40.9762,23.9833,982.744,277.685
7.023,0.1171,40.9611,23.9624,981.525,277.813
7.026,0.1171,40.9458,23.9348,980.03,277.939
7.028,0.1171,40.9307,23.9853,981.735,278.067
7.030,0.1172,40.9155,23.9553,980.142,278.193
7.033,0.1172,40.9004,24.0099,982.014,278.322
7.035,0.1173,40.8852,23.9786,980.369,278.448
7.037,0.1173,40.8701,23.9916,980.538,278.576
7.040,0.1173,40.855,24.0059,980.761,278.704
7.042,0.1174,40.84,24.02,980.976,278.832
7.044,0.1174,40.8249,24.0354,981.242,278.96
7.047,0.1174,40.8099,24.0504,981.494,279.088
7.049,0.1175,40.7949,23.9922,978.759,279.216
7.051,0.1175,40.78,24.0079,979.041,279.343
7.054,0.1176,40.765,24.0246,979.362,279.471
7.056,0.1176,40.7501,24.0997,982.066,279.599
7.058,0.1176,40.7352,24.1164,982.386,279.726
7.061,0.1177,40.7204,24.1322,982.675,279.853
7.063,0.1177,40.7056,24.1487,982.985,279.981
7.065,0.1178,40.6908,24.1642,983.261,280.108
7.068,0.1178,40.6761,24.18,983.549,280.235
7.070,0.1178,40.6614,24.133,981.282,280.361
7.072,0.1179,40.6467,24.1917,983.314,280.488
7.075,0.1179,40.6321,24.2059,983.535,280.615
7.077,0.1180,40.6175,24.2633,985.513,280.741
7.079,0.1180,40.8814,24.288,992.929,280.868
7.082,0.1180,40.8678,24.3014,993.146,280.994
7.084,0.1181,40.8542,24.3141,993.335,281.12
7.086,0.1181,40.8407,24.3207,993.273,281.247
7.089,0.1181,40.8272,24.338,993.654,281.373
7.091,0.1182,40.8137,24.3377,993.312,281.499
7.093,0.1182,40.8002,24.3599,993.888,281.625
7.096,0.1183,40.7868,24.3527,993.269,281.751
7.098,0.1183,40.7733,24.3798,994.045,281.877
7.100,0.1183,40.76,24.366,993.158,282.003
7.103,0.1184,40.7465,24.3981,994.138,282.129
7.105,0.1184,40.7332,24.378,992.994,282.255
7.107,0.1185,40.7198,24.4151,994.178,282.381
7.110,0.1185,40.7066,24.389,992.793,282.507
7.112,0.1185,40.6931,24.3159,989.489,282.633
7.114,0.1186,40.6799,24.2873,988.006,282.76
7.117,0.1186,40.6665,24.4599,994.697,282.886
7.119,0.1186,40.6534,24.4212,992.805,283.012
7.121,0.1187,40.64,24.4722,994.551,283.139
7.124,0.1187,40.6268,24.3174,987.94,283.266
7.126,0.1188,40.6135,24.3742,989.919,283.392
7.128,0.1188,40.6003,24.3269,987.681,283.519
7.131,0.1188,40.587,24.2171,982.898,283.646
7.133,0.1189,40.5737,24.2232,982.823,283.773
7.135,0.1189,40.5604,24.2294,982.751,283.9
7.138,0.1190,40.547,24.2362,982.705,284.027
7.140,0.1190,40.5337,24.2432,982.666,284.154
7.142,0.1190,40.5204,24.2507,982.649,284.281
7.145,0.1191,40.507,24.2586,982.645,284.409
7.147,0.1191,40.4937,24.2669,982.659,284.536
7.149,0.1192,40.4804,24.2757,982.69,284.663
7.152,0.1192,40.4671,24.2938,983.097,284.79
7.154,0.1192,40.4538,24.3039,983.184,284.917
7.156,0.1193,40.4404,24.3062,982.953,285.044
7.159,0.1193,40.4271,24.3252,983.397,285.171
7.161,0.1193,40.4138,24.2256,979.051,285.299
7.163,0.1194,40.4005,24.1943,977.463,285.426
7.166,0.1194,40.3873,24.1846,976.748,285.553
7.168,0.1195,40.374,24.2178,977.77,285.68
7.170,0.1195,40.3608,24.2024,976.83,285.807
7.173,0.1195,40.3476,24.2431,978.149,285.933
7.175,0.1196,40.3344,24.0594,970.42,286.06
7.177,0.1196,43.0325,24.0851,1036.44,286.187
7.180,0.1197,43.0183,24.0644,1035.21,286.314
7.182,0.1197,43.004,24.1123,1036.92,286.44
7.184,0.1197,42.99,24.089,1035.59,286.567
7.187,0.1198,42.9757,24.217,1040.74,286.694
7.189,0.1198,42.9618,24.2039,1039.84,286.82
7.191,0.1199,42.9477,24.2022,1039.43,286.947
7.194,0.1199,42.9339,24.2103,1039.44,287.073
7.196,0.1199,42.92,24.2265,1039.8,287.2
7.198,0.1200,42.9063,24.2154,1038.99,287.326
7.201,0.1200,42.8924,24.2162,1038.69,287.452
7.203,0.1200,42.8788,24.2437,1039.54,287.578
7.205,0.1201,42.8651,24.2374,1038.94,287.705
7.208,0.1201,42.8516,24.2716,1040.08,287.831
7.210,0.1202,42.838,24.2568,1039.11,287.958
7.212,0.1202,42.8245,24.2987,1040.58,288.083
7.215,0.1202,42.811,24.2741,1039.2,288.21
7.217,0.1203,42.7976,24.3245,1041.03,288.336
7.219,0.1203,42.7841,24.2891,1039.19,288.463
7.222,0.1204,42.7707,24.3484,1041.4,288.588
7.224,0.1204,42.7573,24.3547,1041.34,288.715
7.226,0.1204,42.7439,24.3595,1041.22,288.842
7.229,0.1205,42.7305,24.365,1041.13,288.969
7.231,0.1205,42.7171,24.3681,1040.93,289.096
7.233,0.1206,42.7036,24.3731,1040.82,289.223
7.236,0.1206,42.6901,24.3743,1040.54,289.35
7.238,0.1206,42.6766,24.3789,1040.41,289.477
7.240,0.1207,42.6631,24.3781,1040.04,289.604
7.243,0.1207,42.6494,24.3825,1039.9,289.731
7.245,0.1207,42.6359,24.3798,1039.45,289.858
7.247,0.1208,42.6223,24.3841,1039.3,289.985
7.250,0.1208,42.6087,24.3795,1038.78,290.111
7.252,0.1209,42.595,24.2542,1033.11,290.238
7.254,0.1209,42.5815,24.297,1034.6,290.365
7.257,0.1209,42.5678,24.2788,1033.49,290.492
7.259,0.1210,42.5543,24.2957,1033.89,290.619
7.261,0.1210,42.5406,24.2761,1032.72,290.746
7.264,0.1211,42.5271,24.2935,1033.13,290.873
7.266,0.1211,42.5135,24.2725,1031.91,291
7.268,0.1211,42.5001,24.291,1032.37,291.127
7.271,0.1212,42.4866,24.2519,1030.38,291.254
7.273,0.1212,42.4731,24.269,1030.78,291.381
7.275,0.1213,42.4597,24.1836,1026.83,291.509
7.278,0.1213,42.4463,24.2029,1027.32,291.636
7.280,0.1213,42.433,24.1656,1025.42,291.763
7.282,0.1214,42.4196,23.9729,1016.92,291.89
7.284,0.1214,42.4064,23.9739,1016.65,292.017
7.287,0.1214,42.3931,23.9269,1014.33,292.144
7.289,0.1215,42.3799,23.9151,1013.52,292.272
7.291,0.1215,42.3666,23.9052,1012.78,292.398
7.294,0.1216,42.3535,23.9141,1012.85,292.526
7.296,0.1216,42.3402,23.9157,1012.6,292.653
7.298,0.1216,42.327,23.9169,1012.33,292.78
7.301,0.1217,42.3138,23.9305,1012.59,292.907
7.303,0.1217,42.3006,23.9239,1012,293.035
7.305,0.1218,42.2873,23.9771,1013.93,293.161
7.308,0.1218,42.2742,23.9514,1012.52,293.289
7.310,0.1218,42.2608,23.9981,1014.18,293.416
7.312,0.1219,42.2476,23.8779,1008.78,293.543
7.315,0.1219,42.2343,23.9531,1011.64,293.67
7.317,0.1220,42.221,23.9619,1011.7,293.798
7.319,0.1220,42.2078,23.9709,1011.76,293.926
7.322,0.1220,42.1945,23.9795,1011.8,294.053
7.324,0.1221,42.1812,23.9883,1011.86,294.181
7.326,0.1221,42.1679,23.9962,1011.87,294.309
7.329,0.1221,42.1546,24.0044,1011.9,294.437
7.331,0.1222,42.1413,24.0113,1011.87,294.564
7.333,0.1222,42.128,24.0188,1011.86,294.692
7.336,0.1223,42.1148,24.0247,1011.79,294.82
7.338,0.1223,42.1015,24.0312,1011.75,294.948
7.340,0.1223,42.0882,23.9516,1008.08,295.075
7.343,0.1224,42.075,23.8732,1004.46,295.203
7.345,0.1224,42.0617,23.8765,1004.29,295.33
7.347,0.1225,42.0485,23.8804,1004.14,295.458
7.350,0.1225,42.0353,23.8831,1003.93,295.585
7.352,0.1225,42.0222,23.8863,1003.75,295.712
7.354,0.1226,42.0091,23.8886,1003.54,295.84
7.357,0.1226,41.996,23.819,1000.3,295.967
7.359,0.1227,41.9829,23.8213,1000.09,296.094
7.361,0.1227,41.9699,23.8239,999.886,296.221
7.364,0.1227,41.9569,23.8264,999.683,296.349
7.366,0.1228,41.9439,23.8358,999.765,296.476
7.368,0.1228,41.9309,23.8319,999.292,296.603
7.371,0.1228,41.9179,23.847,999.616,296.73
7.373,0.1229,41.9049,23.8378,998.92,296.857
7.375,0.1229,41.892,23.8567,999.403,296.984
7.378,0.1230,41.8789,23.9666,1003.69,297.11
7.380,0.1230,41.866,23.9801,1003.95,297.237
7.382,0.1230,41.853,23.9749,1003.42,297.364
7.385,0.1231,41.84,23.9846,1003.52,297.491
7.387,0.1231,41.827,23.983,1003.14,297.618
7.389,0.1232,41.814,23.9859,1002.95,297.745
7.392,0.1232,41.801,23.9907,1002.83,297.872
7.394,0.1232,41.788,23.9074,999.042,297.999
7.396,0.1233,41.7749,23.8513,996.384,298.126
7.399,0.1233,41.7619,23.8341,995.359,298.253
7.401,0.1233,41.7488,23.8568,995.995,298.381
7.403,0.1234,41.7358,23.8276,994.466,298.508
7.406,0.1234,41.7227,23.8627,995.615,298.635
7.408,0.1235,41.7097,23.8208,993.561,298.762
7.410,0.1235,41.6966,23.8236,993.364,298.89
7.413,0.1235,41.6836,23.827,993.194,299.017
7.415,0.1236,41.6705,23.8307,993.035,299.145
7.417,0.1236,41.6575,23.835,992.904,299.273
7.420,0.1237,41.6444,23.8397,992.793,299.4
7.422,0.1237,41.6314,23.8452,992.71,299.528
7.424,0.1237,41.6185,23.8513,992.655,299.655
7.427,0.1238,41.6055,23.7534,988.273,299.783
7.429,0.1238,41.5926,23.7609,988.278,299.911
7.431,0.1239,41.5797,23.7691,988.311,300.038
7.434,0.1239,41.5669,23.7995,989.273,300.166
7.436,0.1239,41.5541,23.8136,989.552,300.294
7.438,0.1240,41.5413,23.8195,989.49,300.421
7.441,0.1240,41.5285,23.8381,989.961,300.549
7.443,0.1240,41.5157,23.842,989.818,300.677
7.445,0.1241,41.5031,23.8628,990.38,300.804
7.448,0.1241,41.4904,23.8668,990.244,300.932
7.450,0.1242,41.4778,23.8865,990.759,301.059
7.452,0.1242,41.4651,23.8936,990.751,301.187
7.455,0.1242,41.4526,23.9892,994.415,301.314
7.457,0.1243,41.44,23.9976,994.461,301.442
7.459,0.1243,41.4276,24.0342,995.678,301.569
7.462,0.1244,41.415,24.0535,996.177,301.697
7.464,0.1244,41.4027,24.0517,995.803,301.824
7.466,0.1244,41.3901,24.0825,996.778,301.952
7.469,0.1245,41.3779,24.0799,996.377,302.079
7.471,0.1245,41.3653,24.116,997.565,302.207
7.473,0.1246,41.3531,24.0938,996.354,302.334
7.476,0.1246,41.3407,24.1426,998.071,302.461
7.478,0.1246,41.3285,24.1065,996.287,302.589
7.480,0.1247,41.3161,24.169,998.569,302.716
7.482,0.1247,41.3039,24.1199,996.248,302.843
7.485,0.1247,41.2915,24.1924,998.942,302.971
7.487,0.1248,41.2794,24.1333,996.207,303.098
7.489,0.1248,41.2671,24.1843,998.015,303.225
7.492,0.1249,41.2549,24.1159,994.899,303.352
7.494,0.1249,41.2426,24.1586,996.365,303.48
7.496,0.1249,41.2305,24.0639,992.166,303.607
7.499,0.1250,41.2182,24.1776,996.558,303.735
7.501,0.1250,41.206,24.0805,992.261,303.861
7.503,0.1251,41.1937,24.1385,994.356,303.989
7.506,0.1251,41.1815,24.1496,994.515,304.117
7.508,0.1251,41.1692,24.1574,994.54,304.245
7.510,0.1252,41.1569,24.17,994.764,304.373
7.513,0.1252,41.1446,24.1779,994.788,304.5
7.515,0.1253,41.1323,24.1631,993.882,304.628
7.517,0.1253,41.12,24.0746,989.946,304.756
7.520,0.1253,41.1077,24.0879,990.197,304.883
7.522,0.1254,41.0954,24.0535,988.487,305.011
7.524,0.1254,41.0831,24.0673,988.759,305.139
7.527,0.1254,41.0708,24.0722,988.665,305.266
7.529,0.1255,43.7328,24.0766,1052.94,305.394
7.531,0.1255,43.72,24.0864,1053.06,305.521
7.534,0.1256,43.7075,23.8375,1041.88,305.649
7.536,0.1256,43.6947,23.8462,1041.95,305.777
7.538,0.1256,43.6822,23.7508,1037.49,305.904
7.541,0.1257,43.6694,23.6955,1034.77,306.032
7.543,0.1257,43.6569,23.6697,1033.35,306.16
7.545,0.1258,43.6442,23.705,1034.58,306.287
7.548,0.1258,43.6317,23.6678,1032.67,306.415
7.550,0.1258,43.619,23.6195,1030.26,306.543
7.552,0.1259,43.6065,23.5717,1027.88,306.671
7.555,0.1259,43.5938,23.6216,1029.75,306.799
7.557,0.1259,43.5814,23.627,1029.7,306.926
7.559,0.1260,43.5686,23.6777,1031.6,307.054
7.562,0.1260,43.5562,23.6227,1028.92,307.182
7.564,0.1261,43.5435,23.6772,1030.99,307.31
7.566,0.1261,43.5311,23.6208,1028.24,307.438
7.569,0.1261,43.5184,23.6766,1030.37,307.566
7.571,0.1262,43.5061,23.6227,1027.73,307.694
7.573,0.1262,43.4934,23.6773,1029.81,307.822
7.576,0.1263,43.4811,23.633,1027.59,307.949
7.578,0.1263,43.4684,23.6806,1029.36,308.078
7.580,0.1263,43.4561,23.6493,1027.71,308.205
7.583,0.1264,43.4435,23.6673,1028.19,308.334
7.585,0.1264,43.4312,23.6476,1027.04,308.461
7.587,0.1265,43.4186,23.678,1028.06,308.59
7.590,0.1265,43.4063,23.6748,1027.64,308.717
7.592,0.1265,43.3938,23.6932,1028.14,308.846
7.594,0.1266,43.3816,23.7071,1028.45,308.973
7.596,0.1266,43.369,23.717,1028.58,309.102
7.599,0.1266,43.3565,23.7288,1028.8,309.23
7.601,0.1267,43.344,23.7404,1029,309.358
7.603,0.1267,43.3316,23.7537,1029.29,309.487
7.606,0.1268,43.3191,23.7213,1027.59,309.615
7.608,0.1268,43.3067,23.7362,1027.94,309.744
7.610,0.1268,43.2944,23.7506,1028.27,309.872
7.613,0.1269,43.282,23.7782,1029.17,310
7.615,0.1269,43.2697,23.7932,1029.53,310.129
7.617,0.1270,43.2574,23.8089,1029.91,310.257
7.620,0.1270,43.2451,23.8239,1030.27,310.385
7.622,0.1270,43.2329,23.7688,1027.59,310.513
7.624,0.1271,43.2207,23.7829,1027.91,310.642
7.627,0.1271,43.2085,23.7967,1028.22,310.77
7.629,0.1272,43.1964,23.8099,1028.5,310.898
7.631,0.1272,43.1843,23.8223,1028.75,311.026
7.634,0.1272,43.1722,23.9595,1034.39,311.154
7.636,0.1273,43.1602,23.8286,1028.45,311.282
7.638,0.1273,43.1481,23.8385,1028.59,311.41
7.641,0.1273,43.1361,23.8469,1028.66,311.538
7.643,0.1274,43.1242,23.8548,1028.72,311.666
7.645,0.1274,43.1122,23.8644,1028.85,311.794
7.648,0.1275,43.1003,23.8669,1028.67,311.921
7.650,0.1275,43.0884,23.8775,1028.84,312.049
7.652,0.1275,43.0764,23.875,1028.45,312.177
7.655,0.1276,43.0645,23.8861,1028.64,312.305
7.657,0.1276,43.0525,23.8455,1026.61,312.432
7.659,0.1277,43.0407,23.8566,1026.81,312.56
7.662,0.1277,43.0287,23.6845,1019.11,312.688
7.664,0.1277,43.0169,23.7456,1021.46,312.815
7.666,0.1278,43.0048,23.7047,1019.42,312.943
7.669,0.1278,42.9931,23.6828,1018.2,313.07
7.671,0.1278,42.981,23.6742,1017.54,313.198
7.673,0.1279,42.9692,23.6769,1017.38,313.326
7.676,0.1279,42.9571,23.6704,1016.81,313.454
7.678,0.1280,42.9453,23.6703,1016.53,313.581
7.680,0.1280,42.9331,23.667,1016.1,313.709
7.683,0.1280,42.9213,23.6276,1014.13,313.837
7.685,0.1281,42.9091,23.635,1014.16,313.965
7.687,0.1281,42.8973,23.6231,1013.37,314.093
7.689,0.1282,42.885,23.6233,1013.08,314.221
7.692,0.1282,42.8728,23.6246,1012.85,314.349
7.694,0.1282,42.8605,23.5847,1010.85,314.477
7.696,0.1283,42.8482,23.6153,1011.87,314.605
7.699,0.1283,42.8359,23.6193,1011.75,314.734
7.701,0.1284,42.8235,23.6241,1011.67,314.862
7.703,0.1284,42.8112,23.6295,1011.61,314.99
7.706,0.1284,42.7988,23.6356,1011.58,315.118
7.708,0.1285,42.7864,23.6423,1011.57,315.247
7.710,0.1285,42.7741,23.6494,1011.58,315.375
7.713,0.1285,42.7617,23.6573,1011.63,315.503
7.715,0.1286,42.7493,23.6659,1011.7,315.631
7.717,0.1286,42.7369,23.6741,1011.76,315.76
7.720,0.1287,42.7246,23.6839,1011.89,315.888
7.722,0.1287,42.7122,23.6922,1011.95,316.016
7.724,0.1287,42.6999,23.6138,1008.31,316.144
7.727,0.1288,42.6876,23.6216,1008.35,316.273
7.729,0.1288,42.6754,23.6332,1008.56,316.401
7.731,0.1289,42.6631,23.6406,1008.58,316.529
7.734,0.1289,42.6511,23.6524,1008.8,316.657
7.736,0.1289,42.6389,23.6595,1008.81,316.785
7.738,0.1290,42.6269,23.671,1009.02,316.914
7.741,0.1290,42.6148,23.6776,1009.02,317.042
7.743,0.1290,42.603,23.5772,1004.46,317.17
7.745,0.1291,42.591,23.6251,1006.22,317.298
7.748,0.1291,42.5794,23.6259,1005.97,317.426
7.750,0.1292,42.5675,23.6403,1006.31,317.554
7.752,0.1292,42.5559,23.6399,1006.02,317.683
7.755,0.1292,42.5441,23.6542,1006.35,317.811
7.757,0.1293,42.5327,23.5714,1002.55,317.939
7.759,0.1293,42.521,23.5863,1002.91,318.067
7.761,0.1294,42.5096,23.5829,1002.5,318.195
7.764,0.1294,42.4979,23.6498,1005.07,318.323
7.766,0.1294,42.4866,23.6219,1003.62,318.451
7.768,0.1295,42.475,23.6417,1004.18,318.58
7.771,0.1295,42.4637,23.6334,1003.56,318.708
7.773,0.1296,42.4521,23.619,1002.68,318.836
7.775,0.1296,42.4409,23.6113,1002.08,318.964
7.778,0.1296,42.4292,23.5456,999.02,319.092
7.780,0.1297,42.4179,23.4822,996.068,319.22
7.782,0.1297,42.4063,23.4871,995.999,319.349
7.785,0.1297,42.3946,23.4925,995.952,319.478
7.787,0.1298,42.3828,23.4969,995.863,319.606
7.789,0.1298,42.371,23.5029,995.841,319.735
7.792,0.1299,42.359,23.4886,994.953,319.863
7.794,0.1299,42.3473,23.495,994.951,319.992
7.796,0.1299,42.3352,23.4982,994.802,320.12
7.799,0.1300,42.3234,23.5056,994.838,320.249
7.801,0.1300,42.3111,23.5068,994.6,320.377
7.803,0.1301,42.2993,23.547,996.021,320.506
7.806,0.1301,42.287,23.5917,997.623,320.634
7.808,0.1301,42.2752,23.5761,996.684,320.763
7.810,0.1302,42.2629,23.6001,997.406,320.891
7.813,0.1302,42.251,23.5833,996.42,321.019
7.815,0.1302,42.2387,23.6066,997.113,321.148
7.817,0.1303,42.2269,23.5896,996.115,321.276
7.820,0.1303,42.2146,23.6116,996.756,321.405
7.822,0.1304,42.2029,23.5949,995.773,321.533
7.824,0.1304,42.1906,23.6155,996.351,321.662
7.826,0.1304,42.1789,23.5996,995.404,321.79
7.829,0.1305,42.1667,23.6187,995.923,321.919
7.831,0.1305,42.1551,23.6038,995.02,322.047
7.833,0.1306,42.143,23.3881,985.645,322.176
7.836,0.1306,42.1315,23.4064,986.147,322.305
7.838,0.1306,42.1195,23.4028,985.712,322.434
7.840,0.1307,42.1079,23.4118,985.823,322.562
7.843,0.1307,42.096,23.4044,985.233,322.691
7.845,0.1308,42.0846,23.4175,985.514,322.82
7.847,0.1308,42.0727,23.4066,984.779,322.949
7.850,0.1308,42.0613,23.4239,985.237,323.078
7.852,0.1309,42.0494,23.4097,984.365,323.207
7.854,0.1309,42.038,23.4323,985.048,323.336
7.857,0.1309,42.0262,23.414,984.003,323.465
7.859,0.1310,42.0148,23.4421,984.914,323.594
7.861,0.1310,42.003,23.4197,983.697,323.723
7.864,0.1311,41.9916,23.4652,985.341,323.852
7.866,0.1311,41.9798,23.4374,983.897,323.981
7.868,0.1311,41.9684,23.4783,985.347,324.11
7.871,0.1312,41.9565,23.4033,981.922,324.24
7.873,0.1312,43.9441,23.5095,1033.1,324.368
7.875,0.1313,43.9302,23.5144,1032.99,324.498
7.878,0.1313,43.9164,23.6608,1039.1,324.627
7.880,0.1313,43.9025,23.6319,1037.5,324.757
7.882,0.1314,43.8886,23.6377,1037.43,324.886
7.885,0.1314,43.8747,23.6433,1037.34,325.015
7.887,0.1314,43.8608,23.649,1037.26,325.145
7.889,0.1315,43.8468,23.6544,1037.17,325.274
7.891,0.1315,43.8329,23.6598,1037.08,325.404
7.894,0.1316,43.819,23.6649,1036.97,325.533
7.896,0.1316,43.805,23.6698,1036.86,325.662
7.898,0.1316,43.7911,23.6515,1035.73,325.792
7.901,0.1317,43.7772,23.655,1035.55,325.921
7.903,0.1317,43.7633,23.6579,1035.35,326.05
7.905,0.1318,43.7494,23.6605,1035.13,326.18
7.908,0.1318,43.7355,23.6627,1034.9,326.309
7.910,0.1318,43.7217,23.5877,1031.29,326.438
7.912,0.1319,43.7078,23.6035,1031.66,326.567
7.915,0.1319,43.694,23.6042,1031.36,326.696
7.917,0.1320,43.6801,23.6048,1031.06,326.826
7.919,0.1320,43.6663,23.6048,1030.74,326.955
7.922,0.1320,43.6525,23.605,1030.42,327.084
7.924,0.1321,43.6387,23.6067,1030.17,327.213
7.926,0.1321,43.6248,23.6047,1029.75,327.342
7.929,0.1321,43.611,23.6084,1029.59,327.471
7.931,0.1322,43.5971,23.4945,1024.29,327.6
7.933,0.1322,43.5833,23.5393,1025.92,327.729
7.936,0.1323,43.5694,23.5306,1025.21,327.858
7.938,0.1323,43.5555,23.5275,1024.75,327.987
7.940,0.1323,43.5416,23.513,1023.79,328.116
7.943,0.1324,43.5277,23.5337,1024.37,328.245
7.945,0.1324,43.5137,23.4181,1019.01,328.374
7.947,0.1325,43.4997,23.4525,1020.18,328.503
7.949,0.1325,43.4857,23.4217,1018.51,328.632
7.952,0.1325,43.4718,23.4647,1020.05,328.761
7.954,0.1326,43.4578,23.4276,1018.11,328.89
7.956,0.1326,43.4438,23.4799,1020.05,329.019
7.959,0.1326,43.4298,23.4357,1017.81,329.149
7.961,0.1327,43.4157,23.4978,1020.18,329.278
7.963,0.1327,43.4018,23.4456,1017.58,329.407
7.966,0.1328,43.3877,23.5182,1020.4,329.537
7.968,0.1328,43.3738,23.5239,1020.32,329.666
7.970,0.1328,43.3598,23.5035,1019.11,329.796
7.973,0.1329,43.3459,23.3591,1012.52,329.925
7.975,0.1329,43.3319,23.3675,1012.56,330.055
7.977,0.1330,43.318,23.3752,1012.56,330.185
7.980,0.1330,43.304,23.3837,1012.61,330.314
7.982,0.1330,43.2901,23.3913,1012.61,330.444
7.984,0.1331,43.2762,23.3996,1012.65,330.574
7.987,0.1331,43.2623,23.4068,1012.63,330.704
7.989,0.1331,43.2483,23.4144,1012.64,330.834
7.991,0.1332,43.2345,23.4987,1015.95,330.964
7.994,0.1332,43.2206,23.5272,1016.86,331.094
7.996,0.1333,43.2067,23.5311,1016.7,331.223
7.998,0.1333,43.1928,23.391,1010.32,331.353
8.001,0.1333,43.1789,23.3796,1009.51,331.483
8.003,0.1334,43.1651,23.3864,1009.48,331.613
8.005,0.1334,43.1512,23.3897,1009.29,331.743
8.007,0.1335,43.1375,23.3983,1009.34,331.873
8.010,0.1335,43.1237,23.3978,1009,332.003
8.012,0.1335,43.1101,23.4101,1009.21,332.133
8.014,0.1336,43.0963,23.404,1008.63,332.263
8.017,0.1336,43.0828,23.3182,1004.61,332.393
8.019,0.1337,43.0691,23.3124,1004.04,332.523
8.021,0.1337,43.0557,23.33,1004.49,332.653
8.024,0.1337,43.0421,23.3162,1003.58,332.782
8.026,0.1338,43.0289,23.343,1004.42,332.912
8.028,0.1338,43.0154,23.3195,1003.1,333.042
8.031,0.1338,43.0022,23.3575,1004.43,333.172
8.033,0.1339,42.9888,23.2234,998.348,333.302
8.035,0.1339,42.9758,23.2781,1000.4,333.432
8.038,0.1340,42.9625,23.2275,997.911,333.562
8.040,0.1340,42.9495,23.2956,1000.53,333.692
8.042,0.1340,42.9363,23.2325,997.519,333.822
8.045,0.1341,42.9234,23.3143,1000.73,333.952
8.047,0.1341,42.9103,23.2388,997.184,334.082
8.049,0.1342,42.8974,23.3341,1000.97,334.212
8.052,0.1342,42.8844,23.2466,996.915,334.342
8.054,0.1342,42.8716,23.3795,1002.32,334.472
8.056,0.1343,42.8585,23.1113,990.516,334.603
8.059,0.1343,42.8458,23.2857,997.692,334.732
8.061,0.1343,42.8327,23.2905,997.597,334.863
8.063,0.1344,42.8196,23.2949,997.48,334.993
8.065,0.1344,42.8065,23.2998,997.382,335.124
8.068,0.1345,42.7934,23.3043,997.271,335.254
8.070,0.1345,42.7802,23.3084,997.14,335.385
8.072,0.1345,42.7672,23.3143,997.089,335.515
8.075,0.1346,42.7539,23.3164,996.867,335.645
8.077,0.1346,42.7409,23.3254,996.951,335.776
8.079,0.1347,42.7276,23.3237,996.564,335.906
8.082,0.1347,42.7146,23.3379,996.87,336.037
8.084,0.1347,42.7012,23.3303,996.232,336.167
8.086,0.1348,42.6883,23.352,996.855,336.298
8.089,0.1348,42.6749,23.3364,995.879,336.428
8.091,0.1349,42.6619,23.3675,996.905,336.558
8.093,0.1349,42.6485,23.3314,995.05,336.689
8.096,0.1349,42.6356,23.2475,991.172,336.819
8.098,0.1350,42.6223,23.2416,990.611,336.95
8.100,0.1350,42.6095,23.2013,988.594,337.081
8.103,0.1350,42.5962,23.191,987.847,337.211
8.105,0.1351,42.5834,23.2206,988.814,337.342
8.107,0.1351,42.5702,23.2021,987.716,337.473
8.110,0.1352,42.5575,23.2403,989.051,337.603
8.112,0.1352,42.5444,23.26,989.58,337.734
8.114,0.1352,42.5318,23.3064,991.263,337.865
8.117,0.1353,42.5188,23.1178,982.938,337.996
8.119,0.1353,42.5063,23.1513,984.078,338.127
8.121,0.1354,42.4934,23.1338,983.034,338.258
8.123,0.1354,42.481,23.1699,984.28,338.389
8.126,0.1354,42.4682,23.1507,983.165,338.52
8.128,0.1355,42.4559,23.1868,984.419,338.651
8.130,0.1355,42.4431,23.1678,983.314,338.783
8.133,0.1355,42.431,23.0811,979.356,338.914
8.135,0.1356,42.4183,23.0757,978.832,339.045
8.137,0.1356,42.4063,23.0878,979.069,339.176
8.140,0.1357,42.3937,23.0925,978.975,339.308
8.142,0.1357,42.3818,23.093,978.721,339.439
8.144,0.1357,42.3692,23.1721,981.782,339.571
8.147,0.1358,42.3573,23.1282,979.648,339.702
8.149,0.1358,42.3447,23.1871,981.852,339.833
8.151,0.1359,42.3329,23.1312,979.212,339.965
8.154,0.1359,42.3204,23.1379,979.204,340.096
8.156,0.1359,42.3078,23.1446,979.196,340.228
8.158,0.1360,42.2953,23.0929,976.722,340.359
8.161,0.1360,42.2828,23.0997,976.719,340.491
8.163,0.1360,42.2703,23.1145,977.056,340.622
8.165,0.1361,42.2578,23.1205,977.021,340.754
8.168,0.1361,42.2452,23.1266,976.987,340.886
8.170,0.1362,42.2327,23.1325,976.949,341.017
8.172,0.1362,42.2202,23.1386,976.914,341.149
8.175,0.1362,42.2076,23.1445,976.873,341.28
8.177,0.1363,42.1951,23.1505,976.839,341.412
8.179,0.1363,42.1825,23.0746,973.345,341.543
8.182,0.1364,42.17,23.0805,973.304,341.675
8.184,0.1364,42.1574,23.0862,973.255,341.806
8.186,0.1364,42.1448,23.0923,973.222,341.938
8.188,0.1365,42.1323,23.0982,973.18,342.07
8.191,0.1365,42.1197,23.1046,973.16,342.201
8.193,0.1366,42.1071,23.1108,973.129,342.333
8.195,0.1366,42.0945,23.1176,973.125,342.464
8.198,0.1366,42.082,23.1133,972.654,342.596
8.200,0.1367,42.0694,23.051,969.743,342.727
8.202,0.1367,42.0568,23.0503,969.421,342.859
8.205,0.1367,42.0442,23.0664,969.808,342.99
8.207,0.1368,42.0317,23.0586,969.19,343.122
8.209,0.1368,42.0191,23.0829,969.922,343.253
8.212,0.1369,42.0066,23.1064,970.621,343.385
8.214,0.1369,41.9939,23.1274,971.213,343.517
8.216,0.1369,41.9815,23.1199,970.606,343.648
8.219,0.1370,41.9689,23.1438,971.32,343.78
8.221,0.1370,41.9565,23.1349,970.66,343.912
8.223,0.1371,41.944,23.1603,971.433,344.043
8.226,0.1371,44.2386,23.1839,1025.62,344.175
8.228,0.1371,44.2259,23.1346,1023.15,344.307
8.230,0.1372,44.2136,23.1006,1021.36,344.439
8.233,0.1372,44.201,23.1114,1021.54,344.571
8.235,0.1372,44.1887,23.1157,1021.45,344.703
8.237,0.1373,44.1762,23.1818,1024.09,344.835
8.240,0.1373,44.1641,23.0994,1020.16,344.967
8.242,0.1374,44.1517,23.113,1020.48,345.099
8.244,0.1374,44.1398,23.1123,1020.17,345.231
8.246,0.1374,44.1275,23.1164,1020.07,345.363
8.249,0.1375,44.1152,23.1195,1019.92,345.495
8.251,0.1375,44.103,23.1226,1019.78,345.628
8.253,0.1376,44.0909,23.1248,1019.59,345.76
8.256,0.1376,44.0788,23.127,1019.41,345.893
8.258,0.1376,44.0667,23.0536,1015.89,346.025
8.260,0.1377,44.0547,23.0553,1015.69,346.157
8.263,0.1377,44.0426,23.0565,1015.47,346.29
8.265,0.1378,44.0306,23.0578,1015.25,346.422
8.267,0.1378,44.0186,23.0589,1015.02,346.555
8.270,0.1378,44.0066,23.06,1014.79,346.688
8.272,0.1379,43.9946,23.059,1014.47,346.82
8.274,0.1379,43.9825,23.0625,1014.34,346.953
8.277,0.1379,43.9705,23.0598,1013.95,347.085
8.279,0.1380,43.9583,23.0657,1013.93,347.218
8.281,0.1380,43.9463,23.0919,1014.8,347.351
8.284,0.1381,43.934,23.1012,1014.93,347.483
8.286,0.1381,43.922,23.0968,1014.46,347.616
8.288,0.1381,43.9097,23.108,1014.67,347.749
8.291,0.1382,43.8977,23.1041,1014.22,347.881
8.293,0.1382,43.8853,23.1322,1015.16,348.014
8.295,0.1383,43.8734,23.2653,1020.73,348.146
8.298,0.1383,43.861,23.2113,1018.07,348.279
8.300,0.1383,43.8491,23.2366,1018.9,348.412
8.302,0.1384,43.8367,23.2209,1017.93,348.544
8.305,0.1384,43.8249,23.2514,1018.99,348.677
8.307,0.1384,43.8126,23.2319,1017.85,348.809
8.309,0.1385,43.8008,23.2685,1019.18,348.942
8.311,0.1385,43.7885,23.2452,1017.87,349.074
8.314,0.1386,43.7769,23.2877,1019.46,349.207
8.316,0.1386,43.7647,23.2606,1017.99,349.34
8.318,0.1386,43.7531,23.3084,1019.82,349.472
8.321,0.1387,43.741,23.1146,1011.06,349.605
8.323,0.1387,43.7295,23.1743,1013.4,349.738
8.325,0.1388,43.7175,23.1331,1011.32,349.87
8.328,0.1388,43.706,23.1959,1013.8,350.003
8.330,0.1388,43.6941,23.1525,1011.63,350.136
8.332,0.1389,43.6827,23.2172,1014.19,350.269
8.335,0.1389,43.6708,23.1271,1009.98,350.402
8.337,0.1389,43.6595,23.1899,1012.46,350.534
8.339,0.1390,43.6476,23.1991,1012.59,350.667
8.342,0.1390,43.6357,23.2083,1012.71,350.8
8.344,0.1391,43.6238,23.1223,1008.68,350.933
8.346,0.1391,43.612,23.1073,1007.76,351.066
8.349,0.1391,43.6001,23.1126,1007.71,351.199
8.351,0.1392,43.5883,23.1233,1007.91,351.332
8.353,0.1392,43.5763,23.0434,1004.15,351.465
8.356,0.1393,43.5646,23.0539,1004.33,351.599
8.358,0.1393,43.5526,23.0592,1004.29,351.732
8.360,0.1393,43.5408,23.0749,1004.7,351.865
8.363,0.1394,43.5288,23.0675,1004.1,351.998
8.365,0.1394,43.5171,23.1321,1006.64,352.131
8.367,0.1395,43.5051,23.1283,1006.2,352.264
8.369,0.1395,43.4935,23.016,1001.05,352.397
8.372,0.1395,43.4814,23.0069,1000.37,352.53
8.374,0.1396,43.4698,23.0237,1000.84,352.663
8.376,0.1396,43.4578,22.8648,993.653,352.797
8.379,0.1396,43.4462,22.8857,994.297,352.93
8.381,0.1397,43.4343,22.8654,993.144,353.063
8.383,0.1397,43.4228,22.8894,993.92,353.196
8.386,0.1398,43.4109,22.8997,994.097,353.329
8.388,0.1398,43.3994,22.9241,994.892,353.463
8.390,0.1398,43.3876,22.9,993.575,353.596
8.393,0.1399,43.3762,22.8815,992.514,353.729
8.395,0.1399,43.3644,22.8808,992.211,353.863
8.397,0.1400,43.3532,22.8828,992.04,353.996
8.400,0.1400,43.3414,22.883,991.782,354.129
8.402,0.1400,43.3302,22.8845,991.589,354.263
8.404,0.1401,43.3185,22.8861,991.394,354.396
8.407,0.1401,43.3074,22.8872,991.184,354.53
8.409,0.1401,43.2958,22.8905,991.06,354.663
8.411,0.1402,43.2848,22.8945,990.982,354.797
8.414,0.1402,43.2731,22.8962,990.79,354.93
8.416,0.1403,43.2622,22.9038,990.867,355.064
8.418,0.1403,43.2504,22.8286,987.347,355.198
8.420,0.1403,43.2396,22.8317,987.236,355.331
8.423,0.1404,43.2279,22.8381,987.244,355.465
8.425,0.1404,43.2172,22.8107,985.814,355.598
8.427,0.1405,43.2054,22.8445,987.004,355.732
8.430,0.1405,43.1949,22.8273,986.022,355.866
8.432,0.1405,43.1831,22.8027,984.691,355.999
8.434,0.1406,43.1714,22.8107,984.768,356.133
8.437,0.1406,43.1597,22.8187,984.85,356.267
8.439,0.1407,43.1482,22.8282,984.996,356.4
8.441,0.1407,43.1367,22.8378,985.149,356.534
8.444,0.1407,43.1253,22.8487,985.358,356.668
8.446,0.1408,43.114,22.8597,985.576,356.802
8.448,0.1408,43.1029,22.8717,985.838,356.935
8.451,0.1408,43.0918,22.8836,986.097,357.069
8.453,0.1409,43.0808,22.8773,985.573,357.203
8.455,0.1409,43.0699,22.8907,985.902,357.336
8.458,0.1410,43.0591,22.9044,986.244,357.47
8.460,0.1410,43.0485,22.9183,986.6,357.604
8.462,0.1410,43.0379,22.9322,986.955,357.738
8.465,0.1411,43.0274,22.9463,987.322,357.871
8.467,0.1411,43.017,22.8645,983.562,358.005
8.469,0.1412,43.0067,22.8781,983.911,358.139
8.472,0.1412,42.9965,22.891,984.234,358.272
8.474,0.1412,42.9863,22.7937,979.816,358.406
8.476,0.1413,42.9763,22.8457,981.822,358.54
8.478,0.1413,42.9662,22.8575,982.102,358.673
8.481,0.1413,42.9562,22.9323,985.085,358.807
8.483,0.1414,42.9461,23.0483,989.834,358.941
8.485,0.1414,42.9362,23.0584,990.038,359.075
8.488,0.1415,42.926,23.0671,990.18,359.208
8.490,0.1415,42.9161,23.0757,990.318,359.342
8.492,0.1415,42.9059,23.0828,990.386,359.476
8.495,0.1416,42.896,23.0894,990.442,359.609
8.497,0.1416,42.8856,23.0951,990.446,359.743
8.499,0.1417,42.8757,23.0994,990.405,359.876
8.502,0.1417,42.8653,23.104,990.361,360.01
8.504,0.1417,42.8553,22.8972,981.265,360.144
8.506,0.1418,42.8448,22.9146,981.772,360.277
8.509,0.1418,42.8348,22.898,980.833,360.411
8.511,0.1418,42.8243,22.9183,981.459,360.545
8.513,0.1419,42.8142,22.8961,980.278,360.678
8.516,0.1419,42.8036,22.9357,981.729,360.812
8.518,0.1420,42.7936,22.9204,980.844,360.946
8.520,0.1420,42.7829,22.9351,981.231,361.08
8.523,0.1420,42.7729,22.9151,980.144,361.214
8.525,0.1421,42.7622,22.9144,979.871,361.347
8.527,0.1421,42.7515,22.9135,979.584,361.481
8.529,0.1422,42.7408,22.9128,979.311,361.615
8.532,0.1422,42.7301,22.9154,979.177,361.749
8.534,0.1422,42.7195,22.9145,978.896,361.883
8.536,0.1423,42.7088,22.9134,978.606,362.017
8.539,0.1423,42.6982,22.9132,978.353,362.151
8.541,0.1424,42.6876,22.9128,978.092,362.285
8.543,0.1424,42.677,22.8611,975.643,362.419
8.546,0.1424,42.6665,22.8617,975.429,362.553
8.548,0.1425,42.656,22.8232,973.544,362.687
8.550,0.1425,42.6455,22.8238,973.33,362.821
8.553,0.1425,42.6349,22.8275,973.248,362.955
8.555,0.1426,42.6245,22.8281,973.037,363.089
8.557,0.1426,42.6139,22.8337,973.034,363.223
8.560,0.1427,42.6036,22.8344,972.826,363.357
8.562,0.1427,42.593,22.8418,972.901,363.492
8.564,0.1427,42.5828,22.7694,969.583,363.626
8.567,0.1428,42.5722,22.7737,969.526,363.76
8.569,0.1428,42.5621,22.7648,968.919,363.894
8.571,0.1429,42.5515,22.7848,969.528,364.028
8.574,0.1429,42.5416,22.7735,968.82,364.162
8.576,0.1429,42.5311,22.7968,969.573,364.295
8.578,0.1430,42.5213,22.7827,968.751,364.429
8.580,0.1430,42.5109,22.8095,969.653,364.563
8.583,0.1430,42.5012,22.7923,968.702,364.697
8.585,0.1431,42.491,22.8228,969.763,364.831
8.587,0.1431,42.4814,22.802,968.662,364.965
8.590,0.1432,42.4713,22.8365,969.897,365.099
8.592,0.1432,44.9173,22.8514,1026.42,365.233
8.594,0.1432,44.9058,22.8937,1028.06,365.366
8.597,0.1433,44.8942,22.7844,1022.89,365.5
8.599,0.1433,44.8828,22.5639,1012.73,365.634
8.601,0.1434,44.8712,22.5254,1010.74,365.768
8.604,0.1434,44.8598,22.5768,1012.79,365.902
8.606,0.1434,44.8483,22.5808,1012.71,366.035
8.608,0.1435,44.837,22.6353,1014.9,366.169
8.611,0.1435,44.8254,22.5973,1012.93,366.303
8.613,0.1435,44.8141,22.6506,1015.07,366.437
8.615,0.1436,44.8024,22.6086,1012.92,366.57
8.618,0.1436,44.7911,22.6928,1016.44,366.704
8.620,0.1437,44.7798,22.6994,1016.47,366.838
8.622,0.1437,44.7683,22.7097,1016.68,366.971
8.625,0.1437,44.7569,22.7149,1016.65,367.105
8.627,0.1438,44.7453,22.727,1016.93,367.239
8.629,0.1438,44.7338,22.7307,1016.83,367.372
8.632,0.1439,44.7222,22.7441,1017.17,367.506
8.634,0.1439,44.7106,22.7466,1017.01,367.639
8.636,0.1439,44.6988,22.7605,1017.37,367.773
8.638,0.1440,44.687,22.7619,1017.16,367.906
8.641,0.1440,44.6751,22.7758,1017.51,368.04
8.643,0.1441,44.6633,22.7762,1017.26,368.173
8.645,0.1441,44.6513,22.7896,1017.59,368.307
8.648,0.1441,44.6394,22.7892,1017.3,368.44
8.650,0.1442,44.6274,22.8228,1018.52,368.574
8.652,0.1442,44.6154,22.8222,1018.22,368.707
8.655,0.1442,44.6033,22.8319,1018.38,368.84
8.657,0.1443,44.5912,22.8305,1018.04,368.974
8.659,0.1443,44.5792,22.839,1018.14,369.107
8.662,0.1444,44.5671,22.8364,1017.75,369.241
8.664,0.1444,44.5551,22.844,1017.82,369.374
8.666,0.1444,44.543,22.9883,1023.97,369.507
8.669,0.1445,44.531,22.9767,1023.17,369.641
8.671,0.1445,44.5189,22.9651,1022.38,369.774
8.673,0.1446,44.507,23.0036,1023.82,369.908
8.676,0.1446,44.495,22.9806,1022.52,370.041
8.678,0.1446,44.4831,23.0056,1023.36,370.174
8.680,0.1447,44.4711,22.9783,1021.87,370.308
8.683,0.1447,44.4594,22.9817,1021.75,370.441
8.685,0.1447,44.4474,22.9419,1019.71,370.574
8.687,0.1448,44.4357,22.9822,1021.23,370.708
8.690,0.1448,44.4237,22.9371,1018.95,370.841
8.692,0.1449,44.412,22.9821,1020.68,370.974
8.694,0.1449,44.4001,22.9324,1018.2,371.108
8.696,0.1449,44.3884,22.9815,1020.11,371.241
8.699,0.1450,44.3765,22.9807,1019.8,371.374
8.701,0.1450,44.3647,23.0286,1021.66,371.507
8.703,0.1451,44.3528,22.944,1017.63,371.64
8.706,0.1451,44.341,22.9889,1019.35,371.774
8.708,0.1451,44.3291,22.944,1017.08,371.907
8.710,0.1452,44.3171,22.9437,1016.8,372.04
8.713,0.1452,44.3052,22.9448,1016.57,372.173
8.715,0.1453,44.2932,22.9461,1016.35,372.306
8.717,0.1453,44.2812,22.8431,1011.52,372.44
8.720,0.1453,44.2692,22.8464,1011.39,372.573
8.722,0.1454,44.2571,22.8508,1011.31,372.706
8.724,0.1454,44.245,22.8558,1011.25,372.839
8.727,0.1454,44.233,22.8616,1011.23,372.972
8.729,0.1455,44.2209,22.868,1011.24,373.105
8.731,0.1455,44.2087,22.875,1011.28,373.238
8.734,0.1456,44.1966,22.8828,1011.34,373.371
8.736,0.1456,44.1845,22.8908,1011.42,373.504
8.738,0.1456,44.1723,22.8996,1011.53,373.636
8.741,0.1457,44.1602,22.9082,1011.63,373.769
8.743,0.1457,44.148,22.9177,1011.77,373.902
8.745,0.1458,44.1358,22.863,1009.08,374.035
8.748,0.1458,44.1236,22.6624,999.949,374.167
8.750,0.1458,44.1114,22.6701,1000.01,374.3
8.752,0.1459,44.0992,22.6785,1000.1,374.433
8.754,0.1459,44.087,22.6862,1000.17,374.565
8.757,0.1459,44.0748,22.6946,1000.26,374.698
8.759,0.1460,44.0626,22.8061,1004.9,374.83
8.761,0.1460,44.0503,22.8163,1005.06,374.962
8.764,0.1461,44.0381,22.8207,1004.98,375.095
8.766,0.1461,44.0258,22.8321,1005.2,375.227
8.768,0.1461,44.0135,22.7547,1001.51,375.359
8.771,0.1462,44.0011,22.7596,1001.45,375.491
8.773,0.1462,43.9888,22.7688,1001.57,375.623
8.775,0.1463,43.9764,22.772,1001.43,375.755
8.778,0.1463,43.9641,22.7818,1001.58,375.887
8.780,0.1463,43.9516,22.4989,988.865,376.019
8.782,0.1464,43.9393,22.5151,989.298,376.15
8.785,0.1464,43.9268,22.4176,984.733,376.282
8.787,0.1465,43.9144,22.4374,985.325,376.414
8.789,0.1465,43.9019,22.4234,984.429,376.545
8.792,0.1465,43.8894,22.4438,985.045,376.677
8.794,0.1466,43.8769,22.4326,984.275,376.808
8.796,0.1466,43.8643,22.4533,984.897,376.94
8.799,0.1466,43.8519,22.4409,984.074,377.071
8.801,0.1467,43.8393,22.4611,984.676,377.202
8.803,0.1467,43.8268,22.4647,984.556,377.334
8.806,0.1468,43.8144,22.4675,984.401,377.465
8.808,0.1468,43.8019,22.4705,984.249,377.596
8.810,0.1468,43.7894,22.4727,984.065,377.727
8.813,0.1469,43.7768,22.4751,983.887,377.858
8.815,0.1469,43.7643,22.4768,983.682,377.989
8.817,0.1470,43.7517,22.4788,983.486,378.12
8.820,0.1470,43.7391,22.4516,982.013,378.252
8.822,0.1470,43.7264,22.4537,981.82,378.383
8.824,0.1471,43.7138,22.4555,981.617,378.514
8.826,0.1471,43.7012,22.4578,981.432,378.645
8.829,0.1471,43.6885,22.4628,981.367,378.775
8.831,0.1472,43.6759,22.5843,986.387,378.906
8.833,0.1472,43.6632,22.5894,986.328,379.037
8.836,0.1473,43.6505,22.592,986.152,379.168
8.838,0.1473,43.6379,22.5988,986.163,379.299
8.840,0.1473,43.6253,22.6014,985.993,379.429
8.843,0.1474,43.6127,22.5083,981.65,379.56
8.845,0.1474,43.6001,22.5113,981.493,379.69
8.847,0.1475,43.5876,22.5105,981.177,379.821
8.850,0.1475,43.575,22.5223,981.409,379.951
8.852,0.1475,43.5625,22.5256,981.272,380.082
8.854,0.1476,43.55,22.5402,981.627,380.212
8.857,0.1476,43.5376,22.543,981.467,380.342
8.859,0.1477,43.5252,22.5608,981.964,380.473
8.861,0.1477,43.5129,22.4992,979.003,380.603
8.864,0.1477,43.5005,22.5211,979.68,380.733
8.866,0.1478,43.4882,22.4841,977.793,380.863
8.868,0.1478,43.476,22.4802,977.349,380.993
8.871,0.1478,43.4637,22.5063,978.209,381.123
8.873,0.1479,43.4516,22.5021,977.754,381.254
8.875,0.1479,43.4394,22.5294,978.664,381.384
8.878,0.1480,43.4274,22.5251,978.204,381.514
8.880,0.1480,43.4151,22.5918,980.826,381.644
8.882,0.1480,43.4031,22.5252,977.665,381.774
8.885,0.1481,43.3908,22.5429,978.156,381.904
8.887,0.1481,43.3789,22.5488,978.143,382.034
8.889,0.1482,43.3667,22.5648,978.56,382.164
8.892,0.1482,43.3548,22.5719,978.599,382.294
8.894,0.1482,43.3425,22.5859,978.928,382.423
8.896,0.1483,43.3306,22.597,979.14,382.553
8.899,0.1483,43.3187,22.6065,979.284,382.683
8.901,0.1483,43.3068,22.618,979.513,382.813
8.903,0.1484,43.2949,22.6261,979.595,382.943
8.905,0.1484,43.283,22.6377,979.829,383.073
8.908,0.1485,43.2711,22.6449,979.868,383.203
8.910,0.1485,43.2591,22.6562,980.086,383.332
8.912,0.1485,43.2471,22.6631,980.113,383.462
8.915,0.1486,43.2351,22.6736,980.293,383.591
8.917,0.1486,43.2231,22.6809,980.339,383.72
8.919,0.1487,43.211,22.6901,980.464,383.849
8.922,0.1487,43.199,22.6733,979.462,383.979
8.924,0.1487,43.1869,22.6778,979.386,384.108
8.926,0.1488,43.1749,22.6927,979.755,384.237
8.929,0.1488,43.1627,22.6952,979.586,384.366
8.931,0.1489,43.1507,22.7125,980.06,384.495
8.933,0.1489,43.1386,22.7129,979.804,384.624
8.936,0.1489,43.1265,22.7325,980.374,384.752
8.938,0.1490,43.1145,22.7314,980.052,384.881
8.940,0.1490,44.8786,22.7925,1022.9,385.01
8.943,0.1490,44.8664,22.795,1022.73,385.139
8.945,0.1491,44.8541,22.7914,1022.29,385.267
8.947,0.1491,44.8419,22.7901,1021.95,385.396
8.950,0.1492,44.8295,22.7658,1020.58,385.524
8.952,0.1492,44.8173,22.7451,1019.37,385.653
8.954,0.1492,44.8048,22.879,1025.09,385.782
8.957,0.1493,44.7925,22.7724,1020.03,385.91
8.959,0.1493,44.78,22.8214,1021.94,386.039
8.961,0.1494,44.7677,22.7886,1020.19,386.168
8.964,0.1494,44.7552,22.8394,1022.18,386.296
8.966,0.1494,44.7429,22.7778,1019.15,386.425
8.968,0.1495,44.7304,22.7604,1018.08,386.553
8.971,0.1495,44.7181,22.7178,1015.9,386.682
8.973,0.1495,44.7057,22.6725,1013.59,386.81
8.975,0.1496,44.6935,22.6288,1011.36,386.939
8.977,0.1496,44.6811,22.7237,1015.32,387.068
8.980,0.1497,44.669,22.6828,1013.22,387.196
8.982,0.1497,44.6568,22.7342,1015.24,387.325
8.984,0.1497,44.6448,22.688,1012.9,387.454
8.987,0.1498,44.6327,22.7432,1015.09,387.582
8.989,0.1498,44.6208,22.7447,1014.89,387.711
8.991,0.1499,44.609,22.7456,1014.66,387.84
8.994,0.1499,44.5972,22.7466,1014.43,387.968
8.996,0.1499,44.5856,22.747,1014.19,388.097
8.998,0.1500,44.574,22.7476,1013.95,388.226
9.001,0.1500,44.5625,22.7824,1015.24,388.355
9.003,0.1501,44.551,22.7825,1014.99,388.484
9.005,0.1501,44.5397,22.7823,1014.71,388.613
9.008,0.1501,44.5284,22.9138,1020.31,388.742
9.010,0.1502,44.5172,22.9125,1020,388.87
9.012,0.1502,44.506,22.9117,1019.71,388.999
9.015,0.1502,44.4948,22.9107,1019.41,389.128
9.017,0.1503,44.4837,22.9102,1019.13,389.256
9.019,0.1503,44.4727,22.8886,1017.92,389.385
9.022,0.1504,44.4616,22.8528,1016.07,389.514
9.024,0.1504,44.4505,22.8533,1015.84,389.642
9.026,0.1504,44.4395,22.8547,1015.65,389.771
9.029,0.1505,44.4284,22.8559,1015.45,389.899
9.031,0.1505,44.4173,22.858,1015.29,390.028
9.033,0.1506,44.4062,22.8599,1015.12,390.156
9.036,0.1506,44.3951,22.8626,1014.99,390.284
9.038,0.1506,44.3839,22.8633,1014.76,390.413
9.040,0.1507,44.3727,22.8684,1014.73,390.541
9.042,0.1507,44.3614,22.8676,1014.44,390.669
9.045,0.1507,44.35,22.875,1014.51,390.798
9.047,0.1508,44.3387,22.6296,1003.37,390.926
9.049,0.1508,44.3272,22.5859,1001.17,391.054
9.052,0.1509,44.3157,22.5862,1000.92,391.182
9.054,0.1509,44.3042,22.5937,1001,391.311
9.056,0.1509,44.2926,22.593,1000.7,391.439
9.059,0.1510,44.281,22.601,1000.8,391.567
9.061,0.1510,44.2693,22.5993,1000.46,391.695
9.063,0.1511,44.2576,22.6073,1000.54,391.823
9.066,0.1511,44.2458,22.6049,1000.17,391.951
9.068,0.1511,44.2341,22.6123,1000.23,392.079
9.070,0.1512,44.2223,22.6096,999.849,392.207
9.073,0.1512,44.2105,22.6158,999.856,392.336
9.075,0.1512,44.1987,22.6137,999.496,392.464
9.077,0.1513,44.1869,22.5229,995.217,392.592
9.080,0.1513,44.1751,22.5225,994.934,392.72
9.082,0.1514,44.1634,22.5224,994.667,392.848
9.084,0.1514,44.1517,22.5662,996.336,392.977
9.087,0.1514,44.14,22.5667,996.094,393.105
9.089,0.1515,44.1283,22.5672,995.85,393.233
9.091,0.1515,44.1167,22.5679,995.618,393.362
9.094,0.1516,44.105,22.5685,995.387,393.49
9.096,0.1516,44.0935,22.4892,991.625,393.619
9.098,0.1516,44.0819,22.4903,991.414,393.747
9.101,0.1517,44.0704,22.5324,993.01,393.876
9.103,0.1517,44.0589,22.4606,989.59,394.004
9.105,0.1518,44.0474,22.4623,989.406,394.133
9.107,0.1518,44.036,22.4793,989.897,394.262
9.110,0.1518,44.0246,22.5228,991.556,394.391
9.112,0.1519,44.0132,22.5252,991.407,394.519
9.114,0.1519,44.0018,22.5293,991.327,394.648
9.117,0.1519,43.9904,22.5308,991.139,394.777
9.119,0.1520,43.979,22.5358,991.101,394.906
9.121,0.1520,43.9677,22.5356,990.84,395.034
9.124,0.1521,43.9563,22.5421,990.867,395.163
9.126,0.1521,43.945,22.5277,989.981,395.292
9.128,0.1521,43.9336,22.5352,990.052,395.421
9.131,0.1522,43.9223,22.4832,987.515,395.55
9.133,0.1522,43.9109,22.4794,987.09,395.679
9.135,0.1523,43.8996,22.4842,987.049,395.808
9.138,0.1523,43.8882,22.4814,986.669,395.937
9.140,0.1523,43.8769,22.4847,986.558,396.065
9.142,0.1524,43.8655,22.4832,986.237,396.194
9.145,0.1524,43.8542,22.4851,986.068,396.323
9.147,0.1524,43.8428,22.485,985.806,396.452
9.149,0.1525,43.8315,22.5835,989.867,396.581
9.152,0.1525,43.8201,22.5844,989.652,396.71
9.154,0.1526,43.8088,22.5855,989.442,396.839
9.156,0.1526,43.7974,22.5874,989.268,396.968
9.159,0.1526,43.7861,22.5895,989.106,397.097
9.161,0.1527,43.7747,22.5651,987.784,397.226
9.163,0.1527,43.7634,22.5603,987.317,397.355
9.166,0.1528,43.7521,22.5709,987.526,397.484
9.168,0.1528,43.7408,22.5688,987.177,397.614
9.170,0.1528,43.7295,22.5783,987.336,397.743
9.173,0.1529,43.7181,22.5799,987.151,397.872
9.175,0.1529,43.7069,22.5843,987.089,398.001
9.177,0.1530,43.6957,22.5914,987.148,398.13
9.180,0.1530,43.6845,22.7519,993.903,398.26
9.182,0.1530,43.6732,22.6987,991.326,398.389
9.184,0.1531,43.662,22.6543,989.132,398.518
9.186,0.1531,43.6508,22.6803,990.013,398.648
9.189,0.1531,43.6396,22.5645,984.707,398.777
9.191,0.1532,43.6283,22.5532,983.957,398.906
9.193,0.1532,43.6172,22.5412,983.182,399.036
9.196,0.1533,43.6059,22.5157,981.816,399.165
9.198,0.1533,43.5947,22.4998,980.869,399.294
9.200,0.1533,43.5834,22.5917,984.624,399.424
9.203,0.1534,43.5721,22.5794,983.833,399.553
9.205,0.1534,43.5608,22.387,975.195,399.682
9.207,0.1535,43.5496,22.3074,971.478,399.812
9.210,0.1535,43.5383,22.3105,971.362,399.941
9.212,0.1535,43.527,22.318,971.435,400.071
9.214,0.1536,43.5157,22.3139,971.006,400.2
9.217,0.1536,43.5044,22.3261,971.285,400.329
9.219,0.1537,43.4931,22.3714,973.001,400.459
9.221,0.1537,43.4818,22.3925,973.666,400.588
9.224,0.1537,43.4705,22.3729,972.562,400.718
9.226,0.1538,43.4592,22.3978,973.392,400.847
9.228,0.1538,43.448,22.3752,972.157,400.977
9.231,0.1538,43.4367,22.4026,973.093,401.107
9.233,0.1539,43.4255,22.3794,971.834,401.236
9.235,0.1539,43.4142,22.4075,972.803,401.366
9.238,0.1540,43.403,22.3862,971.627,401.495
9.240,0.1540,43.3918,22.4132,972.55,401.625
9.242,0.1540,43.3807,22.396,971.551,401.755
9.245,0.1541,43.3694,22.4203,972.356,401.885
9.247,0.1541,43.3584,22.4198,972.085,402.014
9.249,0.1542,43.3472,22.4123,971.511,402.144
9.252,0.1542,43.3362,22.4369,972.328,402.274
9.254,0.1542,43.325,22.4206,971.371,402.404
9.256,0.1543,43.314,22.4552,972.626,402.533
9.259,0.1543,43.3029,22.43,971.285,402.663
9.261,0.1543,43.2919,22.4737,972.93,402.793
9.263,0.1544,43.2808,22.4402,971.23,402.923
9.265,0.1544,43.2698,22.4912,973.191,403.053
9.268,0.1545,43.2587,22.4963,973.163,403.182
9.270,0.1545,43.2476,22.5005,973.092,403.312
9.272,0.1545,43.2365,22.5043,973.007,403.442
9.275,0.1546,43.2253,22.4489,970.362,403.572
9.277,0.1546,43.2142,22.4509,970.196,403.701
9.279,0.1547,43.203,22.4672,970.653,403.831
9.282,0.1547,43.1918,22.4674,970.407,403.961
9.284,0.1547,43.1806,22.4673,970.152,404.091
9.286,0.1548,43.1694,22.4664,969.86,404.22
9.289,0.1548,43.1582,22.4657,969.579,404.35
9.291,0.1549,43.147,22.4223,967.454,404.48
9.293,0.1549,43.1358,22.4219,967.187,404.61
9.296,0.1549,43.1246,22.3687,964.643,404.74
9.298,0.1550,43.1133,22.3682,964.367,404.869
9.300,0.1550,43.1021,22.3673,964.079,404.999
9.303,0.1550,43.0909,22.3237,961.949,405.129
9.305,0.1551,45.3687,22.3705,1014.92,405.259
9.307,0.1551,45.3579,22.3725,1014.77,405.389
9.310,0.1552,45.3471,22.375,1014.64,405.519
9.312,0.1552,45.3364,22.2764,1009.93,405.649
9.314,0.1552,45.3256,22.2807,1009.89,405.779
9.317,0.1553,45.3149,22.293,1010.21,405.909
9.319,0.1553,45.3043,22.1858,1005.11,406.039
9.321,0.1554,45.2936,22.2082,1005.89,406.169
9.324,0.1554,45.283,22.2,1005.28,406.299
9.326,0.1554,45.2723,22.23,1006.41,406.429
9.328,0.1555,45.2617,22.2171,1005.58,406.559
9.331,0.1555,45.2511,22.2522,1006.94,406.689
9.333,0.1555,45.2406,22.2359,1005.97,406.819
9.335,0.1556,45.23,22.2733,1007.42,406.95
9.338,0.1556,45.2195,22.2554,1006.38,407.08
9.340,0.1557,45.2089,22.2921,1007.8,407.21
9.342,0.1557,45.1984,22.2745,1006.77,407.34
9.344,0.1557,45.1877,22.2797,1006.77,407.471
9.347,0.1558,45.1772,22.2555,1005.44,407.601
9.349,0.1558,45.1665,22.2914,1006.82,407.731
9.351,0.1559,45.1559,22.2701,1005.63,407.861
9.354,0.1559,45.1452,22.2993,1006.71,407.992
9.356,0.1559,45.1345,22.2821,1005.69,408.122
9.358,0.1560,45.1237,22.304,1006.44,408.252
9.361,0.1560,45.1129,22.3087,1006.41,408.383
9.363,0.1561,45.1021,22.3426,1007.7,408.513
9.365,0.1561,45.0912,22.1036,996.679,408.643
9.368,0.1561,45.0802,22.1081,996.639,408.774
9.370,0.1562,45.0692,22.1128,996.606,408.904
9.372,0.1562,45.0582,22.1392,997.551,409.034
9.375,0.1562,45.0471,22.1349,997.114,409.165
9.377,0.1563,45.0359,22.1376,996.986,409.295
9.379,0.1563,45.0247,22.1403,996.861,409.426
9.382,0.1564,45.0134,22.0666,993.291,409.556
9.384,0.1564,45.0021,22.0693,993.165,409.687
9.386,0.1564,44.9908,22.0789,993.346,409.817
9.389,0.1565,44.9794,22.0751,992.925,409.948
9.391,0.1565,44.968,22.0908,993.378,410.078
9.393,0.1566,44.9566,22.0815,992.709,410.209
9.396,0.1566,44.9452,22.1016,993.363,410.339
9.398,0.1566,44.9338,22.0886,992.526,410.47
9.400,0.1567,44.9224,22.111,993.28,410.6
9.403,0.1567,44.9111,22.0966,992.382,410.731
9.405,0.1567,44.8997,22.1185,993.115,410.861
9.407,0.1568,44.8884,22.1054,992.276,410.992
9.410,0.1568,44.8771,22.1242,992.868,411.122
9.412,0.1569,44.8658,22.0428,988.97,411.253
9.414,0.1569,44.8546,22.0475,988.931,411.383
9.417,0.1569,44.8434,22.0533,988.945,411.514
9.419,0.1570,44.8322,22.0496,988.531,411.644
9.421,0.1570,44.8212,22.0646,988.96,411.774
9.424,0.1571,44.8101,22.1638,993.162,411.905
9.426,0.1571,44.7991,22.1241,991.141,412.035
9.428,0.1571,44.7881,22.0892,989.33,412.166
9.431,0.1572,44.7772,22.1389,991.319,412.296
9.433,0.1572,44.7662,22.0936,989.047,412.427
9.435,0.1573,44.7554,22.1543,991.524,412.557
9.438,0.1573,44.7445,22.1,988.853,412.688
9.440,0.1573,44.7338,22.17,991.746,412.818
9.442,0.1574,44.7229,22.0643,986.779,412.949
9.444,0.1574,44.7122,22.1404,989.946,413.079
9.447,0.1574,44.7014,22.0756,986.808,413.21
9.449,0.1575,44.6907,22.1551,990.128,413.34
9.451,0.1575,44.6799,22.0895,986.955,413.471
9.454,0.1576,44.6693,22.0966,987.04,413.601
9.456,0.1576,44.6586,22.1074,987.284,413.732
9.458,0.1576,44.648,22.1131,987.308,413.863
9.461,0.1577,44.6374,22.1267,987.678,413.993
9.463,0.1577,44.6267,22.1314,987.653,414.124
9.465,0.1578,44.6161,22.1465,988.09,414.255
9.468,0.1578,44.6054,22.1508,988.047,414.386
9.470,0.1578,44.5948,22.1236,986.597,414.516
9.472,0.1579,44.5841,22.1745,988.629,414.647
9.475,0.1579,44.5735,22.2179,990.328,414.778
9.477,0.1580,44.5628,22.3833,997.462,414.909
9.479,0.1580,44.5521,22.4119,998.498,415.04
9.482,0.1580,44.5414,22.3983,997.652,415.171
9.484,0.1581,44.5308,22.4249,998.596,415.302
9.486,0.1581,44.52,22.3752,996.144,415.433
9.489,0.1581,44.5093,22.3856,996.366,415.564
9.491,0.1582,44.4986,22.3883,996.246,415.695
9.493,0.1582,44.4879,22.3005,992.102,415.826
9.496,0.1583,44.4771,22.3022,991.937,415.957
9.498,0.1583,44.4663,22.3045,991.799,416.088
9.500,0.1583,44.4555,22.3498,993.57,416.219
9.503,0.1584,44.4448,22.3322,992.55,416.35
9.505,0.1584,44.4339,22.356,993.363,416.48
9.507,0.1585,44.4231,22.3327,992.087,416.612
9.510,0.1585,44.4122,22.3599,993.052,416.742
9.512,0.1585,44.4014,22.3326,991.596,416.873
9.514,0.1586,44.3905,22.3621,992.664,417.004
9.517,0.1586,44.3796,22.3328,991.122,417.135
9.519,0.1586,44.3686,22.3634,992.233,417.266
9.521,0.1587,44.3577,22.3345,990.708,417.397
9.524,0.1587,44.3468,22.3645,991.794,417.528
9.526,0.1588,44.3358,22.3406,990.49,417.659
9.528,0.1588,44.3249,22.3662,991.379,417.79
9.531,0.1588,44.3139,22.3492,990.377,417.921
9.533,0.1589,44.303,22.369,991.016,418.051
9.535,0.1589,44.292,22.36,990.37,418.182
9.538,0.1590,44.2812,22.3735,990.725,418.313
9.540,0.1590,44.2701,22.3731,990.458,418.444
9.542,0.1590,44.2594,22.3532,989.341,418.575
9.545,0.1591,44.2483,22.1799,981.422,418.706
9.547,0.1591,44.2377,22.1597,980.296,418.837
9.549,0.1592,44.2271,22.1648,980.284,418.968
9.551,0.1592,44.2164,22.1698,980.27,419.098
9.554,0.1592,44.2058,22.1754,980.282,419.229
9.556,0.1593,44.1953,22.181,980.293,419.36
9.558,0.1593,44.1847,22.1681,979.489,419.491
9.561,0.1593,44.1741,22.1735,979.494,419.622
9.563,0.1594,44.1636,22.1794,979.521,419.753
9.565,0.1594,44.1531,22.1854,979.552,419.884
9.568,0.1595,44.1426,22.2566,982.466,420.015
9.570,0.1595,44.1321,22.2632,982.521,420.146
9.572,0.1595,44.1217,22.27,982.588,420.277
9.575,0.1596,44.1113,22.277,982.665,420.408
9.577,0.1596,44.1009,22.2841,982.749,420.539
9.579,0.1597,44.0905,22.2916,982.846,420.67
9.582,0.1597,44.0801,22.395,987.176,420.801
9.584,0.1597,44.0698,22.4028,987.287,420.932
9.586,0.1598,44.0595,22.4103,987.388,421.063
9.589,0.1598,44.0492,22.4183,987.508,421.194
9.591,0.1599,44.039,22.3885,985.965,421.326
9.593,0.1599,44.0287,22.3974,986.127,421.457
9.596,0.1599,44.0185,22.4084,986.385,421.588
9.598,0.1600,44.0083,22.4102,986.236,421.72
9.600,0.1600,43.9981,22.4217,986.511,421.851
9.603,0.1600,43.988,22.3815,984.518,421.982
9.605,0.1601,43.9777,22.3906,984.687,422.114
9.607,0.1601,43.9676,22.3991,984.834,422.245
9.610,0.1602,43.9574,22.407,984.954,422.377
9.612,0.1602,43.9472,22.416,985.123,422.508
9.614,0.1602,43.9369,22.3522,982.086,422.639
9.617,0.1603,43.9268,22.3379,981.231,422.771
9.619,0.1603,43.9164,22.3337,980.815,422.902
9.621,0.1604,43.9061,22.3549,981.517,423.034
9.624,0.1604,43.8956,22.3461,980.895,423.165
9.626,0.1604,43.8853,22.371,981.756,423.297
9.628,0.1605,43.8747,22.2843,977.719,423.428
9.631,0.1605,43.8642,22.3019,978.253,423.559
9.633,0.1605,43.8535,22.2946,977.696,423.691
9.635,0.1606,43.8429,22.3152,978.362,423.822
9.638,0.1606,43.8321,22.3034,977.604,423.954
9.640,0.1607,43.8214,22.2453,974.818,424.085
9.642,0.1607,43.8106,22.2497,974.771,424.216
9.645,0.1607,43.7998,22.254,974.723,424.347
9.647,0.1608,43.789,22.2058,972.369,424.479
9.649,0.1608,43.7781,22.209,972.269,424.61
9.651,0.1609,43.7672,22.2116,972.141,424.741
9.654,0.1609,43.7564,22.2142,972.012,424.872
9.656,0.1609,43.7455,22.2162,971.857,425.004
9.658,0.1610,43.7346,22.1973,970.789,425.135
9.661,0.1610,43.7237,21.9871,961.359,425.266
9.663,0.1611,43.7129,21.9891,961.209,425.398
9.665,0.1611,45.7275,22.0621,1008.84,425.529
9.668,0.1611,45.7167,22.0624,1008.62,425.66
9.670,0.1612,45.7058,22.0679,1008.63,425.791
9.672,0.1612,45.695,22.0667,1008.34,425.923
9.675,0.1612,45.6842,22.0676,1008.14,426.054
9.677,0.1613,45.6734,22.0672,1007.88,426.185
9.679,0.1613,45.6627,22.0738,1007.95,426.317
9.682,0.1614,45.652,22.0731,1007.68,426.448
9.684,0.1614,45.6414,22.0808,1007.8,426.58
9.686,0.1614,45.6307,22.0802,1007.54,426.711
9.689,0.1615,45.6202,21.9973,1003.52,426.843
9.691,0.1615,45.6096,21.9971,1003.28,426.974
9.693,0.1616,45.5991,22.0083,1003.56,427.106
9.696,0.1616,45.5886,22.0075,1003.29,427.237
9.698,0.1616,45.5781,22.0188,1003.58,427.369
9.700,0.1617,45.5677,22.0197,1003.39,427.5
9.703,0.1617,45.5573,22.0304,1003.64,427.632
9.705,0.1617,45.5469,22.0333,1003.55,427.763
9.707,0.1618,45.5366,22.0428,1003.75,427.895
9.710,0.1618,45.5263,22.0219,1002.57,428.026
9.712,0.1619,45.516,21.9298,998.158,428.158
9.714,0.1619,45.5057,21.9363,998.226,428.29
9.717,0.1619,45.4954,21.9444,998.369,428.421
9.719,0.1620,45.4851,21.9541,998.587,428.553
9.721,0.1620,45.4749,21.9589,998.577,428.685
9.724,0.1621,45.4647,21.9021,995.771,428.816
9.726,0.1621,45.4545,21.9136,996.072,428.948
9.728,0.1621,45.4443,21.9189,996.089,429.08
9.731,0.1622,45.4342,21.9266,996.218,429.211
9.733,0.1622,45.424,22.0605,1002.08,429.343
9.735,0.1623,45.4139,22.0714,1002.35,429.475
9.738,0.1623,45.4038,22.0772,1002.39,429.606
9.740,0.1623,45.3937,22.0903,1002.76,429.738
9.742,0.1624,45.3837,22.0929,1002.66,429.869
9.744,0.1624,45.3737,22.1082,1003.13,430.001
9.747,0.1624,45.3637,22.1445,1004.55,430.133
9.749,0.1625,45.3537,22.159,1005,430.264
9.751,0.1625,45.3438,22.1592,1004.79,430.396
9.754,0.1626,45.3339,22.1753,1005.29,430.528
9.756,0.1626,45.3241,22.1735,1005,430.659
9.758,0.1626,45.3142,22.1909,1005.56,430.791
9.761,0.1627,45.3044,22.1875,1005.19,430.923
9.763,0.1627,45.2946,22.2059,1005.81,431.054
9.765,0.1628,45.2848,22.2508,1007.62,431.186
9.768,0.1628,45.275,22.2697,1008.26,431.318
9.770,0.1628,45.2652,22.2177,1005.69,431.449
9.772,0.1629,45.2555,22.2402,1006.49,431.581
9.775,0.1629,45.2456,22.2677,1007.52,431.712
9.777,0.1630,45.2359,22.2732,1007.55,431.844
9.779,0.1630,45.226,22.2814,1007.7,431.976
9.782,0.1630,45.2164,22.2852,1007.66,432.107
9.784,0.1631,45.2064,22.2693,1006.72,432.239
9.786,0.1631,45.1968,22.2814,1007.05,432.37
9.789,0.1631,45.1868,22.2803,1006.78,432.502
9.791,0.1632,45.1772,22.2897,1006.99,432.634
9.793,0.1632,45.1671,22.2897,1006.76,432.765
9.796,0.1633,45.1575,22.2957,1006.82,432.897
9.798,0.1633,45.1474,22.2972,1006.66,433.028
9.800,0.1633,45.1377,22.1653,1000.49,433.16
9.803,0.1634,45.1277,22.1742,1000.67,433.291
9.805,0.1634,45.118,22.1667,1000.12,433.423
9.807,0.1635,45.1079,22.1772,1000.37,433.554
9.810,0.1635,45.0981,22.1663,999.661,433.686
9.812,0.1635,45.0881,22.1783,999.976,433.818
9.814,0.1636,45.0783,22.165,999.16,433.949
9.817,0.1636,45.0683,22.1781,999.53,434.081
9.819,0.1636,45.0585,22.1636,998.657,434.213
9.821,0.1637,45.0484,22.1775,999.063,434.344
9.824,0.1637,45.0386,22.1631,998.194,434.476
9.826,0.1638,45.0286,22.163,997.969,434.608
9.828,0.1638,45.0185,22.1687,998.002,434.739
9.830,0.1638,45.0085,22.1552,997.172,434.871
9.833,0.1639,44.9984,22.0607,992.695,435.003
9.835,0.1639,44.9883,22.061,992.487,435.134
9.837,0.1640,44.9782,22.0614,992.282,435.266
9.840,0.1640,44.9681,22.0627,992.115,435.398
9.842,0.1640,44.9579,22.0639,991.946,435.53
9.844,0.1641,44.9478,22.0661,991.821,435.661
9.847,0.1641,44.9376,21.9292,985.445,435.793
9.849,0.1642,44.9273,21.9883,987.878,435.925
9.851,0.1642,44.9171,21.9919,987.811,436.056
9.854,0.1642,44.9068,21.9961,987.775,436.188
9.856,0.1643,44.8966,22.0002,987.734,436.32
9.858,0.1643,44.8863,22.0049,987.717,436.452
9.861,0.1643,44.876,22.0095,987.698,436.584
9.863,0.1644,44.8657,22.0145,987.696,436.715
9.865,0.1644,44.8554,22.0615,989.577,436.847
9.868,0.1645,44.8451,22.0661,989.556,436.979
9.870,0.1645,44.8348,21.9637,984.739,437.111
9.872,0.1645,44.8246,22.0721,989.374,437.243
9.875,0.1646,44.8143,22.0782,989.418,437.375
9.877,0.1646,44.8041,22.0828,989.398,437.507
9.879,0.1647,44.7939,22.09,989.496,437.638
9.882,0.1647,44.7838,22.0943,989.467,437.77
9.884,0.1647,44.7736,22.168,992.54,437.902
9.886,0.1648,44.7635,22.1844,993.054,438.034
9.889,0.1648,44.7534,22.134,990.57,438.166
9.891,0.1648,44.7434,22.152,991.157,438.298
9.893,0.1649,44.7334,22.1476,990.735,438.43
9.896,0.1649,44.7234,22.1693,991.486,438.562
9.898,0.1650,44.7134,22.1622,990.949,438.694
9.900,0.1650,44.7035,22.1656,990.88,438.825
9.903,0.1650,44.6936,22.1534,990.113,438.957
9.905,0.1651,44.6837,22.1601,990.194,439.089
9.907,0.1651,44.6738,22.1467,989.376,439.221
9.910,0.1652,44.6639,22.2085,991.917,439.353
9.912,0.1652,44.6541,22.1015,986.923,439.484
9.914,0.1652,44.6442,22.148,988.778,439.616
9.916,0.1653,44.6344,22.1169,987.175,439.748
9.919,0.1653,44.6245,22.1272,987.417,439.88
9.921,0.1654,44.6147,22.1164,986.717,440.011
9.923,0.1654,44.6048,22.1259,986.923,440.143
9.926,0.1654,44.595,22.135,987.109,440.274
9.928,0.1655,44.5852,22.1434,987.271,440.406
9.930,0.1655,44.5755,22.0814,984.29,440.538
9.933,0.1655,44.5657,22.0885,984.389,440.669
9.935,0.1656,44.5559,22.0952,984.474,440.801
9.937,0.1656,44.5462,22.1011,984.52,440.932
9.940,0.1657,44.5365,22.1067,984.555,441.064
9.942,0.1657,44.5268,22.1113,984.547,441.196
9.944,0.1657,44.5171,22.1724,987.052,441.327
9.947,0.1658,44.5075,22.0903,983.182,441.459
9.949,0.1658,44.4978,22.0938,983.127,441.59
9.951,0.1659,44.4882,22.0967,983.044,441.722
9.954,0.1659,44.4786,22.0988,982.924,441.854
9.956,0.1659,44.4691,22.102,982.855,441.985
9.958,0.1660,44.4595,22.102,982.642,442.117
9.961,0.1660,44.45,22.1065,982.635,442.249
9.963,0.1660,44.4404,22.1037,982.298,442.381
9.965,0.1661,44.431,22.0214,978.434,442.513
9.968,0.1661,44.4214,22.015,977.936,442.644
9.970,0.1662,44.412,22.0264,978.237,442.776
9.972,0.1662,44.4024,22.0157,977.551,442.908
9.975,0.1662,44.393,22.0323,978.079,443.04
9.977,0.1663,44.3834,22.0169,977.188,443.172
9.979,0.1663,44.3739,21.9684,974.825,443.304
9.982,0.1664,44.3644,21.9455,973.6,443.436
9.984,0.1664,44.3549,21.9779,974.829,443.568
9.986,0.1664,44.3454,22.0235,976.639,443.7
9.989,0.1665,44.3358,22.0653,978.284,443.831
9.991,0.1665,44.3263,22.0384,976.88,443.963
9.993,0.1666,44.3166,22.0943,979.143,444.095
9.996,0.1666,44.3071,22.0476,976.864,444.227
9.998,0.1666,44.2974,22.1084,979.345,444.359
10.000,0.1667,44.2879,22.0593,976.96,444.491
10.002,0.1667,44.2781,22.1236,979.592,444.623
10.005,0.1667,44.2686,22.0736,977.165,444.755
10.007,0.1668,44.2587,22.1396,979.871,444.887
10.009,0.1668,44.2492,22.09,977.465,445.019
10.012,0.1669,44.2393,22.0982,977.61,445.151
10.014,0.1669,44.2294,22.1055,977.714,445.283
10.016,0.1669,44.2196,22.1923,981.333,445.415
10.019,0.1670,44.2097,22.2013,981.513,445.547
10.021,0.1670,44.1999,22.1591,979.431,445.679
10.023,0.1671,44.1901,22.1682,979.613,445.81
10.026,0.1671,44.1803,22.1792,979.883,445.942
10.028,0.1671,44.1705,22.2914,984.622,446.074
10.030,0.1672,44.1608,22.3055,985.029,446.206
10.033,0.1672,44.151,22.3224,985.555,446.338
10.035,0.1673,44.1413,22.3296,985.66,446.47
10.037,0.1673,44.1316,22.3409,985.937,446.602
10.040,0.1673,44.122,22.348,986.039,446.734
10.042,0.1674,45.9937,22.3999,1030.26,446.866
10.044,0.1674,45.9839,22.403,1030.18,446.997
10.047,0.1674,45.9739,22.4139,1030.45,447.129
10.049,0.1675,45.9642,22.4165,1030.35,447.261
10.051,0.1675,45.9543,22.4252,1030.54,447.393
10.054,0.1676,45.9446,22.4273,1030.41,447.525
10.056,0.1676,45.9348,22.3457,1026.45,447.657
10.058,0.1676,45.9252,22.3518,1026.51,447.788
10.061,0.1677,45.9155,22.3518,1026.3,447.92
10.063,0.1677,45.9059,22.3574,1026.34,448.052
10.065,0.1678,45.8962,22.3559,1026.05,448.184
10.068,0.1678,45.8866,22.3608,1026.06,448.315
10.070,0.1678,45.8771,22.3509,1025.39,448.447
10.072,0.1679,45.8674,22.3607,1025.63,448.579
10.075,0.1679,45.8579,22.3529,1025.06,448.711
10.077,0.1679,45.8483,22.3623,1025.28,448.842
10.079,0.1680,45.8388,22.355,1024.73,448.974
10.081,0.1680,45.8291,22.3162,1022.73,449.106
10.084,0.1681,45.8196,22.327,1023.01,449.237
10.086,0.1681,45.8099,22.3172,1022.35,449.369
10.088,0.1681,45.8003,22.2989,1021.3,449.501
10.091,0.1682,45.7906,22.2045,1016.76,449.633
10.093,0.1682,45.7809,22.2137,1016.96,449.764
10.095,0.1683,45.7712,22.0208,1007.92,449.896
10.098,0.1683,45.7614,22.0568,1009.35,450.028
10.100,0.1683,45.7517,22.0267,1007.76,450.16
10.102,0.1684,45.7418,22.067,1009.38,450.292
10.105,0.1684,45.732,21.9206,1002.47,450.423
10.107,0.1685,45.7222,21.925,1002.46,450.555
10.109,0.1685,45.7123,21.9289,1002.42,450.687
10.112,0.1685,45.7023,21.933,1002.39,450.819
10.114,0.1686,45.6923,21.9365,1002.33,450.951
10.116,0.1686,45.6823,21.9401,1002.27,451.083
10.119,0.1686,45.6721,21.9428,1002.18,451.215
10.121,0.1687,45.662,21.9457,1002.08,451.346
10.123,0.1687,45.6518,21.9476,1001.95,451.478
10.126,0.1688,45.6416,21.9496,1001.81,451.61
10.128,0.1688,45.6313,21.9508,1001.64,451.742
10.130,0.1688,45.6211,21.952,1001.47,451.874
10.133,0.1689,45.6108,21.9527,1001.28,452.006
10.135,0.1689,45.6006,21.9853,1002.54,452.137
10.137,0.1690,45.5904,21.8703,997.077,452.269
10.140,0.1690,45.5801,21.8706,996.866,452.401
10.142,0.1690,45.5699,21.8712,996.669,452.533
10.144,0.1691,45.5598,21.8583,995.86,452.665
10.147,0.1691,45.5497,21.859,995.671,452.797
10.149,0.1691,45.5396,21.8598,995.485,452.928
10.151,0.1692,45.5296,21.8615,995.344,453.06
10.153,0.1692,45.5196,21.7631,990.649,453.192
10.156,0.1693,45.5098,21.7633,990.441,453.324
10.158,0.1693,45.4999,21.8672,994.953,453.456
10.160,0.1693,45.4902,21.8872,995.651,453.588
10.163,0.1694,45.4804,21.904,996.205,453.72
10.165,0.1694,45.4708,21.8959,995.627,453.851
10.167,0.1695,45.4612,21.9172,996.383,453.983
10.170,0.1695,45.4517,21.9078,995.747,454.115
10.172,0.1695,45.4422,21.9322,996.647,454.247
10.174,0.1696,45.4328,21.9223,995.994,454.379
10.177,0.1696,45.4234,21.9484,996.971,454.511
10.179,0.1697,45.414,21.9915,998.724,454.643
10.181,0.1697,45.4046,22.0116,999.43,454.774
10.184,0.1697,45.3953,22.0096,999.131,454.906
10.186,0.1698,45.3859,22.0278,999.752,455.038
10.188,0.1698,45.3766,22.0275,999.535,455.17
10.191,0.1698,45.3672,22.0431,1000.03,455.302
10.193,0.1699,45.3579,22.0445,999.892,455.433
10.195,0.1699,45.3485,22.0571,1000.25,455.565
10.198,0.1700,45.3391,22.0604,1000.2,455.697
10.200,0.1700,45.3297,22.0588,999.916,455.829
10.202,0.1700,45.3202,22.0658,1000.03,455.96
10.205,0.1701,45.3107,22.0449,998.869,456.092
10.207,0.1701,45.3012,22.0508,998.927,456.223
10.209,0.1702,45.2916,22.0562,998.958,456.355
10.212,0.1702,45.282,22.0608,998.954,456.487
10.214,0.1702,45.2723,22.0651,998.936,456.618
10.216,0.1703,45.2626,22.0685,998.877,456.75
10.219,0.1703,45.2528,22.072,998.818,456.881
10.221,0.1703,45.243,22.0745,998.714,457.013
10.223,0.1704,45.2331,22.0821,998.841,457.144
10.225,0.1704,45.2233,22.0687,998.018,457.276
10.228,0.1705,45.2133,22.0788,998.255,457.407
10.230,0.1705,45.2035,22.0744,997.839,457.539
10.232,0.1705,45.1934,22.0866,998.169,457.67
10.235,0.1706,45.1836,22.1068,998.862,457.802
10.237,0.1706,45.1735,22.1159,999.053,457.934
10.239,0.1707,45.1636,22.1142,998.757,458.065
10.242,0.1707,45.1534,22.1216,998.865,458.197
10.244,0.1707,45.1435,22.1225,998.686,458.328
10.246,0.1708,45.1334,22.1595,1000.13,458.46
10.249,0.1708,45.1234,22.1638,1000.11,458.591
10.251,0.1709,45.1132,22.0891,996.51,458.723
10.253,0.1709,45.1033,22.0971,996.655,458.854
10.256,0.1709,45.0931,21.989,991.555,458.986
10.258,0.1710,45.0832,22.0019,991.918,459.117
10.260,0.1710,45.0731,21.993,991.292,459.249
10.263,0.1710,45.0632,21.9931,991.079,459.38
10.265,0.1711,45.0531,21.9622,989.464,459.512
10.267,0.1711,45.0432,22.0052,991.184,459.643
10.270,0.1712,45.0331,21.9667,989.229,459.775
10.272,0.1712,45.0232,22.0168,991.27,459.906
10.274,0.1712,45.0133,22.001,990.337,460.038
10.277,0.1713,45.0035,22.0532,992.471,460.169
10.279,0.1713,44.9936,22.0057,990.114,460.3
10.281,0.1714,44.9838,22.0626,992.46,460.432
10.284,0.1714,44.974,22.0113,989.937,460.563
10.286,0.1714,44.9643,22.0714,992.426,460.695
10.288,0.1715,44.9547,22.018,989.811,460.826
10.291,0.1715,44.945,22.0221,989.786,460.957
10.293,0.1715,44.9354,22.0265,989.77,461.089
10.295,0.1716,44.9259,22.0316,989.789,461.22
10.297,0.1716,44.9164,22.0359,989.775,461.351
10.300,0.1717,44.907,22.0422,989.848,461.483
10.302,0.1717,44.8976,22.0461,989.819,461.614
10.304,0.1717,44.8884,22.0537,989.956,461.746
10.307,0.1718,44.8791,22.0569,989.892,461.877
10.309,0.1718,44.8699,22.0661,990.105,462.009
10.311,0.1719,44.8607,22.0678,989.978,462.14
10.314,0.1719,44.8517,22.079,990.282,462.272
10.316,0.1719,44.8426,22.0787,990.066,462.403
10.318,0.1720,44.8336,22.0921,990.47,462.534
10.321,0.1720,44.8245,22.0892,990.14,462.666
10.323,0.1721,44.8156,22.0815,989.596,462.797
10.325,0.1721,44.8066,22.0655,988.681,462.928
10.328,0.1721,44.7976,22.1175,990.812,463.06
10.330,0.1722,44.7886,21.9646,983.763,463.191
10.332,0.1722,44.7797,22.0167,985.899,463.323
10.335,0.1722,44.7707,21.9716,983.685,463.454
10.337,0.1723,44.7617,21.9929,984.442,463.585
10.339,0.1723,44.7527,21.9431,982.011,463.716
10.342,0.1724,44.7437,21.9482,982.043,463.848
10.344,0.1724,44.7347,21.8971,979.558,463.979
10.346,0.1724,44.7256,22.0653,986.881,464.11
10.349,0.1725,44.7165,22.0085,984.146,464.241
10.351,0.1725,44.7074,22.0775,987.027,464.372
10.353,0.1726,44.6983,22.015,984.034,464.503
10.356,0.1726,44.6891,21.9735,981.975,464.634
10.358,0.1726,44.6799,21.9278,979.731,464.765
10.360,0.1727,44.6707,21.9821,981.958,464.896
10.363,0.1727,44.6615,21.899,978.041,465.027
10.365,0.1727,44.6523,21.9298,979.217,465.158
10.367,0.1728,44.6431,21.9058,977.943,465.288
10.369,0.1728,44.6339,21.9369,979.13,465.419
10.372,0.1729,44.6246,21.8438,974.771,465.55
10.374,0.1729,44.6155,21.8839,976.36,465.681
10.376,0.1729,44.6062,21.8482,974.563,465.812
10.379,0.1730,44.5971,21.8887,976.171,465.943
10.381,0.1730,44.5877,21.8508,974.276,466.073
10.383,0.1731,44.5787,21.8522,974.143,466.204
10.386,0.1731,44.5696,21.8964,975.912,466.336
10.388,0.1731,44.5605,21.8965,975.72,466.467
10.390,0.1732,44.5514,21.9453,977.694,466.598
10.393,0.1732,44.5423,21.944,977.439,466.729
10.395,0.1733,44.5332,21.9422,977.156,466.86
10.397,0.1733,44.5241,21.9404,976.877,466.99
10.400,0.1733,44.515,21.9383,976.582,467.121
10.402,0.1734,44.5059,21.9363,976.293,467.252
10.404,0.1734,44.4967,21.9342,976,467.383
10.407,0.1734,44.4876,21.9324,975.718,467.514
10.409,0.1735,44.4784,21.9307,975.445,467.645
10.411,0.1735,44.4693,21.9295,975.188,467.776
10.414,0.1736,44.4601,21.9286,974.95,467.906
10.416,0.1736,44.451,21.9283,974.736,468.037
10.418,0.1736,44.4419,21.9286,974.549,468.168
10.421,0.1737,44.4327,21.9296,974.391,468.299
10.423,0.1737,44.4236,21.86,971.102,468.429
10.425,0.1738,44.4146,21.8626,971.017,468.56
10.428,0.1738,44.4055,21.8851,971.817,468.691
10.430,0.1738,44.3965,21.8894,971.81,468.821
10.432,0.1739,44.3875,21.8932,971.781,468.952
10.434,0.1739,44.3785,21.9003,971.901,469.082
10.437,0.1739,44.3695,21.8928,971.372,469.213
10.439,0.1740,46.3778,21.806,1011.31,469.344
10.441,0.1740,46.3693,21.815,1011.55,469.474
10.444,0.1741,46.3609,21.8185,1011.53,469.605
10.446,0.1741,46.3526,21.8292,1011.84,469.736
10.448,0.1741,46.3442,21.8326,1011.81,469.866
10.451,0.1742,46.3359,21.8444,1012.18,469.997
10.453,0.1742,46.3276,21.8475,1012.14,470.128
10.455,0.1743,46.3193,21.8301,1011.16,470.258
10.458,0.1743,46.311,21.698,1004.86,470.389
10.460,0.1743,46.3028,21.7019,1004.86,470.519
10.462,0.1744,46.2945,21.7597,1007.35,470.65
10.465,0.1744,46.2864,21.7617,1007.27,470.781
10.467,0.1744,46.2781,21.7714,1007.54,470.911
10.469,0.1745,46.2699,21.7735,1007.46,471.042
10.472,0.1745,46.2616,21.7586,1006.59,471.172
10.474,0.1746,46.2535,21.766,1006.75,471.303
10.476,0.1746,46.2452,21.7708,1006.79,471.433
10.479,0.1746,46.2369,21.7755,1006.83,471.564
10.481,0.1747,46.2285,21.6878,1002.6,471.694
10.483,0.1747,46.2202,21.6927,1002.64,471.825
10.486,0.1748,46.2119,21.6062,998.461,471.955
10.488,0.1748,46.2035,21.6099,998.452,472.086
10.490,0.1748,46.1952,21.6138,998.454,472.216
10.492,0.1749,46.1869,21.6178,998.46,472.347
10.495,0.1749,46.1785,21.6221,998.477,472.477
10.497,0.1750,46.1702,21.6266,998.503,472.608
10.499,0.1750,46.1619,21.6312,998.535,472.738
10.502,0.1750,46.1536,21.6398,998.752,472.868
10.504,0.1751,46.1453,21.7262,1002.56,472.999
10.506,0.1751,46.1369,21.664,999.509,473.129
10.509,0.1751,46.1287,21.6576,999.038,473.26
10.511,0.1752,46.1204,21.6793,999.859,473.39
10.513,0.1752,46.1122,21.668,999.158,473.52
10.516,0.1753,46.1039,21.6943,1000.19,473.651
10.518,0.1753,46.0957,21.6783,999.279,473.781
10.520,0.1753,46.0875,21.7082,1000.48,473.912
10.523,0.1754,46.0793,21.6883,999.38,474.042
10.525,0.1754,46.0711,21.7402,1001.6,474.172
10.527,0.1755,46.063,21.7346,1001.16,474.303
10.530,0.1755,46.0548,21.7582,1002.07,474.433
10.532,0.1755,46.0467,21.7445,1001.26,474.564
10.534,0.1756,46.0386,21.7685,1002.19,474.694
10.537,0.1756,46.0304,21.7531,1001.31,474.825
10.539,0.1756,46.0223,21.7774,1002.25,474.955
10.541,0.1757,46.0142,21.8612,1005.93,475.086
10.544,0.1757,46.0061,21.8809,1006.65,475.216
10.546,0.1758,45.9979,21.8698,1005.96,475.347
10.548,0.1758,45.9899,21.8886,1006.65,475.477
10.551,0.1758,45.9817,21.876,1005.9,475.608
10.553,0.1759,45.9736,21.8962,1006.65,475.738
10.555,0.1759,45.9654,21.8817,1005.8,475.869
10.557,0.1760,45.9573,21.9042,1006.66,475.999
10.560,0.1760,45.949,21.8874,1005.7,476.13
10.562,0.1760,45.9409,21.9718,1009.4,476.26
10.564,0.1761,45.9326,21.9655,1008.93,476.391
10.567,0.1761,45.9245,21.9809,1009.46,476.521
10.569,0.1762,45.9161,21.9842,1009.43,476.652
10.571,0.1762,45.9078,21.9611,1008.19,476.782
10.574,0.1762,45.8994,21.9673,1008.29,476.913
10.576,0.1763,45.8911,21.9684,1008.16,477.044
10.578,0.1763,45.8827,21.9772,1008.37,477.174
10.581,0.1763,45.8744,21.9772,1008.19,477.305
10.583,0.1764,45.866,21.9881,1008.51,477.436
10.585,0.1764,45.8577,21.9873,1008.28,477.567
10.588,0.1765,45.8493,21.9436,1006.1,477.697
10.590,0.1765,45.841,21.9423,1005.86,477.828
10.592,0.1765,45.8327,21.9553,1006.27,477.959
10.595,0.1766,45.8244,21.9655,1006.56,478.09
10.597,0.1766,45.8161,21.9788,1006.98,478.22
10.599,0.1767,45.8078,21.9762,1006.68,478.351
10.602,0.1767,45.7996,21.9896,1007.11,478.482
10.604,0.1767,45.7914,21.9867,1006.8,478.613
10.606,0.1768,45.7831,21.9998,1007.22,478.744
10.609,0.1768,45.775,21.997,1006.91,478.874
10.611,0.1768,45.7668,22.0094,1007.3,479.005
10.613,0.1769,45.7587,22.0068,1007,479.136
10.616,0.1769,45.7505,22.0183,1007.35,479.267
10.618,0.1770,45.7425,22.0161,1007.07,479.398
10.620,0.1770,45.7343,21.8816,1000.74,479.528
10.622,0.1770,45.7263,21.8757,1000.29,479.659
10.625,0.1771,45.7182,21.8904,1000.79,479.79
10.627,0.1771,45.7102,21.8845,1000.35,479.921
10.629,0.1772,45.7021,21.899,1000.83,480.052
10.632,0.1772,45.6941,21.9512,1003.04,480.183
10.634,0.1772,45.686,21.9687,1003.66,480.313
10.636,0.1773,45.678,21.9604,1003.11,480.444
10.639,0.1773,45.6699,21.9342,1001.73,480.575
10.641,0.1774,45.662,21.907,1000.32,480.706
10.643,0.1774,45.6538,21.9446,1001.85,480.837
10.646,0.1774,45.6458,21.9148,1000.32,480.968
10.648,0.1775,45.6377,21.9548,1001.96,481.099
10.650,0.1775,45.6297,21.903,999.426,481.23
10.653,0.1775,45.6215,21.8632,997.431,481.36
10.655,0.1776,45.6136,21.8105,994.857,481.491
10.657,0.1776,45.6053,21.8725,997.501,481.622
10.660,0.1777,45.5974,21.8596,996.738,481.753
10.662,0.1777,45.5891,21.8631,996.721,481.884
10.664,0.1777,45.5809,21.8283,994.953,482.015
10.667,0.1778,45.5726,21.8309,994.89,482.146
10.669,0.1778,45.5644,21.8329,994.803,482.277
10.671,0.1779,45.5562,21.8348,994.71,482.409
10.674,0.1779,45.5479,21.7782,991.95,482.54
10.676,0.1779,45.5397,21.7076,988.558,482.671
10.678,0.1780,45.5315,21.7093,988.457,482.802
10.681,0.1780,45.5233,21.7108,988.348,482.933
10.683,0.1780,45.5151,21.7124,988.244,483.064
10.685,0.1781,45.5069,21.714,988.137,483.196
10.688,0.1781,45.4987,21.7159,988.046,483.327
10.690,0.1782,45.4906,21.7179,987.959,483.458
10.692,0.1782,45.4824,21.7204,987.898,483.589
10.695,0.1782,45.4743,21.7232,987.848,483.72
10.697,0.1783,45.4662,21.7267,987.832,483.851
10.699,0.1783,45.4581,21.7306,987.834,483.983
10.701,0.1784,45.4501,21.7354,987.875,484.114
10.704,0.1784,45.442,21.7407,987.94,484.245
10.706,0.1784,45.434,21.7468,988.044,484.376
10.708,0.1785,45.426,21.7597,988.455,484.507
10.711,0.1785,45.4181,21.7631,988.437,484.638
10.713,0.1786,45.4101,21.775,988.804,484.769
10.715,0.1786,45.4022,21.8184,990.604,484.9
10.718,0.1786,45.3943,21.8328,991.083,485.031
10.720,0.1787,45.3864,21.8331,990.929,485.163
10.722,0.1787,45.3786,21.8303,990.629,485.293
10.725,0.1787,45.3708,21.6314,981.435,485.425
10.727,0.1788,45.363,21.6546,982.316,485.556
10.729,0.1788,45.3552,21.6456,981.74,485.687
10.732,0.1789,45.3474,21.7306,985.427,485.818
10.734,0.1789,45.3396,21.6969,983.728,485.949
10.736,0.1789,45.3319,21.731,985.105,486.079
10.739,0.1790,45.3241,21.709,983.941,486.211
10.741,0.1790,45.3163,21.7472,985.501,486.341
10.743,0.1791,45.3086,21.6369,980.336,486.473
10.746,0.1791,45.3008,21.6755,981.917,486.603
10.748,0.1791,45.2931,21.5378,975.515,486.734
10.750,0.1792,45.2853,21.5637,976.519,486.865
10.753,0.1792,45.2776,21.5411,975.33,486.996
10.755,0.1792,45.2697,21.5426,975.229,487.127
10.757,0.1793,45.2619,21.5973,977.532,487.258
10.760,0.1793,45.254,21.5984,977.414,487.388
10.762,0.1794,45.2462,21.6796,980.917,487.519
10.764,0.1794,45.2383,21.7495,983.913,487.65
10.767,0.1794,45.2305,21.7497,983.747,487.781
10.769,0.1795,45.2226,21.7498,983.582,487.911
10.771,0.1795,45.2147,21.7495,983.4,488.042
10.773,0.1796,45.2069,21.7493,983.216,488.173
10.776,0.1796,45.199,21.7488,983.025,488.304
10.778,0.1796,45.1911,21.7484,982.832,488.434
10.780,0.1797,45.1832,21.7491,982.694,488.565
10.783,0.1797,45.1753,21.7475,982.448,488.696
10.785,0.1798,45.1673,21.7494,982.362,488.827
10.787,0.1798,45.1593,21.9358,990.605,488.957
10.790,0.1798,45.1514,21.8884,988.292,489.088
10.792,0.1799,45.1434,21.8906,988.216,489.219
10.794,0.1799,45.1353,21.8894,987.986,489.35
10.797,0.1799,45.1273,21.8933,987.986,489.481
10.799,0.1800,45.1192,21.8908,987.696,489.612
10.801,0.1800,45.1111,21.897,987.797,489.742
10.804,0.1801,45.103,21.8928,987.432,489.873
10.806,0.1801,45.0948,21.9094,987.998,490.004
10.808,0.1801,45.0867,21.8009,982.929,490.135
10.811,0.1802,45.0784,21.8134,983.315,490.266
10.813,0.1802,45.0702,21.8058,982.791,490.397
10.815,0.1803,45.0619,21.8206,983.28,490.528
10.818,0.1803,45.0537,21.812,982.712,490.659
10.820,0.1803,45.0454,21.786,981.357,490.79
10.822,0.1804,45.0371,21.794,981.539,490.921
10.825,0.1804,45.0288,21.7923,981.282,491.052
10.827,0.1804,45.0205,21.8035,981.605,491.183
10.829,0.1805,45.0121,21.799,981.219,491.314
10.832,0.1805,45.0038,21.815,981.76,491.445
10.834,0.1806,44.9955,21.8058,981.161,491.576
10.836,0.1806,44.9872,21.8285,982.004,491.707
10.839,0.1806,46.4052,21.8402,1013.5,491.838
10.841,0.1807,46.3958,21.8105,1011.92,491.969
10.843,0.1807,46.3865,21.7894,1010.73,492.1
10.846,0.1808,46.3771,21.738,1008.15,492.231
10.848,0.1808,46.3678,21.7405,1008.06,492.362
10.850,0.1808,46.3586,21.7454,1008.09,492.493
10.852,0.1809,46.3494,21.7463,1007.93,492.624
10.855,0.1809,46.3403,21.806,1010.5,492.755
10.857,0.1810,46.3311,21.8062,1010.31,492.886
10.859,0.1810,46.322,21.8145,1010.49,493.017
10.862,0.1810,46.3129,21.8135,1010.25,493.147
10.864,0.1811,46.3039,21.8228,1010.48,493.278
10.866,0.1811,46.2948,21.8207,1010.19,493.409
10.869,0.1811,46.2858,21.8306,1010.45,493.54
10.871,0.1812,46.2768,21.8274,1010.1,493.67
10.873,0.1812,46.2678,21.8376,1010.38,493.801
10.876,0.1813,46.2588,21.8333,1009.98,493.932
10.878,0.1813,46.2498,21.8436,1010.26,494.062
10.880,0.1813,46.2408,21.8379,1009.8,494.193
10.883,0.1814,46.2318,21.8486,1010.1,494.324
10.885,0.1814,46.2228,21.8411,1009.56,494.454
10.887,0.1815,46.2138,21.8527,1009.9,494.585
10.890,0.1815,46.2048,21.8428,1009.24,494.715
10.892,0.1815,46.1958,21.8561,1009.66,494.846
10.894,0.1816,46.1867,21.8287,1008.19,494.977
10.897,0.1816,46.1776,21.8454,1008.77,495.107
10.899,0.1816,46.1685,21.7724,1005.2,495.238
10.901,0.1817,46.1593,21.7955,1006.07,495.368
10.904,0.1817,46.1501,21.7103,1001.93,495.499
10.906,0.1818,46.1409,21.7369,1002.96,495.63
10.908,0.1818,46.1317,21.7177,1001.87,495.76
10.911,0.1818,46.1224,21.7413,1002.76,495.891
10.913,0.1819,46.113,21.7158,1001.38,496.021
10.915,0.1819,46.1037,21.7474,1002.63,496.152
10.918,0.1820,46.0943,21.7145,1000.91,496.282
10.920,0.1820,46.0848,21.7552,1002.58,496.413
10.922,0.1820,46.0753,21.7142,1000.49,496.543
10.925,0.1821,46.0657,21.7646,1002.6,496.674
10.927,0.1821,46.0562,21.7153,1000.12,496.804
10.929,0.1822,46.0465,21.7752,1002.67,496.935
10.931,0.1822,46.037,21.7179,999.825,497.065
10.934,0.1822,46.0272,21.7603,1001.57,497.196
10.936,0.1823,46.0176,21.6947,998.337,497.327
10.938,0.1823,46.0078,21.772,1001.68,497.457
10.941,0.1823,45.9982,21.775,1001.61,497.588
10.943,0.1824,45.9886,21.7521,1000.35,497.718
10.945,0.1824,45.9789,21.7845,1001.63,497.849
10.948,0.1825,45.9693,21.7862,1001.5,497.98
10.950,0.1825,45.9596,21.7312,998.759,498.11
10.952,0.1825,45.9499,21.7757,1000.59,498.241
10.955,0.1826,45.9401,21.7223,997.927,498.371
10.957,0.1826,45.9304,21.7225,997.722,498.502
10.959,0.1827,45.9207,21.7223,997.502,498.633
10.962,0.1827,45.911,21.7223,997.291,498.763
10.964,0.1827,45.9012,21.722,997.065,498.894
10.966,0.1828,45.8915,21.7221,996.859,499.024
10.969,0.1828,45.8818,21.7219,996.642,499.155
10.971,0.1829,45.8721,21.7224,996.451,499.285
10.973,0.1829,45.8624,21.7227,996.256,499.415
10.976,0.1829,45.8527,21.7238,996.093,499.546
10.978,0.1830,45.8431,21.7248,995.932,499.676
10.980,0.1830,45.8335,21.6798,993.662,499.807
10.983,0.1830,45.8238,21.6818,993.543,499.937
10.985,0.1831,45.8142,21.6845,993.458,500.067
10.987,0.1831,45.8046,21.4969,984.66,500.197
10.990,0.1832,45.7951,21.5912,988.77,500.328
10.992,0.1832,45.7855,21.5929,988.644,500.458
10.994,0.1832,45.776,21.6008,988.797,500.588
10.997,0.1833,45.7665,21.6016,988.629,500.718
10.999,0.1833,45.757,21.6111,988.86,500.848
11.001,0.1834,45.7475,21.6112,988.659,500.978
11.004,0.1834,45.738,21.6215,988.926,501.108
11.006,0.1834,45.7285,21.6621,990.577,501.238
11.008,0.1835,45.719,21.6735,990.89,501.368
11.011,0.1835,45.7096,21.6708,990.563,501.498
11.013,0.1835,45.7001,21.6983,991.616,501.628
11.015,0.1836,45.6906,21.7044,991.686,501.758
11.017,0.1836,45.6811,21.7058,991.547,501.888
11.020,0.1837,45.6717,21.7127,991.658,502.018
11.022,0.1837,45.6622,21.7121,991.421,502.148
11.024,0.1837,45.6527,21.7194,991.55,502.278
11.027,0.1838,45.6432,21.7174,991.251,502.408
11.029,0.1838,45.6337,21.7242,991.355,502.537
11.031,0.1839,45.6242,21.7648,993.001,502.667
11.034,0.1839,45.6147,21.7936,994.107,502.797
11.036,0.1839,45.6052,21.7948,993.957,502.927
11.038,0.1840,45.5957,21.7962,993.812,503.056
11.041,0.1840,45.5862,21.7977,993.672,503.186
11.043,0.1841,45.5767,21.7113,989.528,503.316
11.045,0.1841,45.5672,21.6394,986.048,503.445
11.048,0.1841,45.5577,21.6412,985.924,503.575
11.050,0.1842,45.5482,21.6432,985.808,503.704
11.052,0.1842,45.5387,21.6582,986.285,503.834
11.055,0.1842,45.5292,21.6613,986.223,503.963
11.057,0.1843,45.5197,21.6648,986.174,504.093
11.059,0.1843,45.5102,21.6242,984.12,504.222
11.062,0.1844,45.5007,21.6249,983.949,504.352
11.064,0.1844,45.4912,21.6351,984.205,504.481
11.066,0.1844,45.4817,21.6336,983.934,504.611
11.069,0.1845,45.4722,21.6461,984.294,504.74
11.071,0.1845,45.4627,21.5742,980.82,504.869
11.073,0.1846,45.4532,21.589,981.291,504.999
11.076,0.1846,45.4437,21.5842,980.868,505.128
11.078,0.1846,45.4343,21.599,981.334,505.258
11.080,0.1847,45.4248,21.5944,980.921,505.387
11.083,0.1847,45.4154,21.6078,981.329,505.517
11.085,0.1847,45.406,21.6043,980.962,505.646
11.087,0.1848,45.3966,21.6157,981.282,505.776
11.090,0.1848,45.3872,21.426,972.467,505.905
11.092,0.1849,45.3779,21.4185,971.925,506.035
11.094,0.1849,45.3685,21.4349,972.467,506.164
11.097,0.1849,45.3592,21.4267,971.899,506.294
11.099,0.1850,45.3498,21.4428,972.426,506.423
11.101,0.1850,45.3405,21.436,971.922,506.553
11.103,0.1851,45.3312,21.4498,972.345,506.682
11.106,0.1851,45.322,21.447,972.022,506.812
11.108,0.1851,45.3127,21.456,972.232,506.941
11.110,0.1852,45.3036,21.4112,970.003,507.071
11.113,0.1852,45.2943,21.3921,968.942,507.2
11.115,0.1853,45.2852,21.4227,970.133,507.33
11.117,0.1853,45.276,21.3949,968.677,507.459
11.120,0.1853,45.2669,21.4885,972.716,507.589
11.122,0.1854,45.2578,21.4776,972.028,507.718
11.124,0.1854,45.2487,21.5061,973.126,507.848
11.127,0.1854,45.2397,21.5081,973.018,507.977
11.129,0.1855,45.2307,21.5745,975.831,508.106
11.131,0.1855,45.2217,21.578,975.796,508.236
11.134,0.1856,45.2127,21.4904,971.64,508.365
11.136,0.1856,45.2038,21.4966,971.729,508.495
11.138,0.1856,45.1949,21.4974,971.572,508.624
11.141,0.1857,45.186,21.5063,971.784,508.754
11.143,0.1857,45.177,21.5055,971.554,508.883
11.145,0.1858,45.1682,21.5176,971.909,509.012
11.148,0.1858,45.1593,21.5177,971.725,509.142
11.150,0.1858,45.1504,21.5334,972.241,509.271
11.152,0.1859,45.1415,21.6167,975.813,509.401
11.155,0.1859,45.1327,21.652,977.214,509.53
11.157,0.1859,45.1239,21.6417,976.557,509.66
11.159,0.1860,45.115,21.6652,977.426,509.789
11.162,0.1860,45.1062,21.6515,976.617,509.919
11.164,0.1861,45.0974,21.6785,977.641,510.048
11.166,0.1861,45.0885,21.6619,976.704,510.178
11.169,0.1861,45.0797,21.6916,977.851,510.307
11.171,0.1862,45.0708,21.5995,973.51,510.437
11.173,0.1862,45.062,21.6367,974.993,510.566
11.176,0.1863,45.0532,21.6114,973.664,510.696
11.178,0.1863,45.0443,21.6494,975.183,510.825
11.180,0.1863,45.0354,21.6248,973.883,510.954
11.183,0.1864,45.0266,21.6619,975.362,511.084
11.185,0.1864,45.0177,21.6399,974.176,511.213
11.187,0.1865,45.0088,21.6742,975.532,511.343
11.189,0.1865,44.9999,21.6566,974.544,511.472
11.192,0.1865,44.9911,21.6865,975.698,511.601
11.194,0.1866,44.9821,21.6749,974.981,511.73
11.196,0.1866,44.9732,21.6987,975.86,511.86
11.199,0.1866,44.9642,21.692,975.365,511.989
11.201,0.1867,44.9554,21.7108,976.018,512.118
11.203,0.1867,44.9463,21.7098,975.775,512.248
11.206,0.1868,44.9375,21.7228,976.168,512.377
11.208,0.1868,44.9284,21.7274,976.178,512.506
11.210,0.1868,44.9196,21.7344,976.302,512.635
11.213,0.1869,44.9104,21.7442,976.542,512.765
11.215,0.1869,44.9016,21.7455,976.408,512.894
11.217,0.1870,44.8925,21.7594,976.835,513.024
11.220,0.1870,44.8837,21.7645,976.873,513.153
11.222,0.1870,44.875,21.7686,976.865,513.283
11.224,0.1871,44.8662,21.7663,976.57,513.412
11.227,0.1871,44.8574,21.7984,977.82,513.542
11.229,0.1871,44.8486,21.8336,979.208,513.671
11.231,0.1872,44.8398,21.6209,969.477,513.801
11.234,0.1872,44.8311,21.6258,969.506,513.931
11.236,0.1873,44.8223,21.626,969.326,514.06
11.238,0.1873,44.8135,21.495,963.265,514.19
11.241,0.1873,46.7397,21.5283,1006.22,514.32
11.243,0.1874,46.731,21.5266,1005.96,514.45
11.245,0.1874,46.7225,21.5747,1008.03,514.58
11.248,0.1875,46.7139,21.5724,1007.73,514.71
11.250,0.1875,46.7053,21.5699,1007.43,514.84
11.252,0.1875,46.6968,21.5672,1007.12,514.97
11.255,0.1876,46.6883,21.5644,1006.8,515.1
11.257,0.1876,46.6798,21.5615,1006.49,515.231
11.259,0.1877,46.6714,21.5587,1006.17,515.361
11.262,0.1877,46.6629,21.5559,1005.86,515.491
11.264,0.1877,46.6545,21.4731,1001.82,515.621
11.266,0.1878,46.6461,21.4704,1001.51,515.752
11.268,0.1878,46.6377,21.4685,1001.24,515.882
11.271,0.1878,46.6294,21.4659,1000.94,516.012
11.273,0.1879,46.621,21.4645,1000.7,516.143
11.275,0.1879,46.6127,21.4627,1000.43,516.273
11.278,0.1880,46.6043,21.461,1000.18,516.403
11.280,0.1880,46.596,21.4609,999.993,516.534
11.282,0.1880,46.5877,21.458,999.679,516.664
11.285,0.1881,46.5794,21.4609,999.635,516.795
11.287,0.1881,46.5711,21.4555,999.208,516.925
11.289,0.1882,46.5627,21.4627,999.362,517.056
11.292,0.1882,46.5544,21.4538,998.77,517.186
11.294,0.1882,46.5461,21.5355,1002.39,517.317
11.296,0.1883,46.5377,21.5078,1000.92,517.447
11.299,0.1883,46.5293,21.5421,1002.34,517.578
11.301,0.1884,46.5209,21.5404,1002.08,517.708
11.303,0.1884,46.5125,21.4653,998.404,517.839
11.306,0.1884,46.504,21.4652,998.219,517.969
11.308,0.1885,46.4955,21.4735,998.42,518.1
11.310,0.1885,46.487,21.4704,998.094,518.23
11.313,0.1885,46.4784,21.4755,998.147,518.361
11.315,0.1886,46.4697,21.482,998.262,518.491
11.317,0.1886,46.461,21.4883,998.368,518.621
11.320,0.1887,46.4523,21.4959,998.533,518.752
11.322,0.1887,46.4435,21.5032,998.682,518.882
11.324,0.1887,46.4347,21.5116,998.885,519.012
11.327,0.1888,46.4258,21.5196,999.067,519.143
11.329,0.1888,46.4169,21.3856,992.652,519.273
11.331,0.1889,46.408,21.394,992.852,519.403
11.334,0.1889,46.3991,21.4136,993.571,519.534
11.336,0.1889,46.3901,21.4216,993.751,519.664
11.338,0.1890,46.3811,21.4831,996.409,519.794
11.341,0.1890,46.3721,21.4889,996.485,519.924
11.343,0.1890,46.3631,21.4976,996.696,520.055
11.345,0.1891,46.3541,21.5018,996.696,520.185
11.348,0.1891,46.3451,21.5092,996.845,520.315
11.350,0.1892,46.3362,21.5123,996.796,520.446
11.352,0.1892,46.3272,21.4933,995.727,520.576
11.355,0.1892,46.3183,21.4881,995.291,520.706
11.357,0.1893,46.3094,21.4954,995.441,520.837
11.359,0.1893,46.3005,21.4899,994.993,520.967
11.361,0.1894,46.2917,21.4935,994.968,521.098
11.364,0.1894,46.2829,21.4364,992.14,521.229
11.366,0.1894,46.2741,21.4328,991.785,521.359
11.368,0.1895,46.2654,21.4345,991.677,521.49
11.371,0.1895,46.2567,21.4251,991.056,521.621
11.373,0.1896,46.2481,21.4313,991.156,521.751
11.375,0.1896,46.2395,21.4158,990.255,521.882
11.378,0.1896,46.231,21.4274,990.609,522.013
11.380,0.1897,46.2224,21.4061,989.44,522.144
11.382,0.1897,46.214,21.4236,990.069,522.275
11.385,0.1897,46.2055,21.3972,988.667,522.406
11.387,0.1898,46.1971,21.4205,989.566,522.537
11.389,0.1898,46.1887,21.3904,987.993,522.668
11.392,0.1899,46.1803,21.4188,989.128,522.799
11.394,0.1899,46.1719,21.3868,987.469,522.93
11.396,0.1899,46.1636,21.419,988.779,523.061
11.399,0.1900,46.1552,21.3873,987.134,523.192
11.401,0.1900,46.1469,21.4215,988.535,523.323
11.403,0.1901,46.1384,21.3925,987.017,523.454
11.406,0.1901,46.1301,21.395,986.955,523.586
11.408,0.1901,46.1218,21.4039,987.187,523.717
11.410,0.1902,46.1134,21.4051,987.063,523.848
11.413,0.1902,46.105,21.4653,989.659,523.979
11.415,0.1902,46.0966,21.4635,989.394,524.11
11.417,0.1903,46.0881,21.4841,990.163,524.241
11.420,0.1903,46.0796,21.4814,989.856,524.372
11.422,0.1904,46.071,21.5052,990.766,524.503
11.424,0.1904,46.0624,21.5028,990.469,524.634
11.427,0.1904,46.0538,21.5448,992.22,524.765
11.429,0.1905,46.0451,21.5397,991.8,524.896
11.431,0.1905,46.0364,21.5206,990.73,525.027
11.434,0.1906,46.0276,21.5127,990.179,525.158
11.436,0.1906,46.0188,21.6677,997.122,525.289
11.438,0.1906,46.01,21.6427,995.778,525.42
11.441,0.1907,46.001,21.6829,997.434,525.551
11.443,0.1907,45.9921,21.6589,996.138,525.682
11.445,0.1908,45.9831,21.696,997.65,525.813
11.448,0.1908,45.9741,21.6739,996.44,525.944
11.450,0.1908,45.965,21.7359,999.091,526.075
11.452,0.1909,45.956,21.7142,997.9,526.206
11.455,0.1909,45.9468,21.7441,999.072,526.337
11.457,0.1909,45.9378,21.6626,995.132,526.468
11.459,0.1910,45.9286,21.688,996.097,526.599
11.461,0.1910,45.9196,21.6691,995.037,526.729
11.464,0.1911,45.9103,21.624,992.764,526.86
11.466,0.1911,45.9013,21.6042,991.661,526.991
11.468,0.1911,45.892,21.6862,995.22,527.122
11.471,0.1912,45.883,21.6711,994.333,527.253
11.473,0.1912,45.8737,21.792,999.681,527.383
11.475,0.1913,45.8647,21.7893,999.358,527.514
11.478,0.1913,45.8554,21.7315,996.505,527.645
11.480,0.1913,45.8465,21.7345,996.452,527.776
11.482,0.1914,45.8373,21.7265,995.882,527.906
11.485,0.1914,45.8285,21.728,995.76,528.037
11.487,0.1915,45.8193,21.7213,995.253,528.168
11.489,0.1915,45.8105,21.7192,994.966,528.298
11.492,0.1915,45.8014,21.7165,994.645,528.429
11.494,0.1916,45.7927,21.7604,996.467,528.56
11.496,0.1916,45.7837,21.7393,995.303,528.69
11.499,0.1916,45.7751,21.7339,994.868,528.821
11.501,0.1917,45.7665,21.7289,994.456,528.952
11.503,0.1917,45.7579,21.7242,994.056,529.083
11.506,0.1918,45.7494,21.7199,993.673,529.213
11.508,0.1918,45.7409,21.7712,995.832,529.344
11.510,0.1918,45.7324,21.7678,995.491,529.475
11.513,0.1919,45.7239,21.765,995.181,529.606
11.515,0.1919,45.7153,21.8195,997.484,529.736
11.517,0.1920,45.7068,21.7067,992.146,529.867
11.520,0.1920,45.6983,21.7051,991.885,529.998
11.522,0.1920,45.6898,21.6427,988.851,530.129
11.524,0.1921,45.6812,21.4509,979.9,530.26
11.527,0.1921,45.6726,21.4507,979.708,530.391
11.529,0.1921,45.6639,21.45,979.493,530.522
11.531,0.1922,45.6553,21.4505,979.33,530.653
11.534,0.1922,45.6465,21.4506,979.143,530.784
11.536,0.1923,45.6378,21.4517,979.006,530.915
11.538,0.1923,45.6289,21.4523,978.847,531.046
11.541,0.1923,45.62,21.454,978.734,531.177
11.543,0.1924,45.6111,21.4553,978.602,531.308
11.545,0.1924,45.6021,21.3805,974.996,531.439
11.548,0.1925,45.5931,21.3852,975.018,531.57
11.550,0.1925,45.584,21.3866,974.885,531.7
11.552,0.1925,45.5748,21.3557,973.282,531.831
11.555,0.1926,45.5657,21.3574,973.163,531.962
11.557,0.1926,45.5564,21.3652,973.324,532.093
11.559,0.1927,45.5472,21.3675,973.23,532.224
11.562,0.1927,45.5378,21.3758,973.408,532.355
11.564,0.1927,45.5285,21.3799,973.395,532.486
11.566,0.1928,45.5191,21.3874,973.536,532.617
11.569,0.1928,45.5097,21.3947,973.665,532.747
11.571,0.1928,45.5003,21.4001,973.708,532.878
11.573,0.1929,45.4909,21.3285,970.253,533.009
11.575,0.1929,45.4813,21.3337,970.286,533.139
11.578,0.1930,45.4719,21.2164,964.75,533.27
11.580,0.1930,45.4623,21.2266,965.011,533.401
11.582,0.1930,45.4529,21.378,971.692,533.531
11.585,0.1931,45.4433,21.4217,973.472,533.662
11.587,0.1931,45.4339,21.4665,975.306,533.793
11.589,0.1932,45.4243,21.4352,973.678,533.923
11.592,0.1932,45.4149,21.4464,973.984,534.053
11.594,0.1932,45.4054,21.4396,973.472,534.184
11.596,0.1933,45.396,21.4501,973.746,534.314
11.599,0.1933,45.3865,21.4605,974.018,534.445
11.601,0.1934,45.3771,21.4704,974.263,534.575
11.603,0.1934,45.3677,21.4801,974.503,534.706
11.606,0.1934,45.3582,21.489,974.705,534.836
11.608,0.1935,45.3488,21.4978,974.901,534.966
11.610,0.1935,45.3394,21.5056,975.051,535.097
11.613,0.1935,45.33,21.5132,975.194,535.227
11.615,0.1936,45.3206,21.5197,975.286,535.357
11.617,0.1936,45.3113,21.5153,974.886,535.487
11.620,0.1937,45.3019,21.5228,975.022,535.618
11.622,0.1937,45.2926,21.5231,974.838,535.748
11.624,0.1937,45.2833,21.5318,975.028,535.878
11.627,0.1938,46.5329,21.5255,1001.64,536.008
11.629,0.1938,46.5243,21.4877,999.698,536.138
11.631,0.1939,46.5157,21.4763,998.986,536.268
11.634,0.1939,46.5071,21.4031,995.398,536.398
11.636,0.1939,46.4986,21.3875,994.488,536.528
11.638,0.1940,46.4902,21.408,995.261,536.658
11.641,0.1940,46.4817,21.387,994.107,536.788
11.643,0.1940,46.4734,21.4128,995.123,536.919
11.645,0.1941,46.465,21.3862,993.712,537.049
11.648,0.1941,46.4567,21.4182,995.019,537.179
11.650,0.1942,46.4484,21.3858,993.336,537.309
11.652,0.1942,46.4401,21.4249,994.976,537.439
11.655,0.1942,46.4319,21.3862,993.004,537.569
11.657,0.1943,46.4237,21.4334,995.017,537.699
11.659,0.1943,46.4155,21.3881,992.737,537.829
11.662,0.1944,46.4073,21.4438,995.15,537.959
11.664,0.1944,46.3991,21.3915,992.546,538.089
11.666,0.1944,46.3909,21.4563,995.374,538.219
11.669,0.1945,46.3827,21.3967,992.436,538.349
11.671,0.1945,46.3744,21.4704,995.677,538.479
11.673,0.1946,46.3662,21.3256,988.787,538.609
11.676,0.1946,46.3579,21.3866,991.44,538.739
11.678,0.1946,46.3497,21.3348,988.861,538.869
11.680,0.1947,46.3413,21.3644,990.055,538.999
11.682,0.1947,46.333,21.3016,986.967,539.13
11.685,0.1947,46.3245,21.3097,987.163,539.259
11.687,0.1948,46.3161,21.3154,987.247,539.389
11.689,0.1948,46.3076,21.3828,990.185,539.519
11.692,0.1949,46.299,21.3885,990.267,539.649
11.694,0.1949,46.2905,21.3968,990.466,539.779
11.696,0.1949,46.2818,21.4023,990.539,539.909
11.699,0.1950,46.2732,21.4104,990.729,540.039
11.701,0.1950,46.2645,21.4162,990.811,540.169
11.703,0.1951,46.2559,21.4562,992.478,540.299
11.706,0.1951,46.2471,21.4635,992.626,540.429
11.708,0.1951,46.2385,21.468,992.645,540.558
11.710,0.1952,46.2297,21.4767,992.859,540.688
11.713,0.1952,46.221,21.5215,994.743,540.818
11.715,0.1953,46.2122,21.5307,994.979,540.948
11.717,0.1953,46.2035,21.5306,994.79,541.078
11.720,0.1953,46.1947,21.5414,995.101,541.207
11.722,0.1954,46.186,21.5383,994.77,541.337
11.724,0.1954,46.1773,21.5506,995.146,541.467
11.727,0.1954,46.1686,21.5446,994.684,541.597
11.729,0.1955,46.1599,21.6611,999.876,541.726
11.731,0.1955,46.1513,21.6557,999.436,541.856
11.734,0.1956,46.1427,21.6669,999.77,541.986
11.736,0.1956,46.134,21.6601,999.266,542.115
11.738,0.1956,46.1255,21.6702,999.547,542.245
11.741,0.1957,46.1169,21.6627,999.017,542.375
11.743,0.1957,46.1084,21.3739,985.515,542.504
11.745,0.1958,46.0999,21.3843,985.811,542.634
11.748,0.1958,46.0914,21.3003,981.763,542.764
11.750,0.1958,46.0829,21.21,977.42,542.893
11.752,0.1959,46.0745,21.1986,976.714,543.023
11.755,0.1959,46.066,21.207,976.922,543.153
11.757,0.1959,46.0576,21.1958,976.229,543.282
11.759,0.1960,46.0491,21.2028,976.373,543.412
11.762,0.1960,46.0408,21.1924,975.714,543.541
11.764,0.1961,46.0323,21.2833,979.72,543.671
11.766,0.1961,46.0239,21.2645,978.675,543.8
11.769,0.1961,46.0153,21.2364,977.2,543.93
11.771,0.1962,46.0069,21.2138,975.98,544.059
11.773,0.1962,45.9983,21.2321,976.642,544.189
11.776,0.1963,45.9898,21.2114,975.509,544.318
11.778,0.1963,45.9812,21.2444,976.842,544.448
11.780,0.1963,45.9725,21.2431,976.597,544.577
11.782,0.1964,45.9638,21.2419,976.359,544.707
11.785,0.1964,45.9551,21.2412,976.142,544.836
11.787,0.1965,45.9463,21.2304,975.456,544.966
11.789,0.1965,45.9374,21.2306,975.278,545.095
11.792,0.1965,45.9285,21.2312,975.119,545.225
11.794,0.1966,45.9196,21.2322,974.973,545.354
11.796,0.1966,45.9107,21.1767,972.238,545.484
11.799,0.1966,45.9017,21.2349,974.716,545.613
11.801,0.1967,45.8927,21.2368,974.614,545.743
11.803,0.1967,45.8837,21.2389,974.518,545.872
11.806,0.1968,45.8747,21.2415,974.448,546.002
11.808,0.1968,45.8657,21.2442,974.381,546.131
11.810,0.1968,45.8567,21.3781,980.328,546.261
11.813,0.1969,45.8478,21.3814,980.288,546.391
11.815,0.1969,45.8389,21.3854,980.282,546.52
11.817,0.1970,45.83,21.3895,980.282,546.65
11.820,0.1970,45.8211,21.3944,980.317,546.779
11.822,0.1970,45.8123,21.3995,980.359,546.909
11.824,0.1971,45.8036,21.4052,980.436,547.039
11.827,0.1971,45.7949,21.4096,980.451,547.168
11.829,0.1972,45.7862,21.4177,980.634,547.298
11.831,0.1972,45.7777,21.4211,980.609,547.427
11.834,0.1972,45.7691,21.4316,980.906,547.557
11.836,0.1973,45.7607,21.4336,980.816,547.686
11.838,0.1973,45.7522,21.4856,983.014,547.816
11.841,0.1973,45.744,21.4853,982.824,547.946
11.843,0.1974,45.7356,21.4923,982.964,548.075
11.845,0.1974,45.7275,21.4973,983.015,548.205
11.848,0.1975,45.7192,21.4206,979.331,548.334
11.850,0.1975,45.7112,21.4273,979.467,548.464
11.852,0.1975,45.703,21.4333,979.567,548.593
11.855,0.1976,45.6951,21.4381,979.617,548.723
11.857,0.1976,45.687,21.4777,981.252,548.852
11.859,0.1977,45.6791,21.4772,981.059,548.982
11.862,0.1977,45.6712,21.459,980.057,549.111
11.864,0.1977,45.6633,21.2517,970.421,549.241
11.866,0.1978,45.6553,21.2755,971.34,549.37
11.869,0.1978,45.6475,21.2599,970.462,549.5
11.871,0.1978,45.6396,21.2645,970.503,549.629
11.873,0.1979,45.6316,21.269,970.537,549.759
11.876,0.1979,45.6237,21.2734,970.568,549.888
11.878,0.1980,45.6157,21.2149,967.734,550.018
11.880,0.1980,45.6077,21.2193,967.762,550.147
11.883,0.1980,45.5996,21.2236,967.787,550.277
11.885,0.1981,45.5915,21.2278,967.808,550.406
11.887,0.1981,45.5834,21.1564,964.381,550.535
11.890,0.1982,45.5752,21.1603,964.387,550.665
11.892,0.1982,45.567,21.1644,964.398,550.794
11.894,0.1982,45.5588,21.1683,964.403,550.924
11.896,0.1983,45.5505,21.171,964.349,551.053
11.899,0.1983,45.5423,21.1624,963.783,551.183
11.901,0.1984,45.5339,21.1639,963.673,551.312
11.903,0.1984,45.5256,21.1713,963.837,551.441
11.906,0.1984,45.5172,21.1708,963.635,551.571
11.908,0.1985,45.5088,21.1809,963.919,551.7
11.910,0.1985,45.5003,21.1273,961.3,551.829
11.913,0.1985,45.4919,21.1449,961.924,551.959
11.915,0.1986,45.4834,21.1341,961.252,552.088
11.917,0.1986,45.475,21.1568,962.105,552.218
11.920,0.1987,45.4665,21.1415,961.228,552.347
11.922,0.1987,45.458,21.1698,962.337,552.476
11.924,0.1987,45.4495,21.1497,961.24,552.605
11.927,0.1988,45.441,21.1839,962.618,552.735
11.929,0.1988,45.4324,21.1589,961.302,552.864
11.931,0.1989,45.424,21.1991,962.949,552.994
11.934,0.1989,45.4154,21.2241,963.901,553.123
11.936,0.1989,45.407,21.2445,964.647,553.252
11.938,0.1990,45.3983,21.2346,964.013,553.381
11.941,0.1990,45.3899,21.3077,967.152,553.511
11.943,0.1991,45.3812,21.2944,966.365,553.64
11.945,0.1991,45.3728,21.3221,967.442,553.77
11.948,0.1991,45.3641,21.3082,966.629,553.899
11.950,0.1992,45.3557,21.3371,967.758,554.028
11.952,0.1992,45.347,21.3244,966.996,554.158
11.955,0.1992,45.3386,21.3525,968.09,554.287
11.957,0.1993,45.3299,21.3427,967.461,554.416
11.959,0.1993,45.3214,21.368,968.428,554.546
11.962,0.1994,45.3127,21.2544,963.093,554.675
11.964,0.1994,45.3042,21.2614,963.23,554.805
11.966,0.1994,45.2958,21.323,965.839,554.934
11.969,0.1995,45.2873,21.3374,966.315,555.064
11.971,0.1995,45.2789,21.3455,966.501,555.193
11.973,0.1996,45.2705,21.3525,966.639,555.323
11.976,0.1996,45.262,21.4097,969.044,555.452
11.978,0.1996,45.2537,21.4169,969.195,555.582
11.980,0.1997,45.2453,21.3123,964.281,555.711
11.983,0.1997,45.237,21.3196,964.434,555.841
11.985,0.1997,45.2286,21.3251,964.505,555.97
11.987,0.1998,45.2203,21.3322,964.648,556.1
11.990,0.1998,45.212,21.3355,964.618,556.229
11.992,0.1999,45.2038,21.3421,964.741,556.359
11.994,0.1999,45.1954,21.3428,964.595,556.489
11.997,0.1999,45.1873,21.3486,964.683,556.618
11.999,0.2000,45.179,21.3467,964.422,556.748
12.001,0.2000,45.1709,21.3513,964.456,556.877
12.004,0.2001,45.1626,21.3473,964.1,557.007
12.006,0.2001,45.1545,21.3501,964.052,557.137
12.008,0.2001,45.1463,21.3448,963.64,557.266
12.010,0.2002,45.1382,21.3451,963.479,557.396
12.013,0.2002,45.13,21.3398,963.064,557.525
12.015,0.2003,45.122,21.3367,962.756,557.655
12.017,0.2003,45.1138,21.3328,962.405,557.784
12.020,0.2003,45.1057,21.3258,961.916,557.914
12.022,0.2004,45.0975,21.2453,958.109,558.044
12.024,0.2004,45.0895,21.2331,957.388,558.173
12.027,0.2004,45.0813,21.2372,957.401,558.303
12.029,0.2005,45.0732,21.0052,946.772,558.432
12.031,0.2005,45.0649,21.0313,947.776,558.562
12.034,0.2006,45.0568,20.9349,943.26,558.691
12.036,0.2006,45.0486,20.9873,945.446,558.821
12.038,0.2006,45.0404,20.9226,942.363,558.95
12.041,0.2007,45.0321,20.9854,945.019,559.08
12.043,0.2007,45.024,20.9121,941.544,559.209
12.045,0.2008,45.0156,20.9849,944.649,559.339
12.048,0.2008,45.0074,21.0062,945.434,559.468
12.050,0.2008,44.999,21.0782,948.497,559.598
12.052,0.2009,46.7795,21.0393,984.206,559.727
12.055,0.2009,46.7715,21.1685,990.082,559.857
12.057,0.2010,46.7638,21.1798,990.449,559.986
12.059,0.2010,46.756,21.1793,990.258,560.116
12.062,0.2010,46.7482,21.1786,990.061,560.245
12.064,0.2011,46.7404,21.1784,989.885,560.374
12.066,0.2011,46.7325,21.1779,989.699,560.504
12.069,0.2011,46.7247,21.178,989.535,560.633
12.071,0.2012,46.7168,21.1778,989.361,560.763
12.073,0.2012,46.7089,21.1782,989.208,560.892
12.076,0.2013,46.701,21.1782,989.045,561.022
12.078,0.2013,46.6931,21.1788,988.906,561.151
12.080,0.2013,46.6852,21.1793,988.758,561.281
12.083,0.2014,46.6773,21.1802,988.633,561.41
12.085,0.2014,46.6694,21.181,988.505,561.54
12.087,0.2015,46.6615,21.1422,986.529,561.669
12.090,0.2015,46.6537,21.1437,986.432,561.799
12.092,0.2015,46.6458,21.1766,987.798,561.929
12.094,0.2016,46.638,21.1797,987.779,562.058
12.097,0.2016,46.6302,21.183,987.767,562.188
12.099,0.2016,46.6224,21.1269,984.985,562.318
12.101,0.2017,46.6147,21.0543,981.442,562.447
12.104,0.2017,46.607,21.0576,981.429,562.577
12.106,0.2018,46.5993,21.0614,981.449,562.706
12.108,0.2018,46.5917,21.0639,981.4,562.836
12.111,0.2018,46.584,21.0683,981.446,562.966
12.113,0.2019,46.5765,21.0701,981.371,563.095
12.115,0.2019,46.5689,21.0196,978.861,563.225
12.118,0.2020,46.5614,21.0218,978.804,563.355
12.120,0.2020,46.5539,21.0228,978.692,563.484
12.122,0.2020,46.5464,21.0698,980.724,563.614
12.124,0.2021,46.5389,21.0674,980.455,563.744
12.127,0.2021,46.5314,21.0716,980.493,563.873
12.129,0.2022,46.5239,21.0665,980.097,564.003
12.131,0.2022,46.5165,21.0714,980.169,564.132
12.134,0.2022,46.509,20.9716,975.369,564.262
12.136,0.2023,46.5015,20.9772,975.474,564.392
12.138,0.2023,46.494,20.9664,974.811,564.521
12.141,0.2023,46.4865,20.9723,974.929,564.651
12.143,0.2024,46.4789,20.9594,974.168,564.78
12.145,0.2024,46.4714,20.965,974.271,564.91
12.148,0.2025,46.4637,20.951,973.462,565.039
12.150,0.2025,46.4561,20.9463,973.081,565.169
12.152,0.2025,46.4484,20.9411,972.682,565.298
12.155,0.2026,46.4407,20.9362,972.29,565.428
12.157,0.2026,46.433,20.9309,971.883,565.557
12.159,0.2027,46.4252,20.9259,971.49,565.687
12.162,0.2027,46.4174,20.8849,969.423,565.816
12.164,0.2027,46.4095,20.8403,967.186,565.946
12.166,0.2028,46.4016,20.8364,966.841,566.075
12.169,0.2028,46.3937,20.8331,966.526,566.205
12.171,0.2028,46.3857,20.83,966.215,566.335
12.173,0.2029,46.3777,20.8277,965.939,566.464
12.176,0.2029,46.3697,20.8279,965.785,566.594
12.178,0.2030,46.3617,20.8242,965.448,566.723
12.180,0.2030,46.3537,20.8278,965.446,566.853
12.183,0.2030,46.3457,20.8234,965.073,566.982
12.185,0.2031,46.3377,20.8299,965.207,567.111
12.187,0.2031,46.3297,20.9759,971.806,567.241
12.190,0.2032,46.3216,20.9798,971.819,567.37
12.192,0.2032,46.3137,20.9829,971.796,567.5
12.194,0.2032,46.3057,20.9873,971.832,567.629
12.197,0.2033,46.2978,20.9931,971.932,567.759
12.199,0.2033,46.2897,20.9973,971.957,567.888
12.201,0.2034,46.2819,21.0062,972.208,568.018
12.204,0.2034,46.2739,21.0095,972.19,568.147
12.206,0.2034,46.2661,20.8669,965.429,568.277
12.208,0.2035,46.2581,20.8708,965.445,568.406
12.211,0.2035,46.2504,20.8844,965.912,568.536
12.213,0.2035,46.2425,20.8876,965.892,568.665
12.215,0.2036,46.2347,20.9417,968.235,568.795
12.218,0.2036,46.2269,20.9421,968.087,568.924
12.220,0.2037,46.2191,20.9033,966.132,569.054
12.222,0.2037,46.2113,20.906,966.095,569.183
12.224,0.2037,46.2036,20.8975,965.541,569.313
12.227,0.2038,46.1958,20.8934,965.189,569.442
12.229,0.2038,46.1881,20.7681,959.239,569.572
12.231,0.2039,46.1804,20.8762,964.071,569.701
12.234,0.2039,46.1727,20.9247,966.15,569.831
12.236,0.2039,46.165,20.8916,964.46,569.96
12.238,0.2040,46.1573,20.9385,966.466,570.09
12.241,0.2040,46.1496,20.9049,964.751,570.219
12.243,0.2041,46.1419,20.9101,964.833,570.349
12.245,0.2041,46.1343,20.9125,964.784,570.478
12.248,0.2041,46.1266,20.918,964.879,570.608
12.250,0.2042,46.119,20.9272,965.143,570.738
12.252,0.2042,46.1114,20.9339,965.289,570.867
12.255,0.2042,46.1037,20.9286,964.884,570.997
12.257,0.2043,46.0962,20.9359,965.063,571.127
12.259,0.2043,46.0885,20.9268,964.486,571.256
12.262,0.2044,46.081,21.0942,972.04,571.386
12.264,0.2044,46.0733,21.0807,971.26,571.516
12.266,0.2044,46.0658,21.0885,971.461,571.645
12.269,0.2045,46.0582,21.0722,970.546,571.775
12.271,0.2045,46.0507,21.081,970.793,571.905
12.273,0.2046,46.043,21.062,969.76,572.034
12.276,0.2046,46.0355,21.0721,970.064,572.164
12.278,0.2046,46.0279,21.051,968.933,572.294
12.280,0.2047,46.0203,21.1163,971.779,572.423
12.283,0.2047,46.0127,21.0892,970.373,572.553
12.285,0.2047,46.0051,21.1068,971.022,572.683
12.287,0.2048,45.9974,21.0781,969.537,572.812
12.290,0.2048,45.9898,21.0982,970.302,572.942
12.292,0.2049,45.982,21.0682,968.759,573.071
12.294,0.2049,45.9743,21.107,970.382,573.201
12.297,0.2049,45.9666,21.0808,969.013,573.331
12.299,0.2050,45.9588,21.1013,969.788,573.46
12.301,0.2050,45.951,21.0754,968.434,573.59
12.304,0.2051,45.9431,21.0974,969.278,573.72
12.306,0.2051,45.9352,21.0727,967.977,573.849
12.308,0.2051,45.9272,21.1114,969.588,573.979
12.311,0.2052,45.9192,21.0958,968.702,574.108
12.313,0.2052,45.9112,21.0695,967.328,574.238
12.315,0.2053,45.9031,21.0545,966.468,574.368
12.318,0.2053,45.895,21.07,967.006,574.497
12.320,0.2053,45.8869,21.059,966.331,574.627
12.322,0.2054,45.8788,20.9993,963.422,574.756
12.325,0.2054,45.8705,20.9929,962.954,574.886
12.327,0.2054,45.8624,21.003,963.248,575.016
12.329,0.2055,45.8541,21.0031,963.077,575.145
12.331,0.2055,45.8459,21.0082,963.14,575.275
12.334,0.2056,45.8375,21.0154,963.295,575.404
12.336,0.2056,45.8294,21.0187,963.274,575.534
12.338,0.2056,45.8212,21.0228,963.29,575.664
12.341,0.2057,45.813,21.0269,963.305,575.793
12.343,0.2057,45.8048,21.0317,963.355,575.923
12.345,0.2058,45.7966,21.0365,963.402,576.052
12.348,0.2058,45.7884,21.042,963.48,576.182
12.350,0.2058,45.7802,21.0474,963.554,576.311
12.352,0.2059,45.7721,21.0533,963.655,576.441
12.355,0.2059,45.7639,20.8616,954.708,576.571
12.357,0.2060,45.7557,20.7941,951.45,576.7
12.359,0.2060,45.7476,20.8002,951.558,576.83
12.362,0.2060,45.7395,20.8066,951.686,576.959
12.364,0.2061,45.7314,20.8931,955.473,577.089
12.366,0.2061,45.7234,20.8986,955.555,577.219
12.369,0.2061,45.7154,20.9034,955.605,577.349
12.371,0.2062,45.7074,20.9083,955.665,577.478
12.373,0.2062,45.6995,20.9125,955.69,577.608
12.376,0.2063,45.6916,20.9167,955.718,577.738
12.378,0.2063,45.6837,20.9201,955.709,577.868
12.380,0.2063,45.6759,20.9235,955.698,577.997
12.383,0.2064,45.6681,20.9132,955.068,578.127
12.385,0.2064,45.6603,20.9429,956.26,578.257
12.387,0.2065,45.6526,20.8881,953.598,578.387
12.390,0.2065,45.6449,20.8824,953.175,578.517
12.392,0.2065,45.6372,20.8883,953.282,578.647
12.394,0.2066,45.6296,20.9103,954.128,578.777
12.397,0.2066,45.6219,20.9168,954.265,578.907
12.399,0.2066,45.6143,20.9042,953.529,579.036
12.401,0.2067,45.6067,20.8682,951.731,579.166
12.404,0.2067,45.599,20.8037,948.629,579.296
12.406,0.2068,45.5914,20.8044,948.503,579.426
12.408,0.2068,45.5837,20.834,949.692,579.556
12.411,0.2068,45.5761,20.8477,950.158,579.686
12.413,0.2069,45.5684,20.8204,948.753,579.816
12.415,0.2069,45.5607,20.8348,949.249,579.945
12.418,0.2070,45.5529,20.8069,947.813,580.075
12.420,0.2070,45.5451,20.8214,948.312,580.205
12.422,0.2070,45.5373,20.7941,946.908,580.335
12.425,0.2071,45.5295,20.808,947.378,580.465
12.427,0.2071,45.5216,20.7829,946.072,580.594
12.429,0.2072,45.5137,20.7767,945.622,580.724
12.432,0.2072,45.5057,20.7715,945.223,580.854
12.434,0.2072,45.4978,20.7667,944.839,580.984
12.436,0.2073,45.4898,20.763,944.504,581.113
12.438,0.2073,45.4817,20.7599,944.197,581.243
12.441,0.2073,45.4736,20.7579,943.938,581.373
12.443,0.2074,45.4655,20.7568,943.72,581.503
12.445,0.2074,45.4574,20.7567,943.545,581.632
12.448,0.2075,45.4492,20.7577,943.423,581.762
12.450,0.2075,45.441,20.7597,943.34,581.892
12.452,0.2075,45.4328,20.7629,943.318,582.022
12.455,0.2076,45.4246,20.819,945.695,582.151
12.457,0.2076,45.4164,20.8288,945.968,582.281
12.459,0.2077,45.4082,20.8274,945.734,582.411
12.462,0.2077,45.4,20.8433,946.285,582.541
12.464,0.2077,45.3918,20.8403,945.981,582.671
12.466,0.2078,45.3836,20.7943,943.721,582.8
12.469,0.2078,45.3754,20.8754,947.23,582.93
12.471,0.2079,45.3673,20.9105,948.651,583.06
12.473,0.2079,45.3591,20.8961,947.831,583.19
12.476,0.2079,45.351,20.9368,949.507,583.32
12.478,0.2080,45.3429,20.9205,948.596,583.45
12.480,0.2080,45.3349,20.9956,951.832,583.58
12.483,0.2080,45.3268,20.9788,950.901,583.709
12.485,0.2081,45.3189,21.0254,952.845,583.839
12.487,0.2081,45.3109,21.0078,951.881,583.969
12.490,0.2082,45.3029,21.0755,954.782,584.099
12.492,0.2082,45.295,21.0611,953.961,584.229
12.494,0.2082,46.8388,21.0702,986.903,584.359
12.497,0.2083,46.831,20.9872,982.852,584.489
12.499,0.2083,46.8232,21.0351,984.933,584.619
12.501,0.2084,46.8155,21.0151,983.832,584.749
12.504,0.2084,46.8078,21.0602,985.782,584.879
12.506,0.2084,46.8001,21.0412,984.733,585.009
12.508,0.2085,46.7925,21.0822,986.491,585.139
12.511,0.2085,46.785,21.065,985.526,585.269
12.513,0.2085,46.7774,20.8379,974.742,585.399
12.515,0.2086,46.7699,20.8002,972.824,585.529
12.518,0.2086,46.7624,20.851,975.045,585.659
12.520,0.2087,46.7551,20.7333,969.388,585.789
12.522,0.2087,46.7476,20.7374,969.423,585.919
12.525,0.2087,46.7402,20.7355,969.183,586.049
12.527,0.2088,46.7328,20.7425,969.355,586.179
12.529,0.2088,46.7255,20.7347,968.838,586.309
12.532,0.2089,46.7182,20.7447,969.154,586.439
12.534,0.2089,46.7109,20.7309,968.357,586.569
12.536,0.2089,46.7036,20.7442,968.829,586.699
12.539,0.2090,46.6963,20.7243,967.748,586.829
12.541,0.2090,46.689,20.7841,970.391,586.96
12.543,0.2091,46.6818,20.7575,968.998,587.09
12.546,0.2091,46.6745,20.7791,969.854,587.22
12.548,0.2091,46.6673,20.7565,968.65,587.35
12.550,0.2092,46.66,20.8064,970.825,587.48
12.553,0.2092,46.6527,20.7715,969.044,587.61
12.555,0.2092,46.6453,20.7976,970.111,587.74
12.557,0.2093,46.638,20.7595,968.18,587.87
12.559,0.2093,46.6305,20.7887,969.388,588.001
12.562,0.2094,46.6231,20.7485,967.361,588.131
12.564,0.2094,46.6156,20.7806,968.699,588.261
12.566,0.2094,46.6081,20.8064,969.747,588.391
12.569,0.2095,46.6005,20.8309,970.731,588.521
12.571,0.2095,46.5929,20.8002,969.143,588.651
12.573,0.2096,46.5852,20.8332,970.519,588.781
12.576,0.2096,46.5776,20.8025,968.928,588.911
12.578,0.2096,46.5698,20.8311,970.102,589.041
12.580,0.2097,46.5621,20.8035,968.653,589.171
12.583,0.2097,46.5542,20.7767,967.243,589.301
12.585,0.2098,46.5464,20.7523,965.944,589.431
12.587,0.2098,46.5386,20.7821,967.171,589.561
12.590,0.2098,46.5307,20.7619,966.068,589.691
12.592,0.2099,46.5229,20.7914,967.274,589.821
12.594,0.2099,46.515,20.7732,966.266,589.951
12.597,0.2099,46.5072,20.8041,967.538,590.081
12.599,0.2100,46.4993,20.788,966.628,590.211
12.601,0.2100,46.4916,20.7604,965.186,590.341
12.604,0.2101,46.4838,20.7293,963.576,590.471
12.606,0.2101,46.4761,20.7797,965.758,590.602
12.608,0.2101,46.4684,20.7492,964.181,590.732
12.611,0.2102,46.4608,20.8001,966.388,590.862
12.613,0.2102,46.4532,20.7703,964.845,590.992
12.615,0.2103,46.4457,20.7806,965.172,591.122
12.618,0.2103,46.4383,20.7913,965.51,591.252
12.620,0.2103,46.4309,20.8015,965.831,591.382
12.622,0.2104,46.4236,20.812,966.167,591.513
12.625,0.2104,46.4164,20.7576,963.495,591.643
12.627,0.2104,46.4091,20.7677,963.811,591.773
12.629,0.2105,46.402,20.7766,964.077,591.903
12.632,0.2105,46.3948,20.786,964.363,592.033
12.634,0.2106,46.3877,20.794,964.586,592.164
12.636,0.2106,46.3806,20.8026,964.835,592.294
12.639,0.2106,46.3735,20.8096,965.013,592.424
12.641,0.2107,46.3664,20.9221,970.08,592.554
12.643,0.2107,46.3594,20.9475,971.112,592.685
12.646,0.2108,46.3523,20.9533,971.235,592.815
12.648,0.2108,46.3452,20.9576,971.286,592.945
12.650,0.2108,46.3382,20.8825,967.655,593.075
12.653,0.2109,46.3311,20.8856,967.654,593.206
12.655,0.2109,46.3241,20.8294,964.903,593.336
12.657,0.2110,46.317,20.8316,964.858,593.466
12.660,0.2110,46.3099,20.8773,966.823,593.597
12.662,0.2110,46.3028,20.8791,966.759,593.727
12.664,0.2111,46.2956,20.8752,966.429,593.858
12.667,0.2111,46.2886,20.8819,966.591,593.988
12.669,0.2111,46.2814,20.8713,965.951,594.118
12.671,0.2112,46.2744,20.8829,966.345,594.249
12.674,0.2112,46.2672,20.8656,965.391,594.379
12.676,0.2113,46.2601,20.9174,967.641,594.51
12.678,0.2113,46.2529,20.8948,966.443,594.64
12.681,0.2113,46.2459,20.9147,967.217,594.771
12.683,0.2114,46.2386,20.8857,965.726,594.901
12.685,0.2114,46.2316,20.7194,957.89,595.032
12.687,0.2115,46.2244,20.6756,955.715,595.162
12.690,0.2115,46.2173,20.7142,957.355,595.293
12.692,0.2115,46.2101,20.6628,954.828,595.423
12.694,0.2116,46.203,20.7078,956.764,595.553
12.697,0.2116,46.1957,20.6492,953.905,595.684
12.699,0.2117,46.1887,20.7479,958.32,595.814
12.701,0.2117,46.1814,20.7233,957.03,595.944
12.704,0.2117,46.1743,20.7829,959.636,596.075
12.706,0.2118,46.167,20.7093,956.088,596.205
12.708,0.2118,46.1599,20.7057,955.775,596.335
12.711,0.2118,46.1528,20.7033,955.516,596.466
12.713,0.2119,46.1456,20.7014,955.279,596.596
12.715,0.2119,46.1385,20.7006,955.093,596.726
12.718,0.2120,46.1313,20.7006,954.947,596.857
12.720,0.2120,46.1242,20.7016,954.846,596.987
12.722,0.2120,46.1171,20.7038,954.799,597.117
12.725,0.2121,46.1099,20.7068,954.788,597.248
12.727,0.2121,46.1028,20.6791,953.366,597.378
12.729,0.2122,46.0956,20.6838,953.431,597.508
12.732,0.2122,46.0885,20.6513,951.79,597.639
12.734,0.2122,46.0813,20.6788,952.905,597.769
12.736,0.2123,46.0742,20.6928,953.402,597.899
12.739,0.2123,46.067,20.6893,953.094,598.03
12.741,0.2124,46.0598,20.7103,953.914,598.16
12.743,0.2124,46.0526,20.7015,953.36,598.29
12.746,0.2124,46.0454,20.7291,954.478,598.421
12.748,0.2125,46.0382,20.7141,953.639,598.551
12.750,0.2125,46.031,20.7477,955.038,598.681
12.753,0.2125,46.0238,20.7258,953.879,598.812
12.755,0.2126,46.0165,20.7121,953.1,598.942
12.757,0.2126,46.0093,20.682,951.563,599.073
12.760,0.2127,46.0021,20.6493,949.913,599.203
12.762,0.2127,45.9949,20.6119,948.04,599.333
12.764,0.2127,45.9876,20.6654,950.354,599.464
12.767,0.2128,45.9804,20.6215,948.188,599.594
12.769,0.2128,45.9732,20.7481,953.855,599.725
12.771,0.2129,45.966,20.7088,951.904,599.855
12.774,0.2129,45.9589,20.7547,953.862,599.985
12.776,0.2129,45.9517,20.7096,951.64,600.116
12.778,0.2130,45.9445,20.7598,953.8,600.246
12.781,0.2130,45.9374,20.7099,951.357,600.376
12.783,0.2130,45.9302,20.7643,953.707,600.507
12.785,0.2131,45.9231,20.7108,951.104,600.637
12.788,0.2131,45.916,20.7688,953.618,600.768
12.790,0.2132,45.9088,20.7772,953.858,600.898
12.792,0.2132,45.9017,20.832,956.226,601.028
12.795,0.2132,45.8945,20.9292,960.538,601.159
12.797,0.2133,45.8875,20.9603,961.816,601.289
12.799,0.2133,45.8803,20.9361,960.554,601.42
12.802,0.2134,45.8733,20.9386,960.521,601.55
12.804,0.2134,45.8662,20.941,960.483,601.68
12.806,0.2134,45.8592,20.9453,960.536,601.811
12.808,0.2135,45.8521,20.9469,960.462,601.941
12.811,0.2135,45.8452,20.953,960.592,602.072
12.813,0.2136,45.838,20.8856,957.356,602.202
12.815,0.2136,45.831,20.8881,957.323,602.333
12.818,0.2136,45.8239,20.89,957.26,602.463
12.820,0.2137,45.8169,20.8385,954.754,602.594
12.822,0.2137,45.8096,20.8377,954.568,602.724
12.825,0.2137,45.8026,20.9153,957.976,602.855
12.827,0.2138,45.7953,20.9119,957.665,602.985
12.829,0.2138,45.7882,20.9161,957.713,603.116
12.832,0.2139,45.7809,20.9093,957.246,603.246
12.834,0.2139,45.7737,20.9146,957.341,603.377
12.836,0.2139,45.7663,20.8487,954.168,603.507
12.839,0.2140,45.7591,20.8533,954.229,603.637
12.841,0.2140,45.7517,20.8429,953.596,603.768
12.843,0.2141,45.7444,20.8485,953.704,603.898
12.846,0.2141,45.7369,20.8372,953.03,604.028
12.848,0.2141,45.7296,20.7847,950.478,604.159
12.850,0.2142,45.7221,20.7727,949.771,604.289
12.853,0.2142,45.7148,20.793,950.545,604.419
12.855,0.2143,45.7072,20.7767,949.646,604.55
12.857,0.2143,45.6999,20.7607,948.762,604.68
12.860,0.2143,45.6923,20.7329,947.334,604.81
12.862,0.2144,45.6849,20.7599,948.415,604.94
12.864,0.2144,45.6773,20.7354,947.137,605.071
12.867,0.2144,45.67,20.7625,948.224,605.201
12.869,0.2145,45.6624,20.7425,947.152,605.331
12.871,0.2145,45.6551,20.7686,948.194,605.461
12.874,0.2146,45.6475,20.7555,947.438,605.591
12.876,0.2146,45.6402,20.7779,948.308,605.721
12.878,0.2146,45.6327,20.7715,947.861,605.852
12.881,0.2147,45.6254,20.838,950.741,605.982
12.883,0.2147,45.6179,20.8397,950.664,606.112
12.885,0.2148,45.6107,20.8503,950.996,606.242
12.888,0.2148,45.6033,20.8562,951.11,606.372
12.890,0.2148,45.5961,20.8623,951.238,606.502
12.892,0.2149,45.5886,20.8705,951.457,606.633
12.895,0.2149,45.5815,20.8184,948.931,606.763
12.897,0.2149,45.5743,20.8226,948.978,606.893
12.899,0.2150,45.5672,20.8263,948.997,607.023
12.902,0.2150,45.5601,20.8284,948.946,607.153
12.904,0.2151,45.553,20.8294,948.841,607.284
12.906,0.2151,45.5458,20.8293,948.69,607.414
12.909,0.2151,45.5387,20.8277,948.468,607.544
12.911,0.2152,45.5316,20.8258,948.23,607.674
12.913,0.2152,45.5245,20.8221,947.915,607.804
12.916,0.2153,45.5174,20.8188,947.616,607.934
12.918,0.2153,45.5102,20.7408,943.918,608.064
12.920,0.2153,45.5031,20.7368,943.587,608.194
12.923,0.2154,45.4959,20.499,932.62,608.324
12.925,0.2154,45.4888,20.4955,932.315,608.455
12.927,0.2155,45.4816,20.4913,931.979,608.585
12.930,0.2155,45.4744,20.4887,931.714,608.715
12.932,0.2155,45.4672,20.486,931.44,608.845
12.934,0.2156,45.46,20.4847,931.237,608.975
12.936,0.2156,45.4528,20.4838,931.048,609.105
12.939,0.2156,46.7188,20.6717,965.755,609.235
12.941,0.2157,46.7118,20.6732,965.682,609.365
12.943,0.2157,46.7048,20.6718,965.475,609.495
12.946,0.2158,46.6979,20.6791,965.668,609.625
12.948,0.2158,46.6909,20.675,965.333,609.755
12.950,0.2158,46.6839,20.6879,965.791,609.885
12.953,0.2159,46.6769,20.68,965.279,610.015
12.955,0.2159,46.6699,20.6987,966.005,610.145
12.957,0.2160,46.6629,20.7073,966.264,610.275
12.960,0.2160,46.6559,20.7304,967.194,610.405
12.962,0.2160,46.6489,20.7127,966.224,610.535
12.964,0.2161,46.642,20.7414,967.421,610.665
12.967,0.2161,46.6351,20.7164,966.113,610.795
12.969,0.2162,46.6282,20.7511,967.588,610.925
12.971,0.2162,46.6213,20.7181,965.903,611.055
12.974,0.2162,46.6144,20.7588,967.658,611.185
12.976,0.2163,46.6076,20.7174,965.588,611.314
12.978,0.2163,46.6007,20.764,967.616,611.444
12.981,0.2163,46.594,20.7148,965.184,611.574
12.983,0.2164,46.5872,20.802,969.105,611.704
12.985,0.2164,46.5804,20.6995,964.19,611.833
12.988,0.2165,46.5736,20.7678,967.231,611.963
12.990,0.2165,46.5668,20.7692,967.155,612.093
12.992,0.2165,46.5601,20.7709,967.094,612.222
12.995,0.2166,46.5533,20.8102,968.785,612.352
12.997,0.2166,46.5465,20.812,968.729,612.482
12.999,0.2167,46.5398,20.8139,968.675,612.611
13.002,0.2167,46.533,20.8164,968.648,612.741
13.004,0.2167,46.5263,20.819,968.629,612.87
13.006,0.2168,46.5195,20.8221,968.634,613
13.009,0.2168,46.5127,20.8255,968.653,613.129
13.011,0.2168,46.506,20.8293,968.686,613.259
13.013,0.2169,46.4992,20.8302,968.589,613.388
13.016,0.2169,46.4924,20.8375,968.787,613.518
13.018,0.2170,46.4855,20.7814,966.034,613.647
13.020,0.2170,46.4787,20.7935,966.455,613.777
13.023,0.2170,46.4719,20.6612,960.164,613.906
13.025,0.2171,46.465,20.6787,960.836,614.036
13.027,0.2171,46.4581,20.6629,959.96,614.165
13.030,0.2172,46.4513,20.6306,958.319,614.295
13.032,0.2172,46.4443,20.5439,954.148,614.424
13.034,0.2172,46.4374,20.5728,955.347,614.554
13.037,0.2173,46.4305,20.5408,953.72,614.683
13.039,0.2173,46.4235,20.5761,955.218,614.813
13.041,0.2174,46.4165,20.5354,953.181,614.942
13.044,0.2174,46.4096,20.5775,954.995,615.071
13.046,0.2174,46.4026,20.5281,952.558,615.201
13.048,0.2175,46.3956,20.5772,954.691,615.33
13.051,0.2175,46.3886,20.4684,949.502,615.459
13.053,0.2175,46.3816,20.5237,951.923,615.589
13.055,0.2176,46.3746,20.4628,948.956,615.718
13.058,0.2176,46.3675,20.5243,951.659,615.848
13.060,0.2177,46.3605,20.4598,948.529,615.977
13.062,0.2177,46.3535,20.5258,951.442,616.106
13.065,0.2177,46.3465,20.4605,948.274,616.235
13.067,0.2178,46.3395,20.6155,955.313,616.365
13.069,0.2178,46.3325,20.5514,952.196,616.494
13.072,0.2179,46.3254,20.5363,951.35,616.623
13.074,0.2179,46.3185,20.4844,948.804,616.752
13.076,0.2179,46.3114,20.5439,951.415,616.882
13.079,0.2180,46.3045,20.5007,949.276,617.011
13.081,0.2180,46.2974,20.5055,949.35,617.14
13.083,0.2181,46.2903,20.5091,949.374,617.27
13.086,0.2181,46.2833,20.5189,949.68,617.399
13.088,0.2181,46.2762,20.4168,944.811,617.528
13.090,0.2182,46.2692,20.3696,942.483,617.657
13.092,0.2182,46.2621,20.348,941.341,617.787
13.095,0.2182,46.2551,20.3705,942.241,617.916
13.097,0.2183,46.248,20.4175,944.267,618.045
13.099,0.2183,46.241,20.4419,945.254,618.174
13.102,0.2184,46.234,20.4316,944.633,618.304
13.104,0.2184,46.2269,20.5287,948.98,618.433
13.106,0.2184,46.2199,20.5065,947.808,618.562
13.109,0.2185,46.2129,20.5478,949.574,618.691
13.111,0.2185,46.2058,20.5158,947.949,618.821
13.113,0.2186,46.1988,20.5641,950.039,618.95
13.116,0.2186,46.1918,20.5219,947.943,619.079
13.118,0.2186,46.1848,20.5771,950.347,619.208
13.120,0.2187,46.1777,20.5251,947.801,619.337
13.123,0.2187,46.1707,20.5864,950.49,619.466
13.125,0.2188,46.1636,20.5261,947.558,619.595
13.127,0.2188,46.1566,20.5924,950.475,619.724
13.130,0.2188,46.1495,20.526,947.264,619.853
13.132,0.2189,46.1424,20.6301,951.924,619.982
13.134,0.2189,46.1354,20.5613,948.603,620.111
13.137,0.2189,46.1283,20.6312,951.684,620.24
13.139,0.2190,46.1212,20.714,955.356,620.369
13.141,0.2190,46.1141,20.7839,958.433,620.498
13.144,0.2191,46.107,20.7193,955.304,620.627
13.146,0.2191,46.0999,20.7852,958.195,620.755
13.148,0.2191,46.0929,20.7272,955.378,620.884
13.151,0.2192,46.0858,20.7867,957.969,621.013
13.153,0.2192,46.0787,20.7345,955.417,621.142
13.155,0.2193,46.0716,20.7889,957.776,621.271
13.158,0.2193,46.0645,20.7444,955.581,621.399
13.160,0.2193,46.0575,20.792,957.629,621.528
13.162,0.2194,46.0504,20.7565,955.844,621.657
13.165,0.2194,46.0434,20.7687,956.26,621.786
13.167,0.2195,46.0364,20.721,953.922,621.915
13.169,0.2195,46.0294,20.7733,956.184,622.043
13.172,0.2195,46.0224,20.7331,954.186,622.172
13.174,0.2196,46.0154,20.7356,954.159,622.301
13.176,0.2196,46.0084,20.7381,954.129,622.43
13.179,0.2196,46.0015,20.8282,958.128,622.559
13.181,0.2197,45.9946,20.8297,958.053,622.688
13.183,0.2197,45.9876,20.8311,957.975,622.817
13.186,0.2198,45.9807,20.7801,955.483,622.946
13.188,0.2198,45.9738,20.7806,955.365,623.075
13.190,0.2198,45.9669,20.7969,955.969,623.203
13.193,0.2199,45.9601,20.7975,955.854,623.332
13.195,0.2199,45.9532,20.7983,955.747,623.461
13.197,0.2200,45.9463,20.7346,952.681,623.59
13.200,0.2200,45.9395,20.7355,952.579,623.719
13.202,0.2200,45.9327,20.7364,952.479,623.848
13.204,0.2201,45.9258,20.7376,952.392,623.977
13.207,0.2201,45.919,20.7389,952.311,624.105
13.209,0.2201,45.9122,20.6655,948.797,624.234
13.211,0.2202,45.9054,20.7314,951.682,624.363
13.214,0.2202,45.8985,20.7338,951.65,624.492
13.216,0.2203,45.8917,20.7365,951.633,624.621
13.218,0.2203,45.8849,20.8235,955.487,624.749
13.221,0.2203,45.8781,20.8269,955.497,624.878
13.223,0.2204,45.8713,20.8285,955.429,625.007
13.225,0.2204,45.8645,20.8342,955.552,625.136
13.228,0.2205,45.8578,20.8342,955.411,625.264
13.230,0.2205,45.851,20.8428,955.663,625.393
13.232,0.2205,45.8442,20.8403,955.407,625.522
13.235,0.2206,45.8375,20.8524,955.821,625.651
13.237,0.2206,45.8307,20.6725,947.437,625.779
13.239,0.2207,45.824,20.69,948.099,625.908
13.242,0.2207,45.8173,20.6325,945.324,626.037
13.244,0.2207,45.8106,20.658,946.356,626.166
13.246,0.2208,45.8038,20.6364,945.224,626.294
13.248,0.2208,45.7972,20.6693,946.594,626.423
13.251,0.2208,45.7904,20.64,945.114,626.552
13.253,0.2209,45.7838,20.6809,946.85,626.68
13.255,0.2209,45.777,20.6437,945.008,626.809
13.258,0.2210,45.7704,20.5855,942.208,626.937
13.260,0.2210,45.7636,20.54,939.984,627.066
13.262,0.2210,45.757,20.5769,941.538,627.195
13.265,0.2211,45.7502,20.5362,939.536,627.323
13.267,0.2211,45.7436,20.5419,939.659,627.452
13.269,0.2212,45.7369,20.5481,939.807,627.58
13.272,0.2212,45.7303,20.5541,939.944,627.709
13.274,0.2212,45.7236,20.5605,940.102,627.837
13.276,0.2213,45.717,20.5319,938.654,627.965
13.279,0.2213,45.7103,20.538,938.8,628.094
13.281,0.2214,45.7036,20.5437,938.92,628.222
13.283,0.2214,45.697,20.5494,939.046,628.351
13.286,0.2214,45.6903,20.5545,939.141,628.479
13.288,0.2215,45.6836,20.5691,939.671,628.608
13.290,0.2215,45.6769,20.5731,939.716,628.736
13.293,0.2215,45.6702,20.5762,939.72,628.864
13.295,0.2216,45.6636,20.58,939.756,628.993
13.297,0.2216,45.6569,20.6753,943.968,629.121
13.300,0.2217,45.6502,20.6772,943.918,629.25
13.302,0.2217,45.6435,20.6748,943.672,629.378
13.304,0.2217,45.6368,20.6771,943.638,629.507
13.307,0.2218,45.6301,20.6713,943.233,629.635
13.309,0.2218,45.6235,20.6751,943.272,629.763
13.311,0.2219,45.6168,20.6376,941.421,629.892
13.314,0.2219,45.6101,20.6412,941.446,630.02
13.316,0.2219,45.6034,20.6285,940.731,630.149
13.318,0.2220,45.5968,20.673,942.621,630.278
13.321,0.2220,45.5901,20.5925,938.815,630.406
13.323,0.2220,45.5834,20.6061,939.299,630.535
13.325,0.2221,45.5767,20.5841,938.154,630.663
13.328,0.2221,45.5701,20.6041,938.931,630.792
13.330,0.2222,45.5634,20.6209,939.559,630.921
13.332,0.2222,45.5569,20.6437,940.462,631.049
13.335,0.2222,45.5502,20.6185,939.175,631.178
13.337,0.2223,45.5436,20.7111,943.259,631.306
13.339,0.2223,45.537,20.6812,941.758,631.435
13.342,0.2224,45.5304,20.7171,943.26,631.564
13.344,0.2224,45.5238,20.7025,942.456,631.692
13.346,0.2224,45.5173,20.7695,945.372,631.821
13.349,0.2225,45.5107,20.7129,942.656,631.95
13.351,0.2225,45.5042,20.7826,945.695,632.078
13.353,0.2226,45.4976,20.7262,942.992,632.207
13.356,0.2226,45.4911,20.7966,946.06,632.336
13.358,0.2226,45.4846,20.6694,940.139,632.464
13.360,0.2227,45.4781,20.6766,940.332,632.593
13.363,0.2227,45.4717,20.679,940.309,632.722
13.365,0.2227,45.4653,20.6911,940.725,632.85
13.367,0.2228,45.4589,20.6279,937.722,632.979
13.370,0.2228,45.4525,20.6448,938.357,633.108
13.372,0.2229,45.4461,20.6355,937.804,633.236
13.374,0.2229,45.4398,20.6569,938.644,633.365
13.377,0.2229,45.4334,20.641,937.791,633.493
13.379,0.2230,46.6458,20.4401,953.445,633.622
13.381,0.2230,46.6395,20.4277,952.736,633.75
13.384,0.2231,46.6331,20.4469,953.501,633.879
13.386,0.2231,46.6268,20.429,952.537,634.008
13.388,0.2231,46.6204,20.4514,953.453,634.136
13.390,0.2232,46.6142,20.4721,954.291,634.265
13.393,0.2232,46.6077,20.4898,954.984,634.393
13.395,0.2233,46.6015,20.468,953.839,634.522
13.397,0.2233,46.595,20.4876,954.619,634.65
13.400,0.2233,46.5888,20.4631,953.352,634.779
13.402,0.2234,46.5823,20.4844,954.212,634.907
13.404,0.2234,46.576,20.4581,952.858,635.036
13.407,0.2234,46.5695,20.4808,953.782,635.164
13.409,0.2235,46.5632,20.3757,948.759,635.293
13.411,0.2235,46.5566,20.3942,949.487,635.421
13.414,0.2236,46.5503,20.3719,948.32,635.55
13.416,0.2236,46.5437,20.3899,949.019,635.678
13.418,0.2236,46.5373,20.4116,949.902,635.807
13.421,0.2237,46.5306,20.4286,950.556,635.935
13.423,0.2237,46.5241,20.4094,949.53,636.064
13.425,0.2238,46.5174,20.4246,950.099,636.192
13.428,0.2238,46.5109,20.4075,949.17,636.321
13.430,0.2238,46.504,20.4201,949.616,636.449
13.432,0.2239,46.4975,20.4055,948.804,636.578
13.435,0.2239,46.4907,20.4148,949.099,636.707
13.437,0.2240,46.4841,20.4035,948.439,636.835
13.439,0.2240,46.4773,20.4088,948.544,636.964
13.442,0.2240,46.4707,20.4017,948.082,637.093
13.444,0.2241,46.4639,20.402,947.956,637.221
13.446,0.2241,46.4573,20.4002,947.74,637.35
13.449,0.2241,46.4505,20.4424,949.562,637.478
13.451,0.2242,46.4439,20.4586,950.174,637.607
13.453,0.2242,46.4372,20.455,949.87,637.736
13.456,0.2243,46.4305,20.5031,951.967,637.865
13.458,0.2243,46.4238,20.5001,951.692,637.993
13.460,0.2243,46.4172,20.4975,951.434,638.122
13.463,0.2244,46.4105,20.4952,951.195,638.25
13.465,0.2244,46.4039,20.4934,950.973,638.379
13.467,0.2245,46.3974,20.492,950.775,638.508
13.470,0.2245,46.3908,20.4909,950.591,638.637
13.472,0.2245,46.3843,20.5171,951.67,638.765
13.474,0.2246,46.3778,20.4736,949.522,638.894
13.477,0.2246,46.3713,20.4742,949.416,639.023
13.479,0.2246,46.3649,20.4749,949.319,639.152
13.481,0.2247,46.3585,20.476,949.238,639.28
13.484,0.2247,46.3522,20.4189,946.461,639.409
13.486,0.2248,46.3459,20.4201,946.389,639.538
13.488,0.2248,46.3397,20.4213,946.315,639.666
13.491,0.2248,46.3334,20.4748,948.669,639.795
13.493,0.2249,46.3273,20.4769,948.638,639.924
13.495,0.2249,46.3212,20.4788,948.599,640.053
13.498,0.2250,46.3151,20.4803,948.545,640.181
13.500,0.2250,46.309,20.4815,948.477,640.31
13.502,0.2250,46.303,20.4233,945.658,640.439
13.505,0.2251,46.2969,20.4266,945.689,640.567
13.507,0.2251,46.291,20.4208,945.3,640.696
13.509,0.2252,46.2849,20.4262,945.423,640.825
13.512,0.2252,46.279,20.3207,940.423,640.953
13.514,0.2252,46.2729,20.396,943.781,641.082
13.516,0.2253,46.267,20.3919,943.47,641.211
13.519,0.2253,46.2609,20.4028,943.85,641.339
13.521,0.2253,46.255,20.6018,952.935,641.468
13.523,0.2254,46.2489,20.6181,953.565,641.596
13.525,0.2254,46.243,20.4738,946.772,641.725
13.528,0.2255,46.2368,20.4884,947.321,641.854
13.530,0.2255,46.231,20.467,946.209,641.982
13.532,0.2255,46.2247,20.4849,946.909,642.111
13.535,0.2256,46.2188,20.3854,942.187,642.24
13.537,0.2256,46.2125,20.4001,942.739,642.368
13.539,0.2257,46.2066,20.3841,941.879,642.497
13.542,0.2257,46.2002,20.4013,942.545,642.625
13.544,0.2257,46.1942,20.386,941.714,642.754
13.546,0.2258,46.1878,20.3881,941.68,642.883
13.549,0.2258,46.1813,20.3917,941.717,643.011
13.551,0.2259,46.1748,20.3953,941.747,643.14
13.553,0.2259,46.1683,20.4002,941.841,643.268
13.556,0.2259,46.1617,20.4612,944.522,643.396
13.558,0.2260,46.1551,20.4671,944.662,643.525
13.560,0.2260,46.1484,20.4728,944.788,643.653
13.563,0.2260,46.1417,20.4791,944.943,643.782
13.565,0.2261,46.135,20.4851,945.082,643.91
13.567,0.2261,46.1282,20.4914,945.23,644.039
13.570,0.2262,46.1214,20.4972,945.361,644.168
13.572,0.2262,46.1146,20.5006,945.38,644.296
13.574,0.2262,46.1078,20.5081,945.586,644.425
13.577,0.2263,46.101,20.5084,945.456,644.553
13.579,0.2263,46.0942,20.5173,945.727,644.682
13.581,0.2264,46.0874,20.5138,945.429,644.811
13.584,0.2264,46.0806,20.5242,945.767,644.939
13.586,0.2264,46.0738,20.5897,948.643,645.068
13.588,0.2265,46.0671,20.6084,949.369,645.196
13.591,0.2265,46.0603,20.5898,948.371,645.325
13.593,0.2265,46.0536,20.6119,949.254,645.454
13.595,0.2266,46.0469,20.5878,948.006,645.583
13.598,0.2266,46.0403,20.5902,947.981,645.711
13.600,0.2267,46.0336,20.567,946.772,645.84
13.602,0.2267,46.0271,20.5909,947.738,645.969
13.605,0.2267,46.0204,20.5642,946.374,646.098
13.607,0.2268,46.014,20.5914,947.493,646.227
13.609,0.2268,46.0074,20.562,946.007,646.356
13.612,0.2269,46.0011,20.6305,949.026,646.484
13.614,0.2269,45.9946,20.5832,946.716,646.613
13.616,0.2269,45.9883,20.6335,948.898,646.742
13.619,0.2270,45.9818,20.5843,946.504,646.871
13.621,0.2270,45.9756,20.6381,948.85,647
13.623,0.2271,45.9692,20.5881,946.417,647.129
13.626,0.2271,45.963,20.6447,948.891,647.258
13.628,0.2271,45.9567,20.5946,946.46,647.387
13.630,0.2272,45.9504,20.5935,946.28,647.516
13.633,0.2272,45.9442,20.5383,943.618,647.645
13.635,0.2272,45.9379,20.6046,946.534,647.774
13.637,0.2273,45.9317,20.4863,940.97,647.903
13.640,0.2273,45.9254,20.494,941.193,648.032
13.642,0.2274,45.9191,20.4959,941.155,648.161
13.644,0.2274,45.9128,20.5108,941.71,648.29
13.646,0.2274,45.9066,20.5067,941.392,648.419
13.649,0.2275,45.9003,20.5283,942.252,648.547
13.651,0.2275,45.894,20.5178,941.644,648.676
13.653,0.2276,45.8876,20.5453,942.777,648.805
13.656,0.2276,45.8814,20.5286,941.879,648.934
13.658,0.2276,45.875,20.5612,943.247,649.063
13.660,0.2277,45.8687,20.3388,932.912,649.192
13.663,0.2277,45.8623,20.3743,934.413,649.32
13.665,0.2278,45.856,20.3462,932.993,649.449
13.667,0.2278,45.8496,20.3857,934.677,649.578
13.670,0.2278,45.8432,20.3517,932.988,649.707
13.672,0.2279,45.8367,20.4705,938.302,649.836
13.674,0.2279,45.8304,20.4317,936.39,649.965
13.677,0.2279,45.8238,20.4787,938.411,650.094
13.679,0.2280,45.8174,20.3772,933.63,650.223
13.681,0.2280,45.8108,20.4515,936.899,650.351
13.684,0.2281,45.8044,20.5392,940.784,650.48
13.686,0.2281,45.7978,20.5761,942.34,650.609
13.688,0.2281,45.7913,20.5392,940.518,650.738
13.691,0.2282,45.7846,20.5777,942.142,650.867
13.693,0.2282,45.7782,20.5379,940.186,650.996
13.695,0.2283,45.7714,20.5775,941.861,651.125
13.698,0.2283,45.7649,20.5356,939.808,651.254
13.700,0.2283,45.7582,20.5758,941.512,651.383
13.702,0.2284,45.7516,20.5889,941.973,651.512
13.705,0.2284,45.7448,20.6271,943.584,651.641
13.707,0.2285,45.7382,20.587,941.61,651.77
13.709,0.2285,45.7314,20.6249,943.206,651.899
13.712,0.2285,45.7247,20.5838,941.19,652.028
13.714,0.2286,45.718,20.6224,942.813,652.157
13.716,0.2286,45.7112,20.5812,940.791,652.286
13.719,0.2286,45.7045,20.6198,942.417,652.415
13.721,0.2287,45.6978,20.5791,940.419,652.544
13.723,0.2287,45.6911,20.6173,942.029,652.673
13.726,0.2288,45.6843,20.5777,940.076,652.802
13.728,0.2288,45.6777,20.6153,941.657,652.931
13.730,0.2288,45.6708,20.5769,939.764,653.061
13.733,0.2289,45.6642,20.5761,939.593,653.19
13.735,0.2289,45.6577,20.5757,939.437,653.319
13.737,0.2290,45.6511,20.6151,941.103,653.448
13.740,0.2290,45.6445,20.6154,940.979,653.577
13.742,0.2290,45.6378,20.6158,940.858,653.706
13.744,0.2291,45.6312,20.5595,938.155,653.836
13.747,0.2291,45.6245,20.4378,932.464,653.965
13.749,0.2291,45.6178,20.4394,932.4,654.094
13.751,0.2292,45.6112,20.3574,928.524,654.224
13.754,0.2292,45.6045,20.3591,928.466,654.353
13.756,0.2293,45.5978,20.3612,928.425,654.482
13.758,0.2293,45.591,20.3637,928.402,654.612
13.761,0.2293,45.5843,20.3667,928.402,654.741
13.763,0.2294,45.5776,20.5344,935.909,654.87
13.765,0.2294,46.4353,20.5482,954.16,655
13.768,0.2295,46.4287,20.5512,954.168,655.129
13.770,0.2295,46.4222,20.5552,954.217,655.258
13.772,0.2295,46.4156,20.5595,954.281,655.388
13.775,0.2296,46.4091,20.2893,941.611,655.517
13.777,0.2296,46.4026,20.2935,941.674,655.646
13.779,0.2297,46.3961,20.2988,941.784,655.776
13.782,0.2297,46.3896,20.3058,941.978,655.905
13.784,0.2297,46.3832,20.3598,944.35,656.034
13.786,0.2298,46.3767,20.369,944.648,656.164
13.789,0.2298,46.3703,20.3735,944.723,656.293
13.791,0.2298,46.3639,20.3846,945.11,656.422
13.793,0.2299,46.3575,20.3882,945.147,656.552
13.795,0.2299,46.3511,20.4007,945.596,656.681
13.798,0.2300,46.3447,20.4032,945.582,656.81
13.800,0.2300,46.3384,20.4165,946.065,656.94
13.802,0.2300,46.3319,20.4616,948.026,657.069
13.805,0.2301,46.3257,20.4789,948.698,657.198
13.807,0.2301,46.3192,20.4741,948.345,657.328
13.809,0.2302,46.313,20.4915,949.024,657.457
13.812,0.2302,46.3066,20.484,948.543,657.586
13.814,0.2302,46.3003,20.5012,949.21,657.716
13.816,0.2303,46.2939,20.4905,948.583,657.845
13.819,0.2303,46.2876,20.5512,951.266,657.975
13.821,0.2304,46.2812,20.589,952.885,658.104
13.823,0.2304,46.275,20.6132,953.874,658.233
13.826,0.2304,46.2685,20.6114,953.656,658.363
13.828,0.2305,46.2619,20.6074,953.339,658.492
13.830,0.2305,46.2554,20.6034,953.021,658.622
13.833,0.2305,46.2489,20.5974,952.61,658.751
13.835,0.2306,46.2424,20.5595,950.72,658.881
13.837,0.2306,46.2359,20.5512,950.202,659.01
13.840,0.2307,46.2294,20.5429,949.684,659.139
13.842,0.2307,46.2229,20.5331,949.103,659.269
13.844,0.2307,46.2165,20.5235,948.522,659.398
13.847,0.2308,46.21,20.5564,949.911,659.528
13.849,0.2308,46.2035,20.5462,949.306,659.657
13.851,0.2309,46.1971,20.4118,942.967,659.787
13.854,0.2309,46.1906,20.3913,941.885,659.916
13.856,0.2309,46.1842,20.4205,943.105,660.046
13.858,0.2310,46.1778,20.3955,941.822,660.175
13.861,0.2310,46.1714,20.4074,942.237,660.305
13.863,0.2311,46.1651,20.4388,943.56,660.434
13.865,0.2311,46.1588,20.3921,941.275,660.563
13.868,0.2311,46.1525,20.277,935.833,660.693
13.870,0.2312,46.1462,20.305,936.997,660.822
13.872,0.2312,46.1399,20.2664,935.091,660.952
13.875,0.2312,46.1337,20.2997,936.5,661.081
13.877,0.2313,46.1275,20.2605,934.564,661.211
13.879,0.2313,46.1213,20.2978,936.162,661.341
13.882,0.2314,46.1151,20.2592,934.252,661.47
13.884,0.2314,46.1089,20.2996,935.993,661.6
13.886,0.2314,46.1027,20.2622,934.143,661.729
13.889,0.2315,46.0966,20.3051,935.995,661.859
13.891,0.2315,46.0904,20.2692,934.213,661.989
13.893,0.2316,46.0843,20.3141,936.162,662.118
13.896,0.2316,46.078,20.2792,934.426,662.248
13.898,0.2316,46.072,20.3265,936.481,662.378
13.900,0.2317,46.0657,20.2916,934.746,662.507
13.903,0.2317,46.0598,20.3298,936.386,662.637
13.905,0.2317,46.0534,20.2639,933.223,662.767
13.907,0.2318,46.0474,20.3463,936.895,662.897
13.910,0.2318,46.0411,20.2758,933.518,663.026
13.912,0.2319,46.0351,20.3927,938.779,663.156
13.914,0.2319,46.0287,20.3342,935.956,663.286
13.917,0.2319,46.0228,20.4116,939.398,663.416
13.919,0.2320,46.0163,20.418,939.562,663.545
13.921,0.2320,46.0099,20.4285,939.912,663.675
13.924,0.2321,46.0036,20.2849,933.178,663.805
13.926,0.2321,45.9972,20.2985,933.675,663.935
13.928,0.2321,45.9909,20.2961,933.433,664.065
13.931,0.2322,45.9845,20.3123,934.05,664.194
13.933,0.2322,45.9782,20.3055,933.612,664.324
13.935,0.2323,45.9719,20.3952,937.607,664.454
13.938,0.2323,45.9657,20.382,936.872,664.584
13.940,0.2323,45.9595,20.4031,937.714,664.714
13.942,0.2324,45.9533,20.3521,935.244,664.844
13.945,0.2324,45.9471,20.3753,936.188,664.973
13.947,0.2324,45.941,20.3518,934.984,665.103
13.949,0.2325,45.9349,20.3754,935.941,665.233
13.952,0.2325,45.9288,20.3483,934.573,665.363
13.954,0.2326,45.9228,20.3718,935.531,665.493
13.956,0.2326,45.9168,20.3413,934.007,665.623
13.959,0.2326,45.9109,20.2864,931.368,665.753
13.961,0.2327,45.9048,20.2502,929.582,665.883
13.963,0.2327,45.899,20.2773,930.706,666.013
13.966,0.2328,45.8929,20.2371,928.737,666.143
13.968,0.2328,45.8872,20.266,929.95,666.273
13.970,0.2328,45.8811,20.2211,927.768,666.403
13.973,0.2329,45.8754,20.2533,929.127,666.533
13.975,0.2329,45.8693,20.2029,926.694,666.663
13.977,0.2330,45.8638,20.2396,928.264,666.792
13.979,0.2330,45.8576,20.1299,923.11,666.922
13.982,0.2330,45.8521,20.1755,925.088,667.052
13.984,0.2331,45.846,20.2355,927.718,667.182
13.986,0.2331,45.8405,20.2882,930.019,667.312
13.989,0.2331,45.8344,20.2463,927.976,667.442
13.991,0.2332,45.8289,20.2919,929.953,667.572
13.993,0.2332,45.8228,20.2958,930.012,667.701
13.996,0.2333,45.8173,20.2771,929.041,667.831
13.998,0.2333,45.8113,20.2175,926.188,667.961
14.000,0.2333,45.8058,20.2641,928.215,668.091
14.003,0.2334,45.7998,20.1987,925.095,668.221
14.005,0.2334,45.7943,20.291,929.214,668.35
14.007,0.2335,45.7883,20.2166,925.683,668.48
14.010,0.2335,45.7829,20.2776,928.367,668.61
14.012,0.2335,45.7769,20.2696,927.881,668.74
14.014,0.2336,45.7709,20.2615,927.39,668.869
14.017,0.2336,45.7649,20.2536,926.906,668.999
14.019,0.2337,45.7589,20.2457,926.422,669.129
14.021,0.2337,45.7529,20.2381,925.953,669.259
14.024,0.2337,45.7468,20.2307,925.49,669.389
14.026,0.2338,45.7408,20.2238,925.051,669.519
14.028,0.2338,45.7347,20.2172,924.626,669.649
14.031,0.2338,45.7285,20.2113,924.232,669.779
14.033,0.2339,45.7224,20.2059,923.862,669.908
14.035,0.2339,45.7162,20.3367,929.717,670.038
14.038,0.2340,45.71,20.332,929.374,670.168
14.040,0.2340,45.7038,20.3283,929.078,670.298
14.042,0.2340,45.6975,20.3254,928.819,670.428
14.045,0.2341,45.6912,20.3237,928.614,670.558
14.047,0.2341,45.6848,20.3229,928.45,670.688
14.049,0.2342,45.6785,20.3235,928.347,670.819
14.052,0.2342,45.6721,20.3249,928.282,670.949
14.054,0.2342,45.6657,20.3239,928.104,671.079
14.056,0.2343,45.6592,20.3267,928.102,671.209
14.059,0.2343,45.6528,20.2576,924.813,671.339
14.061,0.2343,45.6463,20.2654,925.038,671.469
14.063,0.2344,45.6398,20.268,925.026,671.599
14.066,0.2344,45.6332,20.2805,925.465,671.729
14.068,0.2345,45.6267,20.3128,926.804,671.859
14.070,0.2345,45.6202,20.2693,924.691,671.99
14.073,0.2345,45.6136,20.269,924.543,672.12
14.075,0.2346,45.6071,20.2874,925.249,672.25
14.077,0.2346,45.6005,20.2857,925.041,672.38
14.080,0.2347,45.594,20.3049,925.779,672.51
14.082,0.2347,45.5874,20.3022,925.525,672.64
14.084,0.2347,45.5809,20.3204,926.224,672.771
14.087,0.2348,45.5744,20.3171,925.94,672.901
14.089,0.2348,45.5679,20.388,929.038,673.031
14.091,0.2349,45.5613,20.3722,928.187,673.161
14.094,0.2349,45.5549,20.3315,926.198,673.291
14.096,0.2349,45.5484,20.3183,925.467,673.422
14.098,0.2350,45.542,20.3356,926.124,673.552
14.101,0.2350,45.5355,20.321,925.326,673.682
14.103,0.2350,45.5291,20.3355,925.855,673.812
14.105,0.2351,45.5227,20.3346,925.684,673.942
14.108,0.2351,45.5162,20.3317,925.421,674.073
14.110,0.2352,45.5098,20.2354,920.909,674.203
14.112,0.2352,45.5035,20.2307,920.568,674.333
14.115,0.2352,45.4971,20.226,920.224,674.463
14.117,0.2353,45.4908,20.2196,919.806,674.594
14.119,0.2353,45.4845,20.2131,919.381,674.724
14.122,0.2354,45.4783,20.2053,918.9,674.854
14.124,0.2354,45.472,20.1973,918.41,674.984
14.126,0.2354,45.4658,20.2463,920.515,675.114
14.129,0.2355,45.4596,20.2373,919.981,675.244
14.131,0.2355,45.4534,20.2316,919.595,675.374
14.133,0.2356,45.4473,20.2187,918.883,675.504
14.135,0.2356,45.4411,20.216,918.639,675.634
14.138,0.2356,45.435,20.2001,917.793,675.764
14.140,0.2357,45.4289,20.256,920.205,675.894
14.142,0.2357,45.4228,20.2384,919.285,676.024
14.145,0.2357,45.4167,20.2896,921.485,676.154
14.147,0.2358,45.4105,20.2751,920.703,676.284
14.149,0.2358,45.4044,20.2768,920.656,676.414
14.152,0.2359,45.3983,20.2121,917.595,676.544
14.154,0.2359,45.3921,20.1675,915.445,676.674
14.156,0.2359,45.3859,20.1555,914.776,676.804
14.159,0.2360,46.3245,20.1971,935.62,676.933
14.161,0.2360,46.3178,20.1898,935.147,677.064
14.163,0.2361,46.3111,20.1931,935.164,677.193
14.166,0.2361,46.3043,20.1916,934.959,677.323
14.168,0.2361,46.2976,20.1943,934.947,677.453
14.170,0.2362,46.2909,20.1991,935.034,677.583
14.173,0.2362,46.2841,19.9312,922.499,677.713
14.175,0.2363,46.2774,19.9341,922.5,677.844
14.177,0.2363,46.2707,19.9437,922.808,677.973
14.180,0.2363,46.264,19.8894,920.166,678.104
14.182,0.2364,46.2574,19.8855,919.854,678.234
14.184,0.2364,46.2508,19.9304,921.796,678.364
14.187,0.2364,46.2443,19.9351,921.882,678.494
14.189,0.2365,46.2377,19.9932,924.441,678.624
14.191,0.2365,46.2313,19.9765,923.541,678.754
14.194,0.2366,46.2249,20.0291,925.844,678.884
14.196,0.2366,46.2186,20.0111,924.884,679.015
14.198,0.2366,46.2123,20.0303,925.645,679.145
14.201,0.2367,46.206,20.0501,926.435,679.275
14.203,0.2367,46.1998,20.071,927.276,679.405
14.205,0.2368,46.1937,20.0904,928.051,679.535
14.208,0.2368,46.1876,20.1125,928.948,679.666
14.210,0.2368,46.1816,20.0568,926.256,679.796
14.212,0.2369,46.1756,20.0785,927.138,679.926
14.215,0.2369,46.1698,20.0942,927.747,680.057
14.217,0.2369,46.1639,20.1162,928.642,680.187
14.219,0.2370,46.1582,20.1276,929.054,680.317
14.222,0.2370,46.1524,20.1498,929.961,680.448
14.224,0.2371,46.1468,20.1555,930.113,680.578
14.226,0.2371,46.1411,20.1781,931.038,680.708
14.229,0.2371,46.1355,20.2288,933.264,680.839
14.231,0.2372,46.1298,20.1566,929.822,680.969
14.233,0.2372,46.1243,20.2431,933.699,681.099
14.236,0.2373,46.1186,20.2777,935.181,681.23
14.238,0.2373,46.1131,20.2862,935.46,681.36
14.240,0.2373,46.1074,20.4481,942.809,681.49
14.243,0.2374,46.1019,20.3773,939.433,681.62
14.245,0.2374,46.0961,20.6082,949.96,681.751
14.247,0.2375,46.0906,20.5809,948.587,681.881
14.250,0.2375,46.0848,20.6006,949.373,682.011
14.252,0.2375,46.0792,20.5711,947.9,682.141
14.254,0.2376,46.0734,20.5887,948.589,682.272
14.257,0.2376,46.0678,20.6246,950.131,682.402
14.259,0.2376,46.0619,20.6301,950.261,682.532
14.261,0.2377,46.0562,20.6097,949.205,682.662
14.264,0.2377,46.0503,20.6137,949.27,682.792
14.266,0.2378,46.0446,20.5941,948.247,682.922
14.268,0.2378,46.0387,20.5972,948.268,683.052
14.271,0.2378,46.0329,20.5796,947.337,683.182
14.273,0.2379,46.027,20.5816,947.309,683.312
14.275,0.2379,46.0211,20.5664,946.49,683.442
14.277,0.2380,46.0152,20.568,946.441,683.572
14.280,0.2380,46.0094,20.5554,945.743,683.702
14.282,0.2380,46.0035,20.5136,943.7,683.832
14.284,0.2381,45.9977,20.4562,940.938,683.961
14.287,0.2381,45.9918,20.4366,939.915,684.091
14.289,0.2382,45.986,20.4516,940.489,684.221
14.291,0.2382,45.9802,20.4494,940.267,684.351
14.294,0.2382,45.9745,20.4487,940.117,684.48
14.296,0.2383,45.9687,20.4481,939.97,684.61
14.298,0.2383,45.963,20.4849,941.545,684.74
14.301,0.2383,45.9572,20.4859,941.476,684.87
14.303,0.2384,45.9515,20.4883,941.466,684.999
14.305,0.2384,45.9458,20.4908,941.467,685.129
14.308,0.2385,45.94,20.4944,941.514,685.259
14.310,0.2385,45.9343,20.4983,941.577,685.389
14.312,0.2385,45.9286,20.5029,941.668,685.519
14.315,0.2386,45.9229,20.5078,941.779,685.648
14.317,0.2386,45.9172,20.513,941.899,685.778
14.319,0.2387,45.9115,20.5187,942.043,685.908
14.322,0.2387,45.9058,20.4578,939.133,686.038
14.324,0.2387,45.9001,20.4636,939.283,686.168
14.326,0.2388,45.8943,20.4687,939.397,686.298
14.329,0.2388,45.8886,20.4744,939.542,686.428
14.331,0.2389,45.8829,20.4789,939.63,686.558
14.333,0.2389,45.8772,20.4526,938.305,686.688
14.336,0.2389,45.8715,20.3596,933.923,686.818
14.338,0.2390,45.8657,20.3635,933.985,686.948
14.340,0.2390,45.86,20.3641,933.898,687.078
14.343,0.2390,45.8543,20.429,936.755,687.208
14.345,0.2391,45.8486,20.4266,936.532,687.338
14.347,0.2391,45.8429,20.4313,936.63,687.468
14.350,0.2392,45.8372,20.426,936.272,687.598
14.352,0.2392,45.8315,20.4304,936.354,687.728
14.354,0.2392,45.8258,20.4222,935.866,687.857
14.357,0.2393,45.8202,20.4259,935.918,687.987
14.359,0.2393,45.8145,20.4152,935.31,688.117
14.361,0.2394,45.8088,20.2004,925.355,688.247
14.364,0.2394,45.8032,20.1867,924.614,688.377
14.366,0.2394,45.7976,20.2335,926.643,688.507
14.368,0.2395,45.7919,20.2213,925.97,688.637
14.371,0.2395,45.7863,20.1578,922.951,688.767
14.373,0.2395,45.7806,20.1354,921.809,688.896
14.375,0.2396,45.775,20.1412,921.964,689.026
14.378,0.2396,45.7694,20.1179,920.783,689.156
14.380,0.2397,45.7637,20.1226,920.886,689.285
14.382,0.2397,45.7581,20.0987,919.677,689.415
14.385,0.2397,45.7524,20.0886,919.104,689.545
14.387,0.2398,45.7467,20.0779,918.5,689.674
14.389,0.2398,45.7411,19.9884,914.291,689.804
14.392,0.2399,45.7353,19.9775,913.678,689.934
14.394,0.2399,45.7296,19.9671,913.089,690.063
14.396,0.2399,45.7239,19.9562,912.473,690.193
14.399,0.2400,45.7181,19.9897,913.891,690.322
14.401,0.2400,45.7123,19.9792,913.294,690.452
14.403,0.2401,45.7065,19.9695,912.736,690.581
14.406,0.2401,45.7006,19.9596,912.163,690.711
14.408,0.2401,45.6947,19.9678,912.421,690.84
14.410,0.2402,45.6887,19.9594,911.921,690.97
14.413,0.2402,45.6828,19.9522,911.472,691.099
14.415,0.2402,45.6768,19.9453,911.037,691.228
14.417,0.2403,45.6707,19.9393,910.643,691.358
14.420,0.2403,45.6646,19.9343,910.292,691.487
14.422,0.2404,45.6585,19.9296,909.957,691.616
14.424,0.2404,45.6524,19.9268,909.708,691.746
14.427,0.2404,45.6462,19.9235,909.431,691.875
14.429,0.2405,45.64,19.9233,909.298,692.004
14.431,0.2405,45.6338,19.9212,909.079,692.133
14.434,0.2406,45.6276,19.9895,912.075,692.262
14.436,0.2406,45.6214,19.9938,912.145,692.392
14.438,0.2406,45.6152,19.9951,912.08,692.521
14.441,0.2407,45.6089,20.001,912.225,692.65
14.443,0.2407,45.6027,20.0039,912.234,692.779
14.445,0.2408,45.5965,20.0114,912.452,692.908
14.448,0.2408,45.5904,20.059,914.498,693.037
14.450,0.2408,45.5842,20.0681,914.791,693.166
14.452,0.2409,45.5781,20.0734,914.906,693.296
14.455,0.2409,45.5721,20.0841,915.273,693.425
14.457,0.2409,45.566,20.0886,915.36,693.554
14.459,0.2410,45.56,20.1011,915.808,693.683
14.461,0.2410,45.5541,20.0471,913.226,693.812
14.464,0.2411,45.5482,20.0542,913.432,693.941
14.466,0.2411,45.5424,19.9718,909.562,694.07
14.468,0.2411,45.5366,19.9804,909.837,694.199
14.471,0.2412,45.5308,19.9849,909.929,694.328
14.473,0.2412,45.5251,19.9943,910.244,694.457
14.475,0.2413,45.5195,20.1475,917.102,694.586
14.478,0.2413,45.5138,20.2514,921.718,694.715
14.480,0.2413,45.5082,20.2518,921.626,694.845
14.482,0.2414,45.5027,20.257,921.747,694.974
14.485,0.2414,45.4971,20.2532,921.465,695.103
14.487,0.2415,45.4916,20.2581,921.572,695.232
14.489,0.2415,45.4861,20.251,921.138,695.361
14.492,0.2415,45.4805,20.3129,923.839,695.49
14.494,0.2416,45.475,20.3028,923.268,695.618
14.496,0.2416,45.4694,20.3553,925.543,695.747
14.499,0.2416,45.4638,20.3506,925.217,695.876
14.501,0.2417,45.4582,20.3448,924.836,696.005
14.503,0.2417,45.4524,20.3425,924.616,696.134
14.506,0.2418,45.4467,20.3326,924.05,696.263
14.508,0.2418,45.4409,20.3341,924.001,696.392
14.510,0.2418,45.435,20.32,923.239,696.521
14.513,0.2419,45.4291,20.373,925.526,696.649
14.515,0.2419,45.4231,20.3599,924.809,696.778
14.517,0.2420,45.4169,20.3662,924.971,696.907
14.520,0.2420,45.4108,20.3502,924.12,697.036
14.522,0.2420,45.4045,20.3613,924.497,697.164
14.524,0.2421,45.3982,20.3655,924.557,697.293
14.527,0.2421,45.3918,20.3876,925.43,697.422
14.529,0.2422,45.3853,20.2866,920.715,697.551
14.531,0.2422,45.3788,20.3127,921.763,697.679
14.534,0.2422,45.3722,20.24,918.335,697.808
14.536,0.2423,45.3655,20.2674,919.443,697.937
14.538,0.2423,45.3588,20.2433,918.212,698.065
14.541,0.2423,45.3521,20.3058,920.909,698.194
14.543,0.2424,45.3454,20.2376,917.68,698.323
14.545,0.2424,45.3385,20.1471,913.439,698.451
14.548,0.2425,45.3318,20.101,911.215,698.58
14.550,0.2425,45.325,20.1537,913.466,698.709
14.552,0.2425,45.3182,20.1084,911.275,698.837
14.555,0.2426,45.3114,20.0759,909.67,698.966
14.557,0.2426,45.3048,20.056,908.634,699.094
14.559,0.2427,45.298,20.1545,912.959,699.223
14.562,0.2427,45.2915,20.1366,912.016,699.351
14.564,0.2427,45.2848,20.1577,912.839,699.48
14.566,0.2428,45.2784,20.1427,912.028,699.608
14.569,0.2428,45.2718,20.1605,912.701,699.736
14.571,0.2428,45.2655,20.1626,912.67,699.865
14.573,0.2429,45.2592,20.1647,912.637,699.993
14.576,0.2429,45.253,20.2318,915.552,700.122
14.578,0.2430,45.2468,20.2341,915.529,700.25
14.580,0.2430,45.2408,20.2367,915.525,700.378
14.583,0.2430,45.2347,20.2393,915.518,700.507
14.585,0.2431,45.2287,20.2423,915.535,700.635
14.587,0.2431,45.2228,20.2453,915.549,700.763
14.590,0.2432,45.2169,20.2487,915.586,700.892
14.592,0.2432,45.211,20.2521,915.62,701.02
14.594,0.2432,45.2052,20.2559,915.674,701.148
14.597,0.2433,45.1994,20.2597,915.725,701.277
14.599,0.2433,45.1937,20.2636,915.787,701.405
14.601,0.2434,45.1879,20.2675,915.846,701.533
14.604,0.2434,45.1822,20.2713,915.903,701.662
14.606,0.2434,45.1764,20.2751,915.957,701.79
14.608,0.2435,45.1707,20.2786,915.996,701.918
14.611,0.2435,45.1649,20.2819,916.031,702.047
14.613,0.2435,45.1592,20.2846,916.037,702.175
14.615,0.2436,45.1535,20.2872,916.036,702.303
14.618,0.2436,45.1477,20.2889,915.996,702.431
14.620,0.2437,45.1419,20.2308,913.257,702.56
14.622,0.2437,45.1362,20.2361,913.378,702.688
14.625,0.2437,45.1304,20.2888,915.644,702.816
14.627,0.2438,45.1247,20.2969,915.892,702.945
14.629,0.2438,45.1189,20.2834,915.162,703.073
14.632,0.2439,45.1131,20.2929,915.475,703.201
14.634,0.2439,45.1073,20.2765,914.618,703.329
14.636,0.2439,45.1015,20.2858,914.921,703.458
14.638,0.2440,45.0957,20.2687,914.032,703.586
14.641,0.2440,45.09,20.276,914.247,703.714
14.643,0.2441,45.0842,20.2605,913.428,703.842
14.645,0.2441,45.0785,20.2642,913.478,703.97
14.648,0.2441,46.6732,20.2707,946.097,704.098
14.650,0.2442,46.6662,20.2763,946.217,704.227
14.652,0.2442,46.6589,20.264,945.499,704.355
14.655,0.2442,46.6519,20.2647,945.388,704.483
14.657,0.2443,46.6446,20.2218,943.237,704.611
14.659,0.2443,46.6374,20.2948,946.497,704.739
14.662,0.2444,46.6301,20.1958,941.73,704.867
14.664,0.2444,46.6229,20.1914,941.379,704.995
14.666,0.2444,46.6156,20.1878,941.065,705.123
14.669,0.2445,46.6083,20.1846,940.77,705.252
14.671,0.2445,46.6009,20.1822,940.511,705.38
14.673,0.2446,46.5935,20.1806,940.287,705.508
14.676,0.2446,46.586,20.2233,942.122,705.636
14.678,0.2446,46.5785,20.1526,938.677,705.764
14.680,0.2447,46.5709,19.9037,926.931,705.892
14.683,0.2447,46.5632,19.9073,926.95,706.021
14.685,0.2448,46.5555,19.9115,926.992,706.149
14.687,0.2448,46.5478,19.9169,927.088,706.277
14.690,0.2448,46.5401,19.916,926.89,706.405
14.692,0.2449,46.5323,19.9298,927.38,706.533
14.694,0.2449,46.5245,19.9241,926.957,706.661
14.697,0.2449,46.5167,19.9459,927.816,706.789
14.699,0.2450,46.5089,19.9359,927.199,706.917
14.701,0.2450,46.5012,19.9646,928.379,707.046
14.704,0.2451,46.4934,19.9877,929.298,707.174
14.706,0.2451,46.4858,20.0247,930.862,707.302
14.708,0.2451,46.478,20.0077,929.918,707.43
14.711,0.2452,46.4705,20.0492,931.695,707.558
14.713,0.2452,46.4629,19.9795,928.306,707.686
14.715,0.2453,46.4554,20.0238,930.213,707.814
14.718,0.2453,46.4479,20.0039,929.138,707.942
14.720,0.2453,46.4406,20.1307,934.88,708.07
14.722,0.2454,46.4332,20.1094,933.745,708.198
14.725,0.2454,46.4261,20.1553,935.732,708.326
14.727,0.2454,46.4189,20.1327,934.538,708.454
14.729,0.2455,46.4119,20.1782,936.509,708.582
14.732,0.2455,46.4049,20.1539,935.241,708.71
14.734,0.2456,46.398,20.1987,937.181,708.839
14.736,0.2456,46.3911,20.1721,935.806,708.967
14.739,0.2456,46.3844,20.3616,944.461,709.095
14.741,0.2457,46.3777,20.332,942.951,709.223
14.743,0.2457,46.3711,20.3749,944.808,709.351
14.746,0.2458,46.3646,20.3415,943.127,709.479
14.748,0.2458,46.3581,20.3848,945.002,709.607
14.750,0.2458,46.3517,20.3464,943.09,709.735
14.753,0.2459,46.3453,20.3913,945.042,709.863
14.755,0.2459,46.3389,20.3467,942.843,709.991
14.757,0.2460,46.3326,20.3937,944.894,710.12
14.760,0.2460,46.3263,20.6519,956.724,710.248
14.762,0.2460,46.32,20.6521,956.607,710.376
14.764,0.2461,46.3137,20.6448,956.138,710.504
14.767,0.2461,46.3074,20.615,954.626,710.633
14.769,0.2461,46.3011,20.6065,954.106,710.761
14.771,0.2462,46.2948,20.6044,953.875,710.889
14.774,0.2462,46.2884,20.5366,950.607,711.017
14.776,0.2463,46.2821,20.5265,950.007,711.146
14.778,0.2463,46.2756,20.5245,949.784,711.274
14.781,0.2463,46.2692,20.5129,949.116,711.402
14.783,0.2464,46.2627,20.4227,944.807,711.53
14.785,0.2464,46.2561,20.4111,944.14,711.659
14.788,0.2465,46.2495,20.4129,944.087,711.787
14.790,0.2465,46.2428,20.4007,943.386,711.915
14.792,0.2465,46.2361,20.4045,943.424,712.044
14.795,0.2466,46.2293,20.3919,942.705,712.172
14.797,0.2466,46.2224,20.3977,942.831,712.3
14.799,0.2467,46.2155,20.3852,942.113,712.428
14.801,0.2467,46.2084,20.3653,941.047,712.557
14.804,0.2467,46.2014,20.3493,940.166,712.685
14.806,0.2468,46.1942,20.3629,940.647,712.813
14.808,0.2468,46.1871,20.3753,941.075,712.942
14.811,0.2468,46.1798,20.4018,942.151,713.07
14.813,0.2469,46.1726,20.3734,940.693,713.198
14.815,0.2469,46.1652,20.4006,941.799,713.327
14.818,0.2470,46.1579,20.3725,940.355,713.455
14.820,0.2470,46.1504,20.4001,941.472,713.584
14.822,0.2470,46.1431,20.3722,940.037,713.712
14.825,0.2471,46.1355,20.3998,941.153,713.841
14.827,0.2471,46.1283,20.3719,939.718,713.969
14.829,0.2472,46.1206,20.3957,940.664,714.098
14.832,0.2472,46.1134,20.3711,939.38,714.226
14.834,0.2472,46.1057,20.3915,940.164,714.355
14.836,0.2473,46.0985,20.0686,925.131,714.484
14.839,0.2473,46.0909,20.1256,927.607,714.612
14.841,0.2474,46.0837,19.9804,920.771,714.741
14.843,0.2474,46.0761,20.0417,923.445,714.869
14.846,0.2474,46.069,19.9765,920.296,714.998
14.848,0.2475,46.0615,20.0369,922.928,715.127
14.850,0.2475,46.0544,20.0177,921.904,715.255
14.853,0.2475,46.0474,20.0168,921.721,715.384
14.855,0.2476,46.0405,20.0159,921.539,715.512
14.857,0.2476,46.0335,20.0552,923.214,715.641
14.860,0.2477,46.0266,20.0539,923.013,715.77
14.862,0.2477,46.0197,20.0524,922.807,715.898
14.864,0.2477,46.0128,20.0511,922.608,716.027
14.867,0.2478,46.0059,20.13,926.101,716.156
14.869,0.2478,45.9991,20.1285,925.894,716.284
14.871,0.2479,45.9922,20.1268,925.674,716.413
14.874,0.2479,45.9854,20.1253,925.469,716.542
14.876,0.2479,45.9785,20.1235,925.249,716.67
14.878,0.2480,45.9716,20.1219,925.039,716.799
14.881,0.2480,45.9648,20.0882,923.352,716.928
14.883,0.2481,45.9579,20.086,923.11,717.057
14.885,0.2481,45.951,20.0832,922.843,717.185
14.888,0.2481,45.9442,20.0804,922.576,717.314
14.890,0.2482,45.9373,20.077,922.282,717.443
14.892,0.2482,45.9304,20.0734,921.978,717.572
14.895,0.2482,45.9235,20.103,923.201,717.7
14.897,0.2483,45.9166,20.0987,922.867,717.829
14.899,0.2483,45.9097,20.0943,922.525,717.958
14.902,0.2484,45.9029,20.0881,922.103,718.087
14.904,0.2484,45.896,20.083,921.729,718.216
14.906,0.2484,45.8892,20.0747,921.213,718.344
14.909,0.2485,45.8824,20.0689,920.81,718.473
14.911,0.2485,45.8756,20.0585,920.197,718.602
14.913,0.2486,45.8687,19.9806,916.487,718.731
14.916,0.2486,45.862,20.1153,922.527,718.859
14.918,0.2486,45.8551,20.1007,921.719,718.988
14.920,0.2487,45.8484,20.1614,924.368,719.117
14.923,0.2487,45.8415,20.1147,922.087,719.246
14.925,0.2487,45.8348,20.0957,921.083,719.374
14.927,0.2488,45.8278,20.0948,920.902,719.503
14.930,0.2488,45.821,20.0738,919.801,719.632
14.932,0.2489,45.8141,20.0758,919.755,719.761
14.934,0.2489,45.8072,19.9873,915.561,719.89
14.937,0.2489,45.8001,19.999,915.959,720.018
14.939,0.2490,45.7931,19.9673,914.367,720.147
14.941,0.2490,45.786,19.9847,915.018,720.276
14.944,0.2491,45.7788,19.9762,914.486,720.405
14.946,0.2491,45.7717,20.0401,917.269,720.533
14.948,0.2491,45.7644,20.0336,916.826,720.662
14.951,0.2492,45.7571,20.0287,916.453,720.791
14.953,0.2492,45.7497,20.0246,916.121,720.92
14.955,0.2493,45.7423,20.022,915.852,721.049
14.958,0.2493,45.7347,20.0207,915.641,721.178
14.960,0.2493,45.7272,20.0206,915.483,721.307
14.962,0.2494,45.7195,20.022,915.397,721.436
14.965,0.2494,45.7118,20.0244,915.353,721.565
14.967,0.2494,45.704,19.953,911.931,721.694
14.969,0.2495,45.6962,20.0282,915.213,721.823
14.972,0.2495,45.6884,20.041,915.639,721.952
14.974,0.2496,45.6805,20.0417,915.513,722.081
14.976,0.2496,45.6726,20.0608,916.227,722.21
14.979,0.2496,45.6647,20.0591,915.991,722.339
14.981,0.2497,45.6567,20.0841,916.976,722.468
14.983,0.2497,45.6488,20.0797,916.613,722.597
14.986,0.2498,45.6409,20.1102,917.847,722.726
14.988,0.2498,45.633,20.1026,917.34,722.856
14.990,0.2498,45.6251,20.138,918.798,722.985
14.993,0.2499,45.6173,20.1859,920.826,723.114
14.995,0.2499,45.6095,20.2271,922.549,723.243
14.997,0.2500,45.6017,20.1467,918.724,723.372
15.000,0.2500,45.5941,20.193,920.68,723.501
15.002,0.2500,45.5864,20.1691,919.438,723.631
15.004,0.2501,45.579,20.2179,921.51,723.76
15.006,0.2501,45.5715,20.1897,920.074,723.889
15.009,0.2501,45.5642,20.24,922.218,724.018
15.011,0.2502,45.5568,20.2076,920.596,724.147
15.013,0.2502,45.5497,20.2585,922.769,724.276
15.016,0.2503,45.5426,20.2223,920.975,724.406
15.018,0.2503,45.5356,20.2729,923.141,724.535
15.020,0.2503,45.5287,20.2332,921.189,724.664
15.023,0.2504,45.5219,20.2828,923.312,724.793
15.025,0.2504,45.5151,20.2399,921.223,724.922
15.027,0.2505,45.5085,20.1745,918.111,725.051
15.030,0.2505,45.5019,20.141,916.452,725.181
15.032,0.2505,46.2743,20.2049,934.969,725.31
15.034,0.2506,46.2689,20.1735,933.404,725.439
15.037,0.2506,46.2633,20.1709,933.174,725.568
15.039,0.2507,46.2577,20.1646,932.768,725.697
15.041,0.2507,46.2521,20.1623,932.549,725.827
15.044,0.2507,46.2465,20.1525,931.982,725.956
15.046,0.2508,46.2408,20.1507,931.787,726.085
15.048,0.2508,46.2351,20.1377,931.071,726.214
15.051,0.2508,46.2294,20.1369,930.915,726.343
15.053,0.2509,46.2236,20.121,930.065,726.472
15.055,0.2509,46.2177,20.1214,929.966,726.602
15.058,0.2510,46.2118,20.103,928.998,726.731
15.060,0.2510,46.2059,20.0764,927.648,726.86
15.062,0.2510,46.1999,20.0468,926.159,726.989
15.065,0.2511,46.1938,20.0232,924.948,727.118
15.067,0.2511,46.1877,19.9845,923.039,727.247
15.069,0.2512,46.1814,20.0111,924.14,727.376
15.072,0.2512,46.1752,19.9678,922.017,727.505
15.074,0.2512,46.1689,20.0011,923.428,727.634
15.076,0.2513,46.1625,19.9533,921.096,727.763
15.079,0.2513,46.1561,19.9939,922.84,727.893
15.081,0.2514,46.1496,20.0295,924.356,728.022
15.083,0.2514,46.1431,20.0595,925.607,728.151
15.086,0.2514,46.1365,20.095,927.115,728.28
15.088,0.2515,46.1299,19.9337,919.537,728.409
15.090,0.2515,46.1233,19.7839,912.499,728.538
15.093,0.2515,46.1166,19.8274,914.372,728.667
15.095,0.2516,46.11,19.6959,908.176,728.796
15.097,0.2516,46.1032,19.7468,910.392,728.926
15.100,0.2517,46.0966,19.7001,908.109,729.055
15.102,0.2517,46.0898,19.7976,912.466,729.184
15.104,0.2517,46.0832,19.7595,910.583,729.313
15.107,0.2518,46.0764,19.8112,912.83,729.443
15.109,0.2518,46.0699,19.7692,910.765,729.572
15.111,0.2519,46.0632,19.827,913.295,729.701
15.114,0.2519,46.0566,19.7012,907.372,729.831
15.116,0.2519,46.05,19.7749,910.634,729.96
15.118,0.2520,46.0436,19.7139,907.698,730.09
15.121,0.2520,46.0371,19.7934,911.231,730.219
15.123,0.2521,46.0307,19.7276,908.074,730.348
15.125,0.2521,46.0244,19.8131,911.885,730.478
15.128,0.2521,46.0181,19.7419,908.485,730.607
15.130,0.2522,46.0118,19.7522,908.835,730.737
15.132,0.2522,46.0056,19.7626,909.191,730.866
15.135,0.2522,45.9995,19.7729,909.543,730.996
15.137,0.2523,45.9933,19.7834,909.903,731.125
15.139,0.2523,45.9873,19.7936,910.253,731.255
15.142,0.2524,45.9812,19.804,910.615,731.384
15.144,0.2524,45.9752,19.8141,910.96,731.514
15.146,0.2524,45.9693,19.8246,911.321,731.643
15.149,0.2525,45.9634,19.8344,911.658,731.773
15.151,0.2525,45.9575,19.8448,912.015,731.902
15.153,0.2526,45.9516,19.7445,907.29,732.031
15.156,0.2526,45.9457,19.8206,910.674,732.161
15.158,0.2526,45.9398,19.8293,910.954,732.29
15.160,0.2527,45.934,19.8384,911.259,732.419
15.163,0.2527,45.9281,19.8465,911.513,732.548
15.165,0.2527,45.9223,19.8551,911.79,732.678
15.167,0.2528,45.9164,19.8623,912.006,732.807
15.170,0.2528,45.9105,19.87,912.243,732.936
15.172,0.2529,45.9046,19.8762,912.411,733.065
15.174,0.2529,45.8987,19.8827,912.592,733.194
15.177,0.2529,45.8928,20.1046,922.656,733.323
15.179,0.2530,45.8868,20.1093,922.751,733.452
15.181,0.2530,45.8808,20.1146,922.874,733.581
15.184,0.2531,45.8749,20.1156,922.801,733.711
15.186,0.2531,45.8689,20.1208,922.92,733.84
15.188,0.2531,45.8629,20.1572,924.465,733.969
15.191,0.2532,45.8568,20.1615,924.541,734.098
15.193,0.2532,45.8508,20.1616,924.425,734.227
15.195,0.2533,45.8447,20.159,924.184,734.356
15.198,0.2533,45.8387,20.1524,923.758,734.485
15.200,0.2533,45.8326,20.1511,923.579,734.614
15.202,0.2534,45.8265,20.1385,922.877,734.743
15.205,0.2534,45.8205,20.0872,920.403,734.872
15.207,0.2534,45.8144,20.1373,922.576,735.001
15.209,0.2535,45.8083,20.1441,922.766,735.13
15.212,0.2535,45.8022,20.1168,921.395,735.259
15.214,0.2536,45.7961,20.1033,920.653,735.388
15.216,0.2536,45.7899,20.0627,918.671,735.517
15.219,0.2536,45.7838,20.089,919.75,735.646
15.221,0.2537,45.7776,19.9659,913.99,735.775
15.223,0.2537,45.7715,19.9596,913.58,735.905
15.226,0.2538,45.7653,19.9544,913.22,736.034
15.228,0.2538,45.7591,19.9499,912.888,736.163
15.230,0.2538,45.7529,19.9463,912.602,736.292
15.233,0.2539,45.7467,19.944,912.369,736.421
15.235,0.2539,45.7403,19.8882,909.691,736.55
15.237,0.2540,45.734,19.8876,909.54,736.68
15.240,0.2540,45.7276,19.8876,909.41,736.809
15.242,0.2540,45.7212,19.8895,909.369,736.938
15.244,0.2541,45.7147,19.7868,904.546,737.067
15.247,0.2541,45.7081,19.791,904.61,737.197
15.249,0.2541,45.7015,19.7924,904.541,737.326
15.251,0.2542,45.6948,19.88,908.413,737.455
15.254,0.2542,45.6881,19.8806,908.307,737.584
15.256,0.2543,45.6814,19.9445,911.094,737.714
15.258,0.2543,45.6746,20.0691,916.648,737.843
15.260,0.2543,45.6677,20.0792,916.971,737.972
15.263,0.2544,45.6608,19.8257,905.258,738.102
15.265,0.2544,45.6539,19.9061,908.791,738.231
15.267,0.2545,45.647,19.9114,908.896,738.36
15.270,0.2545,45.64,19.8794,907.295,738.489
15.272,0.2545,45.6331,19.8849,907.411,738.619
15.274,0.2546,45.6261,19.893,907.638,738.748
15.277,0.2546,45.6191,19.8974,907.704,738.877
15.279,0.2547,45.6122,19.9048,907.903,739.006
15.281,0.2547,45.6052,19.9078,907.899,739.135
15.284,0.2547,45.5983,19.9143,908.059,739.265
15.286,0.2548,45.5914,19.9153,907.965,739.394
15.288,0.2548,45.5846,19.9209,908.084,739.523
15.291,0.2548,45.5777,19.9671,910.053,739.652
15.293,0.2549,45.571,19.9917,911.041,739.781
15.295,0.2549,45.5641,19.9686,909.85,739.91
15.298,0.2550,45.5575,19.995,910.924,740.039
15.300,0.2550,45.5507,19.9663,909.479,740.168
15.302,0.2550,45.5441,20.1298,916.795,740.297
15.305,0.2551,45.5374,20.1712,918.543,740.425
15.307,0.2551,45.5309,20.1243,916.275,740.554
15.309,0.2552,45.5241,20.1613,917.827,740.683
15.312,0.2552,45.5177,20.1164,915.652,740.812
15.314,0.2552,45.511,20.1478,916.944,740.941
15.316,0.2553,45.5045,20.1429,916.591,741.07
15.319,0.2553,45.4981,20.1378,916.229,741.199
15.321,0.2554,45.4917,20.1299,915.745,741.328
15.323,0.2554,45.4853,20.1668,917.294,741.457
15.326,0.2554,45.4789,20.135,915.719,741.586
15.328,0.2555,45.4724,20.1261,915.185,741.715
15.330,0.2555,45.466,20.1186,914.715,741.844
15.333,0.2555,45.4595,20.1075,914.078,741.973
15.335,0.2556,45.4531,20.1464,915.716,742.103
15.337,0.2556,45.4466,20.1336,915.004,742.232
15.340,0.2557,45.4402,20.1264,914.548,742.361
15.342,0.2557,45.4336,20.1107,913.701,742.49
15.344,0.2557,45.4271,20.1059,913.354,742.619
15.347,0.2558,45.4204,20.0869,912.355,742.749
15.349,0.2558,45.4139,20.0854,912.158,742.878
15.351,0.2559,45.4072,20.063,911.006,743.007
15.354,0.2559,45.4007,20.0655,910.987,743.136
15.356,0.2559,45.394,20.04,909.694,743.265
15.358,0.2560,45.3874,20.0467,909.866,743.395
15.361,0.2560,45.3806,20.0186,908.457,743.524
15.363,0.2561,45.374,20.0295,908.817,743.653
15.365,0.2561,45.3673,19.9998,907.336,743.782
15.368,0.2561,45.3606,20.0144,907.865,743.911
15.370,0.2562,45.354,19.9418,904.439,744.04
15.372,0.2562,45.3473,19.9628,905.258,744.17
15.375,0.2562,45.3406,19.9308,903.674,744.299
15.377,0.2563,45.334,19.9554,904.656,744.428
15.379,0.2563,45.3273,19.9239,903.096,744.557
15.382,0.2564,45.3207,19.9515,904.216,744.686
15.384,0.2564,45.314,19.9213,902.717,744.815
15.386,0.2564,45.3074,19.9977,906.045,744.944
15.389,0.2565,45.3008,19.8602,899.684,745.073
15.391,0.2565,45.2941,19.8896,900.883,745.202
15.393,0.2566,45.2875,19.8665,899.705,745.331
15.396,0.2566,45.2808,19.8986,901.026,745.46
15.398,0.2566,45.2742,19.8759,899.865,745.589
15.400,0.2567,45.2674,19.9112,901.328,745.718
15.403,0.2567,45.2608,19.8876,900.13,745.847
15.405,0.2567,45.254,19.9269,901.773,745.976
15.407,0.2568,45.2473,19.901,900.467,746.105
15.410,0.2568,45.2405,19.8333,897.268,746.234
15.412,0.2569,45.2337,19.8432,897.584,746.363
15.414,0.2569,45.2269,19.8528,897.882,746.492
15.417,0.2569,45.22,19.8629,898.203,746.621
15.419,0.2570,45.4663,19.925,905.915,746.75
15.421,0.2570,45.4589,19.9342,906.188,746.879
15.424,0.2571,45.4515,19.9425,906.416,747.008
15.426,0.2571,45.4441,20.0119,909.423,747.137
15.428,0.2571,45.4367,20.0192,909.604,747.266
15.431,0.2572,45.4293,20.0271,909.818,747.395
15.433,0.2572,45.4219,20.0338,909.971,747.524
15.435,0.2573,45.4144,20.0412,910.161,747.653
15.438,0.2573,45.407,20.0064,908.43,747.782
15.440,0.2573,45.3996,20.0124,908.554,747.911
15.442,0.2574,45.3922,20.0168,908.608,748.04
15.445,0.2574,45.3849,20.0221,908.7,748.169
15.447,0.2574,45.3775,20.0258,908.723,748.298
15.449,0.2575,45.3702,20.0459,909.484,748.427
15.452,0.2575,45.3629,19.9902,906.813,748.556
15.454,0.2576,45.3556,19.9705,905.775,748.685
15.456,0.2576,45.3484,19.9724,905.717,748.814
15.459,0.2576,45.3412,19.9668,905.317,748.943
15.461,0.2577,45.334,19.9758,905.582,749.072
15.463,0.2577,45.3269,19.6997,892.924,749.201
15.466,0.2578,45.3198,19.7161,893.53,749.33
15.468,0.2578,45.3127,19.6942,892.398,749.459
15.470,0.2578,45.3057,19.7171,893.298,749.589
15.473,0.2579,45.2988,19.6869,891.793,749.718
15.475,0.2579,45.2918,19.7713,895.479,749.847
15.477,0.2580,45.2849,19.7325,893.585,749.976
15.480,0.2580,45.278,19.7692,895.108,750.105
15.482,0.2580,45.2712,19.723,892.882,750.234
15.484,0.2581,45.2643,19.6899,891.249,750.363
15.487,0.2581,45.2575,19.6368,888.712,750.492
15.489,0.2581,45.2507,19.6846,890.744,750.622
15.491,0.2582,45.2439,19.6249,887.91,750.751
15.494,0.2582,45.2371,19.6788,890.212,750.88
15.496,0.2583,45.2303,19.613,887.102,751.009
15.498,0.2583,45.2235,19.673,889.682,751.138
15.501,0.2583,45.2167,19.6016,886.32,751.267
15.503,0.2584,45.2097,19.6644,889.023,751.396
15.505,0.2584,45.2028,19.6622,888.786,751.525
15.508,0.2585,45.1958,19.6603,888.564,751.654
15.510,0.2585,45.1888,19.6592,888.376,751.783
15.512,0.2585,45.1818,19.6588,888.22,751.912
15.515,0.2586,45.1747,19.6592,888.1,752.041
15.517,0.2586,45.1676,19.6606,888.021,752.169
15.519,0.2587,45.1604,19.6629,887.982,752.298
15.522,0.2587,45.1532,19.613,885.588,752.427
15.524,0.2587,45.146,19.618,885.674,752.556
15.526,0.2588,45.1387,19.7382,890.956,752.684
15.529,0.2588,45.1314,19.7375,890.782,752.813
15.531,0.2588,45.124,19.7569,891.509,752.942
15.533,0.2589,45.1166,19.7486,890.988,753.071
15.536,0.2589,45.1092,19.8217,894.143,753.2
15.538,0.2590,45.1018,19.8075,893.352,753.328
15.540,0.2590,45.0943,19.7912,892.471,753.457
15.542,0.2590,45.0869,19.7667,891.218,753.586
15.545,0.2591,45.0794,19.8199,893.471,753.715
15.547,0.2591,45.072,19.7873,891.851,753.843
15.549,0.2592,45.0645,19.8499,894.527,753.972
15.552,0.2592,45.0571,19.809,892.537,754.101
15.554,0.2592,45.0496,19.8802,895.594,754.23
15.556,0.2593,45.0423,19.8309,893.228,754.359
15.559,0.2593,45.0349,19.9096,896.627,754.488
15.561,0.2594,45.0276,19.908,896.411,754.617
15.563,0.2594,45.0203,19.9918,900.04,754.746
15.566,0.2594,45.0132,19.9645,898.664,754.875
15.568,0.2595,45.006,20.0574,902.701,755.004
15.570,0.2595,44.9989,19.9808,899.115,755.132
15.573,0.2595,44.9918,20.0777,903.333,755.261
15.575,0.2596,46.7916,19.9046,931.367,755.39
15.577,0.2596,46.7847,19.971,934.339,755.519
15.580,0.2597,46.7779,19.9126,931.468,755.648
15.582,0.2597,46.7712,19.9809,934.532,755.777
15.584,0.2597,46.7645,19.8486,928.213,755.906
15.587,0.2598,46.7579,19.921,931.465,756.035
15.589,0.2598,46.7514,19.8487,927.955,756.164
15.591,0.2599,46.7449,19.9235,931.32,756.293
15.594,0.2599,46.7385,19.8451,927.531,756.422
15.596,0.2599,46.7321,19.8444,927.373,756.551
15.598,0.2600,46.7258,19.8365,926.875,756.68
15.601,0.2600,46.7195,19.8401,926.916,756.809
15.603,0.2601,46.7132,19.8248,926.08,756.938
15.605,0.2601,46.707,19.8329,926.336,757.067
15.608,0.2601,46.7007,19.8104,925.161,757.196
15.610,0.2602,46.6946,19.8235,925.652,757.325
15.612,0.2602,46.6884,19.7938,924.141,757.454
15.615,0.2602,46.6822,19.8125,924.89,757.583
15.617,0.2603,46.676,19.7756,923.046,757.712
15.619,0.2603,46.6699,19.7118,919.946,757.841
15.622,0.2604,46.6636,19.7386,921.075,757.97
15.624,0.2604,46.6574,19.769,922.37,758.099
15.626,0.2604,46.6511,19.6332,915.912,758.228
15.629,0.2605,46.6448,19.6766,917.81,758.357
15.631,0.2605,46.6385,19.5761,912.999,758.486
15.633,0.2606,46.6321,19.5716,912.666,758.615
15.636,0.2606,46.6257,19.5233,910.289,758.744
15.638,0.2606,46.6192,19.5633,912.028,758.873
15.640,0.2607,46.6127,19.7408,920.173,759.001
15.643,0.2607,46.6061,19.7661,921.22,759.13
15.645,0.2608,46.5995,19.7291,919.367,759.259
15.647,0.2608,46.5928,19.7621,920.771,759.388
15.650,0.2608,46.5861,19.7208,918.716,759.517
15.652,0.2609,46.5793,19.7619,920.494,759.646
15.654,0.2609,46.5726,19.7161,918.23,759.774
15.657,0.2609,46.5657,19.864,924.983,759.903
15.659,0.2610,46.5589,19.816,922.612,760.032
15.661,0.2610,46.5519,19.874,925.175,760.16
15.664,0.2611,46.545,19.8202,922.531,760.289
15.666,0.2611,46.538,19.887,925.503,760.418
15.668,0.2611,46.5311,19.827,922.573,760.546
15.671,0.2612,46.524,19.9024,925.938,760.675
15.673,0.2612,46.517,19.836,922.711,760.803
15.675,0.2613,46.5099,19.9193,926.446,760.932
15.678,0.2613,46.5029,19.8463,922.911,761.061
15.680,0.2613,46.4957,19.9372,926.993,761.189
15.682,0.2614,46.4887,19.8574,923.143,761.318
15.685,0.2614,46.4815,19.9552,927.547,761.447
15.687,0.2614,46.4745,19.8686,923.381,761.575
15.689,0.2615,46.4673,19.8774,923.647,761.704
15.692,0.2615,46.4601,19.8861,923.907,761.833
15.694,0.2616,46.4528,19.8945,924.156,761.961
15.696,0.2616,46.4456,19.9393,926.094,762.09
15.699,0.2616,46.4384,19.9471,926.313,762.219
15.701,0.2617,46.4311,19.905,924.211,762.348
15.703,0.2617,46.4239,19.9115,924.37,762.476
15.706,0.2618,46.4167,19.9182,924.536,762.605
15.708,0.2618,46.4095,19.924,924.662,762.734
15.710,0.2618,46.4023,19.9301,924.803,762.863
15.713,0.2619,46.3952,19.9352,924.897,762.992
15.715,0.2619,46.3881,19.9407,925.012,763.12
15.717,0.2620,46.381,19.9451,925.075,763.249
15.720,0.2620,46.3739,19.95,925.161,763.378
15.722,0.2620,46.3669,19.9537,925.19,763.507
15.724,0.2621,46.3599,19.9578,925.242,763.635
15.727,0.2621,46.3529,19.9607,925.236,763.764
15.729,0.2621,46.346,19.6705,911.647,763.893
15.731,0.2622,46.3391,19.673,911.629,764.022
15.734,0.2622,46.3323,19.6688,911.303,764.15
15.736,0.2623,46.3255,19.5944,907.722,764.279
15.738,0.2623,46.3188,19.593,907.526,764.408
15.741,0.2623,46.3121,19.4991,903.043,764.537
15.743,0.2624,46.3054,19.4937,902.664,764.665
15.745,0.2624,46.2988,19.4952,902.605,764.794
15.748,0.2625,46.2922,19.5573,905.349,764.923
15.750,0.2625,46.2857,19.5601,905.352,765.051
15.752,0.2625,46.2791,19.5446,904.508,765.18
15.755,0.2626,46.2726,19.4736,901.092,765.309
15.757,0.2626,46.266,19.4581,900.247,765.437
15.759,0.2627,46.2595,19.4564,900.043,765.566
15.762,0.2627,46.2528,19.4361,898.973,765.695
15.764,0.2627,46.2463,19.4356,898.826,765.823
15.766,0.2628,46.2395,19.4104,897.529,765.952
15.769,0.2628,46.2329,19.4121,897.477,766.081
15.771,0.2628,46.2261,19.3824,895.97,766.209
15.773,0.2629,46.2193,19.3869,896.048,766.338
15.776,0.2629,46.2124,19.3534,894.368,766.467
15.778,0.2630,46.2055,19.4198,897.301,766.595
15.780,0.2630,46.1983,19.3896,895.767,766.724
15.783,0.2630,46.1913,19.3778,895.087,766.852
15.785,0.2631,46.1842,19.6035,905.373,766.981
15.787,0.2631,46.1769,19.7586,912.391,767.11
15.790,0.2632,46.1697,19.7497,911.837,767.238
15.792,0.2632,46.1623,19.7422,911.346,767.367
15.794,0.2632,46.1548,19.7356,910.894,767.495
15.797,0.2633,46.1473,19.7309,910.528,767.624
15.799,0.2633,46.1398,19.7269,910.194,767.752
15.801,0.2634,46.1321,19.7251,909.962,767.88
15.804,0.2634,46.1244,19.7239,909.752,768.009
15.806,0.2634,46.1167,19.652,906.285,768.137
15.808,0.2635,46.109,19.6597,906.488,768.266
15.811,0.2635,46.1012,19.5823,902.769,768.394
15.813,0.2635,46.0934,19.5973,903.306,768.522
15.815,0.2636,46.0857,19.5936,902.986,768.651
15.818,0.2636,46.0779,19.6292,904.473,768.779
15.820,0.2637,46.0702,19.6249,904.124,768.907
15.822,0.2637,46.0624,19.6979,907.335,769.036
15.825,0.2637,46.0548,19.6949,907.044,769.164
15.827,0.2638,46.0471,19.7178,907.948,769.292
15.829,0.2638,46.0395,19.716,907.717,769.421
15.832,0.2639,46.0318,19.7376,908.559,769.549
15.834,0.2639,46.0244,19.7386,908.458,769.677
15.836,0.2639,46.0168,19.7571,909.157,769.806
15.839,0.2640,46.0094,19.7622,909.248,769.934
15.841,0.2640,46.0019,19.7763,909.748,770.063
15.843,0.2641,45.9946,19.7866,910.076,770.191
15.846,0.2641,45.9871,19.7958,910.353,770.319
15.848,0.2641,45.9799,19.8117,910.939,770.448
15.850,0.2642,45.9725,19.8162,911,770.576
15.852,0.2642,45.9654,19.8375,911.839,770.704
15.855,0.2642,45.958,19.838,911.714,770.833
15.857,0.2643,45.9509,19.8641,912.772,770.961
15.859,0.2643,45.9436,19.8615,912.507,771.089
15.862,0.2644,45.9365,19.8683,912.68,771.218
15.864,0.2644,45.9292,19.8529,911.829,771.346
15.866,0.2644,45.9221,19.8944,913.592,771.474
15.869,0.2645,45.9148,19.8769,912.644,771.603
15.871,0.2645,45.9077,19.9741,916.964,771.731
15.873,0.2646,45.9004,19.8439,910.844,771.859
15.876,0.2646,45.8933,19.8553,911.223,771.987
15.878,0.2646,45.8862,19.8692,911.722,772.116
15.880,0.2647,45.8791,19.8757,911.881,772.244
15.883,0.2647,45.8719,19.8054,908.51,772.372
15.885,0.2648,45.8649,19.8761,911.612,772.501
15.887,0.2648,45.8577,19.8875,911.994,772.629
15.890,0.2648,45.8506,19.9286,913.74,772.757
15.892,0.2649,45.8435,19.9367,913.968,772.885
15.894,0.2649,45.8364,19.9368,913.831,773.013
15.897,0.2649,45.8292,19.9387,913.773,773.142
15.899,0.2650,45.8221,19.9393,913.661,773.27
15.901,0.2650,45.8149,19.9328,913.219,773.398
15.904,0.2651,45.8079,19.936,913.227,773.526
15.906,0.2651,45.8006,19.9195,912.325,773.654
15.908,0.2651,45.7935,19.8354,908.335,773.783
15.911,0.2652,45.7863,19.7951,906.344,773.911
15.913,0.2652,45.7792,19.8256,907.601,774.039
15.915,0.2653,45.7719,19.8319,907.742,774.167
15.918,0.2653,45.7647,19.8612,908.944,774.295
15.920,0.2653,45.7574,19.8092,906.419,774.423
15.922,0.2654,45.7502,19.8474,908.022,774.552
15.925,0.2654,45.7429,19.7875,905.135,774.68
15.927,0.2655,45.7357,19.8345,907.146,774.808
15.929,0.2655,45.7283,19.8832,909.224,774.936
15.932,0.2655,45.7211,19.9407,911.711,775.064
15.934,0.2656,45.7136,19.8674,908.209,775.192
15.936,0.2656,45.7064,19.8724,908.296,775.32
15.939,0.2656,45.6989,19.7973,904.714,775.448
15.941,0.2657,45.6917,19.8707,907.925,775.576
15.943,0.2657,45.6841,19.7947,904.304,775.704
15.946,0.2658,45.6769,19.8744,907.803,775.832
15.948,0.2658,45.6694,19.7992,904.217,775.96
15.950,0.2658,45.6622,19.8837,907.935,776.088
15.953,0.2659,45.6547,19.8094,904.39,776.216
15.955,0.2659,45.6476,19.95,910.669,776.344
15.957,0.2660,45.6401,19.9262,909.435,776.472
15.960,0.2660,45.6331,20.028,913.94,776.6
15.962,0.2660,45.6256,19.942,909.867,776.728
15.964,0.2661,45.6186,20.0462,914.48,776.856
15.967,0.2661,45.6112,19.9578,910.298,776.983
15.969,0.2661,45.6043,19.89,907.072,777.111
15.971,0.2662,45.5975,19.8251,903.976,777.239
15.974,0.2662,45.5907,19.8316,904.138,777.367
15.976,0.2663,45.5839,19.8371,904.253,777.495
15.978,0.2663,45.5771,19.8411,904.301,777.623
15.981,0.2663,45.5703,19.8444,904.316,777.751
15.983,0.2664,45.5636,19.8457,904.239,777.879
15.985,0.2664,45.5568,19.8466,904.148,778.007
15.988,0.2665,45.5501,19.8452,903.952,778.135
15.990,0.2665,45.5433,19.844,903.76,778.263
15.992,0.2665,45.5365,19.8404,903.462,778.39
15.995,0.2666,45.5297,19.8373,903.185,778.518
15.997,0.2666,45.5229,19.8321,902.814,778.646
15.999,0.2667,45.5161,19.8277,902.48,778.774
16.002,0.2667,45.5093,19.8217,902.071,778.902
16.004,0.2667,45.5024,19.7232,897.451,779.03
16.006,0.2668,45.4955,19.7537,898.704,779.157
16.009,0.2668,45.4886,19.6886,895.607,779.285
16.011,0.2668,45.4816,19.6821,895.173,779.413
16.013,0.2669,45.4747,19.6763,894.773,779.541
16.016,0.2669,45.4677,19.6711,894.397,779.668
16.018,0.2670,45.4607,19.6664,894.049,779.796
16.020,0.2670,45.4537,19.6623,893.726,779.924
16.023,0.2670,45.4467,19.3441,879.125,780.051
16.025,0.2671,45.4398,19.3396,878.786,780.179
16.027,0.2671,46.6629,19.3901,904.797,780.307
16.030,0.2672,46.6569,19.3874,904.553,780.434
16.032,0.2672,46.6507,19.3796,904.071,780.562
16.034,0.2672,46.6447,19.3801,903.978,780.69
16.037,0.2673,46.6385,19.3675,903.271,780.817
16.039,0.2673,46.6325,19.3728,903.401,780.945
16.041,0.2674,46.6262,19.3533,902.37,781.073
16.044,0.2674,46.6201,19.4414,906.361,781.2
16.046,0.2674,46.6137,19.4137,904.946,781.328
16.048,0.2675,46.6074,19.3545,902.065,781.456
16.051,0.2675,46.601,19.3135,900.029,781.583
16.053,0.2675,46.5945,19.5839,912.504,781.711
16.055,0.2676,46.5879,19.5367,910.175,781.839
16.058,0.2676,46.5813,19.57,911.593,781.967
16.060,0.2677,46.5745,19.5136,908.834,782.094
16.062,0.2677,46.5676,19.5065,908.373,782.222
16.065,0.2677,46.5607,19.5003,907.95,782.35
16.067,0.2678,46.5537,19.4947,907.551,782.478
16.069,0.2678,46.5467,19.49,907.193,782.605
16.071,0.2679,46.5395,19.4863,906.883,782.733
16.074,0.2679,46.5323,19.5421,909.34,782.861
16.076,0.2679,46.525,19.5193,908.135,782.989
16.078,0.2680,46.5177,19.5175,907.91,783.116
16.081,0.2680,46.5103,19.5173,907.754,783.244
16.083,0.2681,46.5029,19.5181,907.65,783.372
16.085,0.2681,46.4955,19.5206,907.619,783.5
16.088,0.2681,46.488,19.5274,907.791,783.627
16.090,0.2682,46.4806,19.5923,910.661,783.755
16.092,0.2682,46.4731,19.6052,911.115,783.883
16.095,0.2682,46.4657,19.6059,911.001,784.01
16.097,0.2683,46.4582,19.6576,913.258,784.138
16.099,0.2683,46.4508,19.4557,903.732,784.266
16.102,0.2684,46.4435,19.4915,905.252,784.393
16.104,0.2684,46.4361,19.5115,906.04,784.521
16.106,0.2684,46.4289,19.5089,905.776,784.648
16.109,0.2685,46.4217,19.5334,906.771,784.776
16.111,0.2685,46.4146,19.5262,906.299,784.904
16.113,0.2686,46.4075,19.4838,904.196,785.031
16.116,0.2686,46.4006,19.4694,903.392,785.159
16.118,0.2686,46.3936,19.5052,904.919,785.287
16.120,0.2687,46.3869,19.4838,903.794,785.414
16.123,0.2687,46.3802,19.5246,905.552,785.542
16.125,0.2688,46.3736,19.5224,905.324,785.67
16.127,0.2688,46.3671,19.5613,906.998,785.797
16.130,0.2688,46.3607,19.5315,905.496,785.925
16.132,0.2689,46.3544,19.5737,907.328,786.053
16.134,0.2689,46.3483,19.5377,905.539,786.18
16.137,0.2689,46.3421,19.5824,907.488,786.308
16.139,0.2690,46.3362,19.4795,902.607,786.436
16.141,0.2690,46.3301,19.5953,907.855,786.564
16.144,0.2691,46.3244,19.5365,905.015,786.691
16.146,0.2691,46.3185,19.5956,907.636,786.819
16.148,0.2691,46.3129,19.5345,904.7,786.947
16.151,0.2692,46.3071,19.5924,907.266,787.075
16.153,0.2692,46.3016,19.5313,904.333,787.203
16.155,0.2693,46.2958,19.5284,904.082,787.33
16.158,0.2693,46.29,19.5262,903.867,787.458
16.160,0.2693,46.2842,19.522,903.562,787.586
16.162,0.2694,46.2784,19.5203,903.37,787.714
16.165,0.2694,46.2726,19.5159,903.05,787.842
16.167,0.2695,46.2667,19.4277,898.856,787.97
16.169,0.2695,46.2608,19.4845,901.368,788.098
16.172,0.2695,46.2549,19.482,901.136,788.225
16.174,0.2696,46.2488,19.4796,900.906,788.353
16.176,0.2696,46.2427,19.4741,900.537,788.481
16.179,0.2696,46.2365,19.4755,900.479,788.609
16.181,0.2697,46.2302,19.4654,899.89,788.737
16.183,0.2697,46.2238,19.4722,900.077,788.865
16.186,0.2698,46.2174,19.4557,899.192,788.993
16.188,0.2698,46.2107,19.4693,899.692,789.121
16.190,0.2698,46.2041,19.3752,895.214,789.249
16.193,0.2699,46.1973,19.3869,895.62,789.377
16.195,0.2699,46.1904,19.365,894.477,789.505
16.197,0.2700,46.1834,19.3843,895.232,789.632
16.200,0.2700,46.1763,19.3545,893.717,789.76
16.202,0.2700,46.1691,19.3819,894.845,789.888
16.204,0.2701,46.1618,19.2576,888.965,790.016
16.207,0.2701,46.1545,19.2969,890.64,790.144
16.209,0.2701,46.1471,19.2474,888.214,790.273
16.211,0.2702,46.1397,19.2126,886.465,790.401
16.214,0.2702,46.1321,19.1557,883.695,790.529
16.216,0.2703,46.1246,19.2111,886.105,790.657
16.218,0.2703,46.1171,19.149,883.095,790.785
16.221,0.2703,46.1095,19.2105,885.788,790.913
16.223,0.2704,46.1019,19.1447,882.607,791.041
16.225,0.2704,46.0944,19.18,884.09,791.169
16.228,0.2705,46.0868,19.1024,880.368,791.297
16.230,0.2705,46.0793,19.1821,883.897,791.425
16.232,0.2705,46.0718,19.1011,880.023,791.553
16.235,0.2706,46.0643,19.1846,883.726,791.681
16.237,0.2706,46.057,19.1007,879.719,791.809
16.239,0.2707,46.0495,19.1874,883.568,791.937
16.242,0.2707,46.0423,19.4118,893.765,792.065
16.244,0.2707,46.0349,19.3933,892.769,792.193
16.246,0.2708,46.0279,19.4486,895.177,792.321
16.249,0.2708,46.0206,19.4468,894.954,792.449
16.251,0.2708,46.0135,19.444,894.687,792.577
16.253,0.2709,46.0064,19.4411,894.414,792.705
16.256,0.2709,45.9994,19.3819,891.556,792.833
16.258,0.2710,45.9925,19.4474,894.435,792.961
16.260,0.2710,45.9858,19.4439,894.142,793.089
16.263,0.2710,45.9791,19.4399,893.827,793.217
16.265,0.2711,45.9725,19.4353,893.487,793.345
16.267,0.2711,45.9659,19.43,893.12,793.473
16.270,0.2712,45.9595,19.4245,892.74,793.601
16.272,0.2712,45.9531,19.4184,892.334,793.729
16.274,0.2712,45.9468,19.4122,891.928,793.858
16.277,0.2713,45.9405,19.4055,891.499,793.986
16.279,0.2713,45.9342,19.3991,891.083,794.114
16.281,0.2714,45.928,19.3923,890.649,794.242
16.284,0.2714,45.9218,19.386,890.24,794.37
16.286,0.2714,45.9156,19.4311,892.189,794.498
16.288,0.2715,45.9093,19.4256,891.817,794.626
16.291,0.2715,45.903,19.4204,891.456,794.755
16.293,0.2715,45.8967,19.3073,886.143,794.883
16.295,0.2716,45.8904,19.3034,885.842,795.011
16.298,0.2716,45.8839,19.3081,885.932,795.139
16.300,0.2717,45.8775,19.3831,889.25,795.267
16.302,0.2717,45.8709,19.3902,889.445,795.395
16.305,0.2717,45.8642,19.3855,889.103,795.523
16.307,0.2718,45.8574,19.4208,890.588,795.652
16.309,0.2718,45.8506,19.3566,887.51,795.78
16.312,0.2719,45.8436,19.3522,887.177,795.908
16.314,0.2719,45.8366,19.3669,887.714,796.036
16.316,0.2719,45.8293,19.3573,887.131,796.164
16.319,0.2720,45.8221,19.3787,887.972,796.292
16.321,0.2720,45.8146,19.2628,882.519,796.421
16.323,0.2721,45.8072,19.2889,883.571,796.549
16.326,0.2721,45.7996,19.2656,882.358,796.677
16.328,0.2721,45.792,19.3015,883.852,796.805
16.330,0.2722,45.7841,19.2673,882.137,796.933
16.333,0.2722,45.7764,19.3141,884.129,797.062
16.335,0.2722,45.7685,19.2679,881.862,797.19
16.337,0.2723,45.7607,19.3263,884.385,797.318
16.339,0.2723,45.7526,19.2678,881.55,797.446
16.342,0.2724,45.7448,19.2736,881.665,797.575
16.344,0.2724,45.737,19.2792,881.773,797.703
16.346,0.2724,45.7292,19.2118,878.54,797.831
16.349,0.2725,45.7214,19.2178,878.666,797.96
16.351,0.2725,45.7136,19.2236,878.782,798.088
16.353,0.2726,45.7059,19.2294,878.896,798.216
16.356,0.2726,45.6982,19.2347,878.993,798.345
16.358,0.2726,45.6906,19.2401,879.093,798.473
16.360,0.2727,45.6831,19.245,879.17,798.601
16.363,0.2727,45.6756,19.2499,879.253,798.73
16.365,0.2728,45.6683,19.2543,879.308,798.858
16.367,0.2728,45.661,19.2554,879.218,798.987
16.370,0.2728,45.6537,19.2626,879.407,799.115
16.372,0.2729,45.6466,19.1644,874.79,799.243
16.374,0.2729,45.6394,19.1784,875.293,799.372
16.377,0.2729,45.6325,19.1665,874.615,799.5
16.379,0.2730,45.6255,19.1349,873.039,799.629
16.381,0.2730,45.6188,19.1088,871.72,799.757
16.384,0.2731,45.6119,19.1434,873.166,799.885
16.386,0.2731,45.6055,19.1051,871.296,800.014
16.388,0.2731,45.5987,19.1509,873.258,800.142
16.391,0.2732,45.5924,19.2842,879.213,800.271
16.393,0.2732,45.5858,19.3465,881.926,800.399
16.395,0.2733,45.5797,19.3507,882,800.527
16.398,0.2733,45.5732,19.4229,885.163,800.656
16.400,0.2733,45.5673,19.3417,881.35,800.784
16.402,0.2734,45.5608,19.4296,885.228,800.913
16.405,0.2734,45.555,19.3903,883.325,801.041
16.407,0.2735,45.5486,19.4806,887.312,801.169
16.409,0.2735,45.5428,19.4085,883.916,801.298
16.412,0.2735,45.5364,19.5116,888.489,801.426
16.414,0.2736,46.0876,19.4619,896.954,801.555
16.416,0.2736,46.0808,19.5861,902.54,801.683
16.419,0.2736,46.074,19.6283,904.356,801.812
16.421,0.2737,46.0672,19.7494,909.802,801.941
16.423,0.2737,46.0605,19.6335,904.331,802.069
16.426,0.2738,46.0538,19.7695,910.462,802.198
16.428,0.2738,46.0472,19.5281,899.213,802.326
16.430,0.2738,46.0405,19.6702,905.629,802.455
16.433,0.2739,46.034,19.5404,899.521,802.584
16.435,0.2739,46.0274,19.4445,894.981,802.712
16.437,0.2740,46.0208,19.5219,898.411,802.841
16.440,0.2740,46.0142,19.5419,899.204,802.97
16.442,0.2740,46.0077,19.5404,899.006,803.098
16.444,0.2741,46.0012,19.5684,900.172,803.227
16.447,0.2741,45.9947,19.4831,896.119,803.356
16.449,0.2742,45.9883,19.5179,897.594,803.484
16.451,0.2742,45.9817,19.5033,896.794,803.613
16.454,0.2742,45.9753,19.5438,898.533,803.742
16.456,0.2743,45.9687,19.5227,897.435,803.87
16.458,0.2743,45.9624,19.5675,899.368,803.999
16.461,0.2743,45.9557,19.5405,897.997,804.128
16.463,0.2744,45.9494,19.5878,900.048,804.257
16.465,0.2744,45.9427,19.4758,894.771,804.385
16.468,0.2745,45.9363,19.5298,897.126,804.514
16.470,0.2745,45.9296,19.4876,895.056,804.643
16.472,0.2745,45.9232,19.5414,897.403,804.772
16.475,0.2746,45.9165,19.496,895.187,804.9
16.477,0.2746,45.9099,19.5484,897.467,805.029
16.479,0.2747,45.9032,19.5011,895.162,805.158
16.482,0.2747,45.8967,19.5513,897.338,805.287
16.484,0.2747,45.8899,19.5029,894.988,805.416
16.486,0.2748,45.8834,19.6051,899.547,805.544
16.489,0.2748,45.8766,19.5571,897.215,805.673
16.491,0.2749,45.87,19.6013,899.113,805.802
16.493,0.2749,45.8633,19.5536,896.794,805.931
16.496,0.2749,45.8567,19.5958,898.598,806.06
16.498,0.2750,45.85,19.3699,888.108,806.189
16.500,0.2750,45.8434,19.6807,902.23,806.317
16.503,0.2750,45.8367,19.6338,899.948,806.446
16.505,0.2751,45.8301,19.6763,901.769,806.575
16.507,0.2751,45.8234,19.6223,899.161,806.704
16.510,0.2752,45.8169,19.5983,897.934,806.833
16.512,0.2752,45.8102,19.5301,894.679,806.962
16.514,0.2752,45.8037,19.5945,897.501,807.09
16.517,0.2753,45.7971,19.497,892.905,807.219
16.519,0.2753,45.7906,19.5788,896.525,807.348
16.521,0.2754,45.784,19.4853,892.113,807.477
16.524,0.2754,45.7776,19.578,896.234,807.606
16.526,0.2754,45.771,19.4738,891.335,807.735
16.528,0.2755,45.7647,19.4736,891.202,807.864
16.531,0.2755,45.7585,19.4737,891.087,807.992
16.533,0.2756,45.7522,19.4738,890.97,808.121
16.535,0.2756,45.746,19.4743,890.872,808.25
16.538,0.2756,45.7399,19.4747,890.77,808.379
16.540,0.2757,45.7338,19.2745,881.497,808.508
16.542,0.2757,45.7277,19.2743,881.368,808.637
16.545,0.2757,45.7217,19.2742,881.249,808.765
16.547,0.2758,45.7157,19.342,884.235,808.894
16.549,0.2758,45.7098,19.4029,886.905,809.023
16.552,0.2759,45.704,19.4489,888.892,809.152
16.554,0.2759,45.6982,19.4478,888.729,809.281
16.556,0.2759,45.6924,19.4472,888.591,809.409
16.559,0.2760,45.6867,19.4472,888.477,809.538
16.561,0.2760,45.681,19.4478,888.394,809.667
16.563,0.2761,45.6754,19.4489,888.337,809.796
16.566,0.2761,45.6698,19.4813,889.708,809.925
16.568,0.2761,45.6643,19.3939,885.61,810.054
16.570,0.2762,45.6588,19.3959,885.594,810.183
16.573,0.2762,45.6533,19.3985,885.606,810.311
16.575,0.2762,45.6478,19.4019,885.654,810.44
16.577,0.2763,45.6424,19.4012,885.516,810.569
16.580,0.2763,45.6369,19.4103,885.824,810.698
16.582,0.2764,45.6314,19.3675,883.766,810.827
16.584,0.2764,45.6259,19.3848,884.447,810.956
16.587,0.2764,45.6204,19.2771,879.43,811.085
16.589,0.2765,45.6148,19.2986,880.3,811.214
16.591,0.2765,45.6093,19.2863,879.633,811.343
16.594,0.2766,45.6036,19.3129,880.735,811.471
16.596,0.2766,45.598,19.3495,882.299,811.6
16.598,0.2766,45.5922,19.3761,883.398,811.729
16.601,0.2767,45.5865,19.3615,882.624,811.858
16.603,0.2767,45.5806,19.3907,883.841,811.987
16.605,0.2768,45.5749,19.3727,882.906,812.116
16.608,0.2768,45.5689,19.4034,884.194,812.245
16.610,0.2768,45.5631,19.3821,883.106,812.374
16.612,0.2769,45.5571,19.4134,884.416,812.502
16.615,0.2769,45.5512,19.389,883.194,812.631
16.617,0.2769,45.5452,19.4197,884.473,812.76
16.619,0.2770,45.5392,19.3931,883.146,812.889
16.622,0.2770,45.5332,19.3942,883.079,813.018
16.624,0.2771,45.5272,19.3936,882.935,813.147
16.626,0.2771,45.5212,19.3927,882.78,813.276
16.629,0.2771,45.5151,19.3903,882.551,813.405
16.631,0.2772,45.5091,19.3874,882.303,813.534
16.633,0.2772,45.5031,19.3829,881.985,813.662
16.636,0.2773,45.4971,19.3779,881.639,813.791
16.638,0.2773,45.4912,19.2819,877.155,813.92
16.640,0.2773,45.4852,19.2744,876.699,814.049
16.643,0.2774,45.4793,19.2658,876.195,814.178
16.645,0.2774,45.4733,19.2563,875.648,814.307
16.647,0.2775,45.4674,19.2473,875.122,814.436
16.650,0.2775,45.4614,19.1847,872.164,814.565
16.652,0.2775,45.4555,19.1768,871.692,814.694
16.654,0.2776,45.4495,19.1586,870.749,814.823
16.657,0.2776,45.4436,19.1512,870.298,814.952
16.659,0.2776,45.4376,19.1306,869.248,815.081
16.661,0.2777,45.4317,19.1343,869.306,815.21
16.664,0.2777,45.4256,19.1125,868.196,815.339
16.666,0.2778,45.4197,19.1049,867.74,815.467
16.668,0.2778,45.4136,19.2334,873.457,815.596
16.671,0.2778,45.4077,19.2172,872.608,815.725
16.673,0.2779,45.4016,19.212,872.253,815.854
16.675,0.2779,45.3956,19.2078,871.952,815.983
16.678,0.2780,45.3895,19.2401,873.298,816.112
16.680,0.2780,45.3835,19.1875,870.797,816.24
16.682,0.2780,45.3774,19.2327,872.728,816.369
16.685,0.2781,45.3714,19.1725,869.885,816.498
16.687,0.2781,45.3653,19.2316,872.45,816.627
16.689,0.2782,45.3594,19.1644,869.283,816.756
16.692,0.2782,45.3533,19.2378,872.499,816.885
16.694,0.2782,45.3473,19.1641,869.042,817.013
16.696,0.2783,45.3413,19.2517,872.895,817.142
16.699,0.2783,45.3354,19.1724,869.187,817.271
16.701,0.2783,45.3295,19.1979,870.232,817.4
16.703,0.2784,45.3237,19.1154,866.382,817.528
16.706,0.2784,45.3178,19.2273,871.338,817.657
16.708,0.2785,45.3121,19.1407,867.304,817.786
16.710,0.2785,45.3063,19.2376,871.586,817.915
16.713,0.2785,45.3007,19.1512,867.565,818.044
16.715,0.2786,45.295,19.1701,868.308,818.173
16.717,0.2786,45.2892,19.1793,868.618,818.301
16.720,0.2787,45.2835,19.2048,869.662,818.43
16.722,0.2787,45.2779,19.2153,870.031,818.559
16.724,0.2787,45.2722,19.1455,866.757,818.688
16.727,0.2788,45.2667,19.1506,866.887,818.817
16.729,0.2788,45.261,19.1856,868.356,818.946
16.731,0.2789,45.2556,19.1816,868.075,819.075
16.734,0.2789,45.2498,19.2222,869.8,819.204
16.736,0.2789,45.2446,19.0348,861.222,819.333
16.738,0.2790,45.2388,19.0898,863.598,819.462
16.741,0.2790,45.2335,19.0519,861.783,819.591
16.743,0.2790,45.2277,19.172,867.105,819.72
16.745,0.2791,45.2225,19.1229,864.784,819.849
16.747,0.2791,45.2167,19.1898,867.7,819.978
16.750,0.2792,45.2114,19.1266,864.738,820.107
16.752,0.2792,45.2055,19.1825,867.154,820.236
16.754,0.2792,45.2001,19.358,874.984,820.365
16.757,0.2793,45.1942,19.4005,876.791,820.494
16.759,0.2793,45.1888,19.3527,874.527,820.623
16.761,0.2794,45.1828,19.4691,879.67,820.752
16.764,0.2794,45.1773,19.4532,878.845,820.881
16.766,0.2794,45.1713,19.5623,883.654,821.01
16.768,0.2795,45.1657,19.5125,881.294,821.139
16.771,0.2795,45.1596,19.5545,883.072,821.268
16.773,0.2796,45.1539,19.4994,880.474,821.397
16.775,0.2796,45.1478,19.5423,882.293,821.526
16.778,0.2796,45.1421,19.484,879.548,821.655
16.780,0.2797,45.1359,19.5262,881.333,821.783
16.782,0.2797,45.1301,19.5062,880.318,821.912
16.785,0.2797,45.1239,19.543,881.859,822.041
16.787,0.2798,45.1181,19.4843,879.093,822.17
16.789,0.2798,45.1119,19.52,880.584,822.299
16.792,0.2799,45.1061,19.3728,873.833,822.427
16.794,0.2799,45.0999,19.4065,875.231,822.556
16.796,0.2799,45.0942,19.3465,872.412,822.685
16.799,0.2800,45.088,19.3775,873.691,822.814
16.801,0.2800,45.0823,19.3677,873.141,822.943
16.803,0.2801,45.0761,19.3944,874.223,823.071
16.806,0.2801,45.0704,19.3364,871.497,823.2
16.808,0.2801,45.0642,19.2421,867.131,823.329
16.810,0.2802,45.0581,19.2252,866.249,823.458
16.813,0.2802,45.0519,19.2089,865.397,823.586
16.815,0.2803,45.0458,19.1281,861.64,823.715
16.817,0.2803,45.0397,19.1126,860.825,823.844
16.820,0.2803,45.0336,19.0971,860.012,823.972
16.822,0.2804,45.0275,19.0837,859.29,824.101
16.824,0.2804,45.0214,19.0708,858.592,824.23
16.827,0.2804,45.0153,19.0604,858.011,824.358
16.829,0.2805,45.0092,19.0512,857.478,824.487
16.831,0.2805,45.003,19.045,857.083,824.616
16.834,0.2806,44.9969,19.0403,856.757,824.744
16.836,0.2806,44.9908,19.0391,856.586,824.873
16.838,0.2806,44.9846,19.0398,856.498,825.002
16.841,0.2807,45.7623,19.108,874.426,825.13
16.843,0.2807,45.7552,19.0374,871.061,825.259
16.845,0.2808,45.7479,19.0974,873.664,825.388
16.848,0.2808,45.7406,19.1104,874.123,825.517
16.850,0.2808,45.7333,19.127,874.741,825.645
16.852,0.2809,45.7259,19.145,875.424,825.774
16.855,0.2809,45.7186,19.1662,876.251,825.903
16.857,0.2810,45.7112,19.1839,876.918,826.032
16.859,0.2810,45.7039,19.2128,878.098,826.161
16.862,0.2810,45.6966,19.2285,878.677,826.289
16.864,0.2811,45.6894,19.264,880.162,826.418
16.866,0.2811,45.6822,19.2757,880.555,826.547
16.869,0.2811,45.6751,19.3169,882.302,826.676
16.871,0.2812,45.6681,19.3221,882.403,826.805
16.873,0.2812,45.6611,19.3181,882.087,826.934
16.876,0.2813,45.6543,19.3124,881.696,827.063
16.878,0.2813,45.6476,19.3634,883.891,827.192
16.880,0.2813,45.6409,19.3474,883.032,827.32
16.883,0.2814,45.6344,19.4007,885.338,827.449
16.885,0.2814,45.628,19.3736,883.979,827.578
16.887,0.2815,45.6217,19.4282,886.347,827.707
16.890,0.2815,45.6155,19.3903,884.5,827.835
16.892,0.2815,45.6094,19.445,886.875,827.964
16.894,0.2816,45.6034,19.3976,884.597,828.093
16.897,0.2816,45.5974,19.4511,886.921,828.221
16.899,0.2816,45.5915,19.3962,884.305,828.35
16.901,0.2817,45.5858,19.3943,884.106,828.478
16.904,0.2817,45.58,19.4279,885.524,828.607
16.906,0.2818,45.5743,19.4228,885.179,828.736
16.908,0.2818,45.5687,19.2091,875.332,828.864
16.911,0.2818,45.563,19.2004,874.827,828.993
16.913,0.2819,45.5573,19.1887,874.185,829.121
16.915,0.2819,45.5517,19.1787,873.621,829.25
16.918,0.2820,45.546,19.1663,872.95,829.378
16.920,0.2820,45.5403,19.1559,872.365,829.507
16.922,0.2820,45.5345,19.1439,871.71,829.635
16.925,0.2821,45.5288,19.1339,871.141,829.764
16.927,0.2821,45.5229,19.1295,870.829,829.892
16.929,0.2822,45.517,19.114,870.012,830.021
16.932,0.2822,45.5111,19.1174,870.052,830.149
16.934,0.2822,45.5051,19.0974,869.03,830.278
16.936,0.2823,45.4991,19.2491,875.816,830.406
16.939,0.2823,45.4929,19.229,874.785,830.535
16.941,0.2823,45.4868,19.2428,875.293,830.663
16.943,0.2824,45.4805,19.2212,874.192,830.792
16.946,0.2824,45.4743,19.1471,870.699,830.92
16.948,0.2825,45.4679,19.1263,869.634,831.049
16.950,0.2825,45.4616,19.1488,870.536,831.177
16.953,0.2825,45.4551,19.134,869.737,831.306
16.955,0.2826,45.4487,19.2133,873.222,831.434
16.957,0.2826,45.4422,19.2023,872.596,831.563
16.960,0.2827,45.4358,19.1542,870.287,831.691
16.962,0.2827,45.4292,19.2135,872.852,831.82
16.964,0.2827,45.4227,19.2355,873.727,831.948
16.967,0.2828,45.4161,19.226,873.167,832.077
16.969,0.2828,45.4095,19.2462,873.963,832.205
16.971,0.2829,45.4029,19.3537,878.714,832.333
16.974,0.2829,45.3964,19.3997,880.677,832.462
16.976,0.2829,45.3898,19.3667,879.052,832.59
16.978,0.2830,45.3832,19.3433,877.862,832.719
16.981,0.2830,45.3766,19.3476,877.928,832.847
16.983,0.2830,45.3701,19.358,878.276,832.975
16.985,0.2831,45.3635,19.2838,874.78,833.104
16.988,0.2831,45.357,19.3605,878.133,833.232
16.990,0.2832,45.3505,19.2892,874.775,833.361
16.992,0.2832,45.3441,19.3606,877.89,833.489
16.995,0.2832,45.3376,19.3627,877.86,833.618
16.997,0.2833,45.3312,19.2957,874.698,833.746
16.999,0.2833,45.3248,19.29,874.315,833.875
17.002,0.2834,45.3184,19.3062,874.927,834.003
17.004,0.2834,45.3121,19.2923,874.174,834.132
17.006,0.2834,45.3059,19.3165,875.149,834.26
17.009,0.2835,45.2997,19.2939,874.005,834.389
17.011,0.2835,45.2936,19.3266,875.371,834.517
17.013,0.2836,45.2874,19.3692,877.181,834.646
17.016,0.2836,45.2815,19.4039,878.636,834.774
17.018,0.2836,45.2754,19.3705,877.007,834.903
17.020,0.2837,45.2696,19.4127,878.806,835.032
17.023,0.2837,45.2637,19.3707,876.79,835.16
17.025,0.2837,45.258,19.4637,880.89,835.289
17.027,0.2838,45.2522,19.4114,878.409,835.417
17.030,0.2838,45.2466,19.4678,880.85,835.546
17.032,0.2839,45.2409,19.406,877.945,835.674
17.034,0.2839,45.2354,19.4691,880.693,835.803
17.037,0.2839,45.2298,19.3985,877.392,835.931
17.039,0.2840,45.2244,19.4672,880.395,836.06
17.041,0.2840,45.2189,19.3891,876.752,836.188
17.044,0.2841,45.2136,19.4669,880.168,836.316
17.046,0.2841,45.2081,19.388,876.496,836.445
17.048,0.2841,45.2028,19.4595,879.625,836.573
17.050,0.2842,45.1974,19.376,875.743,836.701
17.053,0.2842,45.1921,19.4495,878.964,836.83
17.055,0.2843,45.1867,19.4267,877.828,836.958
17.057,0.2843,45.1814,19.4977,880.934,837.086
17.060,0.2843,45.176,19.4149,877.089,837.215
17.062,0.2844,45.1707,19.4865,880.217,837.343
17.064,0.2844,45.1653,19.4043,876.401,837.471
17.067,0.2844,45.16,19.4773,879.595,837.6
17.069,0.2845,45.1546,19.3954,875.792,837.728
17.071,0.2845,45.1493,19.4695,879.035,837.856
17.074,0.2846,45.1439,19.3887,875.28,837.984
17.076,0.2846,45.1386,19.4637,878.562,838.113
17.078,0.2846,45.1332,19.3843,874.876,838.241
17.081,0.2847,45.1279,19.4599,878.186,838.369
17.083,0.2847,45.1226,19.3822,874.574,838.498
17.085,0.2848,45.1174,19.4581,877.897,838.626
17.088,0.2848,45.112,19.4578,877.781,838.754
17.090,0.2848,45.1068,19.4032,875.215,838.882
17.092,0.2849,45.1015,19.2606,868.682,839.01
17.095,0.2849,45.0963,19.2596,868.536,839.138
17.097,0.2850,45.0912,19.2579,868.361,839.267
17.099,0.2850,45.0861,19.3294,871.489,839.395
17.102,0.2850,45.081,19.3274,871.297,839.523
17.104,0.2851,45.076,19.2381,867.176,839.651
17.106,0.2851,45.0711,19.2348,866.931,839.779
17.109,0.2851,45.0662,19.2307,866.653,839.907
17.111,0.2852,45.0613,19.1547,863.135,840.036
17.113,0.2852,45.0564,19.1484,862.758,840.164
17.116,0.2853,45.0516,19.1591,863.149,840.292
17.118,0.2853,45.0468,19.3646,872.312,840.42
17.120,0.2853,45.042,19.3561,871.836,840.548
17.123,0.2854,45.0372,19.3461,871.295,840.677
17.125,0.2854,45.0324,19.3369,870.785,840.805
17.127,0.2855,45.0276,19.3264,870.221,840.933
17.130,0.2855,45.0227,19.3171,869.707,841.061
17.132,0.2855,45.0179,19.3069,869.158,841.19
17.134,0.2856,45.013,19.2983,868.676,841.318
17.137,0.2856,45.008,19.2408,865.991,841.446
17.139,0.2857,45.003,19.2255,865.207,841.575
17.141,0.2857,44.998,19.2084,864.339,841.703
17.144,0.2857,44.9928,19.1878,863.311,841.831
17.146,0.2858,44.9877,19.2096,864.196,841.96
17.148,0.2858,44.9824,19.1189,860.013,842.088
17.151,0.2858,44.9771,19.1566,861.609,842.216
17.153,0.2859,44.9717,19.122,859.947,842.345
17.155,0.2859,44.9664,19.1731,862.145,842.473
17.158,0.2860,44.9609,19.1321,860.198,842.602
17.160,0.2860,44.9556,19.1121,859.194,842.73
17.162,0.2860,44.95,19.0565,856.588,842.858
17.165,0.2861,44.9447,19.1386,860.177,842.987
17.167,0.2861,44.9391,19.0739,857.163,843.115
17.169,0.2862,44.9338,19.1677,861.276,843.243
17.172,0.2862,44.9283,19.0927,857.804,843.371
17.174,0.2862,44.923,19.1966,862.368,843.5
17.176,0.2863,44.9176,19.1102,858.386,843.628
17.179,0.2863,44.9124,19.2224,863.322,843.756
17.181,0.2864,44.9071,19.2291,863.522,843.884
17.183,0.2864,44.9019,19.2329,863.594,844.012
17.186,0.2864,44.8968,19.2837,865.775,844.14
17.188,0.2865,44.8917,19.2827,865.634,844.268
17.190,0.2865,44.8867,19.3408,868.143,844.396
17.193,0.2865,44.8817,19.3353,867.8,844.524
17.195,0.2866,44.8768,19.3927,870.28,844.652
17.197,0.2866,44.8719,19.3841,869.802,844.78
17.200,0.2867,44.8671,19.3735,869.233,844.908
17.202,0.2867,44.8623,19.3626,868.648,845.036
17.204,0.2867,44.8575,19.3497,867.979,845.164
17.207,0.2868,44.8527,19.345,867.673,845.293
17.209,0.2868,44.8479,19.3236,866.624,845.421
17.211,0.2869,44.8432,19.3266,866.665,845.549
17.214,0.2869,44.8384,19.3311,866.774,845.677
17.216,0.2869,44.8335,19.3044,865.484,845.805
17.218,0.2870,44.8287,19.2642,863.589,845.933
17.221,0.2870,44.8237,19.2973,864.977,846.061
17.223,0.2871,44.8188,19.2495,862.741,846.189
17.225,0.2871,44.8137,19.2336,861.927,846.317
17.228,0.2871,44.8086,19.1931,860.015,846.445
17.230,0.2872,44.8034,19.2396,862.002,846.574
17.232,0.2872,44.7982,19.1979,860.031,846.702
17.235,0.2872,44.7928,19.2562,862.54,846.83
17.237,0.2873,44.7875,19.2079,860.273,846.958
17.239,0.2873,44.782,19.2319,861.242,847.086
17.242,0.2874,44.7765,19.2063,859.989,847.215
17.244,0.2874,44.7709,19.2586,862.226,847.343
17.246,0.2874,44.7653,19.227,860.702,847.471
17.249,0.2875,44.7596,19.2862,863.242,847.599
17.251,0.2875,44.754,19.247,861.382,847.727
17.253,0.2876,44.7483,19.4776,871.59,847.856
17.256,0.2876,44.7426,19.4551,870.474,847.984
17.258,0.2876,44.737,19.5,872.369,848.112
17.260,0.2877,44.7314,19.4689,870.871,848.24
17.263,0.2877,44.7258,19.5156,872.849,848.368
17.265,0.2878,44.7203,19.5265,873.231,848.496
17.267,0.2878,44.7148,19.5735,875.228,848.625
17.270,0.2878,44.7095,19.5246,872.935,848.753
17.272,0.2879,44.7042,19.5714,874.923,848.881
17.274,0.2879,44.699,19.5666,874.61,849.009
17.277,0.2879,44.6939,19.5587,874.154,849.137
17.279,0.2880,44.6889,19.5498,873.66,849.265
17.281,0.2880,44.684,19.5399,873.122,849.394
17.284,0.2881,44.6792,19.5278,872.484,849.522
17.286,0.2881,44.6745,19.5177,871.943,849.65
17.288,0.2881,44.6698,19.5032,871.203,849.778
17.291,0.2882,44.6652,19.495,870.746,849.906
17.293,0.2882,44.6606,19.4788,869.937,850.034
17.295,0.2883,44.6561,19.4743,869.647,850.162
17.298,0.2883,44.6516,19.4615,868.988,850.29
17.300,0.2883,44.6471,19.4694,869.255,850.419
17.302,0.2884,44.6426,19.4451,868.082,850.547
17.305,0.2884,44.6381,19.4602,868.668,850.675
17.307,0.2885,44.6336,19.4573,868.45,850.803
17.309,0.2885,44.629,19.4673,868.807,850.931
17.312,0.2885,44.6243,19.4565,868.234,851.059
17.314,0.2886,44.6196,19.4724,868.849,851.187
17.316,0.2886,45.8929,19.5158,895.637,851.315
17.319,0.2886,45.8871,19.4892,894.303,851.444
17.321,0.2887,45.8814,19.4025,890.217,851.572
17.323,0.2887,45.8757,19.4335,891.528,851.7
17.326,0.2888,45.8701,19.1852,880.027,851.828
17.328,0.2888,45.8644,19.132,877.477,851.956
17.330,0.2888,45.8588,19.1456,877.994,852.084
17.333,0.2889,45.8533,19.1533,878.241,852.211
17.335,0.2889,45.8477,19.084,874.958,852.339
17.337,0.2890,45.8423,19.0965,875.427,852.467
17.340,0.2890,45.8368,19.1029,875.614,852.595
17.342,0.2890,45.8314,19.1143,876.035,852.723
17.344,0.2891,45.826,19.1183,876.115,852.85
17.347,0.2891,45.8207,19.1191,876.051,852.978
17.349,0.2892,45.8152,19.1078,875.43,853.106
17.351,0.2892,45.8099,19.0981,874.884,853.233
17.354,0.2892,45.8044,19.1151,875.555,853.361
17.356,0.2893,45.7991,19.0949,874.531,853.488
17.358,0.2893,45.7936,19.1176,875.464,853.616
17.361,0.2893,45.7882,19.0883,874.022,853.743
17.363,0.2894,45.7826,19.0588,872.562,853.87
17.365,0.2894,45.7772,18.9492,867.442,853.998
17.368,0.2895,45.7715,18.9469,867.226,854.125
17.370,0.2895,45.7658,18.944,866.987,854.252
17.372,0.2895,45.76,18.9418,866.778,854.379
17.375,0.2896,45.7541,18.9391,866.543,854.507
17.377,0.2896,45.7482,18.9377,866.366,854.634
17.379,0.2897,45.7422,18.9357,866.162,854.761
17.382,0.2897,45.7362,18.9354,866.035,854.888
17.384,0.2897,45.7302,18.9892,868.379,855.015
17.386,0.2898,45.7241,18.9902,868.31,855.142
17.389,0.2898,45.718,18.9907,868.215,855.269
17.391,0.2898,45.7118,18.9936,868.233,855.395
17.393,0.2899,45.7056,18.9962,868.232,855.522
17.396,0.2899,45.6994,19.001,868.332,855.649
17.398,0.2900,45.6931,19.0056,868.426,855.776
17.400,0.2900,45.6869,19.0119,868.597,855.903
17.403,0.2900,45.6807,18.925,864.506,856.03
17.405,0.2901,45.6744,18.9321,864.714,856.156
17.407,0.2901,45.6682,18.9399,864.952,856.283
17.410,0.2902,45.662,18.9479,865.199,856.41
17.412,0.2902,45.6557,18.957,865.498,856.537
17.414,0.2902,45.6496,18.9655,865.766,856.664
17.417,0.2903,45.6434,18.9926,866.888,856.791
17.419,0.2903,45.6373,19.006,867.381,856.917
17.421,0.2904,45.6312,18.9497,864.699,857.044
17.424,0.2904,45.6252,18.9712,865.565,857.171
17.426,0.2904,45.6192,18.9658,865.206,857.298
17.428,0.2905,45.6133,18.9927,866.322,857.425
17.431,0.2905,45.6074,18.9787,865.57,857.552
17.433,0.2905,45.6016,19.0116,866.957,857.679
17.435,0.2906,45.5958,19.2834,879.239,857.806
17.438,0.2906,45.59,19.3182,880.718,857.933
17.440,0.2907,45.5843,19.364,882.693,858.06
17.442,0.2907,45.5786,19.4034,884.381,858.187
17.445,0.2907,45.5729,19.3653,882.535,858.314
17.447,0.2908,45.5674,19.4091,884.422,858.441
17.449,0.2908,45.5618,19.3603,882.089,858.569
17.452,0.2909,45.5562,19.4078,884.145,858.696
17.454,0.2909,45.5507,19.3493,881.375,858.824
17.456,0.2909,45.5452,19.3993,883.548,858.951
17.459,0.2910,45.5398,19.3911,883.065,859.079
17.461,0.2910,45.5343,19.3837,882.623,859.206
17.463,0.2911,45.5289,19.3741,882.084,859.334
17.466,0.2911,45.5236,19.365,881.565,859.461
17.468,0.2911,45.5182,19.3539,880.954,859.589
17.470,0.2912,45.5129,19.3436,880.384,859.717
17.473,0.2912,45.5076,19.3316,879.735,859.844
17.475,0.2912,45.5023,19.2601,876.381,859.972
17.477,0.2913,45.497,19.2482,875.738,860.1
17.480,0.2913,45.4918,19.2383,875.186,860.228
17.482,0.2914,45.4865,19.2276,874.598,860.355
17.484,0.2914,45.4812,19.2906,877.359,860.483
17.487,0.2914,45.476,19.2855,877.025,860.611
17.489,0.2915,45.4707,19.2763,876.505,860.739
17.491,0.2915,45.4654,19.354,879.938,860.867
17.494,0.2916,45.4602,19.1164,869.037,860.994
17.496,0.2916,45.4548,19.3773,880.793,861.122
17.498,0.2916,45.4495,19.3444,879.195,861.25
17.501,0.2917,45.4441,19.3825,880.821,861.378
17.503,0.2917,45.4387,19.4058,881.774,861.505
17.505,0.2918,45.4331,19.4498,883.664,861.633
17.508,0.2918,45.4277,19.4164,882.04,861.761
17.510,0.2918,45.422,19.4638,884.082,861.889
17.512,0.2919,45.4164,19.4331,882.579,862.016
17.515,0.2919,45.4105,19.4804,884.614,862.144
17.517,0.2919,45.4048,19.4546,883.334,862.271
17.519,0.2920,45.3988,19.4986,885.212,862.399
17.522,0.2920,45.393,19.4795,884.233,862.526
17.524,0.2921,45.3869,19.5172,885.827,862.654
17.526,0.2921,45.3809,19.5058,885.191,862.781
17.529,0.2921,45.3748,19.4835,884.061,862.909
17.531,0.2922,45.3687,19.4837,883.951,863.036
17.533,0.2922,45.3625,19.4997,884.552,863.163
17.536,0.2923,45.3563,19.5054,884.691,863.291
17.538,0.2923,45.3501,19.5111,884.831,863.418
17.540,0.2923,45.3439,19.5207,885.146,863.545
17.542,0.2924,45.3377,19.5174,884.875,863.672
17.545,0.2924,45.3315,19.4077,879.781,863.799
17.547,0.2925,45.3254,19.4041,879.496,863.926
17.549,0.2925,45.3193,19.4067,879.495,863.703
17.552,0.2925,45.3133,19.4142,879.723,863.829
17.554,0.2926,45.3073,19.4097,879.399,863.957
17.556,0.2926,45.3013,19.4067,879.148,861.513
17.559,0.2926,45.2954,19.3961,878.556,861.641
17.561,0.2927,45.2896,19.3942,878.356,861.768
17.563,0.2927,45.2838,19.3796,877.58,861.895
17.566,0.2928,45.2782,19.3774,877.372,862.023
17.568,0.2928,45.2726,19.3615,876.545,862.15
17.570,0.2928,45.2672,19.3571,876.24,862.278
17.573,0.2929,45.2617,19.3077,873.9,862.405
17.575,0.2929,45.2564,19.3101,873.905,862.533
17.577,0.2930,45.251,19.2886,872.83,862.66
17.580,0.2930,45.2459,19.2863,872.628,862.788
17.582,0.2930,45.2406,19.273,871.921,862.915
17.584,0.2931,45.2355,19.1833,867.768,863.043
17.587,0.2931,45.2302,19.183,867.651,863.17
17.589,0.2932,45.2252,19.1647,866.726,863.298
17.591,0.2932,45.2199,19.0859,863.06,863.426
17.594,0.2932,45.2147,19.0677,862.14,863.554
17.596,0.2933,45.2094,19.0885,862.978,863.681
17.598,0.2933,45.2042,19.0602,861.6,863.809
17.601,0.2933,45.1987,19.0961,863.12,863.937
17.603,0.2934,45.1933,19.0589,861.333,859.483
17.605,0.2934,45.1878,19.1076,863.431,859.61
17.608,0.2935,45.1822,19.0637,861.339,859.736
17.610,0.2935,45.1766,19.1804,866.502,859.863
17.612,0.2935,45.1707,19.062,861.046,859.989
17.615,0.2936,45.165,19.1268,863.861,860.116
17.617,0.2936,45.159,19.078,861.544,860.242
17.619,0.2937,45.1531,19.142,864.319,860.37
17.622,0.2937,45.1469,19.0968,862.163,860.496
17.624,0.2937,45.141,19.1541,864.634,860.624
17.626,0.2938,45.1347,19.118,862.883,860.751
17.629,0.2938,45.1288,19.162,864.755,860.878
17.631,0.2939,45.1224,19.138,863.55,861.005
17.633,0.2939,45.1165,18.9864,856.598,861.133
17.636,0.2939,45.1101,18.9924,856.749,861.26
17.638,0.2940,45.1043,18.9812,856.132,861.388
17.640,0.2940,45.0979,18.9794,855.933,861.515
17.643,0.2940,45.0922,18.9552,854.732,861.643
17.645,0.2941,45.086,18.9791,855.69,861.771
17.647,0.2941,45.0804,18.9176,852.812,861.898
17.650,0.2942,45.0748,18.9078,852.267,862.026
17.652,0.2942,45.0694,18.8987,851.754,862.154
17.654,0.2942,45.064,18.7828,846.427,862.282
17.657,0.2943,45.0588,18.8597,849.795,862.41
17.659,0.2943,45.0536,18.9061,851.786,862.538
17.661,0.2944,45.0484,18.9412,853.271,862.665
17.664,0.2944,45.0434,18.9273,852.548,862.793
17.666,0.2944,45.0383,18.9159,851.939,862.921
17.668,0.2945,45.0334,18.9037,851.298,863.049
17.671,0.2945,45.0284,18.8942,850.776,863.177
17.673,0.2946,45.0235,18.8849,850.264,863.304
17.675,0.2946,45.0185,18.8781,849.864,863.432
17.678,0.2946,45.0136,18.8724,849.517,863.56
17.680,0.2947,45.0086,18.8689,849.263,863.687
17.682,0.2947,45.0036,18.8674,849.099,863.815
17.685,0.2947,44.9985,18.8673,849.003,863.942
17.687,0.2948,44.9934,18.87,849.026,862.122
17.689,0.2948,44.9882,18.8735,849.086,862.249
17.692,0.2949,44.9829,18.8802,849.285,862.376
17.694,0.2949,44.9775,18.9616,852.847,862.503
17.696,0.2949,44.972,18.9707,853.151,862.63
17.699,0.2950,44.9665,19.0507,856.645,862.758
17.701,0.2950,44.9608,19.0129,854.834,862.885
17.703,0.2951,44.9552,19.0311,855.545,863.013
17.706,0.2951,44.9493,19.0356,855.637,863.14
17.708,0.2951,44.9436,19.0588,856.569,863.268
17.710,0.2952,44.9375,19.0583,856.432,863.396
17.713,0.2952,44.9316,19.0866,857.593,863.524
17.715,0.2952,44.9254,19.0788,857.124,863.652
17.717,0.2953,44.9194,19.1127,858.533,863.78
17.720,0.2953,44.913,19.0954,857.631,863.908
17.722,0.2954,44.907,19.1354,859.313,860.703
17.724,0.2954,44.9006,19.1065,857.892,860.83
17.727,0.2954,44.8944,19.1532,859.873,860.958
17.729,0.2955,44.888,19.1113,857.868,861.086
17.731,0.2955,44.8819,19.1653,860.174,861.213
17.734,0.2956,44.8755,19.1094,857.546,861.341
17.736,0.2956,44.8694,19.1712,860.2,861.469
17.738,0.2956,44.8631,19.1012,856.937,861.597
17.741,0.2957,44.857,19.1011,856.818,861.725
17.743,0.2957,44.851,19.0982,856.574,861.854
17.745,0.2958,44.8451,19.0956,856.343,861.982
17.748,0.2958,44.8393,19.0904,855.998,862.11
17.750,0.2958,44.8335,19.0857,855.677,862.239
17.752,0.2959,44.8278,19.0788,855.261,862.367
17.755,0.2959,44.8223,18.9907,851.206,862.496
17.757,0.2959,44.8168,18.9828,850.748,862.625
17.759,0.2960,44.8114,18.9757,850.326,862.753
17.762,0.2960,44.806,18.8759,845.752,862.882
17.764,0.2961,44.8008,18.869,845.345,863.011
17.766,0.2961,44.7956,18.8616,844.915,863.14
17.769,0.2961,44.7904,18.8565,844.589,863.269
17.771,0.2962,44.7852,18.6698,836.13,863.399
17.773,0.2962,44.7801,18.7477,839.523,863.528
17.776,0.2963,44.775,18.7431,839.223,863.657
17.778,0.2963,44.7699,18.7468,839.294,863.786
17.780,0.2963,44.7648,18.742,838.98,863.915
17.783,0.2964,44.7596,18.7528,839.367,860.486
17.785,0.2964,44.7545,18.7458,838.961,860.614
17.787,0.2965,44.7492,18.7659,839.758,860.741
17.790,0.2965,44.744,18.7547,839.163,860.868
17.792,0.2965,44.7387,18.8346,842.635,860.996
17.794,0.2966,44.7334,18.8233,842.03,861.123
17.797,0.2966,44.728,18.8632,843.714,861.251
17.799,0.2966,44.7226,18.8433,842.721,861.379
17.801,0.2967,44.717,18.8978,845.055,861.506
17.804,0.2967,44.7115,18.8668,843.563,861.634
17.806,0.2968,44.7058,18.9371,846.599,861.762
17.808,0.2968,44.7002,18.8929,844.515,861.89
17.811,0.2968,44.6945,18.9795,848.278,862.018
17.813,0.2969,44.6888,18.96,847.3,862.147
17.815,0.2969,44.683,19.0546,851.418,862.275
17.818,0.2970,44.6773,18.9883,848.344,862.403
17.820,0.2970,44.6715,19.0979,853.13,862.532
17.822,0.2970,44.6657,19.0157,849.349,862.66
17.825,0.2971,44.66,19.1389,854.742,862.789
17.827,0.2971,44.6543,19.0411,850.264,862.917
17.829,0.2972,44.6485,19.176,856.18,863.046
17.832,0.2972,44.6429,19.0634,851.047,863.175
17.834,0.2972,44.6373,19.1501,854.808,863.304
17.836,0.2973,44.6317,19.1589,855.095,863.432
17.839,0.2973,44.6262,19.1762,855.759,863.561
17.841,0.2973,44.6207,19.113,852.835,863.69
17.843,0.2974,44.6154,19.1284,853.419,863.818
17.846,0.2974,44.61,19.126,853.213,863.947
17.848,0.2975,45.0338,19.3087,869.545,860.463
17.850,0.2975,45.028,19.3298,870.384,860.592
17.853,0.2975,45.0223,19.2774,867.912,860.72
17.855,0.2976,45.0165,19.2959,868.633,860.849
17.857,0.2976,45.0108,19.275,867.586,860.977
17.860,0.2977,45.005,19.2913,868.204,861.105
17.862,0.2977,44.9993,19.2687,867.078,861.234
17.864,0.2977,44.9935,19.2814,867.536,861.362
17.867,0.2978,44.9879,19.2594,866.437,861.49
17.869,0.2978,44.9821,19.2672,866.681,861.618
17.871,0.2979,44.9766,19.2325,865.012,861.746
17.874,0.2979,44.9709,19.2302,864.799,861.875
17.876,0.2979,44.9654,19.1451,860.866,862.003
17.878,0.2980,44.9598,19.1349,860.302,862.131
17.880,0.2980,44.9545,19.1328,860.105,862.259
17.883,0.2980,44.949,19.1151,859.203,862.387
17.885,0.2981,44.9438,19.1227,859.445,862.515
17.887,0.2981,44.9384,19.0969,858.184,862.643
17.890,0.2982,44.9333,19.1155,858.921,862.771
17.892,0.2982,44.9281,19.0814,857.291,862.899
17.894,0.2982,44.923,19.1117,858.555,863.027
17.897,0.2983,44.918,19.0693,856.556,863.155
17.899,0.2983,44.913,19.1115,858.356,863.283
17.901,0.2984,44.9081,19.0611,855.998,863.411
17.904,0.2984,44.9032,19.1149,858.32,863.539
17.906,0.2984,44.8984,19.0605,855.787,863.667
17.908,0.2985,44.8936,19.2739,865.274,863.794
17.911,0.2985,44.8888,19.2115,862.381,863.922
17.913,0.2986,44.8841,19.2183,862.593,860.997
17.915,0.2986,44.8793,19.1028,857.32,861.126
17.918,0.2986,44.8745,19.1505,859.368,861.254
17.920,0.2987,44.8698,19.1084,857.39,861.383
17.922,0.2987,44.865,19.1625,859.726,861.512
17.925,0.2987,44.8602,19.1144,857.478,861.641
17.927,0.2988,44.8554,19.1941,860.961,861.769
17.929,0.2988,44.8506,19.1999,861.126,861.898
17.932,0.2989,44.8458,19.2054,861.281,862.027
17.934,0.2989,44.8409,19.2109,861.434,862.155
17.936,0.2989,44.836,19.216,861.566,862.284
17.939,0.2990,44.831,19.2211,861.701,862.413
17.941,0.2990,44.826,19.2256,861.807,862.541
17.943,0.2991,44.8209,19.2303,861.921,862.67
17.946,0.2991,44.8158,19.2343,862.001,862.799
17.948,0.2991,44.8106,19.405,869.548,862.927
17.950,0.2992,44.8054,19.4635,872.071,863.056
17.953,0.2992,44.8001,19.4456,871.164,863.185
17.955,0.2993,44.7948,19.3842,868.313,863.313
17.957,0.2993,44.7895,19.3857,868.275,863.442
17.960,0.2993,44.7841,19.3863,868.2,863.571
17.962,0.2994,44.7787,19.3875,868.148,863.699
17.964,0.2994,44.7733,19.3297,865.457,863.828
17.967,0.2994,44.7679,19.3285,865.298,863.957
17.969,0.2995,44.7625,19.3271,865.131,861.849
17.971,0.2995,44.7571,19.3262,864.985,861.977
17.974,0.2996,44.7518,19.3255,864.848,862.105
17.976,0.2996,44.7464,19.337,865.26,862.234
17.978,0.2996,44.7411,19.3252,864.633,862.362
17.981,0.2997,44.7359,19.3488,865.583,862.49
17.983,0.2997,44.7307,19.327,864.508,862.618
17.985,0.2998,44.7255,19.3612,865.939,862.747
17.988,0.2998,44.7204,19.5279,873.296,862.875
17.990,0.2998,44.7154,19.5604,874.651,863.004
17.992,0.2999,44.7104,19.5395,873.617,863.132
17.995,0.2999,44.7055,19.5748,875.103,863.261
17.997,0.3000,44.7006,19.5533,874.046,863.39
17.999,0.3000,44.6958,19.5887,875.53,863.518
18.002,0.3000,44.691,19.4916,871.099,863.647
18.004,0.3001,44.6863,19.5281,872.64,863.776
18.006,0.3001,44.6817,19.5067,871.593,863.904
18.009,0.3001,44.6771,19.49,870.757,861.47
18.011,0.3002,44.6724,19.4561,869.149,861.598
18.013,0.3002,44.6679,19.4835,870.289,861.726
18.016,0.3003,44.6633,19.4717,869.672,861.854
18.018,0.3003,44.6588,19.4901,870.403,861.982
18.020,0.3003,44.6542,19.4966,870.604,862.11
18.023,0.3004,44.6496,19.5015,870.733,862.238
18.025,0.3004,44.645,19.5059,870.842,862.366
18.027,0.3005,44.6404,19.5088,870.882,862.493
18.030,0.3005,44.6358,19.5109,870.884,862.621
18.032,0.3005,44.6311,19.5116,870.823,862.749
18.034,0.3006,44.6264,19.5638,873.063,862.877
18.037,0.3006,44.6217,19.5608,872.834,863.005
18.039,0.3007,44.617,19.4678,868.594,863.133
18.041,0.3007,44.6122,19.4623,868.254,863.261
18.044,0.3007,44.6074,19.4994,869.815,863.389
18.046,0.3008,44.6025,19.4987,869.693,863.517
18.048,0.3008,44.5976,19.533,871.126,863.645
18.051,0.3008,44.5927,19.5385,871.273,863.772
18.053,0.3009,44.5877,19.2765,859.494,863.9
18.055,0.3009,44.5827,19.2893,859.969,863.414
18.058,0.3010,44.5777,19.2609,858.604,863.542
18.060,0.3010,44.5727,19.2793,859.329,863.67
18.062,0.3010,44.5676,19.2463,857.76,863.798
18.065,0.3011,44.5625,19.1868,855.011,863.926
18.067,0.3011,44.5574,19.1456,853.08,843.908
18.069,0.3012,44.5524,19.1793,854.482,844.032
18.072,0.3012,44.5473,19.137,852.499,844.157
18.074,0.3012,44.5423,19.1749,854.091,844.281
18.076,0.3013,44.5372,19.1331,852.134,844.405
18.079,0.3013,44.5323,19.1742,853.87,844.529
18.081,0.3014,44.5272,19.1342,851.994,844.653
18.083,0.3014,44.5223,19.1776,853.831,844.778
18.086,0.3014,44.5174,19.1403,852.075,844.902
18.088,0.3015,44.5126,19.1849,853.969,845.026
18.091,0.3015,44.5077,19.0722,848.858,845.15
18.093,0.3015,44.5031,19.1122,850.553,845.274
18.095,0.3016,44.4983,19.087,849.338,845.398
18.098,0.3016,44.4937,19.126,850.989,845.522
18.100,0.3017,44.489,19.1038,849.91,845.646
18.102,0.3017,44.4847,19.1406,851.461,845.77
18.105,0.3017,44.48,19.1211,850.507,845.894
18.107,0.3018,44.4758,19.1484,851.64,846.018
18.109,0.3018,44.4712,19.1591,852.029,846.142
18.112,0.3019,44.4671,19.1598,851.979,846.265
18.114,0.3019,44.4625,19.1671,852.216,846.389
18.116,0.3019,44.458,19.1729,852.391,846.513
18.119,0.3020,44.4536,19.1045,849.263,846.637
18.121,0.3020,44.4492,19.1101,849.427,846.761
18.123,0.3021,44.4447,19.107,849.205,846.885
18.126,0.3021,44.4404,19.1121,849.348,847.008
18.128,0.3021,44.436,19.1033,848.873,847.132
18.130,0.3022,44.4317,19.1084,849.019,847.256
18.133,0.3022,44.4273,19.0935,848.271,847.379
18.135,0.3023,44.423,19.0995,848.459,847.503
18.137,0.3023,44.4186,19.0782,847.427,847.627
18.140,0.3023,44.4143,19.0863,847.705,847.751
18.142,0.3024,44.4098,19.0587,846.392,847.874
18.144,0.3024,44.4055,19.0699,846.811,847.998
18.147,0.3024,44.401,19.0364,845.235,848.122
18.149,0.3025,44.3966,19.0519,845.841,848.245
18.151,0.3025,44.392,18.8783,838.046,848.369
18.154,0.3026,44.3877,18.9002,838.935,848.493
18.156,0.3026,44.383,18.8526,836.734,848.617
18.158,0.3026,44.3786,18.8809,837.908,848.74
18.161,0.3027,44.3739,18.8888,838.168,848.864
18.163,0.3027,44.3694,18.9285,839.849,848.988
18.165,0.3028,44.3647,18.8708,837.195,849.112
18.168,0.3028,44.3602,18.916,839.117,849.236
18.170,0.3028,44.3554,18.8583,836.47,849.36
18.173,0.3029,44.351,18.8958,838.048,849.484
18.175,0.3029,44.3462,18.8841,837.437,849.608
18.177,0.3030,44.3417,18.9383,839.758,849.732
18.180,0.3030,44.337,18.8826,837.199,849.857
18.182,0.3030,44.3326,18.938,839.571,849.981
18.184,0.3031,44.3278,18.8868,837.212,850.105
18.187,0.3031,44.3235,18.9379,839.394,850.229
18.189,0.3031,44.3188,18.8957,837.433,850.354
18.191,0.3032,44.3145,18.9403,839.331,850.478
18.194,0.3032,44.3099,18.9077,837.799,850.602
18.196,0.3033,44.3057,18.882,836.58,850.727
18.198,0.3033,44.3012,18.8971,837.163,850.851
18.201,0.3033,44.2971,18.887,836.639,850.975
18.203,0.3034,45.501,18.9916,864.139,851.1
18.205,0.3034,45.4956,18.9618,862.68,851.224
18.208,0.3035,45.4902,18.9704,862.966,851.349
18.210,0.3035,45.4847,18.9786,863.235,851.473
18.212,0.3035,45.479,18.9862,863.475,851.598
18.215,0.3036,45.4734,18.9972,863.865,851.722
18.217,0.3036,45.4676,19.0025,863.999,851.846
18.219,0.3037,45.4618,19.0077,864.124,851.971
18.222,0.3037,45.4558,19.0114,864.179,852.095
18.224,0.3037,45.4498,19.2106,873.118,852.219
18.226,0.3038,45.4437,19.2133,873.125,852.343
18.229,0.3038,45.4375,19.2166,873.155,852.467
18.231,0.3039,45.4312,19.2181,873.1,852.591
18.233,0.3039,45.4248,19.2205,873.085,852.714
18.236,0.3039,45.4184,19.1735,870.829,852.838
18.238,0.3040,45.4119,19.175,870.772,852.961
18.240,0.3040,45.4053,19.175,870.646,853.084
18.243,0.3040,45.3987,19.1319,868.563,853.208
18.245,0.3041,45.3921,19.1322,868.452,853.33
18.247,0.3041,45.3855,19.1343,868.42,853.453
18.250,0.3042,45.3788,19.136,868.368,853.576
18.252,0.3042,45.3722,19.1393,868.393,853.698
18.255,0.3042,45.3656,19.1429,868.431,853.821
18.257,0.3043,45.359,19.0681,864.91,853.943
18.259,0.3043,45.3525,19.0641,864.602,854.065
18.262,0.3044,45.346,19.0888,865.602,854.187
18.264,0.3044,45.3395,19.0788,865.025,854.309
18.266,0.3044,45.3332,19.1125,866.429,854.431
18.269,0.3045,45.3268,19.0981,865.658,854.553
18.271,0.3045,45.3207,19.1379,867.342,854.675
18.273,0.3046,45.3145,19.1212,866.469,854.797
18.276,0.3046,45.3085,19.1637,868.277,854.918
18.278,0.3046,45.3027,19.1462,867.373,855.037
18.280,0.3047,45.2969,19.1252,866.314,855.158
18.282,0.3047,45.2912,19.1158,865.779,855.279
18.285,0.3047,45.2856,19.1479,867.124,855.4
18.287,0.3048,45.28,19.196,869.194,855.522
18.290,0.3048,45.2746,19.2132,869.871,855.644
18.292,0.3049,45.2691,19.206,869.437,855.766
18.294,0.3049,45.2638,19.2239,870.147,855.888
18.297,0.3049,45.2585,19.2217,869.946,856.01
18.299,0.3050,45.2533,19.2265,870.063,856.132
18.301,0.3050,45.2481,19.508,882.7,856.255
18.304,0.3051,45.2429,19.5079,882.592,856.378
18.306,0.3051,45.2377,19.5074,882.471,856.5
18.308,0.3051,45.2325,19.5029,882.164,856.623
18.311,0.3052,45.2274,19.4978,881.832,856.746
18.313,0.3052,45.2222,19.4892,881.342,856.869
18.315,0.3053,45.2169,19.4798,880.819,856.992
18.318,0.3053,45.2117,19.4679,880.177,857.116
18.320,0.3053,45.2064,19.6084,886.426,857.239
18.322,0.3054,45.2011,19.5919,885.575,857.363
18.325,0.3054,45.1957,19.5744,884.679,857.486
18.327,0.3054,45.1902,19.5728,884.5,857.61
18.329,0.3055,45.1848,19.6088,886.019,857.734
18.332,0.3055,45.1793,19.6061,885.789,857.858
18.334,0.3056,45.1738,19.5294,882.218,857.981
18.336,0.3056,45.1681,19.4801,879.881,858.106
18.339,0.3056,45.1626,19.4202,877.068,858.229
18.341,0.3057,45.1568,19.4553,878.54,858.354
18.343,0.3057,45.1512,19.3881,875.393,858.478
18.346,0.3058,45.1453,19.4321,877.268,858.602
18.348,0.3058,45.1396,19.3619,873.986,858.726
18.350,0.3058,45.1336,19.4121,876.139,858.85
18.353,0.3059,45.128,19.344,872.958,858.97
18.355,0.3059,45.122,19.3966,875.211,859.094
18.357,0.3060,45.1163,19.3343,872.29,859.215
18.360,0.3060,45.1102,19.3863,874.519,859.339
18.362,0.3060,45.1043,19.3329,871.995,859.463
18.364,0.3061,45.0982,19.3191,871.257,859.587
18.367,0.3061,45.0922,19.2836,869.538,859.711
18.369,0.3061,45.0861,19.3202,871.071,859.836
18.371,0.3062,45.0801,19.2973,869.922,859.959
18.374,0.3062,45.0739,19.3261,871.104,860.083
18.376,0.3063,45.0679,19.3156,870.515,860.207
18.378,0.3063,45.0618,19.3357,871.3,860.331
18.381,0.3063,45.0557,19.2981,869.489,860.455
18.383,0.3064,45.0497,19.321,870.406,860.579
18.385,0.3064,45.0436,19.3157,870.049,860.702
18.388,0.3065,45.0376,19.3317,870.654,860.826
18.390,0.3065,45.0315,19.3312,870.512,860.949
18.392,0.3065,45.0255,19.3412,870.847,861.073
18.395,0.3066,45.0194,19.2644,867.271,861.197
18.397,0.3066,45.0133,19.2749,867.628,861.32
18.399,0.3067,45.0073,19.0748,858.506,861.443
18.402,0.3067,45.0012,19.088,858.982,861.567
18.404,0.3067,44.9953,19.0775,858.399,861.69
18.406,0.3068,44.9893,19.1611,862.046,861.813
18.409,0.3068,44.9834,19.0771,858.153,861.936
18.411,0.3069,44.9774,19.157,861.632,862.06
18.413,0.3069,44.9716,19.1382,860.677,862.183
18.416,0.3069,44.9657,19.1401,860.646,862.306
18.418,0.3070,44.9599,19.1113,859.242,862.429
18.420,0.3070,44.9541,19.1327,860.095,862.553
18.423,0.3070,44.9483,19.0978,858.412,862.676
18.425,0.3071,44.9425,19.1232,859.445,862.799
18.427,0.3071,44.937,19.0835,857.555,862.919
18.430,0.3072,44.9313,19.1131,858.776,863.042
18.432,0.3072,44.9258,19.0696,856.718,863.162
18.434,0.3072,44.9203,19.1042,858.166,863.283
18.437,0.3073,44.9146,19.0576,855.965,863.407
18.439,0.3073,44.909,19.0978,857.662,863.53
18.441,0.3074,44.9033,19.0496,855.392,863.655
18.444,0.3074,44.8977,19.0954,857.341,863.779
18.446,0.3074,44.8921,19.0469,855.057,863.903
18.448,0.3075,44.8866,19.098,857.242,863.212
18.451,0.3075,44.881,19.0503,854.996,863.336
18.453,0.3076,44.8755,19.1058,857.382,863.461
18.455,0.3076,44.87,19.0598,855.212,863.585
18.458,0.3076,44.8645,19.2071,861.719,863.71
18.460,0.3077,44.8591,19.1619,859.583,863.834
18.462,0.3077,44.8537,19.2247,862.298,863.959
18.465,0.3077,44.8483,19.1818,860.27,859.586
18.467,0.3078,44.8429,19.2462,863.057,859.708
18.469,0.3078,44.8376,19.204,861.06,859.831
18.472,0.3079,44.8324,19.2686,863.859,859.954
18.474,0.3079,44.8271,19.2263,861.858,860.077
18.476,0.3079,44.8219,19.2902,864.625,860.201
18.479,0.3080,44.8168,19.1639,858.863,860.324
18.481,0.3080,44.8117,19.1751,859.268,860.448
18.483,0.3081,44.8066,19.0632,854.16,860.572
18.486,0.3081,44.8016,18.8168,843.024,860.697
18.488,0.3081,44.7966,18.8202,843.082,860.82
18.490,0.3082,44.7917,18.8212,843.032,860.944
18.493,0.3082,44.7868,18.8216,842.959,861.068
18.495,0.3083,44.7819,18.8198,842.787,861.192
18.498,0.3083,44.777,18.817,842.57,861.316
18.500,0.3083,44.7722,18.8123,842.268,861.441
18.502,0.3084,44.7674,18.8063,841.906,861.566
18.505,0.3084,44.7625,18.7988,841.482,861.691
18.507,0.3084,44.7577,18.7898,840.99,861.815
18.509,0.3085,44.7528,18.6804,836.001,861.94
18.512,0.3085,44.748,18.669,835.399,862.066
18.514,0.3086,44.7431,18.6573,834.786,862.191
18.516,0.3086,44.7382,18.6444,834.117,862.316
18.519,0.3086,44.7333,18.6319,833.465,862.441
18.521,0.3087,44.7283,18.7119,836.953,862.566
18.523,0.3087,44.7233,18.7001,836.329,862.691
18.526,0.3088,44.7182,18.6881,835.7,862.817
18.528,0.3088,44.7131,18.6777,835.14,862.942
18.530,0.3088,44.708,18.6679,834.606,863.067
18.533,0.3089,44.7028,18.731,837.327,863.192
18.535,0.3089,44.6975,18.7266,837.034,863.317
18.537,0.3090,44.6922,18.7348,837.3,863.442
18.540,0.3090,44.6869,18.7241,836.724,863.567
18.542,0.3090,44.6815,18.7467,837.631,863.692
18.544,0.3091,44.676,18.7302,836.791,863.816
18.547,0.3091,44.6705,18.7673,838.343,863.941
18.549,0.3091,44.6649,18.7451,837.249,862.841
18.551,0.3092,44.6594,18.8834,843.322,862.962
18.554,0.3092,44.6537,18.8585,842.103,863.084
18.556,0.3093,44.6481,18.9211,844.793,863.205
18.558,0.3093,44.6425,18.8897,843.282,863.327
18.561,0.3093,44.6369,18.964,846.495,863.449
18.563,0.3094,44.6312,18.9252,844.655,863.571
18.565,0.3094,44.6256,19.0098,848.324,863.693
18.568,0.3095,44.62,18.9628,846.119,863.816
18.570,0.3095,44.6144,19.0557,850.162,863.938
18.572,0.3095,44.6089,18.9998,847.559,860.311
18.575,0.3096,44.6034,19.099,851.883,860.435
18.577,0.3096,44.598,19.0335,848.858,860.559
18.579,0.3097,44.5927,19.137,853.368,860.684
18.582,0.3097,44.5874,19.151,853.894,860.807
18.584,0.3097,44.5822,19.1612,854.247,860.931
18.586,0.3098,44.5771,19.1703,854.557,861.055
18.589,0.3098,44.572,19.2451,857.793,861.179
18.591,0.3099,44.5671,19.2486,857.853,861.303
18.594,0.3099,44.5622,19.2491,857.781,861.427
18.596,0.3099,44.5574,19.247,857.598,861.551
18.598,0.3100,44.5527,19.2428,857.317,861.675
18.601,0.3100,44.5481,19.2355,856.904,861.799
18.603,0.3100,44.5436,19.2269,856.435,861.923
18.605,0.3101,44.5391,19.2151,855.824,862.048
18.608,0.3101,44.5348,19.142,852.484,862.172
18.610,0.3102,44.5305,19.1199,851.417,862.296
18.612,0.3102,44.5262,19.1197,851.328,862.42
18.615,0.3102,44.522,19.0093,846.334,862.544
18.617,0.3103,44.5179,18.912,841.924,862.669
18.619,0.3103,44.5138,18.8542,839.269,862.793
18.622,0.3104,44.5097,18.8713,839.958,862.917
18.624,0.3104,44.5056,18.8181,837.513,863.041
18.626,0.3104,44.5017,19.0218,846.504,863.166
18.629,0.3105,44.4976,18.9303,842.352,863.29
18.631,0.3105,44.4937,18.9593,843.571,863.414
18.633,0.3106,44.4896,18.9032,840.995,863.538
18.636,0.3106,44.4857,19.0047,845.438,863.662
18.638,0.3106,44.4816,18.9721,843.908,863.787
18.640,0.3107,44.4777,19.0747,848.396,863.911
18.643,0.3107,44.4735,19.0436,846.937,863.152
18.645,0.3108,44.4695,19.0727,848.151,863.274
18.647,0.3108,44.4652,19.0394,846.591,863.396
18.650,0.3108,44.4611,19.0743,848.064,863.519
18.652,0.3109,44.4567,19.0385,846.39,863.641
18.654,0.3109,44.4526,19.0776,848.046,863.763
18.657,0.3109,44.4481,19.0391,846.253,863.886
18.659,0.3110,44.4438,19.4543,864.621,845.556
18.662,0.3110,44.4392,19.4186,862.948,845.676
18.664,0.3111,44.4348,19.5474,868.584,845.796
18.666,0.3111,44.4302,19.6101,871.281,845.916
18.669,0.3111,44.4257,19.6275,871.966,846.035
18.671,0.3112,44.4209,19.6046,870.854,846.155
18.673,0.3112,44.4163,19.4965,865.964,846.275
18.676,0.3113,44.4115,19.4899,865.574,846.395
18.678,0.3113,44.4067,19.4836,865.202,846.515
18.680,0.3113,44.4018,19.4697,864.492,846.635
18.683,0.3114,44.3969,19.4645,864.165,846.755
18.685,0.3114,44.392,19.4442,863.166,846.874
18.687,0.3115,44.3871,19.4409,862.925,846.994
18.690,0.3115,44.3821,19.4153,861.691,847.114
18.692,0.3115,44.3772,19.4151,861.588,847.234
18.694,0.3116,44.3722,19.3858,860.19,847.354
18.697,0.3116,44.3672,19.3899,860.277,847.474
18.699,0.3117,44.3623,19.3588,858.803,847.594
18.702,0.3117,44.3574,19.3683,859.128,847.714
18.704,0.3117,44.3525,19.3375,857.667,847.834
18.706,0.3118,44.3475,19.3532,858.265,847.954
18.709,0.3118,44.3426,19.3246,856.906,848.074
18.711,0.3118,44.3377,19.3468,857.791,848.194
18.713,0.3119,44.3329,19.3223,856.613,848.314
18.716,0.3119,44.328,19.3507,857.777,848.434
18.718,0.3120,44.3232,19.3317,856.843,848.554
18.720,0.3120,44.3184,19.3656,858.251,848.674
18.723,0.3120,44.3136,19.353,857.599,848.794
18.725,0.3121,44.3089,19.391,859.191,848.914
18.727,0.3121,44.3041,19.3218,856.033,849.034
18.730,0.3122,44.2994,19.3658,857.896,849.153
18.732,0.3122,44.2947,19.2918,854.526,849.273
18.734,0.3122,44.2901,19.3336,856.288,849.393
18.737,0.3123,44.2853,19.3832,858.393,849.513
18.739,0.3123,44.2808,19.4132,859.634,849.633
18.742,0.3124,44.2761,19.437,860.595,849.753
18.744,0.3124,44.2717,19.4587,861.47,849.873
18.746,0.3124,44.267,19.4028,858.905,849.993
18.749,0.3125,44.2627,19.424,859.76,850.113
18.751,0.3125,44.2581,19.4397,860.364,850.233
18.753,0.3126,44.2538,19.5327,864.396,850.353
18.756,0.3126,44.2493,19.6396,869.04,850.473
18.758,0.3126,43.9374,19.5717,859.928,850.593
18.760,0.3127,43.9326,19.5729,859.887,850.713
18.763,0.3127,43.9274,19.5655,859.462,850.833
18.765,0.3128,43.9229,19.5538,858.857,850.953
18.767,0.3128,43.9179,19.5105,856.861,851.073
18.770,0.3128,43.9135,19.4918,855.955,851.193
18.772,0.3129,43.9093,19.4656,854.722,851.313
18.774,0.3129,43.9051,19.4409,853.553,851.433
18.777,0.3129,43.9011,19.4092,852.083,851.553
18.779,0.3130,43.897,19.3802,850.735,851.673
18.782,0.3130,43.893,19.3455,849.133,851.793
18.784,0.3131,43.8891,19.3146,847.7,851.913
18.786,0.3131,43.8851,19.2795,846.081,852.033
18.789,0.3131,43.881,19.2489,844.662,852.153
18.791,0.3132,43.8769,19.216,843.137,852.273
18.793,0.3132,43.8728,19.1879,841.829,852.393
18.796,0.3133,43.8685,19.1595,840.5,852.513
18.798,0.3133,43.8642,19.136,839.386,852.633
18.800,0.3133,43.8597,19.114,838.335,852.753
18.803,0.3134,43.8551,19.0965,837.48,852.873
18.805,0.3134,43.8503,19.0822,836.763,852.993
18.807,0.3135,43.8455,19.0717,836.208,853.112
18.810,0.3135,43.8404,19.0658,835.852,853.232
18.812,0.3135,43.8352,19.0626,835.613,853.352
18.814,0.3136,43.8299,19.1149,837.806,853.472
18.817,0.3136,43.8245,19.1182,837.847,853.591
18.819,0.3137,43.8189,19.1337,838.419,853.711
18.822,0.3137,43.8132,18.8591,826.277,853.831
18.824,0.3137,43.8075,18.8915,827.587,853.951
18.826,0.3138,43.8017,18.8871,827.288,854.07
18.829,0.3138,43.7957,18.933,829.184,854.19
18.831,0.3138,43.7898,18.923,828.635,854.31
18.833,0.3139,43.7838,18.9804,831.036,854.429
18.836,0.3139,43.7778,18.9632,830.168,854.549
18.838,0.3140,43.7718,19.1211,836.963,854.669
18.840,0.3140,43.7659,19.0933,835.638,854.788
18.843,0.3140,43.7599,19.1691,838.838,854.907
18.845,0.3141,43.7541,19.1316,837.087,855.027
18.847,0.3141,43.7482,19.2912,843.955,855.146
18.850,0.3142,43.7425,19.2455,841.846,855.266
18.852,0.3142,43.7367,19.2522,842.029,855.386
18.854,0.3142,43.7312,19.1998,839.631,855.505
18.857,0.3143,43.7256,19.2753,842.823,855.625
18.859,0.3143,43.7202,19.1248,836.139,855.745
18.861,0.3144,43.7148,19.2124,839.865,855.864
18.864,0.3144,43.7096,19.2132,839.803,855.984
18.866,0.3144,43.7045,19.2096,839.544,856.104
18.869,0.3145,43.6995,19.2066,839.319,856.223
18.871,0.3145,43.6945,19.1995,838.914,856.343
18.873,0.3146,43.6897,19.2858,842.591,856.463
18.876,0.3146,43.6849,19.2769,842.107,856.583
18.878,0.3146,43.6801,19.3635,845.801,856.702
18.880,0.3147,43.6755,19.3539,845.291,856.822
18.883,0.3147,43.6708,19.3463,844.871,856.942
18.885,0.3148,43.6662,19.3374,844.393,857.062
18.887,0.3148,43.6616,19.2766,841.648,857.181
18.890,0.3148,43.657,19.2905,842.166,857.301
18.892,0.3149,43.6525,19.2645,840.943,857.421
18.894,0.3149,43.6479,19.3006,842.429,857.541
18.897,0.3149,43.6434,19.2565,840.42,857.661
18.899,0.3150,43.6388,19.313,842.795,857.781
18.901,0.3150,43.6342,19.253,840.088,857.9
18.904,0.3151,43.6295,19.3267,843.214,858.02
18.906,0.3151,43.6249,19.2532,839.921,858.14
18.909,0.3151,43.6201,19.34,843.615,858.26
18.911,0.3152,43.6155,19.256,839.859,858.378
18.913,0.3152,43.6107,19.351,843.912,858.498
18.915,0.3153,43.606,19.2593,839.823,858.615
18.918,0.3153,43.6011,19.3576,844.015,858.735
18.920,0.3153,43.5963,19.2614,839.725,858.855
18.923,0.3154,43.5913,19.4485,847.786,858.975
18.925,0.3154,43.5863,19.3513,843.453,859.095
18.927,0.3155,43.5813,19.4412,847.272,859.215
18.930,0.3155,43.5763,19.3446,842.964,859.335
18.932,0.3155,43.5712,19.4258,846.404,859.455
18.934,0.3156,43.5661,19.332,842.22,859.575
18.937,0.3156,43.561,19.4025,845.191,859.696
18.939,0.3157,43.5558,19.3135,841.214,859.816
18.941,0.3157,43.5507,19.3424,842.377,859.936
18.944,0.3157,43.5456,19.2382,837.738,860.056
18.946,0.3158,44.734,19.3666,866.346,860.176
18.948,0.3158,44.7273,19.2745,862.095,860.296
18.951,0.3158,44.7206,19.3305,864.47,860.415
18.953,0.3159,44.7137,19.2443,860.485,860.535
18.955,0.3159,44.7068,19.2943,862.588,860.655
18.958,0.3160,44.6999,19.1122,854.312,860.775
18.960,0.3160,44.6928,19.122,854.616,860.895
18.962,0.3160,44.6859,19.089,853.01,861.013
18.965,0.3161,44.6788,19.0399,850.682,861.133
18.967,0.3161,44.6718,18.9867,848.172,861.251
18.970,0.3162,44.6647,19.0457,850.672,861.371
18.972,0.3162,44.6577,19.0785,852.001,861.491
18.974,0.3162,44.6506,19.1468,854.918,861.61
18.977,0.3163,44.6436,19.0811,851.851,861.73
18.979,0.3163,44.6366,19.1021,852.653,861.849
18.981,0.3164,44.63,18.9787,847.02,861.965
18.984,0.3164,44.6232,19.0753,851.199,862.085
18.986,0.3164,44.6167,18.9983,847.643,862.202
18.988,0.3165,44.61,19.1961,856.336,862.321
18.991,0.3165,44.6035,19.1254,853.058,862.44
18.993,0.3165,44.597,19.2686,859.319,862.56
18.995,0.3166,44.5907,19.2107,856.616,862.679
18.998,0.3166,44.5844,19.3876,864.383,862.798
19.000,0.3167,44.5782,19.4276,866.049,862.918
19.002,0.3167,44.5721,19.5136,869.761,863.037
19.005,0.3167,44.5661,19.4587,867.199,863.156
19.007,0.3168,44.5601,19.4519,866.778,863.275
19.009,0.3168,44.5542,19.3932,864.047,863.394
19.012,0.3169,44.5483,19.4729,867.483,863.513
19.014,0.3169,44.5425,19.4105,864.59,863.632
19.016,0.3169,44.5366,19.484,867.753,863.751
19.019,0.3170,44.5308,19.4173,864.669,863.87
19.021,0.3170,44.525,19.4839,867.518,863.989
19.023,0.3171,44.5191,19.4125,864.229,862.359
19.026,0.3171,44.5132,19.1228,851.219,862.48
19.028,0.3171,44.5073,19.0872,849.52,862.6
19.031,0.3172,44.5013,19.1074,850.303,862.721
19.033,0.3172,44.4956,19.0653,848.323,862.836
19.035,0.3173,44.4895,19.0813,848.917,862.957
19.037,0.3173,44.4836,19.0338,846.693,863.074
19.040,0.3173,44.4774,19.0457,847.104,863.195
19.042,0.3174,44.4713,18.9945,844.707,863.315
19.045,0.3174,44.4649,19.0026,844.948,863.435
19.047,0.3174,44.4587,18.8607,838.522,863.555
19.049,0.3175,44.4522,18.8829,839.386,863.675
19.051,0.3175,44.4463,18.8615,838.323,863.788
19.054,0.3176,44.4403,18.8391,837.215,863.901
19.056,0.3176,44.434,18.8164,836.09,861.854
19.058,0.3176,44.4276,18.8542,837.648,861.973
19.061,0.3177,44.4212,18.8332,836.591,862.092
19.063,0.3177,44.4147,18.8122,835.536,862.212
19.065,0.3178,44.4082,18.7945,834.627,862.331
19.068,0.3178,44.4018,18.7773,833.745,862.449
19.070,0.3178,44.3953,18.7632,832.998,862.568
19.072,0.3179,44.3888,18.6456,827.654,862.687
19.075,0.3179,44.3823,18.6359,827.101,862.807
19.077,0.3180,44.3758,18.6269,826.583,862.927
19.079,0.3180,44.3693,18.622,826.246,863.047
19.082,0.3180,44.3628,18.6177,825.934,863.167
19.084,0.3181,44.3564,18.6174,825.801,863.287
19.086,0.3181,44.3501,18.7124,829.898,863.406
19.089,0.3181,44.3438,18.7162,829.948,863.525
19.091,0.3182,44.3375,18.7202,830.007,863.645
19.094,0.3182,44.3312,18.7272,830.197,863.765
19.096,0.3183,44.325,18.7341,830.389,863.884
19.098,0.3183,44.3188,18.7431,830.673,860.906
19.101,0.3183,44.3128,18.752,830.954,861.022
19.103,0.3184,44.3069,18.7612,831.25,861.134
19.105,0.3184,44.3009,19.0609,844.414,861.251
19.107,0.3185,44.2949,18.9816,840.789,861.367
19.110,0.3185,44.2888,18.9916,841.115,861.485
19.112,0.3185,44.2828,18.9992,841.335,861.603
19.114,0.3186,44.2767,19.0096,841.681,861.721
19.117,0.3186,44.271,19.0138,841.759,861.832
19.119,0.3186,44.2651,19.0255,842.166,861.946
19.121,0.3187,44.2594,19.0258,842.071,862.055
19.123,0.3187,44.2533,19.0399,842.578,862.173
19.126,0.3188,44.2472,19.0357,842.278,862.29
19.128,0.3188,44.241,19.1517,847.293,862.408
19.131,0.3188,44.2348,19.1511,847.143,862.526
19.133,0.3189,44.2285,19.1617,847.494,862.644
19.135,0.3189,44.2221,19.1564,847.136,862.762
19.138,0.3190,44.2157,19.1699,847.61,862.88
19.140,0.3190,44.2094,19.16,847.051,862.995
19.142,0.3190,44.2029,19.0827,843.511,863.113
19.145,0.3191,44.1964,19.0846,843.469,863.232
19.147,0.3191,44.1897,19.0861,843.412,863.35
19.149,0.3192,44.1831,19.0882,843.376,863.468
19.152,0.3192,44.1765,19.0899,843.323,863.584
19.154,0.3192,44.1701,19.0924,843.312,863.697
19.156,0.3193,44.1636,19.0945,843.281,863.811
19.158,0.3193,44.1569,19.0979,843.304,863.928
19.161,0.3193,44.1502,19.1008,843.304,862.71
19.163,0.3194,44.1434,19.1051,843.364,862.829
19.165,0.3194,44.1367,19.1088,843.398,862.947
19.168,0.3195,44.13,19.2394,849.033,863.065
19.170,0.3195,44.1234,19.2463,849.213,863.183
19.172,0.3195,44.1172,19.2498,849.247,863.294
19.175,0.3196,44.1106,19.2598,849.561,863.412
19.177,0.3196,44.1043,19.4414,857.451,863.528
19.179,0.3197,44.0979,19.4538,857.872,863.647
19.182,0.3197,44.0915,19.4536,857.737,863.765
19.184,0.3197,44.0851,19.4676,858.233,863.884
19.186,0.3198,44.0792,19.3642,853.558,863.998
19.189,0.3198,44.073,19.3755,853.939,859.96
19.191,0.3198,44.0674,19.3719,853.669,860.07
19.193,0.3199,44.0612,19.3846,854.106,860.188
19.195,0.3199,44.0553,19.3767,853.645,860.303
19.198,0.3200,44.0492,19.3112,850.641,860.421
19.200,0.3200,44.0432,19.2979,849.942,860.54
19.202,0.3200,44.0371,19.3106,850.385,860.659
19.205,0.3201,44.0312,19.3537,852.168,860.777
19.207,0.3201,44.0252,19.3573,852.209,860.896
19.209,0.3202,44.0195,19.2473,847.255,861.01
19.212,0.3202,44.0134,19.2474,847.142,861.129
19.214,0.3202,44.0074,19.3275,850.553,861.249
19.216,0.3203,44.0013,19.2449,846.803,861.368
19.219,0.3203,43.9952,19.2252,845.815,861.488
19.221,0.3204,43.989,19.2256,845.715,861.608
19.223,0.3204,43.9829,19.2043,844.662,861.725
19.226,0.3204,43.9767,19.163,842.724,861.846
19.228,0.3205,43.9704,19.1327,841.27,861.966
19.231,0.3205,43.9641,19.1385,841.405,862.086
19.233,0.3205,43.9577,19.0826,838.828,862.206
19.235,0.3206,43.9513,19.0959,839.291,862.326
19.238,0.3206,43.9448,19.0853,838.7,862.445
19.240,0.3207,43.9384,19.0843,838.535,862.562
19.242,0.3207,43.9323,19.0666,837.639,862.676
19.244,0.3207,43.9257,19.0745,837.859,862.796
19.247,0.3208,43.9192,19.0501,836.664,862.914
19.249,0.3208,43.9127,19.0675,837.305,863.034
19.251,0.3209,43.9061,19.0371,835.845,863.154
19.254,0.3209,43.8995,19.0641,836.903,863.274
19.256,0.3209,43.8934,19.029,835.248,863.388
19.258,0.3210,43.8868,19.0642,836.665,863.508
19.261,0.3210,43.8808,18.6962,820.404,863.62
19.263,0.3210,43.8743,18.732,821.852,863.74
19.265,0.3211,43.868,18.7,820.329,863.858
19.268,0.3211,43.8615,18.7405,821.988,863.978
19.270,0.3212,43.8552,18.7844,823.795,861.454
19.272,0.3212,43.8489,18.8304,825.693,861.573
19.275,0.3212,43.8427,18.7972,824.122,861.69
19.277,0.3213,43.8365,18.8437,826.04,861.81
19.279,0.3213,43.8305,18.9198,829.266,861.923
19.282,0.3214,43.8244,18.9631,831.044,862.043
19.284,0.3214,43.8181,18.9378,829.817,862.162
19.286,0.3214,43.812,18.9759,831.372,862.282
19.289,0.3215,43.8058,18.9555,830.358,862.401
19.291,0.3215,43.7998,18.9866,831.61,862.519
19.293,0.3216,43.7938,18.9709,830.807,862.634
19.296,0.3216,43.7877,18.8799,826.709,862.754
19.298,0.3216,43.7815,18.8614,825.779,862.872
19.300,0.3217,43.7754,18.8838,826.647,862.992
19.303,0.3217,43.7691,18.8702,825.929,863.111
19.305,0.3217,43.7629,18.8842,826.427,863.231
19.307,0.3218,43.7566,19.0609,834.04,863.35
19.310,0.3218,43.7504,18.9532,829.212,863.47
19.312,0.3219,43.7444,18.9397,828.507,863.582
19.314,0.3219,43.7382,18.9475,828.729,863.702
19.316,0.3219,43.7319,18.9367,828.137,863.819
19.319,0.3220,43.7256,18.9391,828.123,863.938
19.321,0.3220,43.7191,19.0067,830.955,860.868
19.324,0.3221,43.7127,19.0205,831.438,860.988
19.326,0.3221,43.7066,18.9993,830.394,861.101
19.328,0.3221,43.7002,19.0098,830.731,861.22
19.330,0.3222,43.6943,19.0061,830.459,861.329
19.332,0.3222,43.6883,19.002,830.164,861.44
19.335,0.3222,43.6818,18.998,829.866,861.559
19.337,0.3223,43.6753,18.994,829.569,861.679
19.340,0.3223,43.6687,18.9907,829.299,861.799
19.342,0.3224,43.6622,18.9873,829.029,861.918
19.344,0.3224,43.6559,18.9853,828.82,862.032
19.346,0.3224,43.6498,18.9829,828.597,862.145
19.349,0.3225,43.6435,18.9819,828.437,862.259
19.351,0.3225,43.637,18.9804,828.249,862.378
19.353,0.3226,43.6305,18.9809,828.144,862.498
19.356,0.3226,43.6239,19.0624,831.576,862.617
19.358,0.3226,43.6174,19.0648,831.557,862.737
19.360,0.3227,43.6111,19.0662,831.499,862.852
19.362,0.3227,43.6047,19.0698,831.532,862.969
19.365,0.3227,43.5983,19.0723,831.521,863.087
19.367,0.3228,43.5918,19.0767,831.588,863.207
19.370,0.3228,43.5854,19.08,831.61,863.326
19.372,0.3229,43.5789,19.1523,834.635,863.446
19.374,0.3229,43.5725,19.1554,834.648,863.564
19.376,0.3229,43.5664,19.159,834.687,863.679
19.379,0.3230,43.5603,19.1705,835.075,863.792
19.381,0.3230,43.5545,19.1646,834.703,863.9
19.383,0.3231,43.5484,19.0773,830.784,861.912
19.385,0.3231,43.5422,19.0612,829.965,862.029
19.388,0.3231,43.5358,19.0893,831.067,862.149
19.390,0.3232,43.5295,19.0635,829.824,862.269
19.392,0.3232,43.5235,19.0972,831.176,862.384
19.394,0.3232,43.5178,19.0635,829.601,862.491
19.397,0.3233,43.512,18.9971,826.603,862.603
19.399,0.3233,43.5064,18.9061,822.535,862.71
19.401,0.3233,43.5003,18.9499,824.324,862.826
19.403,0.3234,43.4942,18.8997,822.025,862.942
19.406,0.3234,43.4878,19.0271,827.445,863.063
19.408,0.3235,43.4815,18.976,825.104,863.182
19.410,0.3235,43.4751,19.0188,826.847,863.303
19.413,0.3235,43.469,19.0197,826.765,863.419
19.415,0.3236,43.4628,18.9385,823.121,863.536
19.417,0.3236,43.4569,18.8897,820.89,863.647
19.419,0.3237,43.4505,18.9281,822.436,863.767
19.422,0.3237,45.0484,18.993,855.603,863.885
19.424,0.3237,45.0417,18.9876,855.234,861.212
19.426,0.3238,45.0351,18.9832,854.91,861.331
19.429,0.3238,45.0287,18.9793,854.614,861.446
19.431,0.3238,45.0223,18.9769,854.383,861.559
19.433,0.3239,45.0159,18.9746,854.157,861.672
19.435,0.3239,45.0093,19.047,857.294,861.789
19.438,0.3240,45.0024,19.049,857.25,861.909
19.440,0.3240,44.9955,19.053,857.298,862.029
19.442,0.3240,44.9886,19.0571,857.354,862.149
19.445,0.3241,44.9816,19.0636,857.511,862.268
19.447,0.3241,44.9748,19.0797,858.107,862.386
19.449,0.3242,44.9683,19.0776,857.885,862.497
19.452,0.3242,44.9615,19.1054,859.008,862.613
19.454,0.3242,44.9548,19.1869,862.544,862.726
19.456,0.3243,44.9477,19.2249,864.114,862.846
19.458,0.3243,44.9407,19.2099,863.304,862.966
19.461,0.3243,44.9336,19.256,865.241,863.086
19.463,0.3244,44.9271,19.1344,859.652,863.196
19.465,0.3244,44.9204,19.1856,861.827,863.309
19.467,0.3245,44.9143,19.1597,860.543,863.413
19.469,0.3245,44.9077,19.216,862.945,863.525
19.472,0.3245,44.9013,19.3055,866.842,863.635
19.474,0.3246,44.8944,19.3625,869.27,863.752
19.476,0.3246,44.8875,19.3349,867.894,863.872
19.479,0.3246,44.8805,19.3914,870.296,863.992
19.481,0.3247,44.8736,19.1923,861.228,862.253
19.483,0.3247,44.8668,19.2805,865.053,862.373
19.485,0.3248,44.8604,19.2158,862.027,862.486
19.488,0.3248,44.8538,19.3054,865.922,862.603
19.490,0.3248,44.8476,19.238,862.78,862.713
19.492,0.3249,44.8409,19.3292,866.74,862.834
19.495,0.3249,44.8343,19.2609,863.551,862.953
19.497,0.3249,44.8278,19.3506,867.443,863.074
19.499,0.3250,44.8215,19.2813,864.218,863.19
19.502,0.3250,44.815,19.3693,868.038,863.31
19.504,0.3251,44.8091,19.2962,864.643,863.422
19.506,0.3251,44.8027,19.3532,867.074,863.542
19.508,0.3251,44.7967,19.2168,860.849,863.658
19.511,0.3252,44.7905,19.291,864.052,863.778
19.513,0.3252,44.7843,19.2976,864.232,863.897
19.515,0.3253,44.7783,19.3183,865.039,861.176
19.518,0.3253,44.7724,19.4087,868.976,861.292
19.520,0.3253,44.7665,19.4404,870.279,861.41
19.522,0.3254,44.7611,19.4099,868.808,861.522
19.525,0.3254,44.7552,19.4519,870.576,861.64
19.527,0.3254,44.7496,19.404,868.322,861.757
19.529,0.3255,44.7439,19.4539,870.441,861.875
19.532,0.3255,44.7382,19.3899,867.471,861.994
19.534,0.3256,44.7325,19.4448,869.816,862.113
19.536,0.3256,44.7274,19.2671,861.769,862.22
19.538,0.3256,44.7219,19.1991,858.619,862.335
19.540,0.3257,44.717,19.0999,854.088,862.439
19.543,0.3257,44.7114,19.1713,857.174,862.554
19.545,0.3257,44.7062,19.065,852.321,862.663
19.547,0.3258,44.7005,19.1329,855.249,862.781
19.550,0.3258,44.6947,19.0204,850.113,862.9
19.552,0.3259,44.6889,19.0851,852.893,863.017
19.554,0.3259,44.6831,18.882,843.706,863.135
19.557,0.3259,44.6772,18.9319,845.825,863.252
19.559,0.3260,44.6712,18.9522,846.618,863.369
19.561,0.3260,44.6653,18.9881,848.108,863.487
19.564,0.3261,44.6593,18.8994,844.033,863.602
19.566,0.3261,44.6532,18.9288,845.234,863.72
19.568,0.3261,44.6468,18.8465,841.437,863.838
19.571,0.3262,44.6407,18.8725,842.484,863.955
19.573,0.3262,44.6344,18.7994,839.102,858.561
19.575,0.3263,44.6281,18.8222,839.998,858.681
19.578,0.3263,44.6219,18.7598,837.099,858.793
19.580,0.3263,44.6156,18.7801,837.887,858.913
19.582,0.3264,44.6092,18.7275,835.42,859.027
19.584,0.3264,44.6027,18.7606,836.772,859.147
19.587,0.3264,44.5959,18.8841,842.155,859.267
19.589,0.3265,44.5893,18.9339,844.248,859.387
19.591,0.3265,44.583,18.877,841.593,859.5
19.594,0.3266,44.5763,18.9403,844.287,859.621
19.596,0.3266,44.5701,18.6725,832.235,859.733
19.598,0.3266,44.5634,18.7055,833.578,859.853
19.601,0.3267,44.5568,18.3039,815.564,859.973
19.603,0.3267,44.5501,18.2942,815.007,860.094
19.605,0.3268,44.5437,18.3088,815.539,860.213
19.608,0.3268,44.5375,18.3258,816.184,860.328
19.610,0.3268,44.5314,18.3421,816.801,860.441
19.612,0.3269,44.5254,18.3613,817.543,860.554
19.614,0.3269,44.5194,18.3791,818.225,860.667
19.616,0.3269,44.5133,18.4002,819.054,860.782
19.619,0.3270,44.5072,18.4192,819.785,860.899
19.621,0.3270,44.5009,18.4416,820.668,861.019
19.623,0.3271,44.4946,18.57,826.264,861.139
19.626,0.3271,44.4884,18.5909,827.079,861.259
19.628,0.3271,44.4822,18.6071,827.685,861.379
19.631,0.3272,44.4761,18.5132,823.394,861.499
19.633,0.3272,44.4701,18.5272,823.908,861.619
19.635,0.3273,44.4641,18.4632,820.951,861.739
19.638,0.3273,44.4581,18.4735,821.299,861.858
19.640,0.3273,44.4523,18.4848,821.69,861.978
19.642,0.3274,44.4465,18.4916,821.885,862.098
19.645,0.3274,44.4407,18.4986,822.092,862.217
19.647,0.3274,44.4351,18.502,822.136,862.336
19.649,0.3275,44.4296,18.5049,822.167,862.454
19.652,0.3275,44.4241,18.5053,822.081,862.572
19.654,0.3276,44.4186,18.5068,822.045,862.691
19.656,0.3276,44.4133,18.5025,821.756,862.809
19.659,0.3276,44.4079,18.5024,821.654,862.928
19.661,0.3277,44.4028,18.495,821.229,863.042
19.663,0.3277,44.3975,18.4931,821.046,863.162
19.666,0.3278,44.3923,18.4838,820.537,863.28
19.668,0.3278,44.3871,18.4797,820.261,863.399
19.670,0.3278,44.3819,18.3341,813.7,863.519
19.673,0.3279,44.3768,18.3281,813.341,863.639
19.675,0.3279,44.3718,18.436,818.036,863.756
19.677,0.3280,44.3667,18.4154,817.032,863.875
19.679,0.3280,44.3621,18.7715,832.745,863.984
19.682,0.3280,44.3571,18.7593,832.108,861.566
19.684,0.3281,44.3524,18.7613,832.109,861.675
19.686,0.3281,44.3475,18.7449,831.288,861.795
19.688,0.3281,44.3426,18.7545,831.623,861.909
19.691,0.3282,44.3376,18.7344,830.639,862.028
19.693,0.3282,44.3326,18.752,831.326,862.146
19.695,0.3283,44.3275,18.7286,830.192,862.267
19.698,0.3283,44.3224,18.7297,830.147,862.385
19.700,0.3283,44.3172,18.7336,830.219,862.505
19.702,0.3284,44.3119,18.8209,833.99,862.625
19.705,0.3284,44.3065,18.8273,834.171,862.745
19.707,0.3285,44.3011,18.8334,834.34,862.865
19.709,0.3285,44.2957,18.8415,834.599,862.985
19.712,0.3285,44.2902,18.8494,834.844,863.104
19.714,0.3286,44.2846,18.7345,829.652,863.224
19.717,0.3286,44.279,18.7441,829.969,863.343
19.719,0.3286,44.2733,18.7547,830.332,863.463
19.721,0.3287,44.2676,18.7653,830.693,863.582
19.724,0.3287,44.2618,18.7771,831.108,863.701
19.726,0.3288,44.256,18.7798,831.119,863.82
19.728,0.3288,44.2501,18.795,831.679,863.94
19.731,0.3288,44.2444,18.8013,831.851,861.249
19.733,0.3289,44.2385,18.8183,832.493,861.368
19.735,0.3289,44.2327,18.6968,827.01,861.484
19.737,0.3290,44.2267,18.7137,827.648,861.604
19.740,0.3290,44.2208,18.7163,827.648,861.724
19.742,0.3290,44.2146,18.8011,831.285,861.845
19.745,0.3291,44.2086,18.8015,831.19,861.965
19.747,0.3291,44.2025,18.8192,831.856,862.086
19.749,0.3292,44.1971,18.8172,831.666,862.195
19.751,0.3292,44.1909,18.8356,832.36,862.316
19.753,0.3292,44.1855,18.8259,831.832,862.423
19.756,0.3293,44.1795,18.7274,827.367,862.544
19.758,0.3293,44.1739,18.7092,826.458,862.656
19.760,0.3293,44.1678,18.7411,827.752,862.778
19.763,0.3294,44.1619,18.7218,826.791,862.898
19.765,0.3294,44.1559,18.7533,828.071,863.019
19.767,0.3295,44.15,18.7332,827.071,863.139
19.770,0.3295,44.1441,18.7643,828.333,863.261
19.772,0.3295,44.1383,18.7431,827.288,863.381
19.774,0.3296,44.1325,18.7738,828.534,863.502
19.777,0.3296,44.1268,18.7512,827.429,863.622
19.779,0.3297,44.1211,18.7815,828.66,863.744
19.782,0.3297,44.1155,18.757,827.475,863.864
19.784,0.3297,44.11,18.7869,828.69,863.985
19.786,0.3298,44.1046,18.7719,827.929,862.622
19.788,0.3298,44.0992,18.7768,828.044,862.74
19.791,0.3298,44.0941,18.777,827.953,862.853
19.793,0.3299,44.0891,18.7789,827.943,862.965
19.795,0.3299,44.0838,18.7739,827.623,863.085
19.797,0.3300,44.0789,18.7771,827.674,863.197
19.800,0.3300,44.0738,18.7673,827.144,863.315
19.802,0.3300,44.0688,18.7711,827.219,863.431
19.804,0.3301,44.064,18.757,826.508,863.547
19.806,0.3301,44.059,18.9655,835.602,863.663
19.809,0.3301,44.0541,18.9473,834.704,863.784
19.811,0.3302,44.0492,18.951,834.778,863.9
19.813,0.3302,44.0443,18.929,833.714,860.051
19.816,0.3303,44.0392,19.0409,838.548,860.172
19.818,0.3303,44.0346,18.9219,833.218,860.286
19.820,0.3303,44.0296,18.9101,832.604,860.406
19.822,0.3304,44.0253,18.9043,832.267,860.512
19.825,0.3304,44.0203,18.7795,826.678,860.631
19.827,0.3304,44.016,18.7721,826.272,860.737
19.829,0.3305,44.0113,18.7582,825.573,860.849
19.831,0.3305,44.0066,18.7509,825.163,860.961
19.833,0.3306,44.0019,18.7375,824.487,861.072
19.836,0.3306,43.9969,18.7288,824.012,861.19
19.838,0.3306,43.9921,18.7175,823.422,861.305
19.840,0.3307,43.9871,18.7082,822.918,861.422
19.842,0.3307,43.9822,18.6992,822.431,861.536
19.845,0.3307,43.977,18.6889,821.881,861.656
19.847,0.3308,43.9722,18.6833,821.546,861.769
19.849,0.3308,43.9669,18.6723,820.962,861.89
19.852,0.3309,43.9618,18.6698,820.759,862.007
19.854,0.3309,43.9565,18.791,825.988,862.127
19.856,0.3309,43.9513,18.7897,825.834,862.247
19.859,0.3310,43.9464,18.7819,825.396,862.359
19.861,0.3310,43.9411,18.791,825.696,862.478
19.863,0.3311,43.936,18.775,824.898,862.595
19.865,0.3311,43.9308,18.7934,825.611,862.713
19.868,0.3311,43.9256,18.7706,824.512,862.831
19.870,0.3312,43.9205,18.7964,825.547,862.945
19.872,0.3312,43.9154,18.769,824.248,863.063
19.875,0.3312,43.9103,18.7992,825.479,863.178
19.877,0.3313,43.9051,18.7699,824.094,863.298
19.879,0.3313,43.8997,18.8604,827.965,863.416
19.882,0.3314,43.8945,18.7709,823.937,863.536
19.884,0.3314,43.8892,18.7719,823.884,863.656
19.886,0.3314,43.8839,18.7727,823.821,863.776
19.889,0.3315,43.8785,18.7732,823.739,863.896
19.891,0.3315,43.8731,18.7732,823.639,861.625
19.893,0.3316,43.8676,18.7731,823.529,861.745
19.896,0.3316,43.862,18.7724,823.397,861.865
19.898,0.3316,43.8564,18.7719,823.266,861.986
19.900,0.3317,43.8506,18.6536,817.972,862.107
19.903,0.3317,43.8448,18.6533,817.852,862.227
19.905,0.3318,43.8389,18.6527,817.713,862.349
19.907,0.3318,43.8328,18.6528,817.606,862.47
19.910,0.3318,43.8267,18.7364,821.157,862.592
19.912,0.3319,43.8205,18.738,821.107,862.714
19.915,0.3319,43.8143,18.7394,821.054,862.836
19.917,0.3319,43.8079,18.7421,821.053,862.958
19.919,0.3320,43.8015,18.745,821.057,863.08
19.922,0.3320,43.795,18.6278,815.804,863.202
19.924,0.3321,43.7885,18.6331,815.913,863.325
19.926,0.3321,43.7819,18.6397,816.081,863.447
19.929,0.3321,43.7754,18.9543,829.731,863.57
19.931,0.3322,43.7688,18.9748,830.505,863.693
19.933,0.3322,43.7623,18.9752,830.398,863.814
19.936,0.3323,43.7558,19.0063,831.636,863.937
19.938,0.3323,43.7494,18.9983,831.164,862.339
19.940,0.3323,43.7429,19.1468,837.535,862.457
19.943,0.3324,43.7366,19.128,836.595,862.576
19.945,0.3324,43.7303,19.178,838.658,862.694
19.947,0.3325,43.7242,19.1521,837.408,862.813
19.950,0.3325,43.7179,18.9866,830.057,862.931
19.952,0.3325,43.7123,18.9472,828.226,863.045
19.954,0.3326,43.7062,19.0044,830.612,863.163
19.957,0.3326,43.7007,18.9578,828.467,863.279
19.959,0.3326,43.6948,18.897,825.701,863.398
19.961,0.3327,43.6893,18.8377,823.004,863.517
19.964,0.3327,43.6836,18.9006,825.645,863.636
19.966,0.3328,43.6782,18.8384,822.828,863.756
19.968,0.3328,43.6727,18.8968,825.274,863.875
19.971,0.3328,43.6676,18.834,822.434,863.992
19.973,0.3329,43.6622,18.8859,824.601,860.317
19.975,0.3329,43.657,18.881,824.287,860.437
19.978,0.3330,43.6519,18.8727,823.828,860.556
19.980,0.3330,43.6468,18.8644,823.372,860.676
19.982,0.3330,43.6417,18.7561,818.55,860.797
19.985,0.3331,43.6367,18.8109,820.845,860.917
19.987,0.3331,43.1683,18.6974,807.132,861.037
19.989,0.3332,43.1625,18.6831,806.411,861.158
19.992,0.3332,43.1568,18.6668,805.597,861.278
19.994,0.3332,43.151,18.6514,804.827,861.399
19.997,0.3333,43.1452,18.6034,802.649,861.519
19.999,0.3333,43.1393,18.5883,801.886,861.64
20.001,0.3334,43.1334,18.4998,797.959,861.761
